State,Program Name,Program Type,Eligibility Group,"If Other, Describe Eligibility Group","MCO, PIHP, or PAHP Name",MLR Reporting Period Start Date,MLR Reporting Period End Date,Report Year, MLR Numerator , MLR Denominator , State-Reported Member Months ,Adjusted MLR, Remittance Dollar Amount for MLR Reporting Period 
AL,Maternity Care Program,Other PIHP,All populations,,District 1,1/1/18,12/31/18,2018," $2,254,490 "," $2,329,022 ", 894 ,,  
AL,Maternity Care Program,Other PIHP,All populations,,District 11,1/1/18,12/31/18,2018," $1,633,638 "," $3,940,161 "," 1,493 ",,  
AL,Maternity Care Program,Other PIHP,All populations,,District 13,1/1/18,12/31/18,2018," $2,862,283 "," $3,286,137 "," 1,762 ",,  
AL,Maternity Care Program,Other PIHP,All populations,,District 14,1/1/18,12/31/18,2018," $4,921,743 "," $5,776,258 "," 3,390 ",,  
AL,Maternity Care Program,Other PIHP,All populations,,District 2,1/1/18,12/31/18,2018," $8,351,194 "," $7,977,031 "," 3,062 ",,  
AL,Maternity Care Program,Other PIHP,All populations,,District 3,1/1/18,12/31/18,2018," $3,543,618 "," $4,628,211 "," 1,927 ",,  
AL,Maternity Care Program,Other PIHP,All populations,,District 5,1/1/18,12/31/18,2018," $9,573,553 "," $12,154,677 "," 6,379 ",86.8%,  
AL,Maternity Care Program,Other PIHP,All populations,,District 6,1/1/18,12/31/18,2018," $1,395,174 "," $2,257,661 ", 977 ,,  
AL,Maternity Care Program,Other PIHP,All populations,,District 1,1/1/19,9/30/19,2019," $1,799,334 "," $1,865,302 ", 716 ,,  
AL,Maternity Care Program,Other PIHP,All populations,,District 11,1/1/19,9/30/19,2019," $804,105 "," $1,778,747 ", 674 ,,  
AL,Maternity Care Program,Other PIHP,All populations,,District 13,1/1/19,9/30/19,2019," $3,003,573 "," $3,651,667 "," 2,214 ",,  
AL,Maternity Care Program,Other PIHP,All populations,,District 14,1/1/19,9/30/19,2019," $2,122,929 "," $2,486,871 "," 1,726 ",,  
AL,Maternity Care Program,Other PIHP,All populations,,District 2,1/1/19,9/30/19,2019," $8,351,194 "," $7,977,031 "," 2,206 ",,  
AL,Maternity Care Program,Other PIHP,All populations,,District 3,1/1/19,9/30/19,2019," $3,543,618 "," $4,628,211 "," 1,477 ",,  
AL,Maternity Care Program,Other PIHP,All populations,,District 5,1/1/19,9/30/19,2019," $7,619,300 "," $8,909,755 "," 4,643 ",,  
AL,Maternity Care Program,Other PIHP,All populations,,District 6,1/1/19,9/30/19,2019," $1,395,174 "," $2,257,661 ", 715 ,,  
AR,ARDMC,Dental only,All populations,,Delta Dental Plan of Arkansas,1/1/18,12/31/18,2018," $61,979,421 "," $68,465,048 "," 3,332,402 ",90.5%,  
AR,ARDMC,Dental only,All populations,,MCNA,1/1/18,12/31/18,2018," $63,955,727 "," $66,608,743 "," 3,391,934 ",96.0%,  
AR,ARDMC,Dental only,All populations,,Delta Dental Plan of Arkansas Inc.,1/1/19,12/31/19,2019," $65,311,570 "," $69,595,805 "," 3,570,421 ",93.8%,  
AR,ARDMC,Dental only,All populations,,MCNA,1/1/19,12/31/19,2019," $58,903,465 "," $64,187,833 "," 3,356,837 ",91.8%,  
AR,PASSE,Comprehensive MCO + MLTSS,All populations,,Arkansas Total Care,1/1/19,12/31/19,2019," $192,324,533 "," $225,428,860 "," 111,317 ",87.2%,  
AR,PASSE,Comprehensive MCO + MLTSS,All populations,,Empower,1/1/19,12/31/19,2019," $287,252,013 "," $340,930,497 "," 180,877 ",85.8%,  
AR,PASSE,Comprehensive MCO + MLTSS,All populations,,Summit Community Care,1/1/19,12/31/19,2019," $330,968,065 "," $348,690,949 "," 148,108 ",96.6%,  
AR,Dental Program,Dental only,All populations,,Delta Dental Plan of Arkansas Inc.,1/1/20,12/31/20,2020," $52,739,902 "," $64,243,864 "," 3,735,889 ",82.1%," $10,904,426 "
AR,Dental Program,Dental only,All populations,,MCNA Insurance Company,1/1/20,12/31/20,2020," $47,913,380 "," $58,277,807 "," 3,348,771 ",82.2%," $9,475,948 "
AR,PASSE,Comprehensive MCO + MLTSS,All populations,,Arkansas Total Care,1/1/20,12/31/20,2020," $238,559,956 "," $271,672,048 "," 132,221 ",89.6%,  
AR,PASSE,Comprehensive MCO + MLTSS,All populations,,Empower,1/1/20,12/31/20,2020," $349,185,231 "," $407,515,879 "," 208,988 ",87.1%,  
AR,PASSE,Comprehensive MCO + MLTSS,All populations,,Summit Community Care,1/1/20,12/31/20,2020," $391,567,624 "," $436,167,642 "," 173,186 ",91.4%,  
AR,Dental,Dental Only,All Populations,,Delta Dental,1/1/21,12/31/21,2021," $63,914,214 "," $77,076,647 "," 4,078,159 ",82.9%," $1,618,610 "
AR,Dental,Dental Only,All Populations,,MCNA,1/1/21,12/31/21,2021," $59,322,663 "," $72,229,889 "," 3,826,146 ",82.1%," $2,094,667 "
AR,PASSE,Comprehensive MCO,All Populations,,Arkansas Total Care,1/1/21,12/31/21,2021," $291,094,771 "," $320,365,274 "," 162,860 ",92.6%, $-   
AR,PASSE,Comprehensive MCO,All Populations,,Empower,1/1/21,12/31/21,2021," $367,772,915 "," $413,372,174 "," 236,370 ",90.4%, $-   
AR,PASSE,Comprehensive MCO,All Populations,,Summit Community Care,1/1/21,12/31/21,2021," $407,822,677 "," $439,036,852 "," 197,007 ",94.4%, $-   
AR,Healthy Smiles,PAHP,All Populations,,Delta Dental,1/1/22,12/31/22,2022," $65,463,555 "," $79,417,548 "," 4,403,034 ",82.4%," $2,064,856 "
AR,Healthy Smiles,PAHP,All Populations,,MCNA,1/1/22,12/31/22,2022," $61,773,636 "," $74,239,804 "," 4,146,770 ",83.2%," $1,336,316 "
AR,PASSE,Comprehensive MCO,All Populations,,"APC, LLC dba Summit Community Care ",1/1/22,12/31/22,2022," $459,047,328 "," $489,340,427 "," 213,514 ",95.2%, $-   
AR,PASSE,Comprehensive MCO,All Populations,,Arkansas Total Care,1/1/22,12/31/22,2022," $364,164,875 "," $410,448,222 "," 195,311 ",90.2%, $-   
AR,PASSE,Comprehensive MCO,All Populations,,CareSource,1/1/22,12/31/22,2022," $31,246,912 "," $32,978,771 "," 18,136 ",99.5%, $-   
AR,PASSE,Comprehensive MCO,All Populations,,Empower Healthcare Solutions,1/1/22,12/31/22,2022," $377,830,373 "," $424,074,930 "," 240,892 ",90.5%, $-   
AZ,AHCCCS CMDP ,Comprehensive MCO + MLTSS,All populations,,DCS/CMDP,7/1/17,6/30/18,2018," $40,091,749 "," $41,746,395 "," 174,154 ",98.9%,  
AZ,AHCCCS DDD,Comprehensive MCO + MLTSS,All populations,,"DES/Division of 
Developmental Disabilities",7/1/17,6/30/18,2018," $1,376,266,623 "," $1,418,701,282 "," 378,956 ",97.0%,  
AZ,AHCCCS Acute,Comprehensive MCO + MLTSS,All populations,,AZCH-HNA,10/1/17,9/30/18,2018," $223,708,802 "," $243,047,330 "," 732,078 ",92.0%,  
AZ,AHCCCS Acute,Comprehensive MCO + MLTSS,All populations,,BUFC,10/1/17,9/30/18,2018," $456,581,265 "," $473,674,849 "," 1,639,684 ",96.4%,  
AZ,AHCCCS Acute,Comprehensive MCO + MLTSS,All populations,,Care 1st,10/1/17,9/30/18,2018," $411,480,734 "," $444,212,595 "," 1,780,052 ",92.6%,  
AZ,AHCCCS Acute,Comprehensive MCO + MLTSS,All populations,,Mercy,10/1/17,9/30/18,2018," $1,319,591,736 "," $1,378,567,185 "," 4,540,159 ",95.7%,  
AZ,AHCCCS Acute,Comprehensive MCO + MLTSS,All populations,,SHCA,10/1/17,9/30/18,2018," $745,847,014 "," $836,458,116 "," 3,077,781 ",89.2%,  
AZ,AHCCCS Acute,Comprehensive MCO + MLTSS,All populations,,UHC,10/1/17,9/30/18,2018," $1,674,645,184 "," $1,740,110,771 "," 6,314,270 ",96.2%,  
AZ,AHCCCS Acute,Comprehensive MCO + MLTSS,All populations,,UHC-CRS,10/1/17,9/30/18,2018," $301,170,919 "," $300,311,472 "," 283,275 ",101.5%,  
AZ,AHCCCS ALTCS ,Comprehensive MCO + MLTSS,All populations,,BUFC - ALTCS,10/1/17,9/30/18,2018," $269,977,739 "," $265,446,774 "," 76,023 ",104.1%,  
AZ,AHCCCS ALTCS ,Comprehensive MCO + MLTSS,All populations,,Mercy - ALTCS,10/1/17,9/30/18,2018," $591,857,143 "," $555,796,371 "," 152,551 ",106.5%,  
AZ,AHCCCS ALTCS ,Comprehensive MCO + MLTSS,All populations,,UHC - ALTCS,10/1/17,9/30/18,2018," $318,270,297 "," $322,327,671 "," 106,890 ",98.7%,  
AZ,AHCCCS RBHA,Comprehensive MCO + MLTSS,All populations,,CIC,10/1/17,9/30/18,2018," $592,405,956 "," $660,388,884 "," 5,265,552 ",89.7%,  
AZ,AHCCCS RBHA,Comprehensive MCO + MLTSS,All populations,,HCIC,10/1/17,9/30/18,2018," $223,410,523 "," $246,690,117 "," 1,887,165 ",90.6%,  
AZ,AHCCCS RBHA,Comprehensive MCO + MLTSS,All populations,,MMIC,10/1/17,9/30/18,2018," $1,213,235,615 "," $1,283,001,634 "," 10,913,261 ",94.6%,  
AZ,AHCCCS CMDP ,Comprehensive MCO + MLTSS,All populations,,DCS/CMDP,7/1/18,6/30/19,2019," $37,580,343 "," $46,624,203 "," 156,965 ",82.1%,  
AZ,AHCCCS DDD,Comprehensive MCO + MLTSS,All populations,,"DES/Division of 
Developmental Disabilities",7/1/18,6/30/19,2019," $1,535,327,144 "," $1,642,535,298 "," 398,695 ",93.5%,  
AZ,AHCCCS ACC,Comprehensive MCO + MLTSS,All populations,,AZCH,10/1/18,9/30/19,2019," $808,529,496 "," $870,503,615 "," 2,376,349 ",92.9%,  
AZ,AHCCCS ACC,Comprehensive MCO + MLTSS,All populations,,BUFC,10/1/18,9/30/19,2019," $823,177,392 "," $862,197,215 "," 2,336,219 ",95.5%,  
AZ,AHCCCS ACC,Comprehensive MCO + MLTSS,All populations,,Care 1st,10/1/18,9/30/19,2019," $673,875,064 "," $701,484,429 "," 2,187,296 ",96.1%,  
AZ,AHCCCS ACC,Comprehensive MCO + MLTSS,All populations,,Magellan,10/1/18,9/30/19,2019," $58,759,761 "," $62,670,836 "," 115,976 ",95.7%,  
AZ,AHCCCS ACC,Comprehensive MCO + MLTSS,All populations,,Mercy,10/1/18,9/30/19,2019," $1,437,528,588 "," $1,619,588,860 "," 4,052,926 ",88.8%,  
AZ,AHCCCS ACC,Comprehensive MCO + MLTSS,All populations,,SHCA,10/1/18,9/30/19,2019," $803,324,000 "," $876,896,947 "," 2,571,754 ",91.6%,  
AZ,AHCCCS ACC,Comprehensive MCO + MLTSS,All populations,,UHC,10/1/18,9/30/19,2019," $1,526,175,410 "," $1,630,354,422 "," 4,417,449 ",93.6%,  
AZ,AHCCCS ALTCS,Comprehensive MCO + MLTSS,All populations,,BUFC-ALTCS,10/1/18,9/30/19,2019," $300,233,607 "," $308,772,368 "," 79,658 ",97.2%,  
AZ,AHCCCS ALTCS,Comprehensive MCO + MLTSS,All populations,,Mercy-ALTCS,10/1/18,9/30/19,2019," $618,876,548 "," $632,010,868 "," 154,186 ",97.9%,  
AZ,AHCCCS ALTCS,Comprehensive MCO + MLTSS,All populations,,UHC-ALTCS,10/1/18,9/30/19,2019," $385,056,002 "," $381,611,407 "," 115,520 ",100.9%,  
AZ,AHCCCS RBHA,Comprehensive MCO + MLTSS,All populations,,AzCH-RBHA,10/1/18,9/30/19,2019," $332,208,555 "," $370,169,467 "," 5,766,287 ",89.7%,  
AZ,AHCCCS RBHA,Comprehensive MCO + MLTSS,All populations,,MC-RBHA,10/1/18,9/30/19,2019," $768,951,862 "," $821,536,695 "," 11,330,881 ",93.6%,  
AZ,AHCCCS RBHA,Comprehensive MCO + MLTSS,All populations,,SHCA-RBHA,10/1/18,9/30/19,2019," $125,050,511 "," $139,690,986 "," 2,847,340 ",89.5%,  
AZ,AHCCCS ACC,Comprehensive MCO + MLTSS,All populations,,AZCH,10/1/19,9/30/20,2020," $851,155,355 "," $922,499,475 "," 2,534,280 ",92.3%,  
AZ,AHCCCS ACC,Comprehensive MCO + MLTSS,All populations,,BUFC,10/1/19,9/30/20,2020," $947,741,424 "," $1,033,653,061 "," 2,748,437 ",91.7%,  
AZ,AHCCCS ACC,Comprehensive MCO + MLTSS,All populations,,Care 1st,10/1/19,9/30/20,2020," $654,421,755 "," $736,320,047 "," 2,115,557 ",88.9%,  
AZ,AHCCCS ACC,Comprehensive MCO + MLTSS,All populations,,HCA,10/1/19,9/30/20,2020," $775,080,787 "," $838,674,363 "," 2,423,292 ",92.4%,  
AZ,AHCCCS ACC,Comprehensive MCO + MLTSS,All populations,,Magellan,10/1/19,9/30/20,2020," $166,121,241 "," $176,242,145 "," 325,222 ",95.5%,  
AZ,AHCCCS ACC,Comprehensive MCO + MLTSS,All populations,,Mercy,10/1/19,9/30/20,2020," $1,426,573,048 "," $1,618,249,079 "," 4,089,902 ",88.2%,  
AZ,AHCCCS ACC,Comprehensive MCO + MLTSS,All populations,,UHC,10/1/19,9/30/20,2020," $1,540,247,451 "," $1,639,464,512 "," 4,445,619 ",93.9%,  
AZ,AHCCCS ALTCS/EPD,Comprehensive MCO + MLTSS,All populations,,BUFC-ALTCS,10/1/19,9/30/20,2020," $322,972,360 "," $335,791,651 "," 81,466 ",96.2%,  
AZ,AHCCCS ALTCS/EPD,Comprehensive MCO + MLTSS,All populations,,Mercy-ALTCS,10/1/19,9/30/20,2020," $660,967,593 "," $703,899,371 "," 151,488 ",93.9%,  
AZ,AHCCCS ALTCS/EPD,Comprehensive MCO + MLTSS,All populations,,UHC-ALTCS,10/1/19,9/30/20,2020," $404,294,946 "," $413,345,673 "," 114,018 ",97.8%,  
AZ,AHCCCS CMDP ,Comprehensive MCO + MLTSS,All populations,,DCS/CMDP,10/1/19,9/30/20,2020," $43,873,540 "," $53,868,550 "," 162,657 ",83.1%,  
AZ,AHCCCS DDD,Comprehensive MCO + MLTSS,All populations,,"DES/Division of 
Developmental Disabilities",10/1/19,9/30/20,2020," $1,920,536,736 "," $2,141,467,841 "," 424,127 ",90.0%,  
AZ,AHCCCS RBHA,Comprehensive MCO + MLTSS,All populations,,AZCH - RBHA,10/1/19,9/30/20,2020," $321,926,166 "," $368,783,051 "," 6,092,621 ",87.3%,  
AZ,AHCCCS RBHA,Comprehensive MCO + MLTSS,All populations,,HCA - RBHA,10/1/19,9/30/20,2020," $124,325,333 "," $137,696,346 "," 2,966,808 ",90.3%,  
AZ,AHCCCS RBHA,Comprehensive MCO + MLTSS,All populations,,Mercy - RBHA,10/1/19,9/30/20,2020," $775,782,132 "," $853,741,370 "," 12,092,084 ",90.9%,  
AZ,AHCCCS CHP,Comprehensive MCO + MLTSS,"Other, specify",Children and youth in foster care,CHP,10/1/20,9/30/21,2021," $119,699,227 "," $134,391,685 "," 163,239 ",90.7%,
AZ,AHCCCS DDD,MLTSS Only,All Populations,,DDD,10/1/20,9/30/21,2021," $2,085,433,763 "," $2,333,130,372 "," 439,119 ",89.4%,
AZ,AHCCCS RBHA,Behavioral Health Only,All Populations,,AzCH,10/1/20,9/30/21,2021," $316,042,326 "," $344,992,401 "," 7,013,912 ",91.6%,
AZ,AHCCCS RBHA,Behavioral Health Only,All Populations,,HCA,10/1/20,9/30/21,2021," $125,777,838 "," $141,804,938 "," 3,341,900 ",88.7%,
AZ,AHCCCS RBHA,Behavioral Health Only,All Populations,,Mercy,10/1/20,9/30/21,2021," $796,827,946 "," $899,160,956 "," 14,206,470 ",88.6%,
AZ,"ALTCS/EPD		",MLTSS Only,All Populations,,BUFC,10/1/20,9/30/21,2021," $308,682,417 "," $324,974,344 "," 77,178 ",95.0%,
AZ,"ALTCS/EPD		",MLTSS Only,All Populations,,Mercy,10/1/20,9/30/21,2021," $602,592,815 "," $628,697,549 "," 137,829 ",95.8%,
AZ,"ALTCS/EPD		",MLTSS Only,All Populations,,UHC,10/1/20,9/30/21,2021," $359,692,374 "," $372,162,918 "," 104,356 ",96.6%,
AZ,Arizona Health Care Cost Containment System (AHCCCS),Comprehensive MCO + MLTSS,All Populations,,AZCH,10/1/20,9/30/21,2021," $989,884,137 "," $1,091,780,061 "," 2,947,724 ",90.7%,
AZ,Arizona Health Care Cost Containment System (AHCCCS),Comprehensive MCO + MLTSS,All Populations,,BUFC,10/1/20,9/30/21,2021," $1,048,382,016 "," $1,178,441,157 "," 3,208,395 ",89.0%,
AZ,Arizona Health Care Cost Containment System (AHCCCS),Comprehensive MCO + MLTSS,All Populations,,Care 1st,10/1/20,9/30/21,2021," $694,060,256 "," $790,440,442 "," 2,271,244 ",87.8%,
AZ,Arizona Health Care Cost Containment System (AHCCCS),Comprehensive MCO + MLTSS,All Populations,,HCA,10/1/20,9/30/21,2021," $863,856,378 "," $959,235,381 "," 2,636,327 ",90.1%,
AZ,Arizona Health Care Cost Containment System (AHCCCS),Comprehensive MCO + MLTSS,All Populations,,Mercy,10/1/20,9/30/21,2021," $1,620,656,635 "," $1,797,390,317 "," 4,528,426 ",90.2%,
AZ,Arizona Health Care Cost Containment System (AHCCCS),Comprehensive MCO + MLTSS,All Populations,,Molina,10/1/20,9/30/21,2021," $197,575,272 "," $230,227,003 "," 529,367 ",85.8%,
AZ,Arizona Health Care Cost Containment System (AHCCCS),Comprehensive MCO + MLTSS,All Populations,,UHC,10/1/20,9/30/21,2021," $1,741,637,658 "," $1,880,634,372 "," 5,032,933 ",92.6%,
AZ,AHCCCS Complete Care,Comprehensive MCO,All Populations,,"Arizona Physicians IPA, Inc.",10/1/21,9/30/22,2022," $2,222,838,950 "," $2,394,472,515 "," 5,505,271 ",92.8%,
AZ,AHCCCS Complete Care,Comprehensive MCO,All Populations,,Banner University Family Care,10/1/21,9/30/22,2022," $1,414,497,942 "," $1,578,760,051 "," 3,536,841 ",89.6%,
AZ,AHCCCS Complete Care,Comprehensive MCO,All Populations,,"Care1st Health Plan Arizona, Inc.",10/1/21,9/30/22,2022," $429,649,496 "," $441,300,456 "," 1,001,378 ",97.4%,
AZ,AHCCCS Complete Care,Comprehensive MCO,All Populations,,"Health Choice Arizona, Inc.",10/1/21,9/30/22,2022," $1,140,990,396 "," $1,267,597,574 "," 2,840,368 ",90.0%,
AZ,AHCCCS Complete Care,Comprehensive MCO,All Populations,,"Health Net Access, Inc. dba Arizona Complete Health Complete Care Plan",10/1/21,9/30/22,2022," $1,708,293,594 "," $1,942,294,498 "," 4,647,345 ",88.0%,
AZ,AHCCCS Complete Care,Comprehensive MCO,All Populations,,Mercy Care,10/1/21,9/30/22,2022," $2,067,187,513 "," $2,370,617,759 "," 4,921,240 ",87.2%,
AZ,AHCCCS Complete Care,Comprehensive MCO,All Populations,,"Molina Healthcare of AZ, Inc.",10/1/21,9/30/22,2022," $220,968,577 "," $252,697,988 "," 574,808 ",87.4%,
AZ,Regional Behavioral Health Authority,Behavioral Health Only,All Populations,,"Health Choice Arizona, Inc.",10/1/21,9/30/22,2022," $122,863,527 "," $141,387,482 "," 3,545,378 ",86.9%,
AZ,Regional Behavioral Health Authority,Behavioral Health Only,All Populations,,"Health Net Access, Inc. dba Arizona Complete Health Complete Care Plan",10/1/21,9/30/22,2022," $308,607,157 "," $351,214,526 "," 7,548,906 ",87.9%,
AZ,Regional Behavioral Health Authority,Behavioral Health Only,All Populations,,Mercy Care,10/1/21,9/30/22,2022," $816,608,477 "," $945,291,897 "," 15,403,929 ",86.4%,
CA,AIDS Healthcare Foundation,Other PAHP,"Other, specify",HIV/AIDS,AIDS Healthcare Foundation,7/1/17,6/30/18,2018," $6,789,186 "," $11,707,149 "," 8,079 ",65.3%,  
CA,COHS,Comprehensive MCO + MLTSS,All populations,,CalOptima,7/1/17,6/30/18,2018," $2,479,073,297 "," $2,573,989,272 "," 7,763,065 ",96.3%,  
CA,COHS,Comprehensive MCO + MLTSS,All populations,,CenCal Health,7/1/17,6/30/18,2018," $600,404,179 "," $761,968,059 "," 2,154,865 ",78.8%,  
CA,COHS,Comprehensive MCO + MLTSS,All populations,,Central California Alliance,7/1/17,6/30/18,2018," $1,064,462,113 "," $1,088,962,207 "," 4,231,194 ",97.5%,  
CA,COHS,Comprehensive MCO + MLTSS,All populations,,Gold Coast HP,7/1/17,6/30/18,2018," $683,423,862 "," $704,316,189 "," 2,432,970 ",97.0%,  
CA,COHS,Comprehensive MCO + MLTSS,All populations,,Partnership HP of  CA,7/1/17,6/30/18,2018," $2,446,997,734 "," $2,387,354,163 "," 6,827,375 ",102.5%,  
CA,"COHS, California Children's Service (CCS) Pilot",Comprehensive MCO + MLTSS,All populations,,HP of San Mateo,7/1/17,6/30/18,2018," $379,036,237 "," $428,833,284 "," 1,255,918 ",88.4%,  
CA,Dental Managed Care,Dental only,All populations,,Access Dental Plan,7/1/17,6/30/18,2018," $33,290,572 "," $46,353,585 "," 3,910,843 ",71.8%,  
CA,Dental Managed Care,Dental only,All populations,,Health Net Dental Plan,7/1/17,6/30/18,2018," $33,186,195 "," $49,407,369 "," 3,902,273 ",67.2%,  
CA,Dental Managed Care,Dental only,All populations,,Liberty Dental Plan,7/1/17,6/30/18,2018," $25,738,348 "," $35,068,240 "," 2,886,464 ",73.4%,  
CA,Geographic MC Model,Comprehensive MCO + MLTSS,All populations,,Community Health Group,7/1/17,6/30/18,2018," $801,219,243 "," $907,745,113 "," 3,206,052 ",88.3%,  
CA,Geographic MC Model,Comprehensive MCO + MLTSS,All populations,,Kaiser Foundation HP,7/1/17,6/30/18,2018," $562,755,459 "," $588,268,100 "," 1,688,179 ",95.7%,  
CA,"Regional Model, Geographic MC Model",Comprehensive MCO + MLTSS,All populations,,CA Health & Wellness,7/1/17,6/30/18,2018," $647,144,236 "," $713,142,161 "," 2,333,760 ",90.8%,  
CA,Two Plan Model,Comprehensive MCO + MLTSS,All populations,,Alameda Alliance for Health,7/1/17,6/30/18,2018," $994,646,659 "," $1,045,030,182 "," 3,172,188 ",95.2%,  
CA,Two Plan Model,Comprehensive MCO + MLTSS,All populations,,CalViva Health,7/1/17,6/30/18,2018," $1,114,094,452 "," $1,180,311,144 "," 4,363,263 ",94.4%,  
CA,Two Plan Model,Comprehensive MCO + MLTSS,All populations,,Contra Cost HP,7/1/17,6/30/18,2018," $720,288,937 "," $768,719,349 "," 2,191,081 ",93.7%,  
CA,Two Plan Model,Comprehensive MCO + MLTSS,All populations,,HP of  San Joaquin,7/1/17,6/30/18,2018," $955,378,220 "," $1,040,716,583 "," 4,179,437 ",91.8%,  
CA,Two Plan Model,Comprehensive MCO + MLTSS,All populations,,Inland Empire HP,7/1/17,6/30/18,2018," $4,211,864,356 "," $4,495,533,210 "," 14,164,911 ",93.7%,  
CA,Two Plan Model,Comprehensive MCO + MLTSS,All populations,,Kern Health Systems,7/1/17,6/30/18,2018," $654,730,411 "," $693,582,694 "," 3,025,026 ",94.4%,  
CA,Two Plan Model,Comprehensive MCO + MLTSS,All populations,,LA Care HP,7/1/17,6/30/18,2018," $5,424,901,648 "," $5,847,034,587 "," 22,393,485 ",92.8%,  
CA,Two Plan Model,Comprehensive MCO + MLTSS,All populations,,San Francisco Health Plan,7/1/17,6/30/18,2018," $478,129,298 "," $530,633,771 "," 1,605,524 ",90.1%,  
CA,Two Plan Model,Comprehensive MCO + MLTSS,All populations,,Santa Clara Family HP,7/1/17,6/30/18,2018," $876,688,118 "," $944,835,426 "," 2,799,456 ",92.8%,  
CA,"Two Plan Model, Geographic MC Model",Comprehensive MCO + MLTSS,All populations,,Blue Shield of California,7/1/17,6/30/18,2018," $366,743,488 "," $436,981,264 "," 1,013,013 ",83.9%,  
CA,"Two Plan Model, Geographic MC Model",Comprehensive MCO + MLTSS,All populations,,Health Net California,7/1/17,6/30/18,2018," $4,011,394,919 "," $4,533,530,303 "," 16,259,331 ",88.5%,  
CA,"Two Plan Model, Regional Model, Geographic MC Model",Comprehensive MCO + MLTSS,All populations,,Anthem Blue Cross,7/1/17,6/30/18,2018," $2,243,291,497 "," $2,529,661,243 "," 9,198,070 ",88.7%,  
CA,"Two Plan Model, Regional Model, Geographic MC Model",Comprehensive MCO + MLTSS,All populations,,Molina Healthcare,7/1/17,6/30/18,2018," $1,444,729,407 "," $1,668,329,303 "," 5,311,167 ",86.6%,  
CA,Coordinated Care Initiative (CCI),Comprehensive MCO + MLTSS,All populations,,Aetna Better Health,1/1/18,12/31/18,2018," $154,248 "," $301,961 ", 395 ,,  
CA,Coordinated Care Initiative (CCI),Comprehensive MCO + MLTSS,All populations,,Anthem Blue Cross,1/1/18,12/31/18,2018," $51,254,880 "," $56,071,540 "," 137,149 ",93.2%,  
CA,Coordinated Care Initiative (CCI),Comprehensive MCO + MLTSS,All populations,,Blue Shield of California,1/1/18,12/31/18,2018," $85,585,652 "," $97,210,829 "," 153,284 ",89.7%,  
CA,Coordinated Care Initiative (CCI),Comprehensive MCO + MLTSS,All populations,,CalOptima,1/1/18,12/31/18,2018," $395,488,230 "," $419,810,551 "," 911,375 ",94.2%,  
CA,Coordinated Care Initiative (CCI),Comprehensive MCO + MLTSS,All populations,,Community Health Group,1/1/18,12/31/18,2018," $59,029,052 "," $60,165,197 "," 170,539 ",99.7%,  
CA,Coordinated Care Initiative (CCI),Comprehensive MCO + MLTSS,All populations,,Health Net California,1/1/18,12/31/18,2018," $891,649,178 "," $978,809,158 "," 1,587,705 ",91.1%,  
CA,Coordinated Care Initiative (CCI),Comprehensive MCO + MLTSS,All populations,,Health Plan of San Mateo,1/1/18,12/31/18,2018," $57,826,758 "," $69,591,745 "," 87,350 ",85.3%,  
CA,Coordinated Care Initiative (CCI),Comprehensive MCO + MLTSS,All populations,,Inland Empire HP,1/1/18,12/31/18,2018," $282,763,678 "," $290,157,068 "," 660,073 ",97.5%,  
CA,Coordinated Care Initiative (CCI),Comprehensive MCO + MLTSS,All populations,,KP Cal,1/1/18,12/31/18,2018," $27,979,924 "," $33,705,333 "," 70,984 ",85.5%,  
CA,Coordinated Care Initiative (CCI),Comprehensive MCO + MLTSS,All populations,,LA Care  ,1/1/18,12/31/18,2018," $1,052,364,936 "," $1,127,918,841 "," 2,571,749 ",93.3%,  
CA,Coordinated Care Initiative (CCI),Comprehensive MCO + MLTSS,All populations,,Molina Healthcare,1/1/18,12/31/18,2018," $120,917,176 "," $140,832,819 "," 299,123 ",87.1%,  
CA,Coordinated Care Initiative (CCI),Comprehensive MCO + MLTSS,All populations,,Santa Clara Family HP,1/1/18,12/31/18,2018," $132,726,208 "," $154,841,849 "," 307,896 ",86.9%,  
CA,Coordinated Care Initiative (CCI),Comprehensive MCO + MLTSS,All populations,,SCAN Health Plan,1/1/18,12/31/18,2018," $53,172,740 "," $56,526,316 "," 159,224 ",95.8%,  
CA,Coordinated Care Initiative (CCI),Comprehensive MCO + MLTSS,All populations,,United Healthcare,1/1/18,12/31/18,2018," $464,329 "," $534,021 ", 893 ,,  
CA,AIDS Healthcare Foundation,Other PAHP,"Other, specify",HIV/AIDS,AIDS Healthcare Foundation,7/1/18,6/30/19,2019," $5,584,242 "," $9,515,813 "," 7,571 ",66.2%,  
CA,COHS,Comprehensive MCO + MLTSS,All populations,,CalOptima,7/1/18,6/30/19,2019," $2,334,395,773 "," $2,508,563,415 "," 7,575,937 ",93.1%,  
CA,COHS,Comprehensive MCO + MLTSS,All populations,,CenCal Health,7/1/18,6/30/19,2019," $682,292,799 "," $714,210,803 "," 2,125,868 ",95.5%,  
CA,COHS,Comprehensive MCO + MLTSS,All populations,,Central Coast Alliance for Health,7/1/18,6/30/19,2019," $1,230,647,894 "," $1,216,739,467 "," 4,139,329 ",101.1%,  
CA,COHS,Comprehensive MCO + MLTSS,All populations,,Gold Coast HP,7/1/18,6/30/19,2019," $730,424,458 "," $723,379,940 "," 2,389,951 ",101.0%,  
CA,COHS,Comprehensive MCO + MLTSS,All populations,,HP of San Mateo,7/1/18,6/30/19,2019," $450,710,777 "," $481,812,704 "," 1,174,796 ",93.5%,  
CA,COHS,Comprehensive MCO + MLTSS,All populations,,Partnership HP of  CA,7/1/18,6/30/19,2019," $2,615,397,253 "," $2,719,234,497 "," 6,658,998 ",96.2%,  
CA,Dental Managed Care,Dental only,All populations,,Access Dental Plan,7/1/18,6/30/19,2019," $37,182,629 "," $50,427,882 "," 3,449,465 ",73.7%,  
CA,Dental Managed Care,Dental only,All populations,,Health Net Dental Plan,7/1/18,6/30/19,2019," $38,077,510 "," $55,466,142 "," 3,686,273 ",68.7%,  
CA,Dental Managed Care,Dental only,All populations,,Liberty Dental Plan,7/1/18,6/30/19,2019," $34,015,413 "," $41,868,801 "," 2,716,319 ",81.2%,  
CA,Geographic MC Model,Comprehensive MCO + MLTSS,All populations,,Aetna Better Health,7/1/18,6/30/19,2019," $42,262,317 "," $45,758,796 "," 143,743 ",94.2%,  
CA,Geographic MC Model,Comprehensive MCO + MLTSS,All populations,,CA Health & Wellness,7/1/18,6/30/19,2019," $720,116,945 "," $763,545,896 "," 2,369,681 ",94.3%,  
CA,Geographic MC Model,Comprehensive MCO + MLTSS,All populations,,Community Health Group,7/1/18,6/30/19,2019," $917,372,504 "," $951,102,504 "," 3,002,660 ",96.5%,  
CA,Geographic MC Model,Comprehensive MCO + MLTSS,All populations,,Kaiser Foundation HP,7/1/18,6/30/19,2019," $631,233,551 "," $633,757,196 "," 1,695,154 ",99.6%,  
CA,Geographic MC Model,Comprehensive MCO + MLTSS,All populations,,United Healthcare,7/1/18,6/30/19,2019," $36,760,258 "," $38,471,483 "," 117,698 ",97.5%,  
CA,Two Plan Model,Comprehensive MCO + MLTSS,All populations,,Alameda Alliance for Health,7/1/18,6/30/19,2019," $906,766,795 "," $938,559,377 "," 3,101,342 ",96.6%,  
CA,Two Plan Model,Comprehensive MCO + MLTSS,All populations,,CalViva Health,7/1/18,6/30/19,2019," $1,157,629,202 "," $1,230,263,191 "," 4,325,261 ",94.1%,  
CA,Two Plan Model,Comprehensive MCO + MLTSS,All populations,,Contra Costa HP,7/1/18,6/30/19,2019," $764,924,602 "," $794,433,951 "," 2,147,237 ",96.3%,  
CA,Two Plan Model,Comprehensive MCO + MLTSS,All populations,,HP of  San Joaquin,7/1/18,6/30/19,2019," $1,141,387,605 "," $1,193,218,339 "," 4,124,371 ",95.7%,  
CA,Two Plan Model,Comprehensive MCO + MLTSS,All populations,,Kern Health Systems,7/1/18,6/30/19,2019," $857,481,965 "," $892,889,629 "," 2,973,026 ",96.0%,  
CA,Two Plan Model,Comprehensive MCO + MLTSS,All populations,,LA Care HP,7/1/18,6/30/19,2019," $5,574,177,107 "," $6,231,044,098 "," 22,166,164 ",89.5%,  
CA,Two Plan Model,Comprehensive MCO + MLTSS,All populations,,Santa Clara Family HP,7/1/18,6/30/19,2019," $696,034,762 "," $732,006,000 "," 2,638,525 ",95.1%,  
CA,"Two Plan Model, Geographic MC Model",Comprehensive MCO + MLTSS,All populations,,Blue Shield of California,7/1/18,6/30/19,2019," $389,391,411 "," $418,421,026 "," 907,012 ",93.1%,  
CA,"Two Plan Model, Geographic MC Model",Comprehensive MCO + MLTSS,All populations,,Health Net California,7/1/18,6/30/19,2019," $3,855,117,258 "," $4,405,565,005 "," 15,475,028 ",87.5%,  
CA,"Two Plan Model, Health Homes",Comprehensive MCO + MLTSS,All populations,,Inland Empire HP,7/1/18,6/30/19,2019," $4,608,781,169 "," $4,816,355,423 "," 14,086,414 ",95.7%,  
CA,"Two Plan Model, Health Homes",Comprehensive MCO + MLTSS,All populations,,San Francisco Health Plan,7/1/18,6/30/19,2019," $478,188,015 "," $534,973,520 "," 1,538,115 ",89.4%,  
CA,"Two Plan Model, Regional Model, Geographic MC Model, Health Homes",Comprehensive MCO + MLTSS,All populations,,Anthem Blue Cross,7/1/18,6/30/19,2019," $2,272,643,043 "," $2,549,115,185 "," 8,859,112 ",89.2%,  
CA,"Two Plan Model, Regional Model, Geographic MC Model, Health Homes",Comprehensive MCO + MLTSS,All populations,,Molina Healthcare,7/1/18,6/30/19,2019," $1,401,923,602 "," $1,607,588,768 "," 4,993,027 ",87.2%,  
CA,Coordinated Care Initiative (CCI),Comprehensive MCO + MLTSS,All populations,,Aetna Better Health,1/1/19,12/31/19,2019," $136,378 "," $24,153 ", 26 ,,  
CA,Coordinated Care Initiative (CCI),Comprehensive MCO + MLTSS,All populations,,Anthem Blue Cross,1/1/19,12/31/19,2019," $52,306,348 "," $55,118,742 "," 137,596 ",96.7%,  
CA,Coordinated Care Initiative (CCI),Comprehensive MCO + MLTSS,All populations,,Blue Shield of California,1/1/19,12/31/19,2019," $101,480,796 "," $105,562,508 "," 157,067 ",97.8%,  
CA,Coordinated Care Initiative (CCI),Comprehensive MCO + MLTSS,All populations,,CalOptima,1/1/19,12/31/19,2019," $419,347,119 "," $459,382,008 "," 920,587 ",91.3%,  
CA,Coordinated Care Initiative (CCI),Comprehensive MCO + MLTSS,All populations,,Community Health Group,1/1/19,12/31/19,2019," $72,915,647 "," $71,382,881 "," 180,004 ",103.8%,  
CA,Coordinated Care Initiative (CCI),Comprehensive MCO + MLTSS,All populations,,Health Net California,1/1/19,12/31/19,2019," $945,289,380 "," $969,088,254 "," 1,542,252 ",97.5%,  
CA,Coordinated Care Initiative (CCI),Comprehensive MCO + MLTSS,All populations,,Health Plan of San Mateo,1/1/19,12/31/19,2019," $66,471,996 "," $66,967,545 "," 86,687 ",101.5%,  
CA,Coordinated Care Initiative (CCI),Comprehensive MCO + MLTSS,All populations,,Inland Empire HP,1/1/19,12/31/19,2019," $300,899,795 "," $335,437,469 "," 677,136 ",89.7%,  
CA,Coordinated Care Initiative (CCI),Comprehensive MCO + MLTSS,All populations,,KP Cal,1/1/19,12/31/19,2019," $29,617,953 "," $30,824,355 "," 72,353 ",98.5%,  
CA,Coordinated Care Initiative (CCI),Comprehensive MCO + MLTSS,All populations,,LA Care  ,1/1/19,12/31/19,2019," $1,072,339,023 "," $1,150,719,989 "," 2,571,749 ",93.2%,  
CA,Coordinated Care Initiative (CCI),Comprehensive MCO + MLTSS,All populations,,Molina Healthcare,1/1/19,12/31/19,2019," $124,295,014 "," $146,162,593 "," 297,458 ",86.2%,  
CA,Coordinated Care Initiative (CCI),Comprehensive MCO + MLTSS,All populations,,Santa Clara Family HP,1/1/19,12/31/19,2019," $141,710,779 "," $149,078,296 "," 307,327 ",96.3%,  
CA,Coordinated Care Initiative (CCI),Comprehensive MCO + MLTSS,All populations,,SCAN Health Plan,1/1/19,12/31/19,2019," $53,849,280 "," $58,613,738 "," 161,130 ",93.6%,  
CA,Coordinated Care Initiative (CCI),Comprehensive MCO + MLTSS,All populations,,United Healthcare,1/1/19,12/31/19,2019," $1,172,599 "," $1,209,437 "," 2,101 ",,  
CA,Medicaid SFY 19-20,Dental only,All populations,,Access Dental Plan,7/1/19,6/30/20,2020," $35,822,779 "," $50,394,482 "," 3,129,116 ",71.1%," $7,012,530 "
CA,Medicaid SFY 19-20,Comprehensive MCO,All populations,,Aetna Better Health,7/1/19,6/30/20,2020," $86,650,410 "," $87,823,734 "," 240,949 ",100.1%,  
CA,Medicaid SFY 19-20,Comprehensive MCO,All populations,,Aids HealthCare Foundation,7/1/19,6/30/20,2020," $18,840,923 "," $15,924,762 "," 7,446 ",125.9%,  
CA,Medicaid SFY 19-20,Comprehensive MCO,All populations,,Alameda Alliance for Health,7/1/19,6/30/20,2020," $983,450,047 "," $1,080,855,204 "," 2,968,498 ",91.0%,  
CA,Medicaid SFY 19-20,Comprehensive MCO,All populations,,Anthem Blue Cross,7/1/19,6/30/20,2020," $2,234,078,024 "," $2,505,071,952 "," 8,656,487 ",89.2%,  
CA,Medicaid SFY 19-20,Comprehensive MCO,All populations,,Blue Shield Promise Health,7/1/19,6/30/20,2020," $386,018,982 "," $384,914,032 "," 815,917 ",100.3%,  
CA,Medicaid SFY 19-20,Comprehensive MCO,All populations,,CA Health and Wellness,7/1/19,6/30/20,2020," $778,217,596 "," $837,932,018 "," 2,359,905 ",92.9%,  
CA,Medicaid SFY 19-20,Comprehensive MCO,All populations,,CalOptima,7/1/19,6/30/20,2020," $2,923,221,201 "," $3,103,864,120 "," 7,764,972 ",94.2%,  
CA,Medicaid SFY 19-20,Comprehensive MCO,All populations,,CalViva Health,7/1/19,6/30/20,2020," $1,274,268,462 "," $1,343,720,083 "," 4,259,503 ",94.8%,  
CA,Medicaid SFY 19-20,Comprehensive MCO,All populations,,CenCal Health,7/1/19,6/30/20,2020," $823,017,022 "," $831,779,701 "," 2,612,683 ",98.9%,  
CA,Medicaid SFY 19-20,Comprehensive MCO,All populations,,Central CA Alliance for Health,7/1/19,6/30/20,2020," $1,494,567,416 "," $1,563,132,735 "," 4,058,206 ",95.6%,  
CA,Medicaid SFY 19-20,Comprehensive MCO,All populations,,Community Health Group,7/1/19,6/30/20,2020," $955,758,038 "," $992,150,185 "," 2,817,537 ",96.3%,  
CA,Medicaid SFY 19-20,Comprehensive MCO,All populations,,Contra Costa Health Plan,7/1/19,6/30/20,2020," $791,632,349 "," $838,259,909 "," 2,093,574 ",94.4%,  
CA,Medicaid SFY 19-20,Comprehensive MCO,All populations,,Gold Coast Health Plan,7/1/19,6/30/20,2020," $888,913,827 "," $949,636,187 "," 2,357,820 ",93.6%,  
CA,Medicaid SFY 19-20,Comprehensive MCO,All populations,,Health Net of CA,7/1/19,6/30/20,2020," $4,087,755,220 "," $4,559,435,422 "," 14,846,442 ",89.7%,  
CA,Medicaid SFY 19-20,Dental only,All populations,,Health Net of California,7/1/19,6/30/20,2020," $34,948,157 "," $56,934,642 "," 3,596,820 ",61.4%," $13,446,288 "
CA,Medicaid SFY 19-20,Comprehensive MCO,All populations,,Health Plan of San Joaquin,7/1/19,6/30/20,2020," $1,239,915,577 "," $1,312,667,149 "," 4,056,470 ",94.5%,  
CA,Medicaid SFY 19-20,Comprehensive MCO,All populations,,Health Plan of San Mateo,7/1/19,6/30/20,2020," $467,401,717 "," $463,656,226 "," 1,136,675 ",100.8%,  
CA,Medicaid SFY 19-20,Comprehensive MCO,All populations,,Inland Empire Health Plan,7/1/19,6/30/20,2020," $5,001,242,984 "," $5,353,725,200 "," 14,063,211 ",93.4%,  
CA,Medicaid SFY 19-20,Comprehensive MCO,All populations,,Kaiser Foundation HP,7/1/19,6/30/20,2020," $667,771,275 "," $651,064,284 "," 1,699,594 ",102.6%,  
CA,Medicaid SFY 19-20,Comprehensive MCO,All populations,,Kern Health Systems,7/1/19,6/30/20,2020," $930,135,296 "," $1,010,148,932 "," 3,027,840 ",92.1%,  
CA,Medicaid SFY 19-20,Comprehensive MCO,All populations,,LA Care Health Plan,7/1/19,6/30/20,2020," $7,002,724,422 "," $7,140,273,826 "," 38,406,071 ",98.1%,  
CA,Medicaid SFY 19-20,Dental only,All populations,,Liberty Dental ,7/1/19,6/30/20,2020," $31,503,663 "," $44,261,199 "," 2,722,833 ",71.2%," $6,120,574 "
CA,Medicaid SFY 19-20,Comprehensive MCO,All populations,,Molina HealthCare,7/1/19,6/30/20,2020," $1,374,864,586 "," $1,478,993,884 "," 4,735,410 ",93.0%,  
CA,Medicaid SFY 19-20,Comprehensive MCO,All populations,,Partnership Health Plan,7/1/19,6/30/20,2020," $2,841,089,151 "," $3,019,939,063 "," 6,503,915 ",94.1%,  
CA,Medicaid SFY 19-20,Comprehensive MCO,All populations,,Rady Children's Hospital,7/1/19,6/30/20,2020," $12,653,776 "," $11,352,492 "," 4,240 ",,  
CA,Medicaid SFY 19-20,Comprehensive MCO,All populations,,San Francisco Health Plan,7/1/19,6/30/20,2020," $626,746,207 "," $701,872,112 "," 1,517,310 ",89.3%,  
CA,Medicaid SFY 19-20,Comprehensive MCO,All populations,,Santa Clara Family HP,7/1/19,6/30/20,2020," $1,114,699,326 "," $1,167,999,171 "," 2,558,908 ",95.4%,  
CA,Medicaid SFY 19-20,Comprehensive MCO,All populations,,United HealthCare,7/1/19,6/30/20,2020," $42,830,610 "," $54,038,514 "," 148,396 ",81.0%,  
CA,Coordinated Care Initiative (CCI),Comprehensive MCO + MLTSS,All populations,,Aetna Better Health,1/1/20,12/31/20,2020," $582,539 "," $724,308 "," 1,233 ",,  
CA,Coordinated Care Initiative (CCI),Comprehensive MCO + MLTSS,All populations,,Anthem Blue Cross,1/1/20,12/31/20,2020," $48,490,509 "," $53,157,565 "," 135,832 ",93.0%,  
CA,Coordinated Care Initiative (CCI),Comprehensive MCO + MLTSS,All populations,,Blue Shield Promise Health,1/1/20,12/31/20,2020," $93,233,255 "," $111,844,824 "," 157,164 ",85.1%,  
CA,Coordinated Care Initiative (CCI),Comprehensive MCO + MLTSS,All populations,,CalOptima,1/1/20,12/31/20,2020," $429,474,945 "," $497,015,688 "," 947,587 ",86.4%,  
CA,Coordinated Care Initiative (CCI),Comprehensive MCO + MLTSS,All populations,,Community Health Group,1/1/20,12/31/20,2020," $90,637,087 "," $91,652,686 "," 193,615 ",100.4%,  
CA,Coordinated Care Initiative (CCI),Comprehensive MCO + MLTSS,All populations,,Health Net of CA,1/1/20,12/31/20,2020," $926,728,980 "," $1,075,811,540 "," 3,094,498 ",86.1%,  
CA,Coordinated Care Initiative (CCI),Comprehensive MCO + MLTSS,All populations,,Health Plan of San Mateo,1/1/20,12/31/20,2020," $76,102,854 "," $73,634,554 "," 91,062 ",105.5%,  
CA,Coordinated Care Initiative (CCI),Comprehensive MCO + MLTSS,All populations,,Inland Empire Health Plan,1/1/20,12/31/20,2020," $308,732,794 "," $359,210,399 "," 686,318 ",85.9%,  
CA,Coordinated Care Initiative (CCI),Comprehensive MCO + MLTSS,All populations,,Kaiser Foundation HP,1/1/20,12/31/20,2020," $30,098,994 "," $33,141,458 "," 72,865 ",93.2%,  
CA,Coordinated Care Initiative (CCI),Comprehensive MCO + MLTSS,All populations,,LA Care Health Plan,1/1/20,12/31/20,2020," $1,146,557,466 "," $1,302,889,928 "," 2,623,433 ",88.0%,  
CA,Coordinated Care Initiative (CCI),Comprehensive MCO + MLTSS,All populations,,Molina HealthCare,1/1/20,12/31/20,2020," $125,573,102 "," $152,879,728 "," 298,941 ",83.3%,  
CA,Coordinated Care Initiative (CCI),Comprehensive MCO + MLTSS,All populations,,Santa Clara Family HP,1/1/20,12/31/20,2020," $150,345,222 "," $163,890,857 "," 309,031 ",92.9%,  
CA,Coordinated Care Initiative (CCI),Comprehensive MCO + MLTSS,All populations,,United HealthCare,1/1/20,12/31/20,2020," $1,319,880 "," $1,927,432 "," 3,162 ",,  
CA,Medicaid (Jul 2020 - Dec 2020),Dental only,All populations,,Access Dental Plan,7/1/20,12/31/20,2020," $16,689,265 "," $21,982,021 "," 1,592,917 ",75.9%," $1,995,453 "
CA,Medicaid (Jul 2020 - Dec 2020),Comprehensive MCO,All populations,,Aetna Better Health,7/1/20,12/31/20,2020," $60,955,537 "," $62,606,301 "," 165,634 ",99.0%,  
CA,Medicaid (Jul 2020 - Dec 2020),Comprehensive MCO,All populations,,Aids HealthCare Foundation,7/1/20,12/31/20,2020," $8,309,342 "," $8,608,296 "," 3,940 ",96.5%,  
CA,Medicaid (Jul 2020 - Dec 2020),Comprehensive MCO,All populations,,Alameda Alliance for Health,7/1/20,12/31/20,2020," $483,432,041 "," $519,440,752 "," 1,578,372 ",93.1%,  
CA,Medicaid (Jul 2020 - Dec 2020),Comprehensive MCO,All populations,,Anthem Blue Cross,7/1/20,12/31/20,2020," $1,116,173,259 "," $1,255,983,943 "," 4,661,248 ",88.9%,  
CA,Medicaid (Jul 2020 - Dec 2020),Comprehensive MCO,All populations,,Blue Shield Promise Health,7/1/20,12/31/20,2020," $234,042,557 "," $209,403,754 "," 479,777 ",111.8%,  
CA,Medicaid (Jul 2020 - Dec 2020),Comprehensive MCO,All populations,,CA Health and Wellness,7/1/20,12/31/20,2020," $410,074,408 "," $444,252,153 "," 1,231,036 ",92.3%,  
CA,Medicaid (Jul 2020 - Dec 2020),Comprehensive MCO,All populations,,CalOptima,7/1/20,12/31/20,2020," $1,441,674,182 "," $1,582,938,821 "," 4,158,386 ",91.1%,  
CA,Medicaid (Jul 2020 - Dec 2020),Comprehensive MCO,All populations,,CalViva Health,7/1/20,12/31/20,2020," $666,318,885 "," $703,007,634 "," 2,215,959 ",94.8%,  
CA,Medicaid (Jul 2020 - Dec 2020),Comprehensive MCO,All populations,,CenCal Health,7/1/20,12/31/20,2020," $454,169,768 "," $445,919,243 "," 1,137,659 ",101.9%,  
CA,Medicaid (Jul 2020 - Dec 2020),Comprehensive MCO,All populations,,Central CA Alliance for Health,7/1/20,12/31/20,2020," $798,041,629 "," $829,930,064 "," 2,148,691 ",96.2%,  
CA,Medicaid (Jul 2020 - Dec 2020),Comprehensive MCO,All populations,,Community Health Group,7/1/20,12/31/20,2020," $561,439,541 "," $538,894,121 "," 1,508,688 ",104.2%,  
CA,Medicaid (Jul 2020 - Dec 2020),Comprehensive MCO,All populations,,Contra Costa Health Plan,7/1/20,12/31/20,2020," $442,223,198 "," $462,278,085 "," 1,127,515 ",95.7%,  
CA,Medicaid (Jul 2020 - Dec 2020),Comprehensive MCO,All populations,,Gold Coast Health Plan,7/1/20,12/31/20,2020," $436,983,818 "," $455,922,048 "," 1,258,410 ",95.8%,  
CA,Medicaid (Jul 2020 - Dec 2020),Comprehensive MCO,All populations,,Health Net of CA,7/1/20,12/31/20,2020," $2,148,707,284 "," $2,414,773,516 "," 7,619,611 ",89.0%,  
CA,Medicaid (Jul 2020 - Dec 2020),Dental only,All populations,,Health Net of California,7/1/20,12/31/20,2020," $17,642,612 "," $26,313,583 "," 1,925,947 ",67.0%," $4,723,933 "
CA,Medicaid (Jul 2020 - Dec 2020),Comprehensive MCO,All populations,,Health Plan of San Joaquin,7/1/20,12/31/20,2020," $660,495,900 "," $677,877,410 "," 2,134,667 ",97.4%,  
CA,Medicaid (Jul 2020 - Dec 2020),Comprehensive MCO,All populations,,Health Plan of San Mateo,7/1/20,12/31/20,2020," $221,918,440 "," $220,676,069 "," 614,869 ",100.6%,  
CA,Medicaid (Jul 2020 - Dec 2020),Comprehensive MCO,All populations,,Inland Empire Health Plan,7/1/20,12/31/20,2020," $2,700,195,230 "," $2,778,499,942 "," 7,458,806 ",97.2%,  
CA,Medicaid (Jul 2020 - Dec 2020),Comprehensive MCO,All populations,,Kaiser Foundation HP,7/1/20,12/31/20,2020," $388,380,091 "," $325,792,492 "," 917,559 ",119.2%,  
CA,Medicaid (Jul 2020 - Dec 2020),Comprehensive MCO,All populations,,Kern Health Systems,7/1/20,12/31/20,2020," $508,543,951 "," $541,740,057 "," 1,622,885 ",93.9%,  
CA,Medicaid (Jul 2020 - Dec 2020),Comprehensive MCO,All populations,,LA Care Health Plan,7/1/20,12/31/20,2020," $3,380,204,643 "," $3,460,711,079 "," 20,176,896 ",97.7%,  
CA,Medicaid (Jul 2020 - Dec 2020),Dental only,All populations,,Liberty Dental ,7/1/20,12/31/20,2020," $18,709,607 "," $22,077,753 "," 1,432,397 ",84.7%," $270,387 "
CA,Medicaid (Jul 2020 - Dec 2020),Comprehensive MCO,All populations,,Molina HealthCare,7/1/20,12/31/20,2020," $654,978,602 "," $747,367,815 "," 2,470,911 ",87.6%,  
CA,Medicaid (Jul 2020 - Dec 2020),Comprehensive MCO,All populations,,Partnership Health Plan,7/1/20,12/31/20,2020," $1,446,557,735 "," $1,507,608,638 "," 3,434,785 ",96.0%,  
CA,Medicaid (Jul 2020 - Dec 2020),Comprehensive MCO,All populations,,Rady Children's Hospital,7/1/20,12/31/20,2020," $6,341,259 "," $5,987,056 "," 2,250 ",,  
CA,Medicaid (Jul 2020 - Dec 2020),Comprehensive MCO,All populations,,San Francisco Health Plan,7/1/20,12/31/20,2020," $342,078,722 "," $382,882,860 "," 813,651 ",89.3%,  
CA,Medicaid (Jul 2020 - Dec 2020),Comprehensive MCO,All populations,,Santa Clara Family HP,7/1/20,12/31/20,2020," $634,920,362 "," $659,526,296 "," 1,379,131 ",96.3%,  
CA,Medicaid (Jul 2020 - Dec 2020),Comprehensive MCO,All populations,,United HealthCare,7/1/20,12/31/20,2020," $32,076,683 "," $36,656,571 "," 106,853 ",89.4%,  
CA,AIDS HealthCare Foundation,Comprehensive MCO,"Other, specify",Ages 21 and Over,AIDS HealthCare Foundation,1/1/21,12/31/21,2021," $19,229,586 "," $19,590,351 "," 8,552 ",105.3%,
CA,Coordinated Care Initiative Dual-Eligible Model,Comprehensive MCO,"Other, specify","Full Dual, Ages 21 and Over",Aetna Better Health,1/1/21,12/31/21,2021," $1,024,398 "," $1,524,580 "," 2,205 ",67.2%,
CA,Coordinated Care Initiative Dual-Eligible Model,Comprehensive MCO,"Other, specify","Full Dual, Ages 21 and Over",Anthem Blue Cross,1/1/21,12/31/21,2021," $45,113,459 "," $62,790,287 "," 139,396 ",73.7%,
CA,Coordinated Care Initiative Dual-Eligible Model,Comprehensive MCO,"Other, specify","Full Dual, Ages 21 and Over",Blue Shield Promise Health,1/1/21,12/31/21,2021," $99,209,146 "," $126,699,053 "," 170,977 ",79.9%,
CA,Coordinated Care Initiative Dual-Eligible Model,Comprehensive MCO,"Other, specify","Full Dual, Ages 21 and Over",CalOptima,1/1/21,12/31/21,2021," $442,365,394 "," $483,828,297 "," 1,003,012 ",91.4%,
CA,Coordinated Care Initiative Dual-Eligible Model,Comprehensive MCO,"Other, specify","Full Dual, Ages 21 and Over",Community Health Group,1/1/21,12/31/21,2021," $94,746,268 "," $113,849,412 "," 214,341 ",84.6%,
CA,Coordinated Care Initiative Dual-Eligible Model,Comprehensive MCO,"Other, specify","Full Dual, Ages 21 and Over",Health Net of CA,1/1/21,12/31/21,2021," $948,803,809 "," $1,116,665,776 "," 1,588,619 ",85.0%,
CA,Coordinated Care Initiative Dual-Eligible Model,Comprehensive MCO,"Other, specify","Full Dual, Ages 21 and Over",Health Plan of San Mateo,1/1/21,12/31/21,2021," $71,224,571 "," $90,499,560 "," 95,508 ",80.7%,
CA,Coordinated Care Initiative Dual-Eligible Model,Comprehensive MCO,"Other, specify","Full Dual, Ages 21 and Over",Inland Empire Health Plan,1/1/21,12/31/21,2021," $326,773,675 "," $376,276,169 "," 725,621 ",86.8%,
CA,Coordinated Care Initiative Dual-Eligible Model,Comprehensive MCO,"Other, specify","Full Dual, Ages 21 and Over ",Kaiser Foundation HP,1/1/21,12/31/21,2021," $29,930,974 "," $31,580,341 "," 77,270 ",97.2%,
CA,Coordinated Care Initiative Dual-Eligible Model,Comprehensive MCO,"Other, specify","Full Dual, Ages 21 and Over",LA Care Health Plan,1/1/21,12/31/21,2021," $1,269,231,311 "," $1,385,457,648 "," 1,573,654 ",91.6%,
CA,Coordinated Care Initiative Dual-Eligible Model,Comprehensive MCO,"Other, specify","Full Dual, Ages 21 and Over",Molina HealthCare,1/1/21,12/31/21,2021," $121,565,514 "," $161,230,693 "," 308,079 ",76.6%,
CA,Coordinated Care Initiative Dual-Eligible Model,Comprehensive MCO,"Other, specify","Full Dual, Ages 21 and Over",Santa Clara Family HP,1/1/21,12/31/21,2021," $147,970,500 "," $182,241,307 "," 310,730 ",82.4%,
CA,Coordinated Care Initiative Dual-Eligible Model,Comprehensive MCO,"Other, specify","Full Dual, Ages 21 and Over",United HealthCare,1/1/21,12/31/21,2021," $1,554,419 "," $3,113,469 "," 5,145 ",49.9%,
CA,Dental Managed Care,Dental,All Populations,,Access Dental Plan,1/1/21,12/31/21,2021," $38,202,467 "," $47,455,912 "," 3,298,039 ",80.5%," $3,053,119 "
CA,Dental Managed Care,Dental,All Populations,,Health Net of California,1/1/21,12/31/21,2021," $40,554,938 "," $57,321,994 "," 4,219,433 ",70.8%," $8,168,756 "
CA,Dental Managed Care,Dental,All Populations,,Liberty Dental,1/1/21,12/31/21,2021," $40,928,846 "," $47,802,031 "," 3,062,566 ",85.6%," $270,872 "
CA,Rady Children's Hospital,Comprehensive MCO,"Other, specify",Subset of the CCS Eligible Population,Rady Children's Hospital,1/1/21,12/31/21,2021," $16,161,241 "," $16,974,401 "," 4,503 ",95.2%,
CA,SCAN Health Plan,Comprehensive MCO,"Other, specify",Ages 65 and Over,SCAN Health Plan,1/1/21,12/31/21,2021," $57,406,429 "," $64,103,108 "," 171,763 ",91.2%,
CA,"TPM, GMC, RM, COHS, CCI Expansion",Comprehensive MCO,All Populations,,Aetna Better Health,1/1/21,12/31/21,2021," $141,040,660 "," $134,515,149 "," 430,833 ",104.9%,
CA,"TPM, GMC, RM, COHS, CCI Expansion",Comprehensive MCO,All Populations,,Alameda Alliance for Health,1/1/21,12/31/21,2021," $1,109,241,376 "," $1,191,354,676 "," 3,391,169 ",93.1%,
CA,"TPM, GMC, RM, COHS, CCI Expansion",Comprehensive MCO,All Populations,,Anthem Blue Cross,1/1/21,12/31/21,2021," $2,388,758,598 "," $2,731,990,287 "," 10,003,903 ",87.4%,
CA,"TPM, GMC, RM, COHS, CCI Expansion",Comprehensive MCO,All Populations,,Blue Shield Promise Health,1/1/21,12/31/21,2021," $440,813,750 "," $475,658,621 "," 1,121,897 ",92.7%,
CA,"TPM, GMC, RM, COHS, CCI Expansion",Comprehensive MCO,All Populations,,CA Health and Wellness,1/1/21,12/31/21,2021," $778,321,084 "," $854,124,658 "," 2,613,351 ",91.1%,
CA,"TPM, GMC, RM, COHS, CCI Expansion",Comprehensive MCO,All Populations,,CalOptima,1/1/21,12/31/21,2021," $3,165,703,973 "," $3,361,494,900 "," 8,935,517 ",94.2%,
CA,"TPM, GMC, RM, COHS, CCI Expansion",Comprehensive MCO,All Populations,,CalViva Health,1/1/21,12/31/21,2021," $1,201,663,626 "," $1,270,668,523 "," 4,623,417 ",94.6%,
CA,"TPM, GMC, RM, COHS, CCI Expansion",Comprehensive MCO,All Populations,,CenCal Health,1/1/21,12/31/21,2021," $829,394,018 "," $873,536,265 "," 2,437,927 ",95.0%,
CA,"TPM, GMC, RM, COHS, CCI Expansion",Comprehensive MCO,All Populations,,Central CA Alliance for Health,1/1/21,12/31/21,2021," $1,455,136,508 "," $1,616,902,689 "," 4,530,455 ",90.0%,
CA,"TPM, GMC, RM, COHS, CCI Expansion",Comprehensive MCO,All Populations,,Community Health Group,1/1/21,12/31/21,2021," $1,145,125,800 "," $1,117,858,441 "," 3,292,321 ",102.4%,
CA,"TPM, GMC, RM, COHS, CCI Expansion",Comprehensive MCO,All Populations,,Contra Costa Health Plan,1/1/21,12/31/21,2021," $784,138,761 "," $868,764,314 "," 2,476,434 ",90.3%,
CA,"TPM, GMC, RM, COHS, CCI Expansion",Comprehensive MCO,All Populations,,Gold Coast Health Plan,1/1/21,12/31/21,2021," $878,558,458 "," $989,208,335 "," 2,668,262 ",88.8%,
CA,"TPM, GMC, RM, COHS, CCI Expansion",Comprehensive MCO,All Populations,,Health Net of CA,1/1/21,12/31/21,2021," $3,915,646,852 "," $4,436,824,761 "," 15,917,407 ",88.3%,
CA,"TPM, GMC, RM, COHS, CCI Expansion",Comprehensive MCO,All Populations,,Health Plan of San Joaquin,1/1/21,12/31/21,2021," $1,244,728,979 "," $1,352,405,997 "," 4,539,619 ",92.0%,
CA,"TPM, GMC, RM, COHS, CCI Expansion",Comprehensive MCO,All Populations,,Health Plan of San Mateo,1/1/21,12/31/21,2021," $470,990,265 "," $531,405,894 "," 1,334,295 ",88.6%,
CA,"TPM, GMC, RM, COHS, CCI Expansion",Comprehensive MCO,All Populations,,Inland Empire Health Plan,1/1/21,12/31/21,2021," $5,028,064,215 "," $5,380,657,598 "," 15,834,243 ",93.5%,
CA,"TPM, GMC, RM, COHS, CCI Expansion",Comprehensive MCO,All Populations,,Kaiser Foundation HP,1/1/21,12/31/21,2021," $826,957,295 "," $798,072,977 "," 2,023,780 ",103.6%,
CA,"TPM, GMC, RM, COHS, CCI Expansion",Comprehensive MCO,All Populations,,Kern Health Systems,1/1/21,12/31/21,2021," $949,790,131 "," $1,033,814,253 "," 3,614,781 ",91.9%,
CA,"TPM, GMC, RM, COHS, CCI Expansion",Comprehensive MCO,All Populations,,LA Care Health Plan,1/1/21,12/31/21,2021," $7,213,413,401 "," $7,319,258,232 "," 24,497,348 ",98.5%,
CA,"TPM, GMC, RM, COHS, CCI Expansion",Comprehensive MCO,All Populations,,Molina HealthCare,1/1/21,12/31/21,2021," $1,283,900,766 "," $1,534,113,223 "," 5,253,401 ",83.7%,
CA,"TPM, GMC, RM, COHS, CCI Expansion",Comprehensive MCO,All Populations,,Partnership Health Plan,1/1/21,12/31/21,2021," $3,013,347,070 "," $3,282,888,437 "," 7,324,284 ",91.8%,
CA,"TPM, GMC, RM, COHS, CCI Expansion",Comprehensive MCO,All Populations,,San Francisco Health Plan,1/1/21,12/31/21,2021," $598,706,697 "," $651,835,385 "," 1,777,357 ",91.9%,
CA,"TPM, GMC, RM, COHS, CCI Expansion",Comprehensive MCO,All Populations,,Santa Clara Family HP,1/1/21,12/31/21,2021," $941,960,416 "," $995,731,454 "," 2,957,898 ",94.6%,
CA,"TPM, GMC, RM, COHS, CCI Expansion",Comprehensive MCO,All Populations,,United HealthCare,1/1/21,12/31/21,2021," $76,571,132 "," $90,913,605 "," 279,407 ",85.5%,
CA,AIDS HealthCare Foundation,Comprehensive MCO,"Other, specify",Ages 21 and Over,AIDS HealthCare Foundation,1/1/22,12/31/22,2022," $7,572,048 "," $10,518,803 "," 9,439 ",78.7%,
CA,Dental Managed Care,Dental Only,All Populations,,Access Dental Plan,1/1/22,12/31/22,2022," $36,081,478 "," $52,966,229 "," 3,422,516 ",68.1%," $8,939,817 "
CA,Dental Managed Care,Dental Only,All Populations,,Health Net of California,1/1/22,12/31/22,2022," $50,242,589 "," $66,981,948 "," 4,629,560 ",75.0%," $6,692,066 "
CA,Dental Managed Care,Dental Only,All Populations,,Liberty Dental,1/1/22,12/31/22,2022," $47,476,789 "," $54,676,313 "," 3,378,589 ",86.8%, $-   
CA,"TPM, GMC, RM, COHS, CCI Expansion",Comprehensive MCO,All Populations,,Aetna Better Health,1/1/22,12/31/22,2022," $130,332,714 "," $152,817,111 "," 557,928 ",85.3%,
CA,"TPM, GMC, RM, COHS, CCI Expansion",Comprehensive MCO,All Populations,,Alameda Alliance for Health,1/1/22,12/31/22,2022," $1,080,591,253 "," $1,198,539,367 "," 3,717,243 ",90.2%,
CA,"TPM, GMC, RM, COHS, CCI Expansion",Comprehensive MCO,All Populations,,Anthem Blue Cross,1/1/22,12/31/22,2022," $2,189,508,335 "," $2,631,716,815 "," 11,055,382 ",83.2%,
CA,"TPM, GMC, RM, COHS, CCI Expansion",Comprehensive MCO,All Populations,,Blue Shield Promise Health,1/1/22,12/31/22,2022," $415,693,428 "," $481,025,497 "," 1,287,803 ",86.4%,
CA,"TPM, GMC, RM, COHS, CCI Expansion",Comprehensive MCO,All Populations,,CA Health and Wellness,1/1/22,12/31/22,2022," $681,356,905 "," $776,248,542 "," 2,805,434 ",87.8%,
CA,"TPM, GMC, RM, COHS, CCI Expansion",Comprehensive MCO,All Populations,,CalOptima,1/1/22,12/31/22,2022," $2,644,744,773 "," $3,193,173,942 "," 9,658,147 ",82.8%,
CA,"TPM, GMC, RM, COHS, CCI Expansion",Comprehensive MCO,All Populations,,CalViva Health,1/1/22,12/31/22,2022," $1,082,707,425 "," $1,159,818,839 "," 4,896,837 ",93.4%,
CA,"TPM, GMC, RM, COHS, CCI Expansion",Comprehensive MCO,All Populations,,CenCal Health,1/1/22,12/31/22,2022," $811,940,928 "," $890,423,163 "," 2,638,584 ",91.2%,
CA,"TPM, GMC, RM, COHS, CCI Expansion",Comprehensive MCO,All Populations,,Central CA Alliance for Health,1/1/22,12/31/22,2022," $1,440,938,173 "," $1,689,310,939 "," 4,844,412 ",85.3%,
CA,"TPM, GMC, RM, COHS, CCI Expansion",Comprehensive MCO,All Populations,,Community Health Group,1/1/22,12/31/22,2022," $943,040,100 "," $1,149,071,464 "," 3,629,479 ",82.1%,
CA,"TPM, GMC, RM, COHS, CCI Expansion",Comprehensive MCO,All Populations,,Contra Costa Health Plan,1/1/22,12/31/22,2022," $839,637,327 "," $970,071,010 "," 2,773,863 ",86.5%,
CA,"TPM, GMC, RM, COHS, CCI Expansion",Comprehensive MCO,All Populations,,Gold Coast Health Plan,1/1/22,12/31/22,2022," $785,283,574 "," $993,386,531 "," 2,862,249 ",79.1%,
CA,"TPM, GMC, RM, COHS, CCI Expansion",Comprehensive MCO,All Populations,,Health Net of CA,1/1/22,12/31/22,2022," $3,664,393,383 "," $4,373,490,141 "," 17,336,589 ",83.8%,
CA,"TPM, GMC, RM, COHS, CCI Expansion",Comprehensive MCO,All Populations,,Health Plan of San Joaquin,1/1/22,12/31/22,2022," $1,098,660,969 "," $1,306,800,306 "," 4,906,935 ",84.1%,
CA,"TPM, GMC, RM, COHS, CCI Expansion",Comprehensive MCO,All Populations,,Health Plan of San Mateo,1/1/22,12/31/22,2022," $432,247,711 "," $559,652,769 "," 1,487,513 ",77.2%,
CA,"TPM, GMC, RM, COHS, CCI Expansion",Comprehensive MCO,All Populations,,Inland Empire Health Plan,1/1/22,12/31/22,2022," $4,614,384,886 "," $5,237,217,345 "," 17,495,381 ",88.1%,
CA,"TPM, GMC, RM, COHS, CCI Expansion",Comprehensive MCO,All Populations,,Kaiser Foundation HP,1/1/22,12/31/22,2022," $826,776,371 "," $784,819,038 "," 2,248,641 ",105.3%,
CA,"TPM, GMC, RM, COHS, CCI Expansion",Comprehensive MCO,All Populations,,Kern Health Systems,1/1/22,12/31/22,2022," $866,292,068 "," $1,014,514,545 "," 4,013,540 ",85.4%,
CA,"TPM, GMC, RM, COHS, CCI Expansion",Comprehensive MCO,All Populations,,LA Care Health Plan,1/1/22,12/31/22,2022," $6,813,227,103 "," $7,503,779,317 "," 26,874,034 ",90.8%,
CA,"TPM, GMC, RM, COHS, CCI Expansion",Comprehensive MCO,All Populations,,Molina HealthCare,1/1/22,12/31/22,2022," $1,216,984,043 "," $1,524,362,694 "," 5,914,602 ",79.8%,
CA,"TPM, GMC, RM, COHS, CCI Expansion",Comprehensive MCO,All Populations,,Partnership Health Plan,1/1/22,12/31/22,2022," $2,826,341,580 "," $3,271,073,654 "," 7,847,081 ",86.4%,
CA,"TPM, GMC, RM, COHS, CCI Expansion",Comprehensive MCO,All Populations,,San Francisco Health Plan,1/1/22,12/31/22,2022," $561,436,993 "," $675,430,294 "," 1,959,066 ",83.1%,
CA,"TPM, GMC, RM, COHS, CCI Expansion",Comprehensive MCO,All Populations,,Santa Clara Family HP,1/1/22,12/31/22,2022," $923,709,521 "," $982,424,239 "," 3,235,508 ",94.0%,
CA,"TPM, GMC, RM, COHS, CCI Expansion",Comprehensive MCO,All Populations,,United HealthCare,1/1/22,12/31/22,2022," $80,963,005 "," $101,261,170 "," 353,914 ",81.1%,
CO,Accountable Care Collaborative (ACC),Comprehensive MCO,All populations,,Account Care Collaborative: Rocky Mountain Health Plans Prime,7/1/17,6/30/18,2018," $161,877,898 "," $185,532,715 "," 436,093 ",87.3%, $-   
CO,Colorado Medicaid Community Behavioral Health Services Program,Behavioral health only,All populations,,Access Behavioral Care - Denver,7/1/17,6/30/18,2018," $102,379,998 "," $114,255,255 "," 2,397,032 ",89.6%, $-   
CO,Colorado Medicaid Community Behavioral Health Services Program,Behavioral health only,All populations,,Access Behavioral Care - Northeast,7/1/17,6/30/18,2018," $63,121,297 "," $63,946,242 "," 1,900,709 ",98.7%, $-   
CO,Colorado Medicaid Community Behavioral Health Services Program,Behavioral health only,All populations,,"Behavioral Healthcare, Inc.",7/1/17,6/30/18,2018," $118,458,155 "," $129,814,509 "," 3,695,914 ",91.3%, $-   
CO,Colorado Medicaid Community Behavioral Health Services Program,Behavioral health only,All populations,,Colorado Health Partnerships,7/1/17,6/30/18,2018," $173,099,812 "," $190,917,863 "," 5,335,799 ",90.7%, $-   
CO,Colorado Medicaid Community Behavioral Health Services Program,Behavioral health only,All populations,,Foothills Behavioral Health Partners,7/1/17,6/30/18,2018," $70,746,664 "," $79,578,020 "," 1,883,834 ",88.9%, $-   
CO,Denver Health Medicaid Choice,Comprehensive MCO,All populations,,Denver Health Medicaid Choice,7/1/17,6/30/18,2018," $197,489,509 "," $234,340,599 "," 1,025,448 ",84.3%," $2,000,000 "
CO,Accountable Care Collaborative,Comprehensive MCO,All populations,,Account Care Collaborative: Rocky Mountain Health Plans Prime,7/1/18,6/30/19,2019," $171,216,326 "," $191,799,720 "," 429,044 ",89.3%, $-   
CO,Accountable Care Collaborative,Other PIHP,All populations,,RAE 1: Rocky Mountain Health Plans,7/1/18,6/30/19,2019," $73,270,352 "," $84,380,517 "," 2,170,409 ",86.8%, $-   
CO,Accountable Care Collaborative,Other PIHP,All populations,,RAE 2: Northeast Health Partners,7/1/18,6/30/19,2019," $34,499,734 "," $37,457,991 "," 1,004,357 ",92.1%, $-   
CO,Accountable Care Collaborative,Other PIHP,All populations,,RAE 3: Colorado Access,7/1/18,6/30/19,2019," $111,263,682 "," $120,637,861 "," 3,277,065 ",92.2%, $-   
CO,Accountable Care Collaborative,Other PIHP,All populations,,"RAE 4: Health Colorado, Inc.",7/1/18,6/30/19,2019," $64,115,632 "," $74,040,439 "," 1,545,948 ",86.6%, $-   
CO,Accountable Care Collaborative,Other PIHP,All populations,,RAE 5: Colorado Access,7/1/18,6/30/19,2019," $109,627,215 "," $117,150,738 "," 1,485,704 ",93.6%, $-   
CO,Accountable Care Collaborative,Other PIHP,All populations,,RAE 6: Colorado Community Health Alliance,7/1/18,6/30/19,2019," $79,772,474 "," $83,707,639 "," 1,704,153 ",95.3%, $-   
CO,Accountable Care Collaborative,Other PIHP,All populations,,RAE 7: Colorado Community Health Alliance,7/1/18,6/30/19,2019," $74,905,044 "," $75,187,210 "," 2,112,389 ",99.6%, $-   
CO,Denver Health Medicaid Choice,Comprehensive MCO,All populations,,Denver Health Medicaid Choice,7/1/18,6/30/19,2019," $192,506,277 "," $202,013,069 "," 932,636 ",95.3%, $-   
CO,Accountable Care Collaborative (ACC),Other PIHP,All populations,,Account Care Collaborative: Rocky Mountain Health Plans Prime,7/1/19,6/30/20,2020," $173,075,331 "," $199,170,318 "," 446,596 ",86.9%," $689,435 "
CO,Accountable Care Collaborative (ACC),Other PIHP,All populations,,Denver Health: Colorado Access,7/1/19,6/30/20,2020," $20,478,374 "," $23,391,139 "," 523,239 ",87.5%, $-   
CO,Accountable Care Collaborative (ACC),Other PIHP,All populations,,RAE 1: Rocky Mountain Health Plans,7/1/19,6/30/20,2020," $80,242,205 "," $93,296,481 "," 2,111,101 ",86.0%, $-   
CO,Accountable Care Collaborative (ACC),Other PIHP,All populations,,RAE 2: Northeast Health Partners,7/1/19,6/30/20,2020," $33,456,680 "," $37,665,576 "," 922,436 ",88.8%, $-   
CO,Accountable Care Collaborative (ACC),Other PIHP,All populations,,RAE 3: Colorado Access,7/1/19,6/30/20,2020," $119,822,192 "," $129,997,700 "," 3,208,277 ",92.2%, $-   
CO,Accountable Care Collaborative (ACC),Other PIHP,All populations,,"RAE 4: Health Colorado, Inc.",7/1/19,6/30/20,2020," $63,954,308 "," $71,534,192 "," 1,449,824 ",89.4%, $-   
CO,Accountable Care Collaborative (ACC),Other PIHP,All populations,,RAE 5: Colorado Access,7/1/19,6/30/20,2020," $94,188,260 "," $104,217,233 "," 1,883,183 ",90.4%, $-   
CO,Accountable Care Collaborative (ACC),Other PIHP,All populations,,RAE 6: Colorado Community Health Alliance,7/1/19,6/30/20,2020," $96,625,989 "," $94,037,550 "," 1,687,754 ",102.8%, $-   
CO,Accountable Care Collaborative (ACC),Other PIHP,All populations,,RAE 7: Colorado Community Health Alliance,7/1/19,6/30/20,2020," $78,854,616 "," $82,245,865 "," 2,044,877 ",95.9%, $-   
CO,Medicaid Choice,Comprehensive MCO,All populations,,Denver Health Medical Plan,7/1/19,6/30/20,2020," $189,616,674 "," $219,910,021 "," 1,028,482 ",86.2%," $1,959,821 "
CO,Accountable Care Collaborative,Comprehensive MCO,All Populations,,Rocky Mountain Health Plans Prime,7/1/20,6/30/21,2021," $196,353,675 "," $227,890,695 "," 519,048 ",86.2%, $-   
CO,Accountable Care Collaborative ,Other PIHP,All Populations,,RAE 1: Rocky Mountain Health Plans,7/1/20,6/30/21,2021," $97,112,371 "," $112,467,428 "," 2,491,076 ",86.3%, $-   
CO,Accountable Care Collaborative ,Other PIHP,All Populations,,RAE 2: Northeast Health Partners,7/1/20,6/30/21,2021," $39,974,942 "," $48,769,281 "," 1,084,642 ",82.0%," $1,739,937 "
CO,Accountable Care Collaborative ,Other PIHP,All Populations,,RAE 3: Colorado Access,7/1/20,6/30/21,2021," $138,971,142 "," $157,571,600 "," 3,785,775 ",88.2%, $-   
CO,Accountable Care Collaborative ,Other PIHP,All Populations,,"RAE 4: Health Colorado, Inc.",7/1/20,6/30/21,2021," $74,211,684 "," $81,010,277 "," 1,612,994 ",91.6%, $-   
CO,Accountable Care Collaborative ,Other PIHP,All Populations,,RAE 5: Colorado Access,7/1/20,6/30/21,2021," $87,116,076 "," $98,277,772 "," 1,527,151 ",88.6%, $-   
CO,Accountable Care Collaborative ,Other PIHP,All Populations,,RAE 6: Colorado Community,7/1/20,6/30/21,2021," $105,254,863 "," $114,120,772 "," 2,015,825 ",92.2%, $-   
CO,Accountable Care Collaborative ,Other PIHP,All Populations,,RAE 7: Colorado Community Health Alliance ,7/1/20,6/30/21,2021," $89,385,417 "," $94,933,243 "," 2,331,838 ",94.5%, $-   
CO,Accountable Care Collaborative ,Other PIHP,All Populations,,RAE: Colorado Access (Denver Health Region) ,7/1/20,6/30/21,2021," $44,918,496 "," $58,070,756 "," 1,220,055 ",77.4%," $5,225,466 "
CO,Denver Health Medicaid Choice,Comprehensive MCO,All Populations,,Denver Health Medicaid Choice,7/1/20,6/30/21,2021," $219,117,356 "," $254,653,993 "," 1,219,082 ",86.0%, $-   
CO,Accountable Care Collaborative,PIHP,All Populations,,RAE 1: Rocky Mountain Health Plans,7/1/21,6/30/22,2022," $123,609,147 "," $143,085,834 "," 2,798,624 ",86.4%, $-   
CO,Accountable Care Collaborative,PIHP,All Populations,,RAE 2: Northeast Health Partners,7/1/21,6/30/22,2022," $41,016,073 "," $60,394,021 "," 1,212,836 ",67.9%," $12,139,817 "
CO,Accountable Care Collaborative,PIHP,All Populations,,RAE 3: Colorado Access,7/1/21,6/30/22,2022," $182,772,867 "," $191,456,061 "," 4,186,978 ",95.5%, $-   
CO,Accountable Care Collaborative,PIHP,All Populations,,"RAE 4: Health Colorado, Inc.",7/1/21,6/30/22,2022," $83,261,920 "," $97,851,890 "," 1,752,214 ",85.1%, $-   
CO,Accountable Care Collaborative,PIHP,All Populations,,RAE 5: Colorado Access,7/1/21,6/30/22,2022," $111,226,116 "," $120,587,260 "," 1,729,798 ",92.2%, $-   
CO,Accountable Care Collaborative,PIHP,All Populations,,RAE 6: Colorado Community Health Alliance,7/1/21,6/30/22,2022," $118,782,119 "," $133,528,130 "," 2,252,598 ",89.0%, $-   
CO,Accountable Care Collaborative,PIHP,All Populations,,RAE 7: Colorado Community Health Alliance,7/1/21,6/30/22,2022," $97,616,440 "," $110,071,242 "," 2,563,240 ",88.7%, $-   
CO,Accountable Care Collaborative,Comprehensive MCO,All Populations,,Rocky Mountain Health Plans Prime,7/1/21,6/30/22,2022," $204,401,263 "," $245,992,952 "," 553,067 ",83.1%," $5,520,877 "
CO,Denver Health Medicaid Choice,Comprehensive MCO,All Populations,,Denver Health Medicaid Choice,7/1/21,6/30/22,2022," $247,412,392 "," $295,181,457 "," 1,320,731 ",83.8%," $4,108,054 "
DC,CASSIP,Comprehensive MCO,All Populations,,HSCSN,10/1/20,9/30/21,2021," $152,678,941 "," $174,926,771 "," 59,922 ",90.0%,
DC,DCHFP,Comprehensive MCO,All Populations,,AmeriHealth,10/1/20,9/30/21,2021," $593,644,351 "," $609,553,126 "," 1,219,295 ",97.4%,
DC,DCHFP,Comprehensive MCO,All Populations,,CareFirst,10/1/20,9/30/21,2021," $313,942,277 "," $344,980,954 "," 751,172 ",91.0%,
DC,DCHFP,Comprehensive MCO,All Populations,,MedStar,10/1/20,9/30/21,2021," $306,908,882 "," $339,514,237 "," 741,855 ",90.4%,
DC,CASSIP,Comprehensive MCO,All populations,,HSCSN,10/1/17,9/30/18,2018," $155,003,269 "," $178,986,730 "," 63,628 ",89.5%,  
DC,DCHFP,Comprehensive MCO,All populations,,Amerigroup,10/1/17,9/30/18,2018," $133,284,161 "," $193,693,887 "," 557,374 ",68.8%,  
DC,DCHFP,Comprehensive MCO,All populations,,AmeriHealth,10/1/17,9/30/18,2018," $456,188,817 "," $486,068,472 "," 1,328,242 ",93.9%,  
DC,DCHFP,Comprehensive MCO,All populations,,Trusted,10/1/17,9/30/18,2018," $111,542,547 "," $139,049,678 "," 398,732 ",80.2%,  
DC,CASSIP,Comprehensive MCO,All populations,,HSCSN,10/1/18,9/30/19,2019," $152,498,745 "," $174,279,832 "," 61,177 ",90.4%,  
DC,DCHFP,Comprehensive MCO,All populations,,Amerigroup,10/1/18,9/30/19,2019," $133,223,820 "," $171,374,242 "," 519,058 ",77.7%,  
DC,DCHFP,Comprehensive MCO,All populations,,AmeriHealth,10/1/18,9/30/19,2019," $492,698,934 "," $506,772,207 "," 1,391,867 ",97.2%,  
DC,DCHFP,Comprehensive MCO,All populations,,CareFirst,10/1/18,9/30/19,2019," $100,997,884 "," $125,689,445 "," 373,641 ",80.4%,  
DC,CASSIP,Comprehensive MCO,All populations,,HSCSN,10/1/19,9/30/20,2020," $145,255,266 "," $170,100,978 "," 60,402 ",88.1%,  
DC,DCHFP,Comprehensive MCO,All populations,,Amerigroup,10/1/19,9/30/20,2020," $131,429,487 "," $152,965,979 "," 510,607 ",85.9%,  
DC,DCHFP,Comprehensive MCO,All populations,,AmeriHealth,10/1/19,9/30/20,2020," $462,361,475 "," $549,494,247 "," 1,393,350 ",84.1%,  
DC,DCHFP,Comprehensive MCO,All populations,,CareFirst,10/1/19,9/30/20,2020," $96,448,642 "," $110,047,925 "," 369,272 ",88.6%,  
DC,DC Healthy Families Program,Comprehensive MCO,All Populations,,AmeriHealth Caritas DC,10/1/21,9/30/22,2022," $671,638,649 "," $718,127,016 "," 1,371,323 ",93.5%,
DC,DC Healthy Families Program,Comprehensive MCO,All Populations,,Care First Community Health Plan DC,10/1/21,9/30/22,2022," $334,616,507 "," $362,011,759 "," 758,715 ",92.4%,
DC,DC Healthy Families Program,Comprehensive MCO,All Populations,,MedStar Family Choice DC,10/1/21,9/30/22,2022," $326,292,014 "," $358,741,868 "," 750,915 ",91.0%,
DC,District of Columbia’s Child and Adolescent Supplemental Security Income Program (CASSIP),Comprehensive MCO,"Other, specify",children and young people (ages 0-26) who have special health care needs,"Health Services for Children with Special Needs, Inc.",10/1/21,9/30/22,2022," $158,557,473 "," $179,998,421 "," 60,156 ",90.8%,
DE,Diamond State Health Plan,Comprehensive MCO + MLTSS,All populations,,AmeriHealth Caritas,1/1/18,12/31/18,2018," $430,740,236 "," $453,887,203 "," 592,629 ",94.9%,  
DE,Diamond State Health Plan,Comprehensive MCO + MLTSS,All populations,,Highmark Health Options,1/1/18,12/31/18,2018," $1,339,235,988 "," $1,431,192,652 "," 1,906,771 ",93.6%,  
DE,Diamond State Health Plan & Diamond State Health Plan Plus,Comprehensive MCO + MLTSS,All populations,,AmeriHealth Caritas,1/1/19,12/31/19,2019," $620,918,512 "," $644,576,512 "," 747,847 ",96.3%, $-   
DE,Diamond State Health Plan & Diamond State Health Plan Plus,Comprehensive MCO + MLTSS,All populations,,Highmark Health Options,1/1/19,12/31/19,2019," $1,281,384,618 "," $1,346,783,154 "," 1,645,615 ",95.1%, $-   
DE,Diamond State Health Plan,Comprehensive MCO + MLTSS,All populations,,AmeriHealth Caritas,1/1/20,12/31/20,2020," $689,517,332 "," $763,828,078 "," 917,688 ",90.3%, $-   
DE,Diamond State Health Plan,Comprehensive MCO + MLTSS,All populations,,Highmark Health Options,1/1/20,12/31/20,2020," $1,147,017,274 "," $1,305,245,276 "," 1,598,173 ",87.9%, $-   
DE,AmeriHealth Caritas Delaware,Comprehensive MCO,All Populations,,AmeriHealth Caritas Delaware,1/1/21,12/31/21,2021," $825,790,280 "," $899,758,415 "," 1,117,436 ",91.8%,
DE,"Highmark BCBSD Health Options, Inc.",Comprehensive MCO,All Populations,,Highmark Health Options ,1/1/21,12/31/21,2021," $1,288,870,982 "," $1,406,853,434 "," 1,734,760 ",91.6%,
DE,Diamond State Health Plan & Diamond State Health Plan Plus,Comprehensive MCO,"Other, specify",All populations except CHIP,AmeriHealth Caritas Delaware,1/1/22,12/31/22,2022," $890,121,441 "," $994,378,981 "," 1,234,706 ",89.5%,
DE,Diamond State Health Plan & Diamond State Health Plan Plus,Comprehensive MCO,"Other, specify",All populations except CHIP,Highmark Health Options,1/1/22,12/31/22,2022," $1,395,136,972 "," $1,564,317,418 "," 1,872,151 ",89.2%,
FL,Long Term Care Program,MLTSS only,MLTSS only,,"Amerigroup Florida, Inc.",10/1/17,9/30/18,2018," $157,109,929 "," $165,323,104 "," 62,974 ",95.0%,  
FL,Long Term Care Program,MLTSS only,MLTSS only,,"Coventry Health Care of Florida, Inc.",10/1/17,9/30/18,2018," $196,959,166 "," $203,487,784 "," 62,019 ",96.8%,  
FL,Long Term Care Program,MLTSS only,MLTSS only,,"Humana Medical Plan, Inc.",10/1/17,9/30/18,2018," $807,986,754 "," $839,478,901 "," 265,486 ",96.3%,  
FL,Long Term Care Program,MLTSS only,MLTSS only,,"Molina Healthcare of Florida, Inc.",10/1/17,9/30/18,2018," $224,010,195 "," $237,797,410 "," 74,579 ",94.2%,  
FL,Long Term Care Program,MLTSS only,MLTSS only,,"Sunshine State Health Plan, Inc.",10/1/17,9/30/18,2018," $1,847,876,182 "," $1,914,291,521 "," 518,509 ",96.5%,  
FL,Long Term Care Program,MLTSS only,MLTSS only,,"United Healthcare of Florida, Inc.",10/1/17,9/30/18,2018," $779,578,350 "," $776,683,514 "," 228,549 ",100.4%,  
FL,Managed Medical Assistance Program,Comprehensive MCO,All populations,,"Amerigroup Florida, Inc.",10/1/17,9/30/18,2018," $970,941,803 "," $1,035,572,437 "," 3,733,492 ",93.8%,  
FL,Managed Medical Assistance Program,Comprehensive MCO,All populations,,"Better Health, Inc.",10/1/17,9/30/18,2018," $266,895,042 "," $297,895,953 "," 1,145,175 ",89.6%,  
FL,Managed Medical Assistance Program,Comprehensive MCO,"Other, specify",HIV/AIDS,Clear Health Alliance,10/1/17,9/30/18,2018," $237,802,163 "," $259,324,240 "," 115,974 ",91.7%,  
FL,Managed Medical Assistance Program,Comprehensive MCO,All populations,,Community Care Plan,10/1/17,9/30/18,2018," $126,480,428 "," $138,141,613 "," 505,499 ",91.6%,  
FL,Managed Medical Assistance Program,Comprehensive MCO,All populations,,"Coventry Health Care of Florida, Inc.",10/1/17,9/30/18,2018," $174,519,460 "," $190,713,007 "," 628,639 ",91.5%,  
FL,Managed Medical Assistance Program,Comprehensive MCO,All populations,,"Freedom Health, Inc.",10/1/17,9/30/18,2018," $177,995 "," $111,299 "," 1,303 ",159.9%,  
FL,Managed Medical Assistance Program,Comprehensive MCO,All populations,,"Humana Medical Plan, Inc.",10/1/17,9/30/18,2018," $993,571,302 "," $1,143,651,058 "," 3,652,123 ",86.9%,  
FL,Managed Medical Assistance Program,Comprehensive MCO,MH/SUD,,Magellan Complete Care,10/1/17,9/30/18,2018," $549,956,409 "," $601,307,347 "," 945,796 ",91.5%,  
FL,Managed Medical Assistance Program,Comprehensive MCO,All populations,,"Molina Healthcare of Florida, Inc.",10/1/17,9/30/18,2018," $1,189,345,935 "," $1,262,926,149 "," 4,134,537 ",94.2%,  
FL,Managed Medical Assistance Program,Comprehensive MCO,"Other, specify",HIV/AIDS,Positive Healthcare,10/1/17,9/30/18,2018," $47,603,418 "," $52,923,182 "," 23,969 ",90.0%,  
FL,Managed Medical Assistance Program,Comprehensive MCO,All populations,,Prestige Health Choice,10/1/17,9/30/18,2018," $1,099,282,192 "," $1,163,658,913 "," 3,906,914 ",94.5%,  
FL,Managed Medical Assistance Program,Comprehensive MCO,All populations,,"Simply Healthcare Plans, Inc.",10/1/17,9/30/18,2018," $317,563,979 "," $350,789,514 "," 879,909 ",90.5%,  
FL,Managed Medical Assistance Program,Comprehensive MCO,All populations,,"Sunshine State Health Plan, Inc.",10/1/17,9/30/18,2018," $1,720,231,475 "," $1,812,779,821 "," 6,132,644 ",94.9%,  
FL,Managed Medical Assistance Program,Comprehensive MCO,All populations,,"United Healthcare of Florida, Inc.",10/1/17,9/30/18,2018," $928,050,724 "," $1,019,492,560 "," 3,144,765 ",91.0%,  
FL,Managed Medical Assistance Program,Comprehensive MCO,All populations,,WellCare of Florida dba StayWell,10/1/17,9/30/18,2018," $2,047,084,327 "," $2,260,615,084 "," 7,689,467 ",90.6%,  
FL,Dental,Dental only,All populations,,"DentaQuest of Florida, Inc. ",10/1/18,9/30/19,2019," $113,647,696 "," $118,389,165 "," 13,875,481 ",96.0%,  
FL,Dental,Dental only,All populations,,Liberty Dental of Florida Inc.,10/1/18,9/30/19,2019," $63,223,066 "," $79,747,120 "," 8,955,325 ",79.3%,  
FL,Dental,Dental only,All populations,,"Managed Care of North America, Inc.",10/1/18,9/30/19,2019," $39,347,786 "," $41,860,656 "," 5,099,245 ",94.0%,  
FL,Long Term Care Program,MLTSS only,MLTSS only,,Coventry Healthcare of Florida D/B/A/ Aetna Better Health of Florida,10/1/18,9/30/19,2019," $173,567,830 "," $185,438,094 "," 14,291 ",93.6%,  
FL,Long Term Care Program,MLTSS only,MLTSS only,,Florida Community Care,10/1/18,9/30/19,2019," $136,288,267 "," $155,421,722 "," 1,651 ",87.7%,  
FL,Long Term Care Program,MLTSS only,MLTSS only,,"Humana Medical Plan, Inc.",10/1/18,9/30/19,2019," $1,031,655,763 "," $1,088,765,183 "," 73,197 ",94.8%,  
FL,Long Term Care Program,MLTSS only,MLTSS only,,"Molina Healthcare of FL, Inc.",10/1/18,9/30/19,2019," $122,632,096 "," $131,942,904 "," 18,242 ",92.9%,  
FL,Long Term Care Program,MLTSS only,MLTSS only,,"Simply Healthcare Plans, Inc.",10/1/18,9/30/19,2019," $196,423,513 "," $210,757,420 "," 6,004 ",93.2%,  
FL,Long Term Care Program,MLTSS only,MLTSS only,,"Sunshine State Health Plan, Inc.",10/1/18,9/30/19,2019," $2,052,269,489 "," $2,108,774,764 "," 138,230 ",97.3%,  
FL,Long Term Care Program,MLTSS only,MLTSS only,,United Healthcare of Florida,10/1/18,9/30/19,2019," $533,548,713 "," $532,062,213 "," 56,728 ",100.3%,  
FL,Long Term Care Program,MLTSS only,MLTSS only,,WellCare of Florida D/B/A/ StayWell Health Plan of Florida,10/1/18,9/30/19,2019," $238,662,851 "," $227,720,606 ", 938 ,104.8%,  
FL,Managed Medical Assistance Program,Comprehensive MCO,All populations,,Bestcare Assurance D/B/A/ Vivida Health,10/1/18,9/30/19,2019," $13,900,266 "," $17,552,474 "," 74,924 ",79.2%,  
FL,Managed Medical Assistance Program,Comprehensive MCO,Children,,Children's Medical Services Network,10/1/18,9/30/19,2019," $468,308,165 "," $604,622,351 "," 663,448 ",77.5%,  
FL,Managed Medical Assistance Program,Comprehensive MCO,"Other, specify",HIV/AIDS,Clear Health Alliance-HIV/AIDs Specialty Plan,10/1/18,9/30/19,2019," $234,790,255 "," $276,618,150 "," 112,371 ",84.9%,  
FL,Managed Medical Assistance Program,Comprehensive MCO,All populations,,Community Care Plan3,10/1/18,9/30/19,2019," $118,116,121 "," $131,924,451 "," 464,035 ",89.5%,  
FL,Managed Medical Assistance Program,Comprehensive MCO,All populations,,Coventry Healthcare of Florida D/B/A/ Aetna Better Health of Florida,10/1/18,9/30/19,2019," $234,231,143 "," $272,652,872 "," 938,186 ",85.9%,  
FL,Managed Medical Assistance Program,Comprehensive MCO,All populations,,"Florida Community Care, LLC",10/1/18,9/30/19,2019," $13,075,306 "," $15,395,665 "," 41,541 ",84.9%,  
FL,Managed Medical Assistance Program,Comprehensive MCO,All populations,,Freedom Health Inc.,10/1/18,9/30/19,2019," $50,171 "," $18,089 ", 319 ,277.4%,  
FL,Managed Medical Assistance Program,Comprehensive MCO,All populations,,"Humana Medical Plan, Inc.",10/1/18,9/30/19,2019," $1,272,670,497 "," $1,430,207,693 "," 4,697,549 ",89.0%,  
FL,Managed Medical Assistance Program,Comprehensive MCO,All populations,,Lighthouse Health Plan,10/1/18,9/30/19,2019," $28,501,300 "," $35,507,896 "," 312,445 ",80.3%,  
FL,Managed Medical Assistance Program,Comprehensive MCO,MH/SUD,,Magellan Complete Care,10/1/18,9/30/19,2019," $268,935,908 "," $298,721,672 "," 445,425 ",90.0%,  
FL,Managed Medical Assistance Program,Comprehensive MCO,All populations,,"Miami Children's Health Plan, Inc.",10/1/18,9/30/19,2019," $28,826,835 "," $32,413,427 "," 496,518 ",88.9%,  
FL,Managed Medical Assistance Program,Comprehensive MCO,All populations,,"Molina Healthcare of Florida, Inc.",10/1/18,9/30/19,2019," $550,354,670 "," $614,625,794 "," 1,839,207 ",89.5%,  
FL,Managed Medical Assistance Program,Comprehensive MCO,All populations,,Prestige Health Choice,10/1/18,9/30/19,2019," $504,055,259 "," $545,960,108 "," 1,768,392 ",92.3%,  
FL,Managed Medical Assistance Program,Comprehensive MCO,All populations,,"Simply Healthcare Plans, Inc.",10/1/18,9/30/19,2019," $1,176,917,743 "," $1,350,619,907 "," 4,424,047 ",87.1%,  
FL,Managed Medical Assistance Program,Comprehensive MCO,MH/SUD,,StayWell-Serious Mental Illness Specialty Plan,10/1/18,9/30/19,2019," $386,748,616 "," $448,668,440 "," 647,812 ",86.2%,  
FL,Managed Medical Assistance Program,Comprehensive MCO,All populations,,"Sunshine State Health Plan, Inc.",10/1/18,9/30/19,2019," $1,604,462,816 "," $1,749,148,476 "," 6,093,110 ",91.7%,  
FL,Managed Medical Assistance Program,Comprehensive MCO,Children,,Sunshine-Child Welfare Specialty Plan,10/1/18,9/30/19,2019," $148,065,938 "," $178,569,918 "," 367,501 ",82.9%,  
FL,Managed Medical Assistance Program,Comprehensive MCO,All populations,,"United Healthcare of Florida, Inc.",10/1/18,9/30/19,2019," $855,709,504 "," $964,283,251 "," 2,868,017 ",88.7%,  
FL,Managed Medical Assistance Program,Comprehensive MCO,All populations,,WellCare of Florida D/B/A/ StayWell Health Plan of Florida,10/1/18,9/30/19,2019," $2,491,358,610 "," $2,737,008,886 "," 74,924 ",91.0%,  
FL,Dental Plans,Dental only,All populations,,"DentaQuest of Florida, Inc. ",10/1/19,9/30/20,2020," $124,069,204 "," $164,512,872 "," 17,709,169 ",75.4%,  
FL,Dental Plans,Dental only,All populations,,Liberty Dental of Florida Inc.,10/1/19,9/30/20,2020," $80,750,220 "," $112,421,196 "," 12,653,095 ",71.8%,  
FL,Dental Plans,Dental only,All populations,,"Managed Care of North America, Inc.",10/1/19,9/30/20,2020," $50,432,475 "," $75,126,565 "," 8,070,322 ",67.1%,  
FL,Long Term Care,Comprehensive MCO + MLTSS,All populations,,"Aetna Better Health of Florida, Inc.",10/1/19,9/30/20,2020," $216,850,418 "," $238,652,358 "," 70,812 ",94.5%,  
FL,Long Term Care,Comprehensive MCO + MLTSS,All populations,,"Florida Community Care, LLC",10/1/19,9/30/20,2020," $325,243,242 "," $373,441,465 "," 113,943 ",89.2%,  
FL,Long Term Care,Comprehensive MCO + MLTSS,All populations,,"Humana Medical Plan, Inc.",10/1/19,9/30/20,2020," $1,080,280,367 "," $1,150,650,722 "," 336,303 ",95.1%,  
FL,Long Term Care,Comprehensive MCO + MLTSS,All populations,,"Molina Healthcare of Florida, Inc.",10/1/19,9/30/20,2020," $99,044,993 "," $100,892,799 "," 35,884 ",102.0%,  
FL,Long Term Care,Comprehensive MCO + MLTSS,All populations,,"Simply Healthcare Plans, Inc.",10/1/19,9/30/20,2020," $314,227,873 "," $328,437,056 "," 116,099 ",97.4%,  
FL,Long Term Care,Comprehensive MCO + MLTSS,All populations,,"Sunshine State Health Plan, Inc",10/1/19,9/30/20,2020," $1,749,504,483 "," $1,831,210,514 "," 488,004 ",96.0%,  
FL,Long Term Care,Comprehensive MCO + MLTSS,All populations,,"UnitedHealthcare of Florida, Inc.",10/1/19,9/30/20,2020," $403,763,645 "," $422,886,320 "," 136,231 ",96.8%,  
FL,Long Term Care,Comprehensive MCO + MLTSS,All populations,,"WellCare of Florida, Inc.",10/1/19,9/30/20,2020," $322,879,582 "," $429,752,547 "," 119,683 ",101.5%,  
FL,Specialty Plans,Comprehensive MCO,Children,,Children's Medical Services Network,10/1/19,9/30/20,2020," $1,117,512,827 "," $1,343,807,929 "," 760,661 ",83.2%,  
FL,Specialty Plans,Comprehensive MCO,"Other, specify",HIV/AIDS,Clear Health Alliance-HIV/AIDs Specialty Plan,10/1/19,9/30/20,2020," $266,074,713 "," $306,622,043 "," 122,784 ",86.8%,  
FL,Specialty Plans,Comprehensive MCO,"Other, specify",Serious mental illness,Magellan Complete Care,10/1/19,9/30/20,2020," $143,988,656 "," $168,908,946 "," 242,594 ",85.3%,  
FL,Specialty Plans,Comprehensive MCO,"Other, specify",Serious mental illness,StayWell-Serious Mental Illness Specialty Plan,10/1/19,9/30/20,2020," $657,651,260 "," $760,429,168 "," 1,109,329 ",86.5%,  
FL,Specialty Plans,Comprehensive MCO,Children,,Sunshine-Child Welfare Specialty Plan,10/1/19,9/30/20,2020," $190,841,299 "," $229,010,365 "," 500,891 ",83.3%,  
FL,Standard MMA Plans,Comprehensive MCO,All populations,,Coventry Healthcare of Florida D/B/A/ Aetna Better Health of Florida,10/1/19,9/30/20,2020," $297,671,781 "," $337,837,837 "," 1,223,444 ",88.1%,  
FL,Standard MMA Plans,Comprehensive MCO,All populations,,"Humana Medical Plan, Inc.",10/1/19,9/30/20,2020," $1,509,103,484 "," $1,700,918,042 "," 5,559,859 ",88.7%,  
FL,Standard MMA Plans,Comprehensive MCO,All populations,,"Molina Healthcare of Florida, Inc.",10/1/19,9/30/20,2020," $310,039,806 "," $369,037,448 "," 1,145,598 ",84.0%,  
FL,Standard MMA Plans,Comprehensive MCO,All populations,,Prestige Health Choice,10/1/19,9/30/20,2020," $244,048,735 "," $295,645,893 "," 974,746 ",82.6%,  
FL,Standard MMA Plans,Comprehensive MCO,All populations,,"Simply Healthcare Plans, Inc.",10/1/19,9/30/20,2020," $1,412,419,946 "," $1,613,914,436 "," 5,420,008 ",87.5%,  
FL,Standard MMA Plans,Comprehensive MCO,All populations,,"Sunshine State Health Plan, Inc.",10/1/19,9/30/20,2020," $1,411,572,253 "," $1,641,707,931 "," 5,990,377 ",86.0%,  
FL,Standard MMA Plans,Comprehensive MCO,All populations,,"United Healthcare of Florida, Inc.",10/1/19,9/30/20,2020," $791,670,741 "," $943,833,972 "," 2,941,975 ",83.9%,  
FL,Standard MMA Plans,Comprehensive MCO,All populations,,WellCare of Florida D/B/A/ StayWell Health Plan of Florida,10/1/19,9/30/20,2020," $2,608,598,911 "," $2,923,011,198 "," 9,331,756 ",89.2%,  
FL,"Standard Plans < 50,000 Members",Comprehensive MCO,All populations,,Bestcare Assurance D/B/A/ Vivida Health,10/1/19,9/30/20,2020," $25,307,522 "," $35,757,120 "," 140,843 ",70.8%,  
FL,"Standard Plans < 50,000 Members",Comprehensive MCO,All populations,,Community Care Plan,10/1/19,9/30/20,2020," $112,205,443 "," $136,358,637 "," 483,382 ",82.3%,  
FL,"Standard Plans < 50,000 Members",Comprehensive MCO,All populations,,"Florida Community Care, LLC",10/1/19,9/30/20,2020," $26,295,088 "," $29,830,094 "," 93,709 ",88.2%,  
FL,"Standard Plans < 50,000 Members",Comprehensive MCO,All populations,,Lighthouse Health Plan,10/1/19,9/30/20,2020," $77,991,059 "," $98,591,900 "," 389,061 ",79.1%,  
FL,"Standard Plans < 50,000 Members",Comprehensive MCO,All populations,,"Miami Children's Health Plan, Inc.",10/1/19,9/30/20,2020," $52,774,629 "," $63,026,065 "," 241,987 ",83.7%,  
FL,Dental,Dental Only,All Populations,,DentaQuest of Florida Inc.,10/1/20,9/30/21,2021," $141,330,188 "," $179,151,336 "," 20,422,652 ",79.0%,
FL,Dental,Dental Only,All Populations,,Liberty Dental Plan of Florida Inc.,10/1/20,9/30/21,2021," $101,764,073 "," $130,716,334 "," 15,413,299 ",78.0%,
FL,Dental,Dental Only,All Populations,,Managed Care of North America Inc.,10/1/20,9/30/21,2021," $66,649,584 "," $91,039,268 "," 10,923,052 ",73.0%,
FL,Long Term Care,Comprehensive MCO + MLTSS,All Populations,,"Aetna Better Health of Florida, Inc.",10/1/20,9/30/21,2021," $151,203,194 "," $166,211,549 "," 51,146 ",94.0%,
FL,Long Term Care,Comprehensive MCO + MLTSS,All Populations,,"Florida Community Care, LLC",10/1/20,9/30/21,2021," $474,890,850 "," $546,286,701 "," 174,242 ",89.0%,
FL,Long Term Care,Comprehensive MCO + MLTSS,All Populations,,"Humana Medical Plan, Inc.",10/1/20,9/30/21,2021," $1,076,399,276 "," $1,141,608,393 "," 340,720 ",95.0%,
FL,Long Term Care,Comprehensive MCO + MLTSS,All Populations,,"Molina Healthcare of Florida, Inc.",10/1/20,9/30/21,2021," $114,701,251 "," $110,454,519 "," 39,265 ",107.0%,
FL,Long Term Care,Comprehensive MCO + MLTSS,All Populations,,"Simply Healthcare Plans, Inc.",10/1/20,9/30/21,2021," $389,871,346 "," $392,801,794 "," 142,891 ",101.0%,
FL,Long Term Care,Comprehensive MCO + MLTSS,All Populations,,"Sunshine State Health Plan, Inc",10/1/20,9/30/21,2021," $1,442,159,014 "," $1,473,496,933 "," 400,647 ",98.0%,
FL,Long Term Care,Comprehensive MCO + MLTSS,All Populations,,"UnitedHealthcare of Florida, Inc.",10/1/20,9/30/21,2021," $395,636,649 "," $420,433,746 "," 137,243 ",96.0%,
FL,Long Term Care,Comprehensive MCO + MLTSS,All Populations,,"WellCare of Florida, Inc.",10/1/20,9/30/21,2021," $467,726,398 "," $458,626,086 "," 136,538 ",104.0%,
FL,Managed Medical Assistance,Comprehensive MCO,All Populations,,Aetna Better Health of Florida,10/1/20,9/30/21,2021," $30,545,306 "," $36,934,361 "," 133,023 ",85.0%,
FL,Managed Medical Assistance,Comprehensive MCO,All Populations,,Amerihelath Caritas of Florida,10/1/20,9/30/21,2021," $1,873,735,229 "," $2,087,466,492 "," 7,110,358 ",90.0%,
FL,Managed Medical Assistance,Comprehensive MCO,All Populations,,Bestcare Assurance D/B/A/ Vivida Health,10/1/20,9/30/21,2021," $27,220,956 "," $28,699,072 "," 117,167 ",97.0%,
FL,Managed Medical Assistance,Comprehensive MCO,All Populations,,Children's Medical Services Network,10/1/20,9/30/21,2021," $17,351,388 "," $22,425,476 "," 86,236 ",80.0%,
FL,Managed Medical Assistance,Comprehensive MCO,All Populations,,Clear Health Alliance,10/1/20,9/30/21,2021," $61,004,393 "," $76,183,612 "," 194,272 ",82.0%,
FL,Managed Medical Assistance,Comprehensive MCO,All Populations,,Community Care Plan,10/1/20,9/30/21,2021," $357,207,142 "," $413,123,667 "," 1,355,858 ",86.0%,
FL,Managed Medical Assistance,Comprehensive MCO,All Populations,,"Florida Community Care, LLC",10/1/20,9/30/21,2021," $1,698,348,408 "," $1,952,035,285 "," 6,802,862 ",87.0%,
FL,Managed Medical Assistance,Comprehensive MCO,All Populations,,"Humana Medical Plan, Inc.",10/1/20,9/30/21,2021," $2,842,741,576 "," $3,183,302,901 "," 10,569,246 ",89.0%,
FL,Managed Medical Assistance,Comprehensive MCO,All Populations,,Lighthouse Health Plan,10/1/20,9/30/21,2021," $830,793,424 "," $977,464,622 "," 1,511,873 ",85.0%,
FL,Managed Medical Assistance,Comprehensive MCO,All Populations,,Magellan Complete Care,10/1/20,9/30/21,2021," $1,567,804,112 "," $1,847,470,748 "," 6,960,736 ",85.0%,
FL,Managed Medical Assistance,Comprehensive MCO,All Populations,,"Miami Children's Health Plan, Inc.",10/1/20,9/30/21,2021," $186,869,152 "," $214,735,726 "," 473,523 ",87.0%,
FL,Managed Medical Assistance,Comprehensive MCO,All Populations,,"Molina Healthcare of Florida, Inc.",10/1/20,9/30/21,2021," $857,182,241 "," $1,055,248,034 "," 3,541,404 ",81.0%,
FL,Managed Medical Assistance,Comprehensive MCO,All Populations,,"Simply Healthcare Plans, Inc.",10/1/20,9/30/21,2021," $141,330,188 "," $179,151,336 "," 20,422,652 ",79.0%,
FL,Managed Medical Assistance,Comprehensive MCO,All Populations,,StayWell Health Plan of Florida,10/1/20,9/30/21,2021," $101,764,073 "," $130,716,334 "," 15,413,299 ",78.0%,
FL,Managed Medical Assistance,Comprehensive MCO,All Populations,,StayWell-Serious Mental Illness Specialty Plan,10/1/20,9/30/21,2021," $66,649,584 "," $91,039,268 "," 10,923,052 ",73.0%,
FL,Managed Medical Assistance,Comprehensive MCO,All Populations,,"Sunshine State Health Plan, Inc",10/1/20,9/30/21,2021," $1,567,804,112 "," $1,847,470,748 "," 6,960,736 ",85.0%,
FL,Managed Medical Assistance,Comprehensive MCO,All Populations,,Sunshine-Child Welfare Specialty Plan,10/1/20,9/30/21,2021," $186,869,152 "," $214,735,726 "," 473,523 ",87.0%,
FL,Managed Medical Assistance,Comprehensive MCO,All Populations,,"UnitedHealthcare of Florida, Inc.",10/1/20,9/30/21,2021," $857,182,241 "," $1,055,248,034 "," 3,541,404 ",81.0%,
FL,Dental,Dental Only,All Populations,,DentaQuest of Florida Inc.,10/1/21,9/30/22,2022," $142,360,095 "," $182,411,083 "," 22,043,373 ",78.0%,
FL,Dental,Dental Only,All Populations,,Liberty Dental Plan of Florida Inc.,10/1/21,9/30/22,2022," $108,018,618 "," $139,764,677 "," 17,239,401 ",77.0%,
FL,Dental,Dental Only,All Populations,,Managed Care of North America Inc.,10/1/21,9/30/22,2022," $72,951,178 "," $99,325,290 "," 12,873,958 ",73.0%,
FL,Long Term Care,Comprehensive MCO + MLTSS,All Populations,,"Aetna Better Health of Florida, Inc.",10/1/21,9/30/22,2022," $173,808,949 "," $198,369,622 "," 56,545 ",90.0%,
FL,Long Term Care,Comprehensive MCO + MLTSS,All Populations,,"Florida Community Care, LLC",10/1/21,9/30/22,2022," $683,368,758 "," $758,325,579 "," 209,886 ",92.0%,
FL,Long Term Care,Comprehensive MCO + MLTSS,All Populations,,"Humana Medical Plan, Inc.",10/1/21,9/30/22,2022," $1,163,161,118 "," $1,233,856,313 "," 354,969 ",95.0%,
FL,Long Term Care,Comprehensive MCO + MLTSS,All Populations,,"Molina Healthcare of Florida, Inc.",10/1/21,9/30/22,2022," $161,291,701 "," $155,594,082 "," 50,895 ",107.0%,
FL,Long Term Care,Comprehensive MCO + MLTSS,All Populations,,"Simply Healthcare Plans, Inc.",10/1/21,9/30/22,2022," $497,317,270 "," $498,460,094 "," 174,477 ",101.0%,
FL,Long Term Care,Comprehensive MCO + MLTSS,All Populations,,"Sunshine State Health Plan, Inc",10/1/21,9/30/22,2022," $1,704,020,402 "," $1,725,000,717 "," 462,031 ",99.0%,
FL,Long Term Care,Comprehensive MCO + MLTSS,All Populations,,"UnitedHealthcare of Florida, Inc.",10/1/21,9/30/22,2022," $426,930,834 "," $452,459,957 "," 143,177 ",96.0%,
FL,Managed Medical Assistance,Comprehensive MCO,All Populations,,Aetna Better Health of Florida,10/1/21,9/30/22,2022," $449,697,499 "," $568,709,218 "," 2,071,412 ",79.0%,
FL,Managed Medical Assistance,Comprehensive MCO,All Populations,,Amerihelath Caritas of Florida,10/1/21,9/30/22,2022," $291,914,011 "," $401,522,929 "," 1,378,302 ",73.0%,
FL,Managed Medical Assistance,Comprehensive MCO,All Populations,,Bestcare Assurance D/B/A/ Vivida Health,10/1/21,9/30/22,2022," $58,130,361 "," $79,014,895 "," 306,938 ",75.0%,
FL,Managed Medical Assistance,Comprehensive MCO,All Populations,,Children's Medical Services Network,10/1/21,9/30/22,2022," $1,519,718,866 "," $1,788,563,218 "," 1,077,312 ",85.0%,
FL,Managed Medical Assistance,Comprehensive MCO,All Populations,,Clear Health Alliance,10/1/21,9/30/22,2022," $309,551,206 "," $430,671,414 "," 155,237 ",74.0%,
FL,Managed Medical Assistance,Comprehensive MCO,All Populations,,Community Care Plan,10/1/21,9/30/22,2022," $144,069,439 "," $178,699,489 "," 673,997 ",81.0%,
FL,Managed Medical Assistance,Comprehensive MCO,All Populations,,"Florida Community Care, LLC",10/1/21,9/30/22,2022," $41,784,838 "," $47,913,132 "," 183,296 ",89.0%,
FL,Managed Medical Assistance,Comprehensive MCO,All Populations,,"Humana Medical Plan, Inc.",10/1/21,9/30/22,2022," $2,070,846,047 "," $2,488,363,377 "," 8,385,744 ",83.0%,
FL,Managed Medical Assistance,Comprehensive MCO,All Populations,,"Molina Healthcare of Florida, Inc.",10/1/21,9/30/22,2022," $377,223,125 "," $467,313,818 "," 1,547,686 ",81.0%,
FL,Managed Medical Assistance,Comprehensive MCO,All Populations,,Molina SMI Healthcare of Florida Inc.,10/1/21,9/30/22,2022," $146,625,375 "," $214,817,670 "," 325,522 ",70.0%,
FL,Managed Medical Assistance,Comprehensive MCO,All Populations,,"Simply Healthcare Plans, Inc.",10/1/21,9/30/22,2022," $1,980,652,260 "," $2,368,682,363 "," 8,152,237 ",84.0%,
FL,Managed Medical Assistance,Comprehensive MCO,All Populations,,"Sunshine State Health Plan, Inc",10/1/21,9/30/22,2022," $4,621,646,761 "," $5,289,994,030 "," 18,431,846 ",87.0%,
FL,Managed Medical Assistance,Comprehensive MCO,All Populations,,Sunshine-Child Welfare Specialty Plan,10/1/21,9/30/22,2022," $204,114,796 "," $233,967,904 "," 476,687 ",87.0%,
FL,Managed Medical Assistance,Comprehensive MCO,All Populations,,Sunshine-Serious Mental Illness Specialty Plan,10/1/21,9/30/22,2022," $970,447,938 "," $1,186,192,724 "," 1,792,612 ",82.0%,
FL,Managed Medical Assistance,Comprehensive MCO,All Populations,,"UnitedHealthcare of Florida, Inc.",10/1/21,9/30/22,2022," $954,100,579 "," $1,233,435,257 "," 4,155,074 ",77.0%,
GA,Georgia Families 360,Comprehensive MCO,All populations,,Amerigroup,7/1/17,6/30/18,2018," $145,012,635 "," $169,544,811 "," 337,715 ",85.5%,  
GA,Georgia Families and Planning for Healthy Babies,Comprehensive MCO,All populations,,Amerigroup,7/1/17,6/30/18,2018," $794,566,409 "," $886,309,181 "," 3,623,646 ",89.6%,  
GA,Georgia Families and Planning for Healthy Babies,Comprehensive MCO,All populations,,CareSource,7/1/17,6/30/18,2018," $809,146,863 "," $957,499,167 "," 3,949,756 ",84.5%,  
GA,Georgia Families and Planning for Healthy Babies,Comprehensive MCO,All populations,,Centene,7/1/17,6/30/18,2018," $525,058,613 "," $605,932,709 "," 2,439,370 ",86.7%,  
GA,Georgia Families and Planning for Healthy Babies,Comprehensive MCO,All populations,,WellCare,7/1/17,6/30/18,2018," $1,217,532,001 "," $1,370,703,305 "," 5,559,063 ",88.8%,  
GA,Georgia Families,Comprehensive MCO,All populations,,Amerigroup,7/1/18,6/30/19,2019," $810,304,545 "," $935,002,645 "," 3,672,683 ",86.7%,  
GA,Georgia Families,Comprehensive MCO,All populations,,CareSource,7/1/18,6/30/19,2019," $581,444,719 "," $616,471,552 "," 2,327,891 ",94.3%,  
GA,Georgia Families,Comprehensive MCO,All populations,,Centene,7/1/18,6/30/19,2019," $787,198,498 "," $947,423,151 "," 3,795,763 ",83.1%,  
GA,Georgia Families,Comprehensive MCO,All populations,,WellCare,7/1/18,6/30/19,2019," $1,160,512,882 "," $1,297,702,794 "," 5,210,146 ",89.4%,  
GA,Georgia Families 360,Comprehensive MCO,All populations,,Amerigroup,7/1/18,6/30/19,2019," $140,782,012 "," $171,856,659 "," 345,850 ",81.9%,  
GA,Planning for Healthy Babies,Other PIHP,All populations,,Amerigroup,7/1/18,6/30/19,2019," $2,310,392 "," $4,394,680 "," 143,499 ",52.6%,  
GA,Planning for Healthy Babies,Other PIHP,All populations,,CareSource,7/1/18,6/30/19,2019," $1,196,531 "," $3,525,754 "," 104,150 ",33.9%,  
GA,Planning for Healthy Babies,Other PIHP,All populations,,Centene,7/1/18,6/30/19,2019," $2,943,698 "," $6,192,394 "," 146,909 ",47.5%,  
GA,Planning for Healthy Babies,Other PIHP,All populations,,WellCare,7/1/18,6/30/19,2019," $2,537,487 "," $4,574,150 "," 144,288 ",55.5%,  
GA,Georgia Families,Comprehensive MCO,All populations,,Amerigroup,7/1/19,6/30/20,2020," $828,953,007 "," $986,616,624 "," 3,898,102 ",84.0%,  
GA,Georgia Families,Comprehensive MCO,All populations,,CareSource,7/1/19,6/30/20,2020," $627,820,638 "," $696,739,384 "," 2,619,619 ",90.1%,  
GA,Georgia Families,Comprehensive MCO,All populations,,Peach State,7/1/19,6/30/20,2020," $788,964,734 "," $970,265,203 "," 3,930,146 ",81.3%,  
GA,Georgia Families,Comprehensive MCO,All populations,,WellCare,7/1/19,6/30/20,2020," $1,109,815,424 "," $1,308,444,603 "," 5,221,115 ",84.8%,  
GA,Georgia Families 360,Comprehensive MCO,All populations,,Amerigroup,7/1/19,6/30/20,2020," $134,670,031 "," $168,801,149 "," 348,357 ",79.8%,  
GA,Planning for Healthy Babies,Comprehensive MCO,All populations,,Amerigroup,7/1/19,6/30/20,2020," $2,328,621 "," $4,077,554 "," 168,998 ",57.1%,  
GA,Planning for Healthy Babies,Comprehensive MCO,All populations,,CareSource,7/1/19,6/30/20,2020," $1,158,567 "," $3,122,699 "," 129,009 ",37.1%,  
GA,Planning for Healthy Babies,Comprehensive MCO,All populations,,Peach State,7/1/19,6/30/20,2020," $2,587,898 "," $5,684,279 "," 169,540 ",45.5%,  
GA,Planning for Healthy Babies,Comprehensive MCO,All populations,,WellCare,7/1/19,6/30/20,2020," $2,555,767 "," $3,624,121 "," 162,929 ",70.5%,  
GA,Georgia Families,Comprehensive MCO,"Other, specify",Low Income Medicaid (LIM); Breast and Cervical Cancer (BCC),Amerigroup Community Care,7/1/20,6/30/21,2021," $1,026,583,038 "," $1,221,244,817 "," 4,778,727 ",84.1%," $23,687,506 "
GA,Georgia Families,Comprehensive MCO,"Other, specify",Low Income Medicaid (LIM); Breast and Cervical Cancer (BCC),CareSource Georgia,7/1/20,6/30/21,2021," $804,099,123 "," $952,103,203 "," 3,409,421 ",84.5%," $14,709,632 "
GA,Georgia Families,Comprehensive MCO,"Other, specify",Low Income Medicaid (LIM); Breast and Cervical Cancer (BCC),Peach State Health Plan,7/1/20,6/30/21,2021," $1,104,963,547 "," $1,396,709,101 "," 5,587,007 ",79.1%," $96,206,280 "
GA,Georgia Families,Comprehensive MCO,"Other, specify",Low Income Medicaid (LIM); Breast and Cervical Cancer (BCC),"WellCare of Georgia, Inc.",7/1/20,6/30/21,2021," $896,245,198 "," $1,140,800,013 "," 4,658,607 ",78.6%," $84,842,812 "
GA,Georgia Families 360,Comprehensive MCO,"Other, specify","Georgia Families 360 enrolls children, youth, and young adults in foster care, children and youth receiving adoption assistance, and select youth involved in the juvenile justice system.",Amerigroup Community Care,7/1/20,6/30/21,2021," $149,085,435 "," $155,741,008 "," 350,907 ",96.8%, $-   
GA,Planning for Healthy Babies,PAHP,"Other, specify",Pregnant Women and women who have delivered a VLBW baby,Amerigroup Community Care,7/1/20,6/30/21,2021," $2,887,631 "," $4,631,581 "," 214,089 ",63.7%,
GA,Planning for Healthy Babies,PAHP,"Other, specify",Pregnant Women and women who have delivered a VLBW baby,CareSource Georgia,7/1/20,6/30/21,2021," $2,296,272 "," $3,678,864 "," 178,383 ",64.0%,
GA,Planning for Healthy Babies,PAHP,"Other, specify",Pregnant Women and women who have delivered a VLBW baby,Peach State Health Plan,7/1/20,6/30/21,2021," $2,896,134 "," $4,585,636 "," 236,429 ",64.6%,
GA,Planning for Healthy Babies,PAHP,"Other, specify",Pregnant Women and women who have delivered a VLBW baby,"WellCare of Georgia, Inc.",7/1/20,6/30/21,2021," $2,180,074 "," $2,617,749 "," 127,085 ",85.1%,
GA,Georgia Families,Comprehensive MCO,"Other, specify",Low Income Medicaid (LIM); Breast and Cervical Cancer (BCC),Amerigroup Community Care,7/1/21,6/30/22,2022," $1,283,008,471 "," $1,553,271,013 "," 5,679,291 ",82.6%," $52,804,600 "
GA,Georgia Families,Comprehensive MCO,"Other, specify",Low Income Medicaid (LIM); Breast and Cervical Cancer (BCC),CareSource Georgia,7/1/21,6/30/22,2022," $1,047,866,920 "," $1,224,680,391 "," 4,290,727 ",85.6%," $8,802,510 "
GA,Georgia Families,Comprehensive MCO,"Other, specify",Low Income Medicaid (LIM); Breast and Cervical Cancer (BCC),Peach State Health Plan,7/1/21,6/30/22,2022," $2,156,497,410 "," $2,682,678,556 "," 10,530,914 ",80.4%," $150,606,148 "
GA,Georgia Families 360,Comprehensive MCO,"Other, specify","Georgia Families 360 enrolls children, youth, and young adults in foster care, children and youth receiving adoption assistance, and select youth involved in the juvenile justice system. ",Amerigroup Community Care,7/1/21,6/30/22,2022," $154,868,568 "," $171,838,504 "," 364,219 ",90.1%, $-   
GA,Planning for Healthy Babies,PAHP,"Other, specify",Pregnant Women and women who have delivered a VLBW baby,Amerigroup Community Care,7/1/21,6/30/22,2022," $2,137,435 "," $4,180,338 "," 224,370 ",51.1%,
GA,Planning for Healthy Babies,PAHP,"Other, specify",Pregnant Women and women who have delivered a VLBW baby,CareSource Georgia,7/1/21,6/30/22,2022," $1,738,288 "," $3,387,099 "," 196,874 ",51.3%,
GA,Planning for Healthy Babies,PAHP,"Other, specify",Pregnant Women and women who have delivered a VLBW baby,Peach State Health Plan,7/1/21,6/30/22,2022," $5,838,428 "," $4,990,086 "," 337,512 ",117.0%,
HI,Community Care Services,Behavioral health only,All populations,,Ohana,7/1/17,6/30/18,2018," $49,158,616 "," $49,547,389 "," 59,087 ",101.9%,  
HI,Med-Quest,Comprehensive MCO + MLTSS,All populations,,AlohaCare,1/1/18,12/31/18,2018," $311,473,755 "," $335,256,089 "," 799,494 ",92.9%,  
HI,Med-Quest,Comprehensive MCO + MLTSS,All populations,,HMSA,1/1/18,12/31/18,2018," $647,660,470 "," $682,135,366 "," 1,983,320 ",94.9%,  
HI,Med-Quest,Comprehensive MCO + MLTSS,All populations,,Kaiser,1/1/18,12/31/18,2018," $114,047,404 "," $122,142,799 "," 368,589 ",94.4%,  
HI,Med-Quest,Comprehensive MCO + MLTSS,All populations,,Ohana,1/1/18,12/31/18,2018," $388,041,183 "," $407,895,002 "," 471,564 ",95.1%,  
HI,Med-Quest,Comprehensive MCO + MLTSS,All populations,,United,1/1/18,12/31/18,2018," $440,591,088 "," $458,127,436 "," 573,784 ",96.2%,  
HI,Community Care Services,Behavioral health only,All populations,,Ohana,7/1/18,6/30/19,2019," $47,607,019 "," $47,762,488 "," 54,502 ",102.5%,  
HI,Med-Quest,Comprehensive MCO + MLTSS,All populations,,AlohaCare,1/1/19,12/31/19,2019," $336,851,708 "," $350,521,636 "," 758,601 ",96.1%,  
HI,Med-Quest,Comprehensive MCO + MLTSS,All populations,,HMSA,1/1/19,12/31/19,2019," $680,930,907 "," $701,189,837 "," 1,902,796 ",97.1%,  
HI,Med-Quest,Comprehensive MCO + MLTSS,All populations,,Kaiser,1/1/19,12/31/19,2019," $106,542,358 "," $112,550,644 "," 357,948 ",95.7%,  
HI,Med-Quest,Comprehensive MCO + MLTSS,All populations,,Ohana,1/1/19,12/31/19,2019," $389,465,515 "," $387,831,572 "," 446,400 ",100.4%,  
HI,Med-Quest,Comprehensive MCO + MLTSS,All populations,,United,1/1/19,12/31/19,2019," $426,235,180 "," $466,103,645 "," 591,421 ",91.4%,  
HI,Community Care Services,Comprehensive MCO + MLTSS,"Other, specify",Serious mental illness,Ohana Community Care Services (CCS),7/1/19,6/30/20,2020," $51,227,131 "," $50,766,933 "," 52,811 ",103.7%,  
HI,QUEST Integration,Comprehensive MCO + MLTSS,All populations,,AlohaCare,1/1/20,12/31/20,2020," $341,740,988 "," $376,472,236 "," 806,729 ",90.8%,  
HI,QUEST Integration,Comprehensive MCO + MLTSS,All populations,,HMSA,1/1/20,12/31/20,2020," $715,072,842 "," $784,793,269 "," 2,030,490 ",91.1%,  
HI,QUEST Integration,Comprehensive MCO + MLTSS,All populations,,Kaiser,1/1/20,12/31/20,2020," $143,336,502 "," $158,752,444 "," 419,031 ",90.3%,  
HI,QUEST Integration,Comprehensive MCO + MLTSS,All populations,,Ohana,1/1/20,12/31/20,2020," $363,611,661 "," $385,687,603 "," 448,726 ",94.3%,  
HI,QUEST Integration,Comprehensive MCO + MLTSS,All populations,,United,1/1/20,12/31/20,2020," $426,983,325 "," $478,327,642 "," 645,376 ",89.3%,  
HI,Community Care Services,Behavioral Health Only,"Other, specify",Adults diagnosed with a qualifying serious mental illness (SMI) and/or a serious and persistent mental illness (SPMI),Ohana Health Plan,7/1/20,6/30/21,2021," $58,825,545 "," $63,093,954 "," 58,029 ",95.9%,
HI,Med-QUEST,Comprehensive MCO + MLTSS,All Populations,,AlohaCare,1/1/21,12/31/21,2021," $398,176,736 "," $438,308,250 "," 922,299 ",90.8%,
HI,Med-QUEST,Comprehensive MCO + MLTSS,All Populations,,HMSA,1/1/21,12/31/21,2021," $911,639,443 "," $983,697,955 "," 2,411,987 ",92.7%,
HI,Med-QUEST,Comprehensive MCO + MLTSS,All Populations,,Kaiser,1/1/21,12/31/21,2021," $202,564,935 "," $220,859,287 "," 548,293 ",91.7%,
HI,Med-QUEST,Comprehensive MCO + MLTSS,All Populations,,Ohana,1/1/21,12/31/21,2021," $357,402,518 "," $382,020,997 "," 464,633 ",93.6%,
HI,Med-QUEST,Comprehensive MCO + MLTSS,All Populations,,United,1/1/21,12/31/21,2021," $428,723,731 "," $472,998,210 "," 701,344 ",90.6%,
HI,Behavioral Health Only,Behavioral Health Only,"Other, specify",Medicaid-eligible adults who have serious mental illness (SMI) or serious and persistent mental illness (SPMI),Community Care Services,7/1/21,6/30/22,2022," $59,156,676 "," $67,360,739 "," 60,624 ",90.5%, $-   
HI,QUEST Integration,Comprehensive MCO,All Populations,,AlohaCare ,1/1/22,12/31/22,2022," $423,251,571 "," $473,018,235 "," 984,766 ",89.5%, $-   
HI,QUEST Integration,Comprehensive MCO,All Populations,,Hawai`i Medical Service Association,1/1/22,12/31/22,2022," $951,925,525 "," $1,104,203,837 "," 2,618,076 ",86.2%, $-   
HI,QUEST Integration,Comprehensive MCO,All Populations,,Kaiser Permanente ,1/1/22,12/31/22,2022," $220,953,872 "," $242,247,139 "," 603,752 ",91.2%, $-   
HI,QUEST Integration,Comprehensive MCO,All Populations,,Ohana Health Plan,1/1/22,12/31/22,2022," $315,427,918 "," $351,454,623 "," 477,309 ",89.7%, $-   
HI,QUEST Integration,Comprehensive MCO,All Populations,,UnitedHealthCare,1/1/22,12/31/22,2022," $383,714,937 "," $430,119,317 "," 723,299 ",89.2%, $-   
IA,Dental Wellness Plan,Dental only,All populations,,Delta,7/1/17,6/30/18,2018," $44,152,244 "," $41,526,478 "," 2,370,035 ",106.3%, $-   
IA,Dental Wellness Plan,Dental only,All populations,,MCNA,7/1/17,6/30/18,2018," $9,809,161 "," $17,720,090 "," 1,045,279 ",56.1%," $5,252,915 "
IA,IA Healthlink,Comprehensive MCO + MLTSS,All populations,,"Amerigroup of Iowa, Inc.",7/1/17,6/30/18,2018," $1,260,322,472 "," $1,295,760,852 "," 2,300,550 ",97.3%,  
IA,IA Healthlink,Comprehensive MCO + MLTSS,All populations,,AmeriHealth Caritas,7/1/17,6/30/18,2018," $486,999,437 "," $437,932,831 "," 661,475 ",111.2%,  
IA,IA Healthlink,Comprehensive MCO + MLTSS,All populations,,UnitedHealthcare,7/1/17,6/30/18,2018," $2,217,874,446 "," $2,120,813,748 "," 3,854,960 ",104.6%,  
IA,Dental Wellness Plan,Dental only,All populations,,Delta,7/1/18,6/30/19,2019," $34,762,767 "," $43,356,832 "," 2,537,194 ",80.2%," $3,391,245 "
IA,Dental Wellness Plan,Dental only,All populations,,MCNA,7/1/18,6/30/19,2019," $11,253,208 "," $20,247,248 "," 1,208,798 ",55.6%," $6,564,371 "
IA,IA Health Link,Comprehensive MCO + MLTSS,All populations,,"Amerigroup Iowa, Inc.",7/1/18,6/30/19,2019," $1,414,133,044 "," $1,545,692,986 "," 2,499,410 ",91.5%,  
IA,IA Health Link,Comprehensive MCO + MLTSS,All populations,,UnitedHealthcare Plan of the River Valley Inc,7/1/18,6/30/19,2019," $2,891,992,172 "," $3,040,061,309 "," 5,029,930 ",95.1%,  
IA,Dental Wellness Plan,Dental only,All populations,,Delta,7/1/19,6/30/20,2020," $28,569,591 "," $48,456,373 "," 2,632,329 ",59.0%," $14,072,018 "
IA,Dental Wellness Plan,Dental only,All populations,,MCNA,7/1/19,6/30/20,2020," $10,576,416 "," $24,797,357 "," 1,391,469 ",44.3%," $10,654,285 "
IA,IA Health Link,Comprehensive MCO + MLTSS,All populations,,Amerigroup,7/1/19,6/30/20,2020," $2,858,929,950 "," $3,140,932,595 "," 4,696,803 ",91.0%, $-   
IA,IA Health Link,Comprehensive MCO + MLTSS,All populations,,Iowa Total Care ,7/1/19,6/30/20,2020," $1,961,527,905 "," $2,124,663,942 "," 3,255,188 ",92.3%, $-   
IA,Dental Wellness Plan,Dental Only,All Populations,,Delta Dental ,7/1/20,6/30/21,2021," $33,189,055 "," $38,409,763 "," 2,920,073 ",86.4%," $7,726,741 "
IA,Dental Wellness Plan,Dental Only,All Populations,,MCNA,7/1/20,6/30/21,2021," $13,711,530 "," $15,781,481 "," 1,654,604 ",86.9%," $3,063,672 "
IA,IA Health Link,Comprehensive MCO + MLTSS,All Populations,,Amerigroup,7/1/20,6/30/21,2021," $2,975,158,327 "," $3,294,263,194 "," 5,096,861 ",90.3%, $-   
IA,IA Health Link,Comprehensive MCO + MLTSS,All Populations,,Iowa Total Care ,7/1/20,6/30/21,2021," $2,096,847,367 "," $2,301,725,958 "," 3,621,363 ",91.1%, $-   
IA,Dental Wellness Plan,PAHP,All Populations,,Delta Dental of Iowa,7/1/21,6/30/22,2022," $59,209,428 "," $69,477,375 "," 5,447,279 ",85.2%," $75,172,183 "
IA,Dental Wellness Plan,Dental Only,All Populations,,MCNA,7/1/21,6/30/22,2022," $27,937,322 "," $34,255,033 "," 3,382,839 ",81.6%," $39,033,121 "
IA,IA Health Link,Comprehensive MCO,All Populations,,Amerigroup,7/1/21,6/30/22,2022," $3,544,320,213 "," $3,828,729,688 "," 5,402,821 ",92.6%, $-   
IA,IA Health Link,Comprehensive MCO,All Populations,,Iowa Total Care,7/1/21,6/30/22,2022," $2,602,129,531 "," $2,804,290,640 "," 3,974,304 ",92.8%, $-   
ID,Idaho Behavioral Health Plan,Behavioral health only,All populations,,Optum Idaho,7/1/17,6/30/18,2018," $99,398,896 "," $133,597,683 "," 3,382,357 ",74.4%," $14,159,135 "
ID,Idaho Medicaid Plus (IMPlus),Comprehensive MCO + MLTSS,All populations,,Blue Cross of Idaho,11/1/18,12/31/18,2018," $1,163,079 "," $1,400,219 ", 839 ,83.1%,  
ID,Idaho Medicaid Plus (IMPlus),Comprehensive MCO + MLTSS,All populations,,Molina,11/1/18,12/31/18,2018," $892,370 "," $1,015,955 ", 765 ,87.8%,  
ID,MCNA Dental,Dental only,All populations,,MCNA Dental,1/1/18,12/31/18,2018," $47,433,397 "," $47,872,219 "," 3,312,396 ",99.1%,  
ID,MMCP,Comprehensive MCO + MLTSS,All populations,,Molina,1/1/18,12/31/18,2018," $3,560,909 "," $4,166,960 "," 5,431 ",85.5%, $-   
ID,Idaho Behavioral Health Plan,Behavioral health only,All populations,,Optum Idaho,7/1/18,6/30/19,2019," $102,018,830 "," $121,153,300 "," 3,213,997 ",84.2%," $961,475 "
ID,Idaho Smiles,Dental only,All populations,,MCNA,1/1/19,6/30/19,2019," $24,900,265 "," $25,695,959 "," 1,622,243 ",96.9%, $-   
ID,Idaho Medicaid Plus,Comprehensive MCO + MLTSS,All populations,,Blue Cross of Idaho,1/1/19,12/31/19,2019," $59,957,107 "," $63,462,192 "," 38,026 ",97.9%,  
ID,Idaho Medicaid Plus,Comprehensive MCO + MLTSS,All populations,,Molina,1/1/19,12/31/19,2019," $50,023,033 "," $54,087,255 "," 35,113 ",92.5%,  
ID,MMCP,Comprehensive MCO + MLTSS,All populations,,BCI,1/1/19,12/31/19,2019," $72,755,247 "," $61,609,063 "," 57,083 ",188.1%,  
ID,MMCP,Comprehensive MCO + MLTSS,All populations,,Molina,1/1/19,12/31/19,2019," $14,762,036 "," $14,689,821 "," 17,838 ",100.5%,  
ID,Dental Smiles,Dental only,All populations,,MCNA,7/1/19,6/30/20,2020," $49,189,406 "," $62,285,529 "," 3,492,851 ",79.0%," $3,755,817 "
ID,Idaho Behavioral Health,Behavioral health only,All populations,,Optum,7/1/19,6/30/20,2020," $115,541,764 "," $127,047,253 "," 3,802,168 ",90.9%, $-   
ID,IMPlus,Comprehensive MCO + MLTSS,"Other, specify",Dual eligible,Blue Cross of Idaho,1/1/20,12/31/20,2020," $123,133,076 "," $139,262,007 "," 82,736 ",90.6%, $-   
ID,IMPlus,Comprehensive MCO + MLTSS,"Other, specify",Dual eligible,Molina Healthcare of Idaho,1/1/20,12/31/20,2020," $94,165,182 "," $102,979,483 "," 69,125 ",93.9%, $-   
ID,MMCP,Comprehensive MCO + MLTSS,All populations,,Blue Cross of Idaho,1/1/20,12/31/20,2020," $93,762,034 "," $101,180,830 "," 72,625 ",95.1%, $-   
ID,MMCP,Comprehensive MCO + MLTSS,All populations,,Molina Healthcare of Idaho,1/1/20,12/31/20,2020," $26,325,973 "," $30,233,885 "," 31,203 ",90.8%, $-   
ID,Dental Smiles,Dental Only,All Populations,,MCNA,7/1/20,6/30/21,2021," $61,102,460 "," $75,492,659 "," 5,623,055 ",80.9%," $3,065,002 "
ID,Idaho Behavioral Health,Behavioral Health Only,All Populations,,Optum,7/1/20,6/30/21,2021," $164,755,036 "," $179,263,019 "," 4,166,732 ",91.9%," $12,381,470 "
ID,Idaho Medicaid Plus ,Comprehensive MCO + MLTSS,All Populations,,Blue Cross of Idaho ,1/1/21,12/31/21,2021," $116,769,936 "," $152,608,386 "," 82,599 ",83.8%," $1,759,851 "
ID,Idaho Medicaid Plus ,Comprehensive MCO + MLTSS,All Populations,,Molina Healthcare of Idaho ,1/1/21,12/31/21,2021," $88,561,457 "," $109,625,044 "," 68,387 ",88.5%, $-   
ID,Dental ONly ,Dental Only,All Populations,,MCNA Dental,7/1/21,6/30/22,2022," $62,490,011 "," $92,747,349 "," 4,870,905 ",67.4%," $16,342,083 "
ID,Idaho Medicaid Plus,Comprehensive MCO + MLTSS,All Populations,,Blue Cross of Idaho,1/1/22,12/31/22,2022," $121,003,596 "," $148,124,147 "," 87,222 ",84.7%, $-   
ID,Idaho Medicaid Plus,Comprehensive MCO + MLTSS,All Populations,,Molina Healthcare of Idaho,1/1/22,12/31/22,2022," $87,230,454 "," $118,101,284 "," 70,885 ",80.5%," $4,825,095 "
IL,HealthChoice Illinois - Cook County,Comprehensive MCO + MLTSS,All populations,,CountyCare,1/1/18,12/31/18,2018," $1,587,420,843 "," $1,780,492,633 "," 4,034,805 ",89.2%, $-   
IL,HealthChoice Illinois - Cook County,Comprehensive MCO + MLTSS,All populations,,NextLevel Health Partners,1/1/18,12/31/18,2018," $237,698,411 "," $265,212,882 "," 722,578 ",89.6%, $-   
IL,HealthChoice Illinois - Statewide,Comprehensive MCO + MLTSS,All populations,,Blue Cross Blue Shield of Illinois,1/1/18,12/31/18,2018," $1,903,104,143 "," $1,958,769,553 "," 5,146,729 ",97.2%, $-   
IL,HealthChoice Illinois - Statewide,Comprehensive MCO + MLTSS,All populations,,Harmony Health Plan,1/1/18,12/31/18,2018," $582,971,346 "," $691,751,118 "," 2,628,744 ",84.3%," $5,049,783 "
IL,HealthChoice Illinois - Statewide,Comprehensive MCO + MLTSS,All populations,,IlliniCare Health Plan,1/1/18,12/31/18,2018," $1,378,956,026 "," $1,577,473,119 "," 3,662,519 ",87.4%, $-   
IL,HealthChoice Illinois - Statewide,Comprehensive MCO + MLTSS,All populations,,Meridian Health Plan,1/1/18,12/31/18,2018," $2,143,783,942 "," $2,273,546,607 "," 6,619,101 ",94.3%, $-   
IL,HealthChoice Illinois - Statewide,Comprehensive MCO + MLTSS,All populations,,Molina Healthcare of Illinois,1/1/18,12/31/18,2018," $591,247,071 "," $699,499,425 "," 2,407,676 ",84.5%," $3,357,597 "
IL,HealthChoice Illinois - Cook County,Comprehensive MCO + MLTSS,All populations,,CountyCare,1/1/19,12/31/19,2019," $1,748,355,855 "," $1,829,252,918 "," 3,822,939 ",95.6%, $-   
IL,HealthChoice Illinois - Cook County,Comprehensive MCO + MLTSS,All populations,,NextLevel Health Partners,1/1/19,12/31/19,2019," $256,142,551 "," $267,814,271 "," 586,973 ",95.6%, $-   
IL,HealthChoice Illinois - Statewide,Comprehensive MCO + MLTSS,All populations,,Blue Cross Blue Shield of Illinois,1/1/19,12/31/19,2019," $2,101,677,054 "," $2,150,606,370 "," 4,845,611 ",97.7%, $-   
IL,HealthChoice Illinois - Statewide,Comprehensive MCO + MLTSS,All populations,,IlliniCare Health Plan,1/1/19,12/31/19,2019," $1,892,471,439 "," $2,030,815,964 "," 4,116,106 ",93.2%, $-   
IL,HealthChoice Illinois - Statewide,Comprehensive MCO + MLTSS,All populations,,Meridian Health Plan,1/1/19,12/31/19,2019," $3,289,441,673 "," $3,516,878,837 "," 9,470,304 ",93.5%, $-   
IL,HealthChoice Illinois - Statewide,Comprehensive MCO + MLTSS,All populations,,Molina Healthcare of Illinois,1/1/19,12/31/19,2019," $743,537,160 "," $874,428,407 "," 2,579,022 ",85.0%, $-   
IL,HealthChoice Illinois - Cook County,Comprehensive MCO + MLTSS,All populations,,NextLevel Health Partners,1/1/20,6/30/20,2020," $133,573,380 "," $168,693,908 "," 340,199 ",80.3%, $-   
IL,HealthChoice and YouthCare Illinois - Statewide,Comprehensive MCO + MLTSS,All populations,,Meridian Health Plan,1/1/20,12/31/20,2020," $3,518,707,009 "," $3,899,807,395 "," 9,744,219 ",90.2%, $-   
IL,HealthChoice Illinois - Cook County,Comprehensive MCO + MLTSS,All populations,,CountyCare,1/1/20,12/31/20,2020," $1,891,834,945 "," $2,100,173,170 "," 4,181,375 ",90.1%, $-   
IL,HealthChoice Illinois - Statewide,Comprehensive MCO + MLTSS,All populations,,Blue Cross Blue Shield of Illinois,1/1/20,12/31/20,2020," $2,716,432,274 "," $2,998,898,138 "," 6,263,782 ",90.6%, $-   
IL,HealthChoice Illinois - Statewide,Comprehensive MCO + MLTSS,All populations,,IlliniCare Health Plan,1/1/20,12/31/20,2020," $2,086,490,437 "," $2,356,788,404 "," 4,430,299 ",88.5%, $-   
IL,HealthChoice Illinois - Statewide,Comprehensive MCO + MLTSS,All populations,,Molina Healthcare of Illinois,1/1/20,12/31/20,2020," $1,004,191,076 "," $1,116,322,919 "," 2,992,330 ",90.0%, $-   
IL,HealthChoice and YouthCare Illinois - Statewide,Comprehensive MCO + MLTSS,All Populations,,Meridian Health Plan,1/1/21,12/31/21,2021," $4,285,919,959 "," $4,730,271,415 "," 10,837,242 ",90.6%, $-   
IL,HealthChoice Illinois - Cook County,Comprehensive MCO + MLTSS,All Populations,,CountyCare,1/1/21,12/31/21,2021," $2,280,590,180 "," $2,578,168,190 "," 4,827,165 ",88.5%, $-   
IL,HealthChoice Illinois - Statewide,Comprehensive MCO + MLTSS,All Populations,,Blue Cross Blue Shield of Illinois,1/1/21,12/31/21,2021," $3,435,301,514 "," $3,857,403,020 "," 7,714,498 ",89.1%, $-   
IL,HealthChoice Illinois - Statewide,Comprehensive MCO + MLTSS,All Populations,,IlliniCare Health Plan,1/1/21,12/31/21,2021," $2,388,135,611 "," $2,604,668,409 "," 4,933,376 ",91.7%, $-   
IL,HealthChoice Illinois - Statewide,Comprehensive MCO + MLTSS,All Populations,,Molina Healthcare of Illinois,1/1/21,12/31/21,2021," $1,426,504,410 "," $1,593,638,831 "," 3,760,606 ",89.5%, $-   
IL,HealthChoice and YouthCare Illinois - Statewide,Comprehensive MCO + MLTSS,All Populations,,Meridian Health,1/1/22,12/31/22,2022," $4,608,694,743 "," $4,995,035,055 "," 10,985,551 ",92.3%, $-   
IL,HealthChoice Illinois - Cook County,Comprehensive MCO + MLTSS,All Populations,,CountyCare Health Plan,1/1/22,12/31/22,2022," $2,626,765,799 "," $2,918,907,821 "," 5,205,783 ",90.0%, $-   
IL,HealthChoice Illinois - Statewide,Comprehensive MCO + MLTSS,All Populations,,Aetna Better Health,1/1/22,12/31/22,2022," $2,518,718,060 "," $2,790,007,092 "," 5,128,858 ",90.3%, $-   
IL,HealthChoice Illinois - Statewide,Comprehensive MCO + MLTSS,All Populations,,Blue Cross Community Health Plans,1/1/22,12/31/22,2022," $3,886,228,214 "," $4,357,571,451 "," 8,394,970 ",89.2%, $-   
IL,HealthChoice Illinois - Statewide,Comprehensive MCO + MLTSS,All Populations,,Molina Healthcare,1/1/22,12/31/22,2022," $1,597,223,780 "," $1,826,666,706 "," 4,015,321 ",87.4%," $10,229,334 "
IN,Healthy Indiana Plan (HIP),Comprehensive MCO,Non-expansion adult only,,Anthem,1/1/18,12/31/18,2018," $1,382,971,236 "," $1,570,120,277 "," 2,105,506 ",88.1%,  
IN,Healthy Indiana Plan (HIP),Comprehensive MCO,Non-expansion adult only,,CareSource,1/1/18,12/31/18,2018," $246,127,400 "," $304,800,690 "," 532,737 ",80.8%," $19,049,200 "
IN,Healthy Indiana Plan (HIP),Comprehensive MCO,Non-expansion adult only,,MDwise,1/1/18,12/31/18,2018," $851,216,467 "," $955,885,999 "," 1,324,812 ",89.0%,  
IN,Healthy Indiana Plan (HIP),Comprehensive MCO,Non-expansion adult only,,MHS,1/1/18,12/31/18,2018," $496,732,444 "," $632,492,557 "," 853,670 ",78.5%," $53,536,081 "
IN,Hoosier Care Connect (HCC),Comprehensive MCO,Children,,Anthem,1/1/18,12/31/18,2018," $754,935,471 "," $853,929,057 "," 668,857 ",88.4%," $13,600,680 "
IN,Hoosier Care Connect (HCC),Comprehensive MCO,Children,,MHS,1/1/18,12/31/18,2018," $395,083,579 "," $464,546,543 "," 401,815 ",85.0%," $23,008,310 "
IN,Hoosier Healthwise (HHW),Comprehensive MCO,Children,,Anthem,1/1/18,12/31/18,2018," $435,468,986 "," $524,275,030 "," 2,473,612 ",83.1%," $10,164,790 "
IN,Hoosier Healthwise (HHW),Comprehensive MCO,Children,,CareSource,1/1/18,12/31/18,2018," $154,207,112 "," $187,706,303 "," 718,788 ",82.2%," $5,343,246 "
IN,Hoosier Healthwise (HHW),Comprehensive MCO,Children,,MDwise,1/1/18,12/31/18,2018," $439,491,586 "," $502,066,967 "," 2,532,624 ",87.5%,  
IN,Hoosier Healthwise (HHW),Comprehensive MCO,Children,,MHS,1/1/18,12/31/18,2018," $294,876,266 "," $358,088,463 "," 1,776,782 ",82.3%," $9,498,928 "
IN,Healthy Indiana Plan (HIP),Comprehensive MCO,Non-expansion adult only,,Anthem,1/1/19,12/31/19,2019," $1,520,057,793 "," $1,751,921,967 "," 2,136,893 ",86.8%," $4,114,318 "
IN,Healthy Indiana Plan (HIP),Comprehensive MCO,Non-expansion adult only,,CareSource,1/1/19,12/31/19,2019," $243,248,617 "," $298,100,708 "," 449,313 ",81.6%," $16,098,998 "
IN,Healthy Indiana Plan (HIP),Comprehensive MCO,Non-expansion adult only,,MDwise,1/1/19,12/31/19,2019," $797,881,531 "," $905,613,500 "," 1,227,004 ",88.1%,  
IN,Healthy Indiana Plan (HIP),Comprehensive MCO,Non-expansion adult only,,MHS,1/1/19,12/31/19,2019," $545,312,816 "," $633,779,549 "," 849,056 ",86.0%," $6,075,392 "
IN,Hoosier Care Connect (HCC),Comprehensive MCO,Children,,Anthem,1/1/19,12/31/19,2019," $808,162,965 "," $874,060,542 "," 672,350 ",92.5%,  
IN,Hoosier Care Connect (HCC),Comprehensive MCO,Children,,MHS,1/1/19,12/31/19,2019," $427,024,941 "," $473,926,734 "," 405,325 ",90.1%,  
IN,Hoosier Healthwise (HHW),Comprehensive MCO,Children,,Anthem,1/1/19,12/31/19,2019," $474,532,704 "," $565,243,983 "," 2,541,724 ",84.0%," $5,924,682 "
IN,Hoosier Healthwise (HHW),Comprehensive MCO,Children,,CareSource,1/1/19,12/31/19,2019," $112,704,402 "," $144,305,748 "," 619,852 ",78.1%," $9,955,484 "
IN,Hoosier Healthwise (HHW),Comprehensive MCO,Children,,MDwise,1/1/19,12/31/19,2019," $410,098,798 "," $479,865,010 "," 2,295,427 ",85.5%,  
IN,Hoosier Healthwise (HHW),Comprehensive MCO,Children,,MHS,1/1/19,12/31/19,2019," $309,680,000 "," $364,835,154 "," 1,687,637 ",84.9%," $429,881 "
IN,Healty Indiana Plan (HIP),Comprehensive MCO,"Other, specify",Non-dual medically frail adult,Anthem,1/1/20,12/31/20,2020," $1,814,504,869 "," $1,979,791,521 "," 2,826,629 ",91.7%,  
IN,Healty Indiana Plan (HIP),Comprehensive MCO,"Other, specify",Non-dual medically frail adult,CareSource,1/1/20,12/31/20,2020," $314,700,235 "," $350,392,536 "," 565,179 ",89.8%,  
IN,Healty Indiana Plan (HIP),Comprehensive MCO,"Other, specify",Non-dual medically frail adult,MDwise,1/1/20,12/31/20,2020," $902,308,976 "," $998,529,149 "," 1,473,586 ",90.4%,  
IN,Healty Indiana Plan (HIP),Comprehensive MCO,"Other, specify",Non-dual medically frail adult,MHS,1/1/20,12/31/20,2020," $646,622,839 "," $714,424,244 "," 1,084,265 ",90.5%,  
IN,Hoosier Care Connect (HCC),Comprehensive MCO,"Other, specify",Foster care and non-dual eligible disabled population,Anthem,1/1/20,12/31/20,2020," $788,839,854 "," $848,311,235 "," 697,225 ",93.0%,  
IN,Hoosier Care Connect (HCC),Comprehensive MCO,"Other, specify",Foster care and non-dual eligible disabled population,MHS,1/1/20,12/31/20,2020," $424,224,252 "," $463,071,294 "," 418,773 ",91.6%,  
IN,Hoosier Healthwise (HHW),Comprehensive MCO,"Other, specify",Children and pregnant women,Anthem,1/1/20,12/31/20,2020," $480,775,081 "," $539,702,880 "," 2,928,472 ",89.1%,  
IN,Hoosier Healthwise (HHW),Comprehensive MCO,"Other, specify",Children and pregnant women,CareSource,1/1/20,12/31/20,2020," $108,976,134 "," $124,482,642 "," 675,072 ",87.5%,  
IN,Hoosier Healthwise (HHW),Comprehensive MCO,"Other, specify",Children and pregnant women,MDwise,1/1/20,12/31/20,2020," $382,900,562 "," $438,551,759 "," 2,379,659 ",87.3%,  
IN,Hoosier Healthwise (HHW),Comprehensive MCO,"Other, specify",Children and pregnant women,MHS,1/1/20,12/31/20,2020," $299,233,936 "," $324,632,098 "," 1,811,892 ",92.2%,  
IN,Healthy Indiana Plan,Comprehensive MCO,"Other, specify","Adults aged 19-64, medically frail",Anthem,1/1/21,12/31/21,2021," $2,476,000,379 "," $2,677,017,437 "," 3,778,357 ",92.5%,
IN,Healthy Indiana Plan,Comprehensive MCO,"Other, specify","Adults aged 19-64, medically frail",CareSource,1/1/21,12/31/21,2021," $433,953,434 "," $477,677,422 "," 784,478 ",90.8%,
IN,Healthy Indiana Plan,Comprehensive MCO,Group VIII Expansion Adult Only,,Managed Health Services,1/1/21,12/31/21,2021," $837,799,037 "," $924,706,177 "," 1,439,206 ",90.6%,
IN,Healthy Indiana Plan,Comprehensive MCO,"Other, specify","adults 19-64,medically frail",MDwise,1/1/21,12/31/21,2021," $1,199,065,286 "," $1,270,975,760 "," 1,886,912 ",94.3%,
IN,Hoosier Care Connect,Comprehensive MCO,"Other, specify",other foster children and non-dual eligible aged and disabled population,Anthem,1/1/21,12/31/21,2021," $887,579,575 "," $941,250,997 "," 733,065 ",94.3%,
IN,Hoosier Care Connect,Comprehensive MCO,"Other, specify","other foster children, non dual eligible aged and disabled population",Managed Health Services,1/1/21,12/31/21,2021," $435,746,550 "," $482,827,567 "," 432,616 ",90.2%,
IN,Hoosier Care Connect,Comprehensive MCO,"Other, specify",Other foster children and non-dual eligible aged and disabled population ,United Healthcare,1/1/21,12/31/21,2021," $17,905,297 "," $18,704,085 "," 14,971 ",101.0%,
IN,Hoosier Healthwise,Comprehensive MCO,"Other, specify","Non disabled children, CHIP children, pregnant women",Anthem,1/1/21,12/31/21,2021," $657,888,637 "," $717,285,879 "," 3,515,521 ",91.7%,
IN,Hoosier Healthwise,Comprehensive MCO,"Other, specify","non disabled children, CHIP children, pregnant women ",CareSource,1/1/21,12/31/21,2021," $148,077,627 "," $166,870,386 "," 831,200 ",88.7%,
IN,Hoosier Healthwise,Comprehensive MCO,"Other, specify","non disabled children, CHIP children, pregnant women",Managed Health Services,1/1/21,12/31/21,2021," $379,064,917 "," $423,295,671 "," 2,100,229 ",89.6%,
IN,Hoosier Healthwise,Comprehensive MCO,"Other, specify","other non disabled children, CHIP children, pregnant women",MDwise,1/1/21,12/31/21,2021," $513,202,170 "," $552,063,470 "," 2,677,326 ",93.0%,
IN,Healthy Indiana Plan,Comprehensive MCO,"Other, specify","Adults aged 19-64, medically frail",Anthem,1/1/22,12/31/22,2022," $2,691,782,380 "," $2,937,870,522 "," 4,333,338 ",91.6%,
IN,Healthy Indiana Plan,Comprehensive MCO,"Other, specify","Adults aged 19-64, medically frail",CareSource,1/1/22,12/31/22,2022," $507,535,778 "," $562,343,264 "," 934,777 ",90.3%,
IN,Healthy Indiana Plan,Comprehensive MCO,"Other, specify","Adults aged 19-64, medically frail",Managed Health Services,1/1/22,12/31/22,2022," $927,109,509 "," $1,013,423,015 "," 1,654,534 ",91.5%,
IN,Healthy Indiana Plan,Comprehensive MCO,"Other, specify","Adults aged 19-64, medically frail",MDwise,1/1/22,12/31/22,2022," $1,332,045,467 "," $1,399,703,144 "," 2,086,683 ",95.2%,
IN,Hoosier Care Connect,Comprehensive MCO,"Other, specify",Other foster children and non-dual eligible aged and disabled population,Anthem,1/1/22,12/31/22,2022," $902,946,607 "," $976,792,245 "," 738,978 ",92.4%,
IN,Hoosier Care Connect,Comprehensive MCO,"Other, specify",Other foster children and non-dual eligible aged and disabled population,Managed Health Services,1/1/22,12/31/22,2022," $444,893,828 "," $490,061,521 "," 421,562 ",90.8%,
IN,Hoosier Care Connect ,Comprehensive MCO,"Other, specify",Other foster children and non-dual eligible aged and disabled population,United Healthcare,1/1/22,12/31/22,2022," $64,277,571 "," $67,511,415 "," 61,128 ",97.9%,
IN,Hoosier Healthwise,Comprehensive MCO,"Other, specify","Non-disabled children, CHIP children, and pregnant women ",Anthem,1/1/22,12/31/22,2022," $804,226,148 "," $888,629,579 "," 3,974,321 ",90.5%,
IN,Hoosier Healthwise,Comprehensive MCO,"Other, specify","Non-disabled children, CHIP children, and pregnant women ",CareSource,1/1/22,12/31/22,2022," $194,461,490 "," $214,672,660 "," 966,261 ",90.6%,
IN,Hoosier Healthwise,Comprehensive MCO,"Other, specify","Non-disabled children, CHIP children, and pregnant women ",Managed Health Services,1/1/22,12/31/22,2022," $463,156,360 "," $520,220,423 "," 2,328,376 ",89.0%,
IN,Hoosier Healthwise,Comprehensive MCO,"Other, specify","Non-disabled children, CHIP children, and pregnant women ",MDwise,1/1/22,12/31/22,2022," $606,581,267 "," $641,725,941 "," 2,852,742 ",94.5%,
KS,KanCare,Comprehensive MCO + MLTSS,All populations,,"AmeriGroup Kansas, Inc.",1/1/18,12/31/18,2018," $921,877,419 "," $994,015,687 "," 1,516,391 ",92.7%,  
KS,KanCare,Comprehensive MCO + MLTSS,All populations,,Sunflower State Health Plan,1/1/18,12/31/18,2018," $1,066,974 "," $1,130,049 "," 1,601,236 ",94.4%,  
KS,KanCare,Comprehensive MCO + MLTSS,All populations,,UnitedHealthcare Community Plan of Kansas,1/1/18,12/31/18,2018," $941,776,027 "," $1,030,076,200 "," 1,677,863 ",91.4%,  
KS,KanCare,Comprehensive MCO + MLTSS,All populations,,Aetna Better Health of Kansas,1/1/19,12/31/19,2019," $757,885,717 "," $830,949,407 "," 1,256,108 ",91.2%,  
KS,KanCare,Comprehensive MCO + MLTSS,All populations,,Sunflower State Health Plan,1/1/19,12/31/19,2019," $1,206,772 "," $1,316,040 "," 1,668,998 ",91.7%,  
KS,KanCare,Comprehensive MCO + MLTSS,All populations,,UnitedHealthcare Community Plan of Kansas,1/1/19,12/31/19,2019," $1,117,489,785 "," $1,229,117,359 "," 1,715,095 ",90.9%,  
KS,KanCare,Comprehensive MCO + MLTSS,All populations,,Aetna Better Health of Kansas,1/1/20,12/31/20,2020," $810,730,692 "," $882,906,554 "," 1,325,681 ",91.8%,  
KS,KanCare,Comprehensive MCO + MLTSS,All populations,,Sunflower State Health Plan,1/1/20,12/31/20,2020," $1,208,863 "," $1,364,545 "," 1,758,466 ",88.6%,  
KS,KanCare,Comprehensive MCO + MLTSS,All populations,,UnitedHealthcare Community Plan of Kansas,1/1/20,12/31/20,2020," $1,180,310,911 "," $1,314,642,416 "," 1,824,611 ",89.8%,  
KS,KanCare,Comprehensive MCO + MLTSS,All Populations,,Aetna Better Health of Kansas,1/1/21,12/31/21,2021," $882,304,341 "," $975,013,053 "," 1,509,325 ",90.5%,
KS,KanCare,Comprehensive MCO + MLTSS,All Populations,,Sunflower State Health Plan,1/1/21,12/31/21,2021," $1,266,071 "," $1,418,730 "," 1,917,243 ",89.2%,
KS,KanCare,Comprehensive MCO + MLTSS,All Populations,,UnitedHealthcare Community Plan of Kansas,1/1/21,12/31/21,2021," $1,282,938,922 "," $1,385,956,622 "," 2,015,877 ",92.6%,
KS,KanCare,Comprehensive MCO,All Populations,,Aetna Better Health Of Kansas,1/1/22,12/31/22,2022," $1,017,085,462 "," $1,136,883,729 "," 1,724,124 ",89.5%,
KS,KanCare,Comprehensive MCO,All Populations,,Sunflower Health Plan,1/1/22,12/31/22,2022," $1,338,074,859 "," $1,516,411,080 "," 2,007,741 ",88.2%,
KS,KanCare,Comprehensive MCO,All Populations,,United Health Care Community Plan - Kansas,1/1/22,12/31/22,2022," $1,373,808,422 "," $1,497,684,983 "," 2,131,482 ",91.7%,
KY,Kentucky Managed Care,Comprehensive MCO,All populations,,Aetna,7/1/17,6/30/18,2018," $902,866,557 "," $1,039,510,645 "," 2,895,648 ",86.9%," $1,559,266 "
KY,Kentucky Managed Care,Comprehensive MCO,All populations,,Anthem,7/1/17,6/30/18,2018," $573,989,739 "," $645,556,856 "," 1,565,338 ",88.9%," $5,325,844 "
KY,Kentucky Managed Care,Comprehensive MCO,All populations,,Humana,7/1/17,6/30/18,2018," $802,580,939 "," $885,377,071 "," 1,794,939 ",90.6%, $-   
KY,Kentucky Managed Care,Comprehensive MCO,All populations,,Passport,7/1/17,6/30/18,2018," $1,637,622,346 "," $1,799,017,781 "," 3,828,874 ",91.0%, $-   
KY,Kentucky Managed Care,Comprehensive MCO,All populations,,WellCare,7/1/17,6/30/18,2018," $2,250,102,149 "," $2,480,385,173 "," 5,464,573 ",90.7%, $-   
KY,Kentucky Managed Care,Comprehensive MCO,All populations,,Aetna,7/1/18,6/30/19,2019," $901,125,012 "," $1,001,593,690 "," 2,688,363 ",90.0%, $-   
KY,Kentucky Managed Care,Comprehensive MCO,All populations,,Anthem,7/1/18,6/30/19,2019," $643,106,186 "," $708,504,923 "," 1,595,631 ",90.8%, $-   
KY,Kentucky Managed Care,Comprehensive MCO,All populations,,Humana,7/1/18,6/30/19,2019," $800,125,572 "," $859,336,672 "," 1,790,729 ",93.1%, $-   
KY,Kentucky Managed Care,Comprehensive MCO,All populations,,Passport,7/1/18,6/30/19,2019," $1,659,963,788 "," $1,728,989,298 "," 3,799,762 ",96.0%, $-   
KY,Kentucky Managed Care,Comprehensive MCO,All populations,,WellCare,7/1/18,6/30/19,2019," $2,337,154,086 "," $2,525,421,897 "," 5,395,321 ",92.5%, $-   
KY,Kentucky Medicaid Managed Care - Statewide,Comprehensive MCO,All populations,,Aetna Better Health  of Kentucky,7/1/19,6/30/20,2020," $1,006,959,051 "," $1,134,584,688 "," 2,574,426 ",88.8%," $10,636,731 "
KY,Kentucky Medicaid Managed Care - Statewide,Comprehensive MCO,All populations,,Anthem Managed Care Plan of  Kentucky,7/1/19,6/30/20,2020," $742,569,172 "," $850,829,221 "," 1,653,639 ",87.3%," $17,356,916 "
KY,Kentucky Medicaid Managed Care - Statewide,Comprehensive MCO,All populations,,Humana-CareSource,7/1/19,6/30/20,2020," $946,446,959 "," $1,007,234,735 "," 1,799,471 ",94.0%, $-   
KY,Kentucky Medicaid Managed Care - Statewide,Comprehensive MCO,All populations,,Passport Health Plan,7/1/19,6/30/20,2020," $1,823,900,827 "," $2,027,288,385 "," 3,721,699 ",90.0%," $456,140 "
KY,Kentucky Medicaid Managed Care - Statewide,Comprehensive MCO,All populations,,Wellcare of  Kentucky,7/1/19,6/30/20,2020," $2,531,310,520 "," $2,845,491,373 "," 5,321,798 ",89.0%," $22,194,833 "
KY,Kentucky Medicaid Managed Care - Statewide,Comprehensive MCO,All populations,,Aetna Better Health of Kentucky,7/1/20,12/31/20,2020," $517,346,977 "," $582,917,406 "," 1,322,667 ",88.8%," $5,464,851 "
KY,Kentucky Medicaid Managed Care - Statewide,Comprehensive MCO,All populations,,Anthem BCBS,7/1/20,12/31/20,2020," $419,455,469 "," $480,608,386 "," 934,092 ",87.3%," $9,804,411 "
KY,Kentucky Medicaid Managed Care - Statewide,Comprehensive MCO,All populations,,Humana,7/1/20,12/31/20,2020," $516,678,954 "," $549,863,873 "," 982,357 ",94.0%, $-   
KY,Kentucky Medicaid Managed Care - Statewide,Comprehensive MCO,All populations,,Passport Health Plan,7/1/20,12/31/20,2020," $960,730,964 "," $1,067,864,380 "," 1,960,387 ",90.0%," $240,269 "
KY,Kentucky Medicaid Managed Care - Statewide,Comprehensive MCO,All populations,,WellCare of Kentucky,7/1/20,12/31/20,2020," $1,328,250,733 "," $1,493,110,377 "," 2,792,499 ",89.0%," $11,646,261 "
KY,Kentucky Medicaid Managed Care - Statewide,Comprehensive MCO,All Populations,,Aetna Better Health of Kentucky,1/1/21,12/31/21,2021," $1,232,016,500 "," $1,373,351,233 "," 2,967,875 ",89.7%," $2,987,039 "
KY,Kentucky Medicaid Managed Care - Statewide,Comprehensive MCO,All Populations,,Anthem BCBS,1/1/21,12/31/21,2021," $846,592,817 "," $970,511,145 "," 1,981,977 ",87.2%," $20,162,369 "
KY,Kentucky Medicaid Managed Care - Statewide,Comprehensive MCO,All Populations,,Humana,1/1/21,12/31/21,2021," $1,000,142,252 "," $1,095,162,297 "," 2,032,093 ",91.3%, $-   
KY,Kentucky Medicaid Managed Care - Statewide,Comprehensive MCO,All Populations,,Passport by Molina,1/1/21,12/31/21,2021," $1,787,910,427 "," $1,923,918,606 "," 3,952,797 ",92.9%, $-   
KY,Kentucky Medicaid Managed Care - Statewide,Comprehensive MCO,All Populations,,United Healhcare,1/1/21,12/31/21,2021," $465,638,497 "," $592,890,162 "," 1,217,563 ",78.5%," $62,016,311 "
KY,Kentucky Medicaid Managed Care - Statewide,Comprehensive MCO,All Populations,,Wellcare of Kentucky,1/1/21,12/31/21,2021," $2,622,934,785 "," $2,930,433,101 "," 5,754,771 ",89.5%," $10,769,342 "
KY,Kentucky Medicaid Manage Care - Statewide,Comprehensive MCO,All Populations,,United Healthcare Community Plan,1/1/22,12/31/22,2022," $569,222,147 "," $635,204,114 "," 1,003,620 ",89.6%," $1,857,972 "
KY,Kentucky Medicaid Managed Care - Statewide,Comprehensive MCO,All Populations,,Aetna Better Health of Kentucky,1/1/22,12/31/22,2022," $1,316,802,975 "," $1,433,262,391 "," 3,014,488 ",91.9%, $-   
KY,Kentucky Medicaid Managed Care - Statewide,Comprehensive MCO,All Populations,,Anthem Blue Cross Blue Shield Medicaid,1/1/22,12/31/22,2022," $964,419,194 "," $1,079,315,926 "," 2,128,697 ",89.4%," $5,261,665 "
KY,Kentucky Medicaid Managed Care - Statewide,Comprehensive MCO,All Populations,,Humana Healthy Horizons,1/1/22,12/31/22,2022," $1,033,439,816 "," $1,140,745,701 "," 2,047,219 ",90.6%, $-   
KY,Kentucky Medicaid Managed Care - Statewide,Comprehensive MCO,All Populations,,Passport by Molina Healthcare,1/1/22,12/31/22,2022," $1,880,856,765 "," $2,070,806,638 "," 4,042,872 ",90.8%, $-   
KY,Kentucky Medicaid Managed Care - Statewide,Comprehensive MCO,All Populations,,WellCare of Kentucky,1/1/22,12/31/22,2022," $2,851,561,055 "," $3,194,570,218 "," 5,913,831 ",89.3%," $17,729,865 "
LA,Dental Benefit Management Program,Dental only,All populations,,MCNA of Louisiana,7/1/17,6/30/18,2018," $149,107,543 "," $161,980,924 "," 18,145,261 ",92.1%, $-   
LA,Coordinated System of Care ,Behavioral health only,All populations,,"Magellan Complete Care of Louisiana, Inc.",11/1/18,12/31/18,2018," $8,797,099 "," $11,546,551 "," 4,964 ",79.9%," $619,208 "
LA,Healthy Louisiana,Comprehensive MCO,All populations,,"Aetna Better Health of Louisiana, Inc.",1/1/18,12/31/18,2018," $579,037,899 "," $583,073,658 "," 1,428,014 ",99.3%, $-   
LA,Healthy Louisiana,Comprehensive MCO,All populations,,AmeriHealth Caritas of Louisiana,1/1/18,12/31/18,2018," $962,046,021 "," $1,001,760,939 "," 2,532,506 ",96.0%, $-   
LA,Healthy Louisiana,Comprehensive MCO,All populations,,"Community Care Health Plan of Louisiana, Inc.
d/b/a 'Healthy Blue'",1/1/18,12/31/18,2018," $1,179,481,023 "," $1,239,964,082 "," 3,089,817 ",95.1%, $-   
LA,Healthy Louisiana,Comprehensive MCO,All populations,,"Louisiana HealthCare Connections, Inc. ",1/1/18,12/31/18,2018," $1,925,497,627 "," $2,104,747,792 "," 5,762,764 ",91.5%, $-   
LA,Healthy Louisiana,Comprehensive MCO,All populations,,"UnitedHealthcare of Louisiana, Inc.",1/1/18,12/31/18,2018," $1,900,249,517 "," $2,040,200,454 "," 5,345,951 ",93.1%, $-   
LA,Dental Benefit Management Program,Dental only,All populations,,MCNA of Louisiana,7/1/18,6/30/19,2019," $145,099,020 "," $164,790,613 "," 18,337,521 ",88.1%, $-   
LA,Coordinated System of Care ,Behavioral health only,All populations,,"Magellan Complete Care of Louisiana, Inc.",1/1/19,12/31/19,2019," $54,332,676 "," $70,122,286 "," 30,011 ",81.2%," $2,813,586 "
LA,Healthy Louisiana,Comprehensive MCO,All populations,,Aetna Better Health of Louisiana,1/1/19,12/31/19,2019," $635,225,298 "," $664,642,406 "," 1,478,418 ",95.6%, $-   
LA,Healthy Louisiana,Comprehensive MCO,All populations,,"AmeriHealth Caritas Louisiana, Inc.",1/1/19,12/31/19,2019," $1,047,919,581 "," $1,093,255,780 "," 2,509,788 ",95.9%, $-   
LA,Healthy Louisiana,Comprehensive MCO,All populations,,Healthy Blue of Louisiana,1/1/19,12/31/19,2019," $1,364,371,850 "," $1,454,654,770 "," 3,291,548 ",93.8%, $-   
LA,Healthy Louisiana,Comprehensive MCO,All populations,,Louisiana Healthcare Connections,1/1/19,12/31/19,2019," $2,077,323,970 "," $2,259,514,823 "," 5,624,883 ",91.9%, $-   
LA,Healthy Louisiana,Comprehensive MCO,All populations,,"UnitedHealthCare of Louisiana, Inc.",1/1/19,12/31/19,2019," $2,088,673,352 "," $2,246,309,656 "," 5,324,035 ",93.0%, $-   
LA,Dental Benefit Management Program,Dental only,All populations,,MCNA Insurance Company,7/1/19,6/30/20,2020," $159,902,810 "," $210,392,577 "," 18,257,629 ",76.0%," $18,930,880 "
LA,Coordinated System of Care,Behavioral health only,All populations,,Magellan Complete Care of Louisiana,1/1/20,12/31/20,2020," $51,009,010 "," $61,824,656 "," 28,562 ",86.3%, $-   
LA,Dental Benefit Program Management,Dental only,All populations,,"MCNA Insurance Company, d/b/a MCNA Dental Plans",7/1/20,12/31/20,2020," $94,929,661 "," $116,862,059 "," 10,016,918 ",81.2%," $4,403,090 "
LA,Healthy Louisiana,Comprehensive MCO,All populations,,"Aetna Better Health of Louisiana, Inc.",1/1/20,12/31/20,2020," $706,013,697 "," $770,201,943 "," 1,603,777 ",91.7%, $-   
LA,Healthy Louisiana,Comprehensive MCO,All populations,,"AmeriHealth Caritas Louisiana, Inc. ",1/1/20,12/31/20,2020," $1,101,523,267 "," $1,193,792,336 "," 2,566,455 ",92.3%, $-   
LA,Healthy Louisiana,Comprehensive MCO,All populations,,Healthy Blue of Louisiana,1/1/20,12/31/20,2020," $1,560,581,870 "," $1,860,092,439 "," 3,620,839 ",90.3%, $-   
LA,Healthy Louisiana,Comprehensive MCO,All populations,,"Louisiana Healthcare Connections, Inc.",1/1/20,12/31/20,2020," $2,272,282,737 "," $2,472,088,036 "," 5,795,687 ",91.9%, $-   
LA,Healthy Louisiana,Comprehensive MCO,All populations,,"UnitedHealthcare of Louisiana, Inc.",1/1/20,12/31/20,2020," $2,309,292,957 "," $2,506,313,988 "," 5,569,140 ",92.1%, $-   
LA,Coordinated System of Care,Behavioral Health Only,"Other, specify",Youth meeting LOC/LON,Magellan Complete Care of Louisiana,1/1/21,12/31/21,2021," $43,612,495 "," $58,829,392 "," 27,573 ",77.9%," $4,176,887 "
LA,Dental Benefit Program Management,Dental Only,"Other, specify",Non-Expansion,"DentaQuest USA Insurance Company, Inc.",1/1/21,12/31/21,2021," $89,949,610 "," $112,496,386 "," 9,456,195 ",80.0%," $5,624,819 "
LA,Dental Benefit Program Management,Dental Only,"Other, specify",Expansion,"DentaQuest USA Insurance Company, Inc.",1/1/21,12/31/21,2021," $4,010,630 "," $12,195,110 "," 1,024,792 ",32.9%," $6,353,653 "
LA,Dental Benefit Program Management,Dental Only,"Other, specify",Non-Expansion,"MCNA Insurance Company, d/b/a MCNA Dental Plans",1/1/21,12/31/21,2021," $90,866,782 "," $111,326,779 "," 6,637,956 ",81.6%," $3,785,110 "
LA,Dental Benefit Program Management,Dental Only,"Other, specify",Expansion,"MCNA Insurance Company, d/b/a MCNA Dental Plans",1/1/21,12/31/21,2021," $7,912,931 "," $13,263,470 "," 3,839,767 ",59.7%," $3,355,658 "
LA,Healthy Louisiana,Comprehensive MCO,"Other, specify",Non-Expansion,Aetna Better Health of Louisiana,1/1/21,12/31/21,2021," $352,142,664 "," $379,917,315 "," 970,355 ",92.7%, $-   
LA,Healthy Louisiana,Comprehensive MCO,"Other, specify",Expansion,Aetna Better Health of Louisiana,1/1/21,12/31/21,2021," $505,536,529 "," $539,505,254 "," 820,074 ",93.7%, $-   
LA,Healthy Louisiana,Comprehensive MCO,"Other, specify",Non-Expansion,AmeriHealth Caritas Louisiana,1/1/21,12/31/21,2021," $678,723,729 "," $715,697,339 "," 1,742,058 ",94.8%, $-   
LA,Healthy Louisiana,Comprehensive MCO,"Other, specify",Expansion,AmeriHealth Caritas Louisiana,1/1/21,12/31/21,2021," $566,057,473 "," $617,715,399 "," 973,134 ",91.6%, $-   
LA,Healthy Louisiana,Comprehensive MCO,"Other, specify",Non-Expansion,Healthy Blue,1/1/21,12/31/21,2021," $976,205,391 "," $999,925,370 "," 2,444,571 ",97.6%, $-   
LA,Healthy Louisiana,Comprehensive MCO,"Other, specify",Expansion,Healthy Blue,1/1/21,12/31/21,2021," $1,013,791,449 "," $1,089,475,234 "," 1,702,967 ",93.1%, $-   
LA,Healthy Louisiana,Comprehensive MCO,"Other, specify",Non-Expansion,Louisiana Healthcare Connections,1/1/21,12/31/21,2021," $1,535,345,245 "," $1,636,667,183 "," 4,236,240 ",93.8%, $-   
LA,Healthy Louisiana,Comprehensive MCO,"Other, specify",Expansion,Louisiana Healthcare Connections,1/1/21,12/31/21,2021," $1,162,348,544 "," $1,274,560,522 "," 2,105,700 ",91.2%, $-   
LA,Healthy Louisiana,Comprehensive MCO,"Other, specify",Non-Expansion,UnitedHealthcare Community Plan,1/1/21,12/31/21,2021," $1,458,068,360 "," $1,503,312,630 "," 3,806,189 ",97.0%, $-   
LA,Healthy Louisiana,Comprehensive MCO,"Other, specify",Expansion,UnitedHealthcare Community Plan,1/1/21,12/31/21,2021," $1,314,158,112 "," $1,426,361,804 "," 2,236,307 ",92.1%, $-   
LA,Dental Benefit Program Management,Dental Only,Group VIII Expansion Adult Only,,"DentaQuest USA Insurance Company, Inc.",1/1/22,12/31/22,2022," $9,508,179 "," $12,315,579 "," 4,499,944 ",77.2%," $960,615 "
LA,Dental Benefit Program Management,Dental Only,"Other, specify",Non-Expansion,"DentaQuest USA Insurance Company, Inc.",1/1/22,12/31/22,2022," $97,551,348 "," $112,278,552 "," 6,640,145 ",86.9%, $-   
LA,Dental Benefit Program Management,Dental Only,Group VIII Expansion Adult Only,,"MCNA Insurance Company, d/b/a MCNA Dental Plans",1/1/22,12/31/22,2022," $5,870,418 "," $10,872,229 "," 4,221,174 ",54.0%," $3,370,391 "
LA,Dental Benefit Program Management,Dental Only,"Other, specify",Non-Expansion,"MCNA Insurance Company, d/b/a MCNA Dental Plans",1/1/22,12/31/22,2022," $106,915,461 "," $113,701,741 "," 6,637,514 ",94.0%, $-   
LA,Healthy Louisiana,Comprehensive MCO,Group VIII Expansion Adult Only,,Aetna Better Health of Louisiana,1/1/22,12/31/22,2022," $606,145,531 "," $643,699,852 "," 906,987 ",94.2%, $-   
LA,Healthy Louisiana,Comprehensive MCO,"Other, specify",Non-Expansion,Aetna Better Health of Louisiana,1/1/22,12/31/22,2022," $382,334,903 "," $409,781,873 "," 994,996 ",93.3%, $-   
LA,Healthy Louisiana,Comprehensive MCO,Group VIII Expansion Adult Only,,AmeriHealth Caritas Louisiana,1/1/22,12/31/22,2022," $672,912,983 "," $754,678,824 "," 1,075,635 ",89.2%, $-   
LA,Healthy Louisiana,Comprehensive MCO,"Other, specify",Non-Expansion,AmeriHealth Caritas Louisiana,1/1/22,12/31/22,2022," $730,746,112 "," $773,229,385 "," 1,723,486 ",94.5%, $-   
LA,Healthy Louisiana,Comprehensive MCO,Group VIII Expansion Adult Only,,Healthy Blue,1/1/22,12/31/22,2022," $1,237,492,583 "," $1,343,164,080 "," 1,911,570 ",92.1%, $-   
LA,Healthy Louisiana,Comprehensive MCO,"Other, specify",Non-Expansion,Healthy Blue,1/1/22,12/31/22,2022," $1,097,016,629 "," $1,134,994,896 "," 2,508,266 ",96.7%, $-   
LA,Healthy Louisiana,Comprehensive MCO,Group VIII Expansion Adult Only,,Louisiana Healthcare Connections,1/1/22,12/31/22,2022," $1,460,977,683 "," $1,584,119,115 "," 2,374,608 ",92.2%, $-   
LA,Healthy Louisiana,Comprehensive MCO,"Other, specify",Non-Expansion,Louisiana Healthcare Connections,1/1/22,12/31/22,2022," $1,813,543,166 "," $1,836,002,838 "," 4,257,646 ",98.8%, $-   
LA,Healthy Louisiana,Comprehensive MCO,Group VIII Expansion Adult Only,,UnitedHealthcare Community Plan,1/1/22,12/31/22,2022," $1,580,148,216 "," $1,745,359,387 "," 2,461,130 ",90.5%, $-   
LA,Healthy Louisiana,Comprehensive MCO,"Other, specify",Non-Expansion,UnitedHealthcare Community Plan,1/1/22,12/31/22,2022," $1,595,652,721 "," $1,626,248,890 "," 3,802,629 ",98.1%, $-   
LA,LA Coordinated System of Care (CSoC),PIHP,"Other, specify",Children and youth 5 - 20 years old who are at risk of out-of-home placement with significant behavioral and/or emotional health challenges,"Magellan Complete Care of Louisiana, Inc.",1/1/22,12/31/22,2022," $44,464,251 "," $61,858,591 "," 28,206 ",75.7%," $5,752,849 "
MA,MassHealth CarePlus Program,Comprehensive MCO,All populations,,BMCHP,10/1/17,9/30/18,2018," $133,024,305 "," $135,445,810 "," 231,190 ",99.6%,  
MA,MassHealth CarePlus Program,Comprehensive MCO,All populations,,CeltiCare,10/1/17,9/30/18,2018," $48,286,804 "," $49,252,546 "," 171,464 ",99.6%,  
MA,MassHealth CarePlus Program,Comprehensive MCO,All populations,,Fallon Health,10/1/17,9/30/18,2018," $28,883,494 "," $33,004,806 "," 68,363 ",90.0%,  
MA,MassHealth CarePlus Program,Comprehensive MCO,All populations,,Neighborhood HP,10/1/17,9/30/18,2018," $135,094,890 "," $138,585,457 "," 244,810 ",98.9%,  
MA,MassHealth CarePlus Program,Comprehensive MCO,All populations,,Tufts-MCO,10/1/17,9/30/18,2018," $162,590,839 "," $168,068,090 "," 293,161 ",97.9%,  
MA,MassHealth Managed Care (MMC),Comprehensive MCO,All populations,,BMCHP,10/1/17,9/30/18,2018," $293,930,424 "," $299,302,338 "," 585,934 ",98.2%,  
MA,MassHealth Managed Care (MMC),Comprehensive MCO,All populations,,Fallon Health,10/1/17,9/30/18,2018," $40,555,775 "," $44,262,358 "," 109,934 ",93.5%,  
MA,MassHealth Managed Care (MMC),Comprehensive MCO,All populations,,Health New England,10/1/17,9/30/18,2018," $133,195,766 "," $133,133,509 "," 290,020 ",101.2%,  
MA,MassHealth Managed Care (MMC),Comprehensive MCO,All populations,,Neighborhood HP,10/1/17,9/30/18,2018," $411,029,077 "," $431,601,654 "," 875,606 ",95.2%,  
MA,MassHealth Managed Care (MMC),Comprehensive MCO,All populations,,Tufts-MCO,10/1/17,9/30/18,2018," $381,512,961 "," $401,307,026 "," 816,091 ",95.1%,  
MA,Special Kids Special Care (SKSC) ,Comprehensive MCO,All populations,,Neighborhood HP,10/1/17,9/30/18,2018," $5,514,750 "," $5,030,830 ", 510 ,,  
MA,ACPP,Comprehensive MCO,All populations,,BMC-BACO,1/1/18,12/31/18,2018," $678,099,463 "," $683,475,538 "," 1,063,058 ",99.2%,  
MA,ACPP,Comprehensive MCO,All populations,,BMC-Mercy,1/1/18,12/31/18,2018," $131,234,424 "," $132,246,866 "," 279,534 ",100.5%,  
MA,ACPP,Comprehensive MCO,All populations,,BMC-Signature,1/1/18,12/31/18,2018," $99,035,443 "," $99,950,905 "," 176,528 ",100.7%,  
MA,ACPP,Comprehensive MCO,All populations,,BMC-Southcoast,1/1/18,12/31/18,2018," $105,757,238 "," $105,854,024 "," 159,269 ",101.6%,  
MA,ACPP,Comprehensive MCO,All populations,,FLN-Berkshire,1/1/18,12/31/18,2018," $96,943,691 "," $94,343,415 "," 154,900 ",104.5%,  
MA,ACPP,Comprehensive MCO,All populations,,FLN-Reliant,1/1/18,12/31/18,2018," $114,570,692 "," $126,104,916 "," 300,337 ",92.1%,  
MA,ACPP,Comprehensive MCO,All populations,,FLN-Wellforce,1/1/18,12/31/18,2018," $239,578,413 "," $253,177,269 "," 518,184 ",94.6%,  
MA,ACPP,Comprehensive MCO,All populations,,HNE-Baystate,1/1/18,12/31/18,2018," $202,311,605 "," $212,183,257 "," 376,938 ",96.3%,  
MA,ACPP,Comprehensive MCO,All populations,,NHP-MVACO,1/1/18,12/31/18,2018," $139,531,039 "," $143,458,154 "," 317,646 ",98.5%,  
MA,ACPP,Comprehensive MCO,All populations,,Tufts-Atrius,1/1/18,12/31/18,2018," $133,783,555 "," $138,437,865 "," 304,394 ",97.8%,  
MA,ACPP,Comprehensive MCO,All populations,,Tufts-BIDCO,1/1/18,12/31/18,2018," $169,933,606 "," $182,147,377 "," 347,612 ",94.4%,  
MA,ACPP,Comprehensive MCO,All populations,,Tufts-CHA,1/1/18,12/31/18,2018," $121,281,165 "," $127,113,493 "," 265,158 ",96.7%,  
MA,ACPP,Comprehensive MCO,All populations,,Tufts-CHACO,1/1/18,12/31/18,2018," $261,024,339 "," $280,489,115 "," 826,806 ",93.1%,  
MA,Massachusetts Behavioral Health Partnership (MBHP),Behavioral health only,All populations,,Mass Health PCC Plan,1/1/18,12/31/18,2018," $432,178,665 "," $419,296,268 "," 929,251 ",103.1%,  
MA,MassHealth Managed Care (MMC),Comprehensive MCO,All populations,,BMC-MCO,1/1/18,12/31/18,2018," $383,898,514 "," $388,499,934 "," 753,751 ",98.8%,  
MA,MassHealth Managed Care (MMC),Comprehensive MCO,All populations,,Tufts-MCO,1/1/18,12/31/18,2018," $490,555,632 "," $532,086,978 "," 1,081,313 ",92.2%,  
MA,SCO,Comprehensive MCO + MLTSS,All populations,,BMCHP,1/1/18,12/31/18,2018," $11,664,562 "," $14,347,913 "," 9,946 ",87.8%,  
MA,SCO,Comprehensive MCO + MLTSS,All populations,,CCA,1/1/18,12/31/18,2018," $250,696,089 "," $257,127,958 "," 118,204 ",99.4%,  
MA,SCO,Comprehensive MCO + MLTSS,All populations,,FCHP,1/1/18,12/31/18,2018," $185,247,455 "," $216,134,253 "," 80,519 ",88.0%,  
MA,SCO,Comprehensive MCO + MLTSS,All populations,,SWH,1/1/18,12/31/18,2018," $325,549,854 "," $388,183,147 "," 177,235 ",85.5%,  
MA,SCO,Comprehensive MCO + MLTSS,All populations,,Tufts,1/1/18,12/31/18,2018," $93,563,889 "," $121,751,963 "," 56,394 ",79.5%, $-   
MA,SCO,Comprehensive MCO + MLTSS,All populations,,UHC,1/1/18,12/31/18,2018," $381,709,754 "," $408,341,058 "," 231,789 ",94.9%,  
MA,ACPP,Comprehensive MCO,All populations,,BMC-BACO,1/1/19,12/31/19,2019," $941,211,037 "," $955,743,930 "," 1,379,921 ",98.5%, $-   
MA,ACPP,Comprehensive MCO,All populations,,BMC-Mercy,1/1/19,12/31/19,2019," $165,413,458 "," $172,640,880 "," 338,492 ",96.9%, $-   
MA,ACPP,Comprehensive MCO,All populations,,BMC-Signature,1/1/19,12/31/19,2019," $123,123,277 "," $126,836,798 "," 214,942 ",98.5%, $-   
MA,ACPP,Comprehensive MCO,All populations,,BMC-Southcoast,1/1/19,12/31/19,2019," $135,525,110 "," $137,742,216 "," 197,806 ",99.9%, $-   
MA,ACPP,Comprehensive MCO,All populations,,FLN-Berkshire,1/1/19,12/31/19,2019," $117,032,294 "," $120,737,483 "," 189,915 ",98.4%, $-   
MA,ACPP,Comprehensive MCO,All populations,,FLN-Reliant,1/1/19,12/31/19,2019," $157,898,436 "," $169,912,206 "," 378,426 ",93.9%, $-   
MA,ACPP,Comprehensive MCO,All populations,,FLN-Wellforce,1/1/19,12/31/19,2019," $305,654,272 "," $317,013,808 "," 614,753 ",96.4%, $-   
MA,ACPP,Comprehensive MCO,All populations,,HNE-Baystate,1/1/19,12/31/19,2019," $248,277,341 "," $261,948,392 "," 462,097 ",94.8%, $-   
MA,ACPP,Comprehensive MCO,All populations,,NHP-MVACO,1/1/19,12/31/19,2019," $173,464,310 "," $172,449,435 "," 389,232 ",100.6%, $-   
MA,ACPP,Comprehensive MCO,All populations,,Tufts-Atrius,1/1/19,12/31/19,2019," $164,606,328 "," $165,792,788 "," 379,519 ",100.3%, $-   
MA,ACPP,Comprehensive MCO,All populations,,Tufts-BIDCO,1/1/19,12/31/19,2019," $220,329,143 "," $231,574,819 "," 438,577 ",95.1%, $-   
MA,ACPP,Comprehensive MCO,All populations,,Tufts-CHA,1/1/19,12/31/19,2019," $160,580,370 "," $170,064,142 "," 342,205 ",95.5%, $-   
MA,ACPP,Comprehensive MCO,All populations,,Tufts-CHACO,1/1/19,12/31/19,2019," $369,323,995 "," $399,990,087 "," 1,168,652 ",92.3%, $-   
MA,Massachusetts Behavioral Health Partnership (MBHP),Behavioral health only,All populations,,Mass Health PCC Plan,1/1/19,12/31/19,2019," $564,115,708 "," $545,041,909 "," 525,566 ",103.5%, $-   
MA,MassHealth Managed Care (MMC),Comprehensive MCO,All populations,,BMC-MCO,1/1/19,12/31/19,2019," $335,131,537 "," $346,901,855 "," 589,437 ",96.6%, $-   
MA,MassHealth Managed Care (MMC),Comprehensive MCO,All populations,,Tufts-MCO,1/1/19,12/31/19,2019," $423,262,861 "," $424,139,587 "," 787,914 ",99.8%, $-   
MA,SCO,Comprehensive MCO + MLTSS,All populations,,BMCHP,1/1/19,12/31/19,2019," $21,553,989 "," $23,837,938 "," 16,592 ",95.4%, $-   
MA,SCO,Comprehensive MCO + MLTSS,All populations,,CCA,1/1/19,12/31/19,2019," $270,508,367 "," $284,037,663 "," 132,861 ",97.0%, $-   
MA,SCO,Comprehensive MCO + MLTSS,All populations,,FCHP,1/1/19,12/31/19,2019," $212,079,796 "," $238,461,394 "," 88,596 ",91.0%, $-   
MA,SCO,Comprehensive MCO + MLTSS,All populations,,SWH,1/1/19,12/31/19,2019," $343,595,127 "," $385,582,501 "," 183,690 ",90.6%, $-   
MA,SCO,Comprehensive MCO + MLTSS,All populations,,Tufts,1/1/19,12/31/19,2019," $138,199,837 "," $159,140,604 "," 72,060 ",89.2%, $-   
MA,SCO,Comprehensive MCO + MLTSS,All populations,,UHC,1/1/19,12/31/19,2019," $423,216,200 "," $425,623,849 "," 246,777 ",100.8%, $-   
MA,ACPP,Comprehensive MCO,All populations,,BMC-BACO,1/1/20,12/31/20,2020," $976,396,313 "," $1,036,187,554 "," 1,507,773 ",94.2%,  
MA,ACPP,Comprehensive MCO,All populations,,BMC-Mercy,1/1/20,12/31/20,2020," $160,990,837 "," $177,471,246 "," 353,775 ",91.8%,  
MA,ACPP,Comprehensive MCO,All populations,,BMC-Signature,1/1/20,12/31/20,2020," $131,146,227 "," $140,111,674 "," 235,457 ",95.0%,  
MA,ACPP,Comprehensive MCO,All populations,,BMC-Southcoast,1/1/20,12/31/20,2020," $139,959,764 "," $148,709,196 "," 213,735 ",95.5%,  
MA,ACPP,Comprehensive MCO,All populations,,FLN-Berkshire,1/1/20,12/31/20,2020," $121,089,709 "," $132,947,561 "," 203,738 ",92.6%,  
MA,ACPP,Comprehensive MCO,All populations,,FLN-Reliant,1/1/20,12/31/20,2020," $175,932,212 "," $190,625,358 "," 428,124 ",92.3%,  
MA,ACPP,Comprehensive MCO,All populations,,FLN-Wellforce,1/1/20,12/31/20,2020," $297,375,175 "," $323,878,178 "," 645,412 ",91.8%,  
MA,ACPP,Comprehensive MCO,All populations,,HNE-Baystate,1/1/20,12/31/20,2020," $263,836,524 "," $285,419,493 "," 488,036 ",92.4%,  
MA,ACPP,Comprehensive MCO,All populations,,NHP-MVACO,1/1/20,12/31/20,2020," $182,746,733 "," $188,940,701 "," 420,308 ",96.7%,  
MA,ACPP,Comprehensive MCO,All populations,,Tufts-Atrius,1/1/20,12/31/20,2020," $189,299,729 "," $195,246,251 "," 412,761 ",97.0%,  
MA,ACPP,Comprehensive MCO,All populations,,Tufts-BIDCO,1/1/20,12/31/20,2020," $219,884,859 "," $238,244,801 "," 454,304 ",92.3%,  
MA,ACPP,Comprehensive MCO,All populations,,Tufts-CHA,1/1/20,12/31/20,2020," $170,342,248 "," $183,564,545 "," 356,500 ",93.9%,  
MA,ACPP,Comprehensive MCO,All populations,,Tufts-CHACO,1/1/20,12/31/20,2020," $398,575,921 "," $444,641,927 "," 1,337,602 ",89.6%,  
MA,Massachusetts Behavioral Health Partnership (MBHP),Behavioral health only,All populations,,Mass Health PCC Plan,1/1/20,12/31/20,2020," $571,028,494 "," $641,415,058 "," 549,059 ",89.0%,  
MA,MassHealth Managed Care (MMC),Comprehensive MCO,All populations,,BMC-MCO,1/1/20,12/31/20,2020," $310,978,907 "," $330,564,542 "," 504,953 ",94.1%,  
MA,MassHealth Managed Care (MMC),Comprehensive MCO,All populations,,Tufts-MCO,1/1/20,12/31/20,2020," $423,410,604 "," $436,820,119 "," 741,245 ",96.9%,  
MA,SCO,Comprehensive MCO + MLTSS,All populations,,BMCHP,1/1/20,12/31/20,2020," $26,321,069 "," $30,553,152 "," 18,399 ",90.9%,  
MA,SCO,Comprehensive MCO + MLTSS,All populations,,CCA,1/1/20,12/31/20,2020," $279,966,698 "," $296,748,442 "," 143,360 ",96.1%,  
MA,SCO,Comprehensive MCO + MLTSS,All populations,,FCHP,1/1/20,12/31/20,2020," $225,269,204 "," $246,232,108 "," 95,862 ",93.5%,  
MA,SCO,Comprehensive MCO + MLTSS,All populations,,SWH,1/1/20,12/31/20,2020," $318,864,827 "," $361,500,625 "," 182,472 ",89.7%,  
MA,SCO,Comprehensive MCO + MLTSS,All populations,,Tufts,1/1/20,12/31/20,2020," $159,078,080 "," $182,350,515 "," 89,423 ",89.3%,  
MA,SCO,Comprehensive MCO + MLTSS,All populations,,UHC,1/1/20,12/31/20,2020," $361,640,984 "," $396,836,271 "," 252,750 ",92.4%,  
MA,Regional MCO,Comprehensive MCO,All Populations,,Atrius Health in partnership with Tufts Health Public Plans (THPP),1/1/21,12/31/21,2021," $227,883,033 "," $238,621,622 "," 480,444 ",95.5%, $-   
MA,Regional MCO,Comprehensive MCO,All Populations,,Baystate Health Care Alliance in partnership with Health New England,1/1/21,12/31/21,2021," $289,439,494 "," $311,074,855 "," 531,011 ",93.0%, $-   
MA,Regional MCO,Comprehensive MCO,All Populations,,Beth Israel Deaconess Care Organization (BIDCO) in partnership with Tufts Health Public Plans (THPP),1/1/21,12/31/21,2021," $255,193,973 "," $272,756,563 "," 519,188 ",93.6%, $-   
MA,Regional MCO,Comprehensive MCO,All Populations,,Boston Accountable Care Organization in partnership with BMC HealthNet Plan,1/1/21,12/31/21,2021," $1,070,191,433 "," $1,109,003,583 "," 1,695,128 ",96.5%, $-   
MA,Regional MCO,Comprehensive MCO,All Populations,,Boston Children's Health ACO in partnership with Tufts Health Public Plans (THPP),1/1/21,12/31/21,2021," $450,015,841 "," $497,494,201 "," 1,464,740 ",90.5%, $-   
MA,Regional MCO,Comprehensive MCO,All Populations,,Cambridge Health Alliance (CHA) in partnership with Tufts Health Public Plans (THPP),1/1/21,12/31/21,2021," $190,798,160 "," $201,735,086 "," 409,267 ",94.6%, $-   
MA,Regional MCO,Comprehensive MCO,All Populations,,Health Collaborative of the Berkshires in partnership with Fallon Health,1/1/21,12/31/21,2021," $150,623,269 "," $162,044,664 "," 234,870 ",94.4%, $-   
MA,Regional MCO,Comprehensive MCO,All Populations,,Mercy Medical Center in partnership with BMC HealthNet Plan,1/1/21,12/31/21,2021," $179,275,865 "," $196,501,767 "," 386,410 ",91.2%, $-   
MA,Regional MCO,Comprehensive MCO,All Populations,,Merrimack Valley ACO in partnership with AllWays Health Partners,1/1/21,12/31/21,2021," $191,481,636 "," $211,761,274 "," 485,179 ",90.4%, $-   
MA,Regional MCO,Comprehensive MCO,All Populations,,Reliant Medical Group in partnership with Fallon Health,1/1/21,12/31/21,2021," $208,428,531 "," $226,498,299 "," 481,826 ",92.0%, $-   
MA,Regional MCO,Comprehensive MCO,All Populations,,Signature Healthcare in partnership with BMC HealthNet Plan,1/1/21,12/31/21,2021," $142,031,861 "," $151,745,925 "," 269,251 ",94.9%, $-   
MA,Regional MCO,Comprehensive MCO,All Populations,,Southcoast Health in partnership with BMC HealthNet Plan,1/1/21,12/31/21,2021," $144,044,614 "," $155,908,139 "," 239,448 ",93.8%, $-   
MA,Regional MCO,Comprehensive MCO,All Populations,,Tufts Health Plan,1/1/21,12/31/21,2021," $477,098,512 "," $485,629,912 "," 809,898 ",98.2%, $-   
MA,Regional MCO,Comprehensive MCO,All Populations,,Wellforce in partnership with Fallon Health,1/1/21,12/31/21,2021," $342,690,505 "," $373,827,742 "," 727,780 ",91.7%, $-   
MA,Regional SCO,Comprehensive MCO + MLTSS,All Populations,,Boston Medical Center Healthnet Plan,1/1/21,12/31/21,2021," $29,884,819 "," $33,723,629 "," 20,040 ",93.2%, $-   
MA,Regional SCO,Comprehensive MCO + MLTSS,All Populations,,Commonwealth Care Alliance,1/1/21,12/31/21,2021," $313,862,514 "," $330,601,090 "," 151,742 ",96.6%, $-   
MA,Regional SCO,Comprehensive MCO + MLTSS,All Populations,,Navicare HMO,1/1/21,12/31/21,2021," $248,658,133 "," $262,131,789 "," 103,456 ",96.9%, $-   
MA,Regional SCO,Comprehensive MCO + MLTSS,All Populations,,Senior Whole Health,1/1/21,12/31/21,2021," $326,862,467 "," $376,125,015 "," 181,813 ",88.5%, $-   
MA,Regional SCO,Comprehensive MCO + MLTSS,All Populations,,Tufts Health Plan,1/1/21,12/31/21,2021," $204,856,586 "," $222,033,095 "," 104,313 ",94.3%, $-   
MA,Regional SCO,Comprehensive MCO + MLTSS,All Populations,,United Healthcare,1/1/21,12/31/21,2021," $391,341,522 "," $427,666,736 "," 262,603 ",92.8%, $-   
MA,Statewide MCO,Comprehensive MCO,All Populations,,Boston Medical Center HealthNet Plan,1/1/21,12/31/21,2021," $326,124,894 "," $343,242,068 "," 528,155 ",95.0%, $-   
MA,Statewide PIHP,Behavioral Health Only,All Populations,,Massachusetts Behavioral Health Partnership,1/1/21,12/31/21,2021," $624,063,436 "," $622,633,519 "," 622,684 ",100.2%, $-   
MA,Regional MCO,Comprehensive MCO,All Populations,,"Atrius Health, Inc. in Partnership with Tufts Health Public Plans",1/1/22,12/31/22,2022," $249,423,368 "," $273,138,324 "," 519,365 ",91.3%, $-   
MA,Regional MCO,Comprehensive MCO,All Populations,,Baystate Health Care Alliance in Partnership with Health New England,1/1/22,12/31/22,2022," $324,689,377 "," $347,089,536 "," 574,563 ",93.5%, $-   
MA,Regional MCO,Comprehensive MCO,All Populations,,Beth Israel Deaconess Care Organization in Partnership with Tufts Health Public Plans,1/1/22,12/31/22,2022," $286,641,986 "," $307,140,941 "," 564,536 ",93.3%, $-   
MA,Regional MCO,Comprehensive MCO,All Populations,,"Boston Accountable Care Organization in Partnership with Boston Medical Center Health Plan, Inc.",1/1/22,12/31/22,2022," $1,168,245,931 "," $1,227,682,012 "," 1,820,206 ",95.2%, $-   
MA,Regional MCO,Comprehensive MCO,All Populations,,Boston Children's Accountable Care Organization in Partnership with Tufts Health Public Plans,1/1/22,12/31/22,2022," $515,993,266 "," $572,880,671 "," 1,574,544 ",90.1%, $-   
MA,Regional MCO,Comprehensive MCO,All Populations,,Cambridge Health Alliance in Partnership with Tufts Health Public Plans,1/1/22,12/31/22,2022," $213,519,379 "," $233,753,614 "," 455,671 ",91.3%, $-   
MA,Regional MCO,Comprehensive MCO,All Populations,,Health Collaborative of the Berkshires in Partnership with Fallon Community Health Plan,1/1/22,12/31/22,2022," $170,050,208 "," $178,041,802 "," 252,234 ",96.8%, $-   
MA,Regional MCO,Comprehensive MCO,All Populations,,"Mercy Health Accountable Care Organization in Partnership with Boston Medical Center Health Plan, Inc.",1/1/22,12/31/22,2022," $180,055,259 "," $195,914,903 "," 406,799 ",91.9%, $-   
MA,Regional MCO,Comprehensive MCO,All Populations,,"Merrimack Valley Accountable Care Organization in Partnership with AllWays Health Partners, Inc.",1/1/22,12/31/22,2022," $217,279,513 "," $238,903,692 "," 526,522 ",90.9%, $-   
MA,Regional MCO,Comprehensive MCO,All Populations,,Reliant Medical Group in Partnership with Fallon Community Health Plan,1/1/22,12/31/22,2022," $217,069,616 "," $238,591,674 "," 490,900 ",91.0%, $-   
MA,Regional MCO,Comprehensive MCO,All Populations,,"Signature Healthcare Corporation in Partnership with Boston Medical Center Health Plan, Inc.",1/1/22,12/31/22,2022," $153,798,346 "," $165,082,874 "," 290,646 ",94.4%, $-   
MA,Regional MCO,Comprehensive MCO,All Populations,,"Southcoast Health Network in Partnership with Boston Medical Center Health Plan, Inc.",1/1/22,12/31/22,2022," $158,532,769 "," $169,414,355 "," 253,654 ",94.9%, $-   
MA,Regional MCO,Comprehensive MCO,All Populations,,"Tufts Health Public Plans, Inc.",1/1/22,12/31/22,2022," $490,953,423 "," $532,271,248 "," 841,527 ",92.2%, $-   
MA,Regional MCO,Comprehensive MCO,All Populations,,Wellforce in Partnership with Fallon Community Health Plan,1/1/22,12/31/22,2022," $354,969,339 "," $390,124,307 "," 739,993 ",91.0%, $-   
MA,Regional SCO,Comprehensive MCO + MLTSS,All Populations,,Boston Medical Center Healthnet Plan,1/1/22,12/31/22,2022," $39,798,001 "," $40,851,434 "," 22,968 ",101.5%, $-   
MA,Regional SCO,Comprehensive MCO + MLTSS,All Populations,,Commonwealth Care Alliance,1/1/22,12/31/22,2022," $356,873,685 "," $361,138,951 "," 164,567 ",100.4%, $-   
MA,Regional SCO,Comprehensive MCO + MLTSS,All Populations,,Fallon Navicare HMO,1/1/22,12/31/22,2022," $285,943,532 "," $299,093,332 "," 116,014 ",97.5%, $-   
MA,Regional SCO,Comprehensive MCO + MLTSS,All Populations,,Senior Whole Health,1/1/22,12/31/22,2022," $333,547,197 "," $367,401,321 "," 163,592 ",92.4%, $-   
MA,Regional SCO,Comprehensive MCO + MLTSS,All Populations,,Tufts Health Plan,1/1/22,12/31/22,2022," $249,330,058 "," $260,850,957 "," 118,974 ",97.5%, $-   
MA,Regional SCO,Comprehensive MCO + MLTSS,All Populations,,United Healthcare,1/1/22,12/31/22,2022," $425,645,191 "," $464,690,530 "," 280,089 ",92.9%, $-   
MA,Statewide MCO,Comprehensive MCO,All Populations,,"Boston Medical Center Health Plan, Inc.",1/1/22,12/31/22,2022," $331,322,086 "," $361,330,279 "," 550,122 ",91.7%, $-   
MA,Statewide Prepaid Inpatient Health Plan,Behavioral Health Only,All Populations,,Massachusetts Behavioral Health Partnership,1/1/22,12/31/22,2022," $687,524,406 "," $682,222,230 "," 667,826 ",100.8%, $-   
MA,Statewide Prepaid Inpatient Health Plan,PIHP,All Populations,,Massachusetts Behavioral Health Partnership,1/1/22,12/31/22,2022," $687,524,406 "," $682,222,230 "," 667,826 ",100.8%, $-   
MD,HealthChoice,Comprehensive MCO,All populations,,Aetna Better Health of Maryland,1/1/18,12/31/18,2018," $32,678,938 "," $37,014,878 "," 100,512 ",90.3%, $-   
MD,HealthChoice,Comprehensive MCO,All populations,,Amerigroup Community Care,1/1/18,12/31/18,2018," $895,475,059 "," $1,086,771,526 "," 3,308,748 ",82.4%," $33,271,456 "
MD,HealthChoice,Comprehensive MCO,All populations,,Jai Medical Systems,1/1/18,12/31/18,2018," $171,849,568 "," $187,041,488 "," 314,535 ",93.1%, $-   
MD,HealthChoice,Comprehensive MCO,All populations,,Kaiser Permanente,1/1/18,12/31/18,2018," $281,207,869 "," $270,706,534 "," 781,054 ",103.9%, $-   
MD,HealthChoice,Comprehensive MCO,All populations,,Maryland Physician's Care,1/1/18,12/31/18,2018," $1,025,799,737 "," $1,112,436,818 "," 2,574,762 ",92.2%, $-   
MD,HealthChoice,Comprehensive MCO,All populations,,MedStar,1/1/18,12/31/18,2018," $410,998,644 "," $453,427,242 "," 1,086,270 ",90.6%, $-   
MD,HealthChoice,Comprehensive MCO,All populations,,Priority Partners,1/1/18,12/31/18,2018," $1,282,082,653 "," $1,437,369,728 "," 3,559,493 ",89.2%, $-   
MD,HealthChoice,Comprehensive MCO,All populations,,United HealthCare,1/1/18,12/31/18,2018," $568,246,946 "," $666,618,782 "," 1,371,339 ",85.2%, $-   
MD,HealthChoice,Comprehensive MCO,All populations,,University of Maryland Health Partners,1/1/18,12/31/18,2018," $228,346,841 "," $243,015,426 "," 551,509 ",94.0%, $-   
MD,HealthChoice,Comprehensive MCO,All populations,,Aetna Better Health of Maryland,1/1/19,12/31/19,2019," $84,484,241 "," $109,272,373 "," 53,406 ",78.6%," $8,072,196 "
MD,HealthChoice,Comprehensive MCO,All populations,,"Amerigroup Maryland, Inc.",1/1/19,12/31/19,2019," $929,197,334 "," $1,069,970,806 "," 3,292,203 ",86.8%, $-   
MD,HealthChoice,Comprehensive MCO,All populations,,"Jai Medical Systems Managed Care Organization, Inc.",1/1/19,12/31/19,2019," $184,136,903 "," $191,814,823 "," 322,315 ",97.2%, $-   
MD,HealthChoice,Comprehensive MCO,All populations,,"Kaiser Foundation Health Plan of the Mid-Atlantic States, Inc.",1/1/19,12/31/19,2019," $284,500,383 "," $279,595,370 "," 810,775 ",101.8%, $-   
MD,HealthChoice,Comprehensive MCO,All populations,,"Maryland Care, Inc. D/B/A Maryland Physicians Care MCO",1/1/19,12/31/19,2019," $1,030,975,824 "," $1,078,051,973 "," 2,532,376 ",95.6%, $-   
MD,HealthChoice,Comprehensive MCO,All populations,,"MedStar Family Choice, Inc.",1/1/19,12/31/19,2019," $420,401,236 "," $443,601,243 "," 1,080,607 ",94.8%, $-   
MD,HealthChoice,Comprehensive MCO,All populations,,"Priority Partners Managed Care Organization, Inc",1/1/19,12/31/19,2019," $1,318,031,904 "," $1,404,102,118 "," 3,568,309 ",93.9%, $-   
MD,HealthChoice,Comprehensive MCO,All populations,,"UnitedHealthCare of the Mid-Atlantic, Inc.",1/1/19,12/31/19,2019," $571,268,462 "," $642,295,217 "," 1,744,964 ",88.9%, $-   
MD,HealthChoice,Comprehensive MCO,All populations,,"University of Maryland Health Partners, Inc.",1/1/19,12/31/19,2019," $225,364,555 "," $244,992,113 "," 562,676 ",92.0%, $-   
MD,HealthChoice,Comprehensive MCO,All populations,,"MedStar Family Choice, Inc.",1/1/20,12/31/20,2020," $446,686,130 "," $497,336,013 "," 1,125,125 ",89.8%, $-   
MD,HeathChoice,Comprehensive MCO,All populations,,Aetna Better Health of Maryland,1/1/20,12/31/20,2020," $140,116,972 "," $165,465,118 "," 414,319 ",84.7%," $529,488 "
MD,HeathChoice,Comprehensive MCO,All populations,,"AMERIGROUP Maryland, Inc. ",1/1/20,12/31/20,2020," $968,959,896 "," $1,134,573,359 "," 3,435,794 ",85.4%, $-   
MD,HeathChoice,Comprehensive MCO,All populations,,CareFirst Community Health Plan Maryland,1/1/20,12/31/20,2020," $221,987,149 "," $257,973,584 "," 582,041 ",86.1%, $-   
MD,HeathChoice,Comprehensive MCO,All populations,,"Jai Medical Systems Managed Care Organization, Inc. ",1/1/20,12/31/20,2020," $190,353,127 "," $208,758,740 "," 332,481 ",92.3%, $-   
MD,HeathChoice,Comprehensive MCO,All populations,,"Kaiser Foundation Health Plan of the Mid-Atlantic States, Inc. ",1/1/20,12/31/20,2020," $347,010,016 "," $366,837,718 "," 980,234 ",94.6%, $-   
MD,HeathChoice,Comprehensive MCO,All populations,,Maryland Physicians Care MCO,1/1/20,12/31/20,2020," $1,055,425,016 "," $1,193,059,731 "," 2,617,254 ",88.5%, $-   
MD,HeathChoice,Comprehensive MCO,All populations,,"Priority Partners Managed Care Organization, Inc.",1/1/20,12/31/20,2020," $1,347,557,537 "," $1,543,874,020 "," 3,711,792 ",87.3%, $-   
MD,HeathChoice,Comprehensive MCO,All populations,,"UnitedHealthcare of the Mid-Atlantic, Inc.",1/1/20,12/31/20,2020," $581,806,746 "," $676,197,647 "," 1,796,808 ",86.0%, $-   
MD,HealthChoice,Comprehensive MCO,All Populations,,Aetna Better Health of Maryland ,1/1/21,12/31/21,2021," $185,411,093 "," $230,311,268 "," 562,648 ",80.5%," $12,180,571 "
MD,HealthChoice,Comprehensive MCO,All Populations,,Amerigroup Community Care ,1/1/21,12/31/21,2021," $1,091,912,740 "," $1,275,319,877 "," 3,741,751 ",85.6%, $-   
MD,HealthChoice,Comprehensive MCO,All Populations,,CareFirst Community Health Partners ,1/1/21,12/31/21,2021," $298,431,171 "," $322,741,115 "," 722,632 ",92.5%, $-   
MD,HealthChoice,Comprehensive MCO,All Populations,,Jai Medical Systems,1/1/21,12/31/21,2021," $197,629,097 "," $205,957,261 "," 353,572 ",97.1%, $-   
MD,HealthChoice,Comprehensive MCO,All Populations,,"Kaiser Foundation Health Plan of the Mid-Atlantic States, Inc.  ",1/1/21,12/31/21,2021," $446,795,024 "," $466,896,980 "," 1,248,760 ",95.7%, $-   
MD,HealthChoice,Comprehensive MCO,All Populations,,Priority Partners ,1/1/21,12/31/21,2021," $1,538,122,891 "," $1,668,625,908 "," 4,026,707 ",92.2%, $-   
MD,HealthChoice,Comprehensive MCO,All Populations,,"UnitedHealthcare of the Mid-Atlantic, Inc. ",1/1/21,12/31/21,2021," $651,717,052 "," $721,088,252 "," 1,962,722 ",90.4%, $-   
MD,"HealthChoice (Comprehensive MCO)
",Comprehensive MCO,All Populations,,Maryland Physicians Care  ,1/1/21,12/31/21,2021," $1,207,139,033 "," $1,280,922,508 "," 2,836,206 ",94.2%, $-   
MD,"HealthChoice (Comprehensive MCO)
",Comprehensive MCO,All Populations,,"MedStar Family Choice, Inc.",1/1/21,12/31/21,2021," $506,821,947 "," $536,299,227 "," 1,243,036 ",94.5%, $-   
MD,Maryland HealthChoice Program,Comprehensive MCO,All Populations,,Aetna Better Health Of Maryland,1/1/22,12/31/22,2022," $196,548,732 "," $243,718,403 "," 665,246 ",80.6%," $12,484,602 "
MD,Maryland HealthChoice Program,Comprehensive MCO,All Populations,,CareFirst Community Partners,1/1/22,12/31/22,2022," $387,550,309 "," $441,358,607 "," 931,261 ",87.8%, $-   
MD,Maryland HealthChoice Program,Comprehensive MCO,All Populations,,Kaiser Foundation Health Plan of the Mid-Atlantic states,1/1/22,12/31/22,2022," $474,983,624 "," $531,397,491 "," 1,389,860 ",89.4%, $-   
MD,Maryland HealthChoice Program,Comprehensive MCO,All Populations,,Maryland Physicians Care,1/1/22,12/31/22,2022," $1,199,563,122 "," $1,352,080,535 "," 2,980,884 ",88.7%, $-   
MD,Maryland HealthChoice Program,Comprehensive MCO,All Populations,,"MedStar Family Choice, Inc.",1/1/22,12/31/22,2022," $551,327,062 "," $581,628,168 "," 1,304,404 ",94.8%, $-   
MD,Maryland HealthChoice Program,Comprehensive MCO,All Populations,,Priority Partners,1/1/22,12/31/22,2022," $1,563,914,769 "," $1,776,812,701 "," 4,217,357 ",88.0%, $-   
MD,Maryland HealthChoice Program,Comprehensive MCO,All Populations,,"Systems Managed Care Organization, Inc.",1/1/22,12/31/22,2022," $186,803,937 "," $209,134,931 "," 359,484 ",90.4%, $-   
MD,Maryland HealthChoice Program,Comprehensive MCO,All Populations,,"United HealthCare of the Mid-Atlantic, Inc.",1/1/22,12/31/22,2022," $681,603,770 "," $776,297,201 "," 2,055,535 ",87.8%, $-   
MD,Maryland HealthChoice Program,Comprehensive MCO,All Populations,,"Wellpoint Maryland, Inc.",1/1/22,12/31/22,2022," $1,125,826,746 "," $1,323,033,672 "," 3,925,968 ",85.1%, $-   
MI,Healthy Kids Dental Plan,Dental only,All populations,,Delta Dental,10/1/17,9/30/18,2018," $199,764,163 "," $234,994,232 "," 11,609,262 ",85.0%,  
MI,Healthy Michigan Plan,Comprehensive MCO,Group VIII expansion adult only ,,Aetna Better Health of MI,10/1/17,9/30/18,2018," $37,260,892 "," $42,552,109 "," 132,956 ",88.9%,  
MI,Healthy Michigan Plan,Comprehensive MCO,Group VIII expansion adult only ,,Blue Cross Complete,10/1/17,9/30/18,2018," $296,639,468 "," $350,326,826 "," 1,003,609 ",84.7%,  
MI,Healthy Michigan Plan,Comprehensive MCO,Group VIII expansion adult only ,,Empowered Health Plan,10/1/17,9/30/18,2018," $3,845,394 "," $5,070,306 "," 14,931 ",81.1%,  
MI,Healthy Michigan Plan,Comprehensive MCO,Group VIII expansion adult only ,,McLaren Health Plan,10/1/17,9/30/18,2018," $253,205,784 "," $273,061,627 "," 773,450 ",92.7%,  
MI,Healthy Michigan Plan,Comprehensive MCO,Group VIII expansion adult only ,,Meridian Health Plan,10/1/17,9/30/18,2018," $575,520,770 "," $630,984,902 "," 1,821,154 ",91.2%,  
MI,Healthy Michigan Plan,Comprehensive MCO,Group VIII expansion adult only ,,Molina Health Care,10/1/17,9/30/18,2018," $295,357,437 "," $345,626,880 "," 1,104,208 ",85.5%,  
MI,Healthy Michigan Plan,Comprehensive MCO,Group VIII expansion adult only ,,Priority Health Plan,10/1/17,9/30/18,2018," $138,926,681 "," $155,015,081 "," 430,166 ",89.6%,  
MI,Healthy Michigan Plan,Comprehensive MCO,Group VIII expansion adult only ,,Total Healthcare,10/1/17,9/30/18,2018," $61,983,698 "," $67,319,165 "," 191,787 ",92.1%,  
MI,Healthy Michigan Plan,Comprehensive MCO,Group VIII expansion adult only ,,United Healthcare Community Plan,10/1/17,9/30/18,2018," $219,235,911 "," $270,584,225 "," 812,481 ",81.0%,  
MI,Healthy Michigan Plan,Comprehensive MCO,Group VIII expansion adult only ,,Upper Peninsula,10/1/17,9/30/18,2018," $55,376,454 "," $66,540,537 "," 189,113 ",84.2%,  
MI,Managed Care Plan Division,Comprehensive MCO,Non-expansion adult only,,Aetna Better Health of MI,10/1/17,9/30/18,2018," $83,998,511 "," $93,294,236 "," 356,044 ",91.1%,  
MI,Managed Care Plan Division,Comprehensive MCO,Non-expansion adult only,,Blue Cross Complete,10/1/17,9/30/18,2018," $312,492,528 "," $353,188,124 "," 1,475,694 ",88.5%,  
MI,Managed Care Plan Division,Comprehensive MCO,Non-expansion adult only,,Empowered Health Plan,10/1/17,9/30/18,2018," $3,826,921 "," $4,217,888 "," 17,456 ",95.7%,  
MI,Managed Care Plan Division,Comprehensive MCO,Non-expansion adult only,,McLaren Health Plan,10/1/17,9/30/18,2018," $373,405,674 "," $388,625,909 "," 1,598,747 ",96.1%,  
MI,Managed Care Plan Division,Comprehensive MCO,Non-expansion adult only,,Meridian Health Plan,10/1/17,9/30/18,2018," $890,452,235 "," $975,478,480 "," 4,204,112 ",91.3%,  
MI,Managed Care Plan Division,Comprehensive MCO,Non-expansion adult only,,Molina Health Care,10/1/17,9/30/18,2018," $650,602,255 "," $682,593,656 "," 3,164,657 ",95.3%,  
MI,Managed Care Plan Division,Comprehensive MCO,Non-expansion adult only,,Priority Health Plan,10/1/17,9/30/18,2018," $221,094,766 "," $243,068,007 "," 1,070,611 ",91.0%,  
MI,Managed Care Plan Division,Comprehensive MCO,Non-expansion adult only,,Total Healthcare,10/1/17,9/30/18,2018," $111,883,022 "," $113,014,507 "," 433,261 ",99.0%,  
MI,Managed Care Plan Division,Comprehensive MCO,Non-expansion adult only,,United Healthcare Community Plan,10/1/17,9/30/18,2018," $494,988,343 "," $543,550,968 "," 2,230,839 ",91.1%,  
MI,Managed Care Plan Division,Comprehensive MCO,Non-expansion adult only,,Upper Peninsula,10/1/17,9/30/18,2018," $67,692,754 "," $79,556,061 "," 342,296 ",86.2%,  
MI,MI Choice Waiver Program,MLTSS only,MLTSS only,,A&D Home Health Care,10/1/17,9/30/18,2018," $24,478,404 "," $27,358,129 "," 10,786 ",95.7%,  
MI,MI Choice Waiver Program,MLTSS only,MLTSS only,,Area Agency on Aging 1-B,10/1/17,9/30/18,2018," $25,214,582 "," $24,405,630 "," 10,112 ",109.8%,  
MI,MI Choice Waiver Program,MLTSS only,MLTSS only,,Area Agency on Aging of NW Michigan,10/1/17,9/30/18,2018," $9,548,970 "," $9,808,050 "," 4,156 ",,  
MI,MI Choice Waiver Program,MLTSS only,MLTSS only,,Detroit Area Agency on Aging,10/1/17,9/30/18,2018," $28,693,378 "," $33,869,157 "," 15,904 ",89.9%,  
MI,MI Choice Waiver Program,MLTSS only,MLTSS only,,MORC Home Care Inc,10/1/17,9/30/18,2018," $6,295,696 "," $7,225,315 "," 3,009 ",,  
MI,MI Choice Waiver Program,MLTSS only,MLTSS only,,Northeast MI Community Service Agency,10/1/17,9/30/18,2018," $13,377,036 "," $13,454,423 "," 5,200 ",,  
MI,MI Choice Waiver Program,MLTSS only,MLTSS only,,Northern Health Care Management,10/1/17,9/30/18,2018," $10,441,069 "," $10,565,616 "," 4,133 ",,  
MI,MI Choice Waiver Program,MLTSS only,MLTSS only,,Region 2 Area Agency on Aging,10/1/17,9/30/18,2018," $16,562,288 "," $16,727,224 "," 7,287 ",106.6%,  
MI,MI Choice Waiver Program,MLTSS only,MLTSS only,,Region 3B Area Agency on Aging,10/1/17,9/30/18,2018," $14,107,715 "," $14,911,530 "," 6,113 ",102.7%,  
MI,MI Choice Waiver Program,MLTSS only,MLTSS only,,Region IV Area Agency on Aging,10/1/17,9/30/18,2018," $11,731,947 "," $13,499,414 "," 5,627 ",95.2%,  
MI,MI Choice Waiver Program,MLTSS only,MLTSS only,,Region VII Area Agency on Aging,10/1/17,9/30/18,2018," $23,501,322 "," $26,715,089 "," 10,787 ",94.2%,  
MI,MI Choice Waiver Program,MLTSS only,MLTSS only,,Reliance Community Care Partners,10/1/17,9/30/18,2018," $18,172,899 "," $19,584,452 "," 7,651 ",100.3%,  
MI,MI Choice Waiver Program,MLTSS only,MLTSS only,,Senior Resources of West Michigan,10/1/17,9/30/18,2018," $18,900,693 "," $20,380,020 "," 8,390 ",99.9%,  
MI,MI Choice Waiver Program,MLTSS only,MLTSS only,,Senior Services,10/1/17,9/30/18,2018," $12,767,189 "," $8,610,131 "," 101,143 ",150.3%,  
MI,MI Choice Waiver Program,MLTSS only,MLTSS only,,The Information Center,10/1/17,9/30/18,2018," $8,175,856 "," $9,175,644 "," 3,731 ",,  
MI,MI Choice Waiver Program,MLTSS only,MLTSS only,,The Senior Alliance,10/1/17,9/30/18,2018," $14,293,598 "," $15,749,342 "," 6,634 ",98.7%,  
MI,MI Choice Waiver Program,MLTSS only,MLTSS only,,Tri-County Office on Aging,10/1/17,9/30/18,2018," $21,122,118 "," $22,322,264 "," 8,633 ",101.7%,  
MI,MI Choice Waiver Program,MLTSS only,MLTSS only,,"UPCAP SERVICES, INC.",10/1/17,9/30/18,2018," $10,359,273 "," $10,936,950 "," 4,631 ",,  
MI,MI Choice Waiver Program,MLTSS only,MLTSS only,,Valley Area Agency on Aging,10/1/17,9/30/18,2018," $10,738,731 "," $11,779,652 "," 4,496 ",,  
MI,Specialty Prepaid Inpatient Health Plan (Healthy Michigan Plan),Behavioral health only,Group VIII expansion adult only ,,CMH Partnership of Southeast Michigan,10/1/17,9/30/18,2018," $19,364,107 "," $13,775,633 "," 434,500 ",140.6%,  
MI,Specialty Prepaid Inpatient Health Plan (Healthy Michigan Plan),Behavioral health only,Group VIII expansion adult only ,,Detroit Wayne Mental Health Authority,10/1/17,9/30/18,2018," $88,603,075 "," $95,829,121 "," 2,196,354 ",92.5%,  
MI,Specialty Prepaid Inpatient Health Plan (Healthy Michigan Plan),Behavioral health only,Group VIII expansion adult only ,,Lakeshore Regional Entity,10/1/17,9/30/18,2018," $36,268,200 "," $22,851,719 "," 747,219 ",158.7%,  
MI,Specialty Prepaid Inpatient Health Plan (Healthy Michigan Plan),Behavioral health only,Group VIII expansion adult only ,,Macomb County CMH Services,10/1/17,9/30/18,2018," $16,434,816 "," $19,375,688 "," 662,564 ",84.8%,  
MI,Specialty Prepaid Inpatient Health Plan (Healthy Michigan Plan),Behavioral health only,Group VIII expansion adult only ,,Mid-State Health Network,10/1/17,9/30/18,2018," $56,686,392 "," $57,814,507 "," 1,321,720 ",98.1%,  
MI,Specialty Prepaid Inpatient Health Plan (Healthy Michigan Plan),Behavioral health only,Group VIII expansion adult only ,,Northcare Network,10/1/17,9/30/18,2018," $9,259,762 "," $7,656,095 "," 228,658 ",121.0%,  
MI,Specialty Prepaid Inpatient Health Plan (Healthy Michigan Plan),Behavioral health only,Group VIII expansion adult only ,,Northern Michigan Regional Entity,10/1/17,9/30/18,2018," $18,764,050 "," $15,954,874 "," 416,318 ",117.6%,  
MI,Specialty Prepaid Inpatient Health Plan (Healthy Michigan Plan),Behavioral health only,Group VIII expansion adult only ,,Region 10,10/1/17,9/30/18,2018," $28,186,800 "," $24,510,353 "," 654,491 ",115.0%,  
MI,Specialty Prepaid Inpatient Health Plan (Healthy Michigan Plan),Behavioral health only,Group VIII expansion adult only ,,Southwest Michigan Behavioral Health,10/1/17,9/30/18,2018," $25,723,159 "," $28,969,563 "," 51,349 ",90.8%,  
MI,Specialty Prepaid Inpatient Health Plan (Specialty Services and Supports Waiver),Behavioral health only,Non-expansion adult only,,CMH Partnership of Southeast Michigan,10/1/17,9/30/18,2018," $140,708,567 "," $136,599,925 "," 991,556 ",103.0%,  
MI,Specialty Prepaid Inpatient Health Plan (Specialty Services and Supports Waiver),Behavioral health only,Non-expansion adult only,,Detroit Wayne Mental Health Authority,10/1/17,9/30/18,2018," $561,811,840 "," $578,444,136 "," 5,537,012 ",97.1%,  
MI,Specialty Prepaid Inpatient Health Plan (Specialty Services and Supports Waiver),Behavioral health only,Non-expansion adult only,,Lakeshore Regional Entity,10/1/17,9/30/18,2018," $256,829,710 "," $248,296,988 "," 2,342,378 ",103.4%,  
MI,Specialty Prepaid Inpatient Health Plan (Specialty Services and Supports Waiver),Behavioral health only,Non-expansion adult only,,Macomb County CMH Services,10/1/17,9/30/18,2018," $165,917,494 "," $161,673,868 "," 1,508,641 ",102.6%,  
MI,Specialty Prepaid Inpatient Health Plan (Specialty Services and Supports Waiver),Behavioral health only,Non-expansion adult only,,Mid-State Health Network,10/1/17,9/30/18,2018," $481,330,657 "," $491,006,424 "," 2,370,578 ",98.0%,  
MI,Specialty Prepaid Inpatient Health Plan (Specialty Services and Supports Waiver),Behavioral health only,Non-expansion adult only,,Northcare Network,10/1/17,9/30/18,2018," $80,865,414 "," $84,062,065 "," 546,515 ",96.2%,  
MI,Specialty Prepaid Inpatient Health Plan (Specialty Services and Supports Waiver),Behavioral health only,Non-expansion adult only,,Northern Michigan Regional Entity,10/1/17,9/30/18,2018," $151,889,008 "," $155,014,085 "," 1,018,050 ",98.0%,  
MI,Specialty Prepaid Inpatient Health Plan (Specialty Services and Supports Waiver),Behavioral health only,Non-expansion adult only,,Region 10,10/1/17,9/30/18,2018," $179,506,384 "," $207,831,117 "," 1,661,674 ",86.4%,  
MI,Specialty Prepaid Inpatient Health Plan (Specialty Services and Supports Waiver),Behavioral health only,Non-expansion adult only,,Southwest Michigan Behavioral Health,10/1/17,9/30/18,2018," $196,646,106 "," $206,620,043 "," 148,371 ",96.9%,  
MI,Specialty Services and Supports Waiver,Behavioral health only,Group VIII expansion adult only ,,Oakland County CMH Authority,10/1/17,9/30/18,2018," $28,174,748 "," $31,868,433 "," 639,979 ",88.4%,  
MI,Specialty Services and Supports Waiver,Behavioral health only,Non-expansion adult only,,Oakland County CMH Authority,10/1/17,9/30/18,2018," $242,117,738 "," $233,492,967 "," 1,477,315 ",103.7%,  
MI,Healthy Kids Dental,Dental only,All populations,,BCBSM,10/1/18,9/30/19,2019," $9,676,533 "," $16,381,089 "," 1,132,386 ",59.1%,  
MI,Healthy Kids Dental,Dental only,All populations,,Delta Dental,10/1/18,9/30/19,2019," $188,965,228 "," $221,275,754 "," 10,699,878 ",85.4%,  
MI,Healthy Michigan Plan,Comprehensive MCO,Group VIII expansion adult only ,,Aetna Better Health of MI,10/1/18,9/30/19,2019," $37,795,831 "," $42,694,522 "," 129,044 ",89.9%,  
MI,Healthy Michigan Plan,Comprehensive MCO,Group VIII expansion adult only ,,Blue Cross Complete,10/1/18,9/30/19,2019," $304,906,909 "," $342,919,609 "," 988,457 ",88.9%,  
MI,Healthy Michigan Plan,Comprehensive MCO,Group VIII expansion adult only ,,HAP Empowered Health Plan,10/1/18,9/30/19,2019," $5,117,996 "," $6,652,998 "," 19,264 ",81.6%,  
MI,Healthy Michigan Plan,Comprehensive MCO,Group VIII expansion adult only ,,McLaren Health Plan,10/1/18,9/30/19,2019," $264,250,631 "," $280,307,907 "," 800,648 ",94.3%,  
MI,Healthy Michigan Plan,Comprehensive MCO,Group VIII expansion adult only ,,Meridian Health Plan,10/1/18,9/30/19,2019," $560,828,589 "," $600,151,836 "," 1,903,822 ",93.5%,  
MI,Healthy Michigan Plan,Comprehensive MCO,Group VIII expansion adult only ,,Molina Health Care,10/1/18,9/30/19,2019," $288,567,785 "," $342,162,087 "," 1,050,288 ",84.3%,  
MI,Healthy Michigan Plan,Comprehensive MCO,Group VIII expansion adult only ,,Priority Health Plan,10/1/18,9/30/19,2019," $134,784,011 "," $154,013,029 "," 415,456 ",87.5%,  
MI,Healthy Michigan Plan,Comprehensive MCO,Group VIII expansion adult only ,,Total Healthcare,10/1/18,9/30/19,2019," $58,799,810 "," $68,177,193 "," 196,560 ",86.3%,  
MI,Healthy Michigan Plan,Comprehensive MCO,Group VIII expansion adult only ,,Trusted Health Plan,10/1/18,9/30/19,2019," $12,264,314 "," $15,458,725 "," 44,245 ",81.5%,  
MI,Healthy Michigan Plan,Comprehensive MCO,Group VIII expansion adult only ,,United Healthcare Community Plan,10/1/18,9/30/19,2019," $232,783,854 "," $273,636,176 "," 820,864 ",85.1%,  
MI,Healthy Michigan Plan,Comprehensive MCO,Group VIII expansion adult only ,,Upper Peninsula,10/1/18,9/30/19,2019," $55,067,638 "," $66,642,847 "," 190,117 ",83.6%,  
MI,Managed Care Plan Division,Comprehensive MCO,Non-expansion adult only,,Aetna Better Health of MI,10/1/18,9/30/19,2019," $80,183,022 "," $89,075,460 "," 324,644 ",91.2%,  
MI,Managed Care Plan Division,Comprehensive MCO,Non-expansion adult only,,Blue Cross Complete,10/1/18,9/30/19,2019," $345,477,629 "," $398,665,424 "," 1,515,769 ",86.7%,  
MI,Managed Care Plan Division,Comprehensive MCO,Non-expansion adult only,,HAP Empowered Health Plan,10/1/18,9/30/19,2019," $4,521,050 "," $5,179,886 "," 21,843 ",91.6%,  
MI,Managed Care Plan Division,Comprehensive MCO,Non-expansion adult only,,McLaren Health Plan,10/1/18,9/30/19,2019," $387,656,430 "," $425,961,153 "," 1,621,845 ",91.0%,  
MI,Managed Care Plan Division,Comprehensive MCO,Non-expansion adult only,,Meridian Health Plan,10/1/18,9/30/19,2019," $893,714,152 "," $1,007,645,759 "," 4,554,568 ",88.7%,  
MI,Managed Care Plan Division,Comprehensive MCO,Non-expansion adult only,,Molina Health Care,10/1/18,9/30/19,2019," $648,921,806 "," $738,148,720 "," 3,021,058 ",87.9%,  
MI,Managed Care Plan Division,Comprehensive MCO,Non-expansion adult only,,Priority Health Plan,10/1/18,9/30/19,2019," $219,010,500 "," $248,794,485 "," 1,080,015 ",88.0%,  
MI,Managed Care Plan Division,Comprehensive MCO,Non-expansion adult only,,Total Healthcare,10/1/18,9/30/19,2019," $111,126,444 "," $118,141,253 "," 417,972 ",94.1%,  
MI,Managed Care Plan Division,Comprehensive MCO,Non-expansion adult only,,Trusted Health Plan,10/1/18,9/30/19,2019," $11,944,015 "," $15,261,483 "," 57,860 ",81.0%,  
MI,Managed Care Plan Division,Comprehensive MCO,Non-expansion adult only,,United Healthcare Community Plan,10/1/18,9/30/19,2019," $479,377,105 "," $564,747,667 "," 2,187,699 ",84.9%,  
MI,Managed Care Plan Division,Comprehensive MCO,Non-expansion adult only,,Upper Peninsula,10/1/18,9/30/19,2019," $66,654,352 "," $87,828,793 "," 342,006 ",77.0%,  
MI,MI Choice Waiver Program,MLTSS only,MLTSS only,,Area Agency on Aging 1-B,10/1/18,9/30/19,2019," $23,394,950 "," $23,868,401 "," 9,423 ",104.8%,  
MI,MI Choice Waiver Program,MLTSS only,MLTSS only,,Area Agency on Aging of NW Michigan,10/1/18,9/30/19,2019," $10,895,541 "," $11,271,131 "," 4,499 ",,  
MI,MI Choice Waiver Program,MLTSS only,MLTSS only,,Detroit Area Agency on Aging,10/1/18,9/30/19,2019," $28,312,343 "," $32,625,829 "," 14,990 ",92.1%,  
MI,MI Choice Waiver Program,MLTSS only,MLTSS only,,MORC Home Care Inc,10/1/18,9/30/19,2019," $6,148,702 "," $7,247,452 "," 2,933 ",,  
MI,MI Choice Waiver Program,MLTSS only,MLTSS only,,Northeast MI Community Service Agency,10/1/18,9/30/19,2019," $13,092,266 "," $13,082,313 "," 5,004 ",,  
MI,MI Choice Waiver Program,MLTSS only,MLTSS only,,Northern Health Care Management,10/1/18,9/30/19,2019," $9,164,418 "," $9,649,739 "," 3,698 ",,  
MI,MI Choice Waiver Program,MLTSS only,MLTSS only,,Region 2 Area Agency on Aging,10/1/18,9/30/19,2019," $16,728,348 "," $17,051,541 "," 7,104 ",105.8%,  
MI,MI Choice Waiver Program,MLTSS only,MLTSS only,,Region 3B Area Agency on Aging,10/1/18,9/30/19,2019," $13,371,000 "," $14,140,946 "," 5,762 ",102.8%,  
MI,MI Choice Waiver Program,MLTSS only,MLTSS only,,Region IV Area Agency on Aging,10/1/18,9/30/19,2019," $13,690,769 "," $15,131,863 "," 6,236 ",98.5%,  
MI,MI Choice Waiver Program,MLTSS only,MLTSS only,,Region VII Area Agency on Aging,10/1/18,9/30/19,2019," $22,742,142 "," $26,111,738 "," 10,485 ",93.4%,  
MI,MI Choice Waiver Program,MLTSS only,MLTSS only,,Reliance Community Care Partners,10/1/18,9/30/19,2019," $20,544,005 "," $21,396,958 "," 8,014 ",103.3%,  
MI,MI Choice Waiver Program,MLTSS only,MLTSS only,,Senior Resources of West Michigan,10/1/18,9/30/19,2019," $19,348,695 "," $20,090,097 "," 7,977 ",103.7%,  
MI,MI Choice Waiver Program,MLTSS only,MLTSS only,,Senior Services,10/1/18,9/30/19,2019," $12,850,390 "," $11,523,935 "," 3,107 ",,  
MI,MI Choice Waiver Program,MLTSS only,MLTSS only,,The Information Center,10/1/18,9/30/19,2019," $8,120,022 "," $1,053,472 "," 3,719 ",,  
MI,MI Choice Waiver Program,MLTSS only,MLTSS only,,The Senior Alliance,10/1/18,9/30/19,2019," $14,926,046 "," $16,018,226 "," 6,431 ",101.2%,  
MI,MI Choice Waiver Program,MLTSS only,MLTSS only,,Tri-County Office on Aging,10/1/18,9/30/19,2019," $21,769,442 "," $24,651,150 "," 9,288 ",95.1%,  
MI,MI Choice Waiver Program,MLTSS only,MLTSS only,,UPCAP Care Services,10/1/18,9/30/19,2019," $10,426,594 "," $10,970,939 "," 4,583 ",,  
MI,MI Choice Waiver Program,MLTSS only,MLTSS only,,Valley Area Agency on Aging,10/1/18,9/30/19,2019," $9,955,995 "," $11,415,586 "," 4,192 ",,  
MI,Specialty Prepaid Inpatient Health Plan (Healthy Michigan Plan),Behavioral health only,Group VIII expansion adult only ,,CMH Partnership of Southeast Michigan,10/1/18,9/30/19,2019," $15,584,106 "," $14,314,687 "," 417,892 ",108.9%,  
MI,Specialty Prepaid Inpatient Health Plan (Healthy Michigan Plan),Behavioral health only,Group VIII expansion adult only ,,Detroit Wayne Mental Health Authority,10/1/18,9/30/19,2019," $86,162,834 "," $97,851,730 "," 2,131,727 ",88.1%,  
MI,Specialty Prepaid Inpatient Health Plan (Healthy Michigan Plan),Behavioral health only,Group VIII expansion adult only ,,Lakeshore Regional Entity,10/1/18,9/30/19,2019," $33,375,453 "," $27,191,189 "," 719,774 ",122.7%,  
MI,Specialty Prepaid Inpatient Health Plan (Healthy Michigan Plan),Behavioral health only,Group VIII expansion adult only ,,Macomb County CMH Services,10/1/18,9/30/19,2019," $16,633,574 "," $20,810,369 "," 662,223 ",79.9%,  
MI,Specialty Prepaid Inpatient Health Plan (Healthy Michigan Plan),Behavioral health only,Group VIII expansion adult only ,,Mid-State Health Network,10/1/18,9/30/19,2019," $58,112,712 "," $60,459,387 "," 1,318,704 ",96.1%,  
MI,Specialty Prepaid Inpatient Health Plan (Healthy Michigan Plan),Behavioral health only,Group VIII expansion adult only ,,Northcare Network,10/1/18,9/30/19,2019," $10,636,128 "," $7,433,657 "," 234,524 ",143.1%,  
MI,Specialty Prepaid Inpatient Health Plan (Healthy Michigan Plan),Behavioral health only,Group VIII expansion adult only ,,Northern Michigan Regional Entity,10/1/18,9/30/19,2019," $18,875,458 "," $17,682,445 "," 420,107 ",106.7%,  
MI,Specialty Prepaid Inpatient Health Plan (Healthy Michigan Plan),Behavioral health only,Group VIII expansion adult only ,,Oakland County CMH Authority,10/1/18,9/30/19,2019," $34,052,127 "," $33,807,188 "," 587,337 ",100.7%,  
MI,Specialty Prepaid Inpatient Health Plan (Healthy Michigan Plan),Behavioral health only,Group VIII expansion adult only ,,Region 10,10/1/18,9/30/19,2019," $31,663,509 "," $26,215,350 "," 647,337 ",120.8%,  
MI,Specialty Prepaid Inpatient Health Plan (Healthy Michigan Plan),Behavioral health only,Group VIII expansion adult only ,,Southwest Michigan Behavioral Health,10/1/18,9/30/19,2019," $25,279,936 "," $32,279,848 "," 595,689 ",78.3%,  
MI,Specialty Prepaid Inpatient Health Plan (Specialty Services and Supports Waiver),Behavioral health only,Non-expansion adult only,,CMH Partnership of Southeast Michigan,10/1/18,9/30/19,2019," $152,416,118 "," $143,785,601 "," 853,922 ",106.0%,  
MI,Specialty Prepaid Inpatient Health Plan (Specialty Services and Supports Waiver),Behavioral health only,Non-expansion adult only,,Detroit Wayne Mental Health Authority,10/1/18,9/30/19,2019," $582,285,251 "," $575,910,379 "," 5,465,827 ",101.1%,  
MI,Specialty Prepaid Inpatient Health Plan (Specialty Services and Supports Waiver),Behavioral health only,Non-expansion adult only,,Lakeshore Regional Entity,10/1/18,9/30/19,2019," $256,239,037 "," $259,218,725 "," 2,295,155 ",98.9%,  
MI,Specialty Prepaid Inpatient Health Plan (Specialty Services and Supports Waiver),Behavioral health only,Non-expansion adult only,,Macomb County CMH Services,10/1/18,9/30/19,2019," $158,185,426 "," $173,022,183 "," 1,549,350 ",91.4%,  
MI,Specialty Prepaid Inpatient Health Plan (Specialty Services and Supports Waiver),Behavioral health only,Non-expansion adult only,,Mid-State Health Network,10/1/18,9/30/19,2019," $481,114,117 "," $498,295,199 "," 3,571,145 ",96.6%,  
MI,Specialty Prepaid Inpatient Health Plan (Specialty Services and Supports Waiver),Behavioral health only,Non-expansion adult only,,Northcare Network,10/1/18,9/30/19,2019," $87,012,596 "," $93,146,268 "," 541,330 ",93.4%,  
MI,Specialty Prepaid Inpatient Health Plan (Specialty Services and Supports Waiver),Behavioral health only,Non-expansion adult only,,Northern Michigan Regional Entity,10/1/18,9/30/19,2019," $161,745,726 "," $155,224,021 "," 985,791 ",104.2%,  
MI,Specialty Prepaid Inpatient Health Plan (Specialty Services and Supports Waiver),Behavioral health only,Non-expansion adult only,,Oakland County CMH Authority,10/1/18,9/30/19,2019," $259,140,736 "," $243,169,892 "," 1,420,458 ",106.6%,  
MI,Specialty Prepaid Inpatient Health Plan (Specialty Services and Supports Waiver),Behavioral health only,Non-expansion adult only,,Region 10,10/1/18,9/30/19,2019," $196,629,991 "," $210,065,141 "," 1,633,289 ",93.6%,  
MI,Specialty Prepaid Inpatient Health Plan (Specialty Services and Supports Waiver),Behavioral health only,Non-expansion adult only,,Southwest Michigan Behavioral Health,10/1/18,9/30/19,2019," $195,618,194 "," $214,838,170 "," 1,750,992 ",91.1%,  
MI,"Behavioral Health Program, All Populations",Behavioral health only,All populations,,CMH Partnership of Southeast,10/1/19,9/30/20,2020," $154,217,073 "," $180,160,260 "," 759,001 ",85.6%,  
MI,"Behavioral Health Program, All Populations",Behavioral health only,All populations,,Detroit Wayne Central Health,10/1/19,9/30/20,2020," $661,837,025 "," $708,991,135 "," 7,900,257 ",93.3%,  
MI,"Behavioral Health Program, All Populations",Behavioral health only,All populations,,Lakeshore Regional Entity,10/1/19,9/30/20,2020," $280,800,221 "," $321,902,038 "," 3,236,464 ",87.2%,  
MI,"Behavioral Health Program, All Populations",Behavioral health only,All populations,,Macomb County CMH Services,10/1/19,9/30/20,2020," $183,289,269 "," $235,996,975 "," 2,415,527 ",77.7%,  
MI,"Behavioral Health Program, All Populations",Behavioral health only,All populations,,Mid-State Health Network,10/1/19,9/30/20,2020," $555,830,533 "," $617,230,071 "," 4,603,108 ",90.1%,  
MI,"Behavioral Health Program, All Populations",Behavioral health only,All populations,,NorthCare Network,10/1/19,9/30/20,2020," $104,886,619 "," $113,418,818 "," 798,257 ",92.5%,  
MI,"Behavioral Health Program, All Populations",Behavioral health only,All populations,,Northern Michigan Regional Entity,10/1/19,9/30/20,2020," $176,556,603 "," $202,105,280 "," 1,574,090 ",87.4%,  
MI,"Behavioral Health Program, All Populations",Behavioral health only,All populations,,Oakland County CMH Authority,10/1/19,9/30/20,2020," $284,190,545 "," $308,797,688 "," 2,106,782 ",92.0%,  
MI,"Behavioral Health Program, All Populations",Behavioral health only,All populations,,Region 10 PIHP,10/1/19,9/30/20,2020," $261,822,853 "," $271,096,884 "," 2,426,529 ",96.6%,  
MI,"Behavioral Health Program, All Populations",Behavioral health only,All populations,,Southwest Michigan Behavioral,10/1/19,9/30/20,2020," $231,800,197 "," $278,878,325 "," 2,479,389 ",83.1%,  
MI,CHCP,Comprehensive MCO,All populations,,Aetna Better Health,10/1/19,9/30/20,2020," $122,180,273 "," $137,061,605 "," 500,440 ",90.4%, $-   
MI,CHCP,Comprehensive MCO,All populations,,Blue Cross Complete,10/1/19,9/30/20,2020," $666,716,901 "," $783,320,743 "," 2,792,174 ",85.1%, $-   
MI,CHCP,Comprehensive MCO,All populations,,HAP Empowered Health Plan,10/1/19,9/30/20,2020," $37,794,288 "," $42,829,611 "," 180,022 ",90.3%, $-   
MI,CHCP,Comprehensive MCO,All populations,,McLaren Health Plan,10/1/19,9/30/20,2020," $662,624,107 "," $736,267,917 "," 2,558,045 ",90.0%, $-   
MI,CHCP,Comprehensive MCO,All populations,,Meridian Health Plan,10/1/19,9/30/20,2020," $1,391,748,157 "," $1,575,282,935 "," 6,040,135 ",88.3%, $-   
MI,CHCP,Comprehensive MCO,All populations,,Molina Health Care,10/1/19,9/30/20,2020," $902,973,385 "," $930,493,460 "," 4,078,492 ",97.0%, $-   
MI,CHCP,Comprehensive MCO,All populations,,Priority Health HMO,10/1/19,9/30/20,2020," $363,142,384 "," $404,424,382 "," 1,592,053 ",89.8%, $-   
MI,CHCP,Comprehensive MCO,All populations,,Total Healthcare,10/1/19,9/30/20,2020," $161,190,790 "," $183,347,093 "," 627,829 ",88.5%, $-   
MI,CHCP,Comprehensive MCO,All populations,,United Healthcare Community Plan,10/1/19,9/30/20,2020," $686,979,510 "," $780,320,424 "," 3,101,360 ",88.0%, $-   
MI,CHCP,Comprehensive MCO,All populations,,Upper Peninsula,10/1/19,9/30/20,2020," $127,778,401 "," $148,407,032 "," 540,744 ",87.4%, $-   
MI,Healthy Kids Dental,Dental only,All populations,,BCBSM,10/1/19,9/30/20,2020," $18,083,877 "," $23,213,395 "," 2,710,427 ",77.9%," $1,648,151 "
MI,Healthy Kids Dental,Dental only,All populations,,Delta Dental,10/1/19,9/30/20,2020," $132,345,294 "," $153,994,709 "," 9,332,662 ",85.9%, $-   
MI,MI Choice,MLTSS only,All populations,,A&D Home Health Care,10/1/19,9/30/20,2020," $29,124,455 "," $32,158,657 "," 11,987 ",96.3%,  
MI,MI Choice,MLTSS only,All populations,,Area Agency on Aging 1-B,10/1/19,9/30/20,2020," $24,893,706 "," $25,779,877 "," 9,909 ",103.2%,  
MI,MI Choice,MLTSS only,All populations,,Area Agency on Aging of NW Michigan,10/1/19,9/30/20,2020," $11,796,345 "," $11,958,437 "," 4,691 ",,  
MI,MI Choice,MLTSS only,All populations,,Area Agency on Aging of West Michigan,10/1/19,9/30/20,2020," $30,003,763 "," $28,218,486 "," 11,171 ",112.3%,  
MI,MI Choice,MLTSS only,All populations,,Detroit Area Agency on Aging,10/1/19,9/30/20,2020," $30,626,432 "," $36,388,166 "," 15,782 ",89.4%,  
MI,MI Choice,MLTSS only,All populations,,MORC Home Care Inc,10/1/19,9/30/20,2020," $6,219,690 "," $7,686,909 "," 2,995 ",,  
MI,MI Choice,MLTSS only,All populations,,Northeast MI Community Service Agency,10/1/19,9/30/20,2020," $13,947,815 "," $13,851,429 "," 5,217 ",,  
MI,MI Choice,MLTSS only,All populations,,Northern Health Care Management,10/1/19,9/30/20,2020," $9,137,756 "," $9,752,388 "," 3,658 ",,  
MI,MI Choice,MLTSS only,All populations,,Region 2 Area Agency on Aging,10/1/19,9/30/20,2020," $16,483,806 "," $17,688,234 "," 7,146 ",100.9%,  
MI,MI Choice,MLTSS only,All populations,,Region 3B Area Agency on Aging,10/1/19,9/30/20,2020," $13,861,911 "," $14,734,310 "," 5,846 ",102.3%,  
MI,MI Choice,MLTSS only,All populations,,Region IV Area Agency on Aging,10/1/19,9/30/20,2020," $15,990,886 "," $16,711,817 "," 6,713 ",103.6%,  
MI,MI Choice,MLTSS only,All populations,,Region VII Area Agency on Aging,10/1/19,9/30/20,2020," $24,815,827 "," $27,767,899 "," 10,915 ",95.5%,  
MI,MI Choice,MLTSS only,All populations,,Reliance Community Care Partners,10/1/19,9/30/20,2020," $22,578,323 "," $23,828,135 "," 9,034 ",101.7%,  
MI,MI Choice,MLTSS only,All populations,,Senior Resources of West Michigan,10/1/19,9/30/20,2020," $19,286,797 "," $19,959,793 "," 7,692 ",104.1%,  
MI,MI Choice,MLTSS only,All populations,,Senior Services,10/1/19,9/30/20,2020," $9,142,473 "," $7,891,222 "," 3,016 ",,  
MI,MI Choice,MLTSS only,All populations,,The Information Center,10/1/19,9/30/20,2020," $8,486,423 "," $9,500,954 "," 3,786 ",,  
MI,MI Choice,MLTSS only,All populations,,The Senior Alliance,10/1/19,9/30/20,2020," $15,616,789 "," $16,103,156 "," 6,311 ",105.0%,  
MI,MI Choice,MLTSS only,All populations,,Tri-County Office on Aging,10/1/19,9/30/20,2020," $25,114,040 "," $25,170,643 "," 9,820 ",106.4%,  
MI,MI Choice,MLTSS only,All populations,,UPCAP Care Services,10/1/19,9/30/20,2020," $11,014,792 "," $11,964,538 "," 4,935 ",,  
MI,MI Choice,MLTSS only,All populations,,Valley Area Agency on Aging,10/1/19,9/30/20,2020," $10,830,619 "," $12,718,448 "," 4,510 ",,  
MI,CHCP,Comprehensive MCO,All Populations,,Aetna Better Health,10/1/20,9/30/21,2021," $156,075,100 "," $169,705,010 "," 601,465 ",93.2%, $-   
MI,CHCP,Comprehensive MCO,All Populations,,Blue Cross Complete,10/1/20,9/30/21,2021," $990,639,504 "," $1,123,710,320 "," 3,648,421 ",88.2%, $-   
MI,CHCP,Comprehensive MCO,All Populations,,HAP Empowered Health Plan,10/1/20,9/30/21,2021," $69,104,018 "," $79,330,223 "," 281,259 ",88.9%, $-   
MI,CHCP,Comprehensive MCO,All Populations,,McLaren Health Plan,10/1/20,9/30/21,2021," $830,840,725 "," $935,385,000 "," 2,936,578 ",88.8%, $-   
MI,CHCP,Comprehensive MCO,All Populations,,Meridian Health Plan,10/1/20,9/30/21,2021," $1,702,571,763 "," $1,902,429,181 "," 6,630,318 ",89.5%, $-   
MI,CHCP,Comprehensive MCO,All Populations,,Molina Health Care,10/1/20,9/30/21,2021," $1,123,743,012 "," $1,274,906,456 "," 4,459,933 ",88.1%, $-   
MI,CHCP,Comprehensive MCO,All Populations,,Priority Health HMO,10/1/20,9/30/21,2021," $502,569,970 "," $556,302,096 "," 1,941,862 ",90.3%, $-   
MI,CHCP,Comprehensive MCO,All Populations,,Total Healthcare,10/1/20,9/30/21,2021," $209,936,343 "," $230,671,170 "," 759,505 ",91.6%, $-   
MI,CHCP,Comprehensive MCO,All Populations,,United Healthcare Community Plan,10/1/20,9/30/21,2021," $850,713,318 "," $962,500,723 "," 3,450,795 ",88.4%, $-   
MI,CHCP,Comprehensive MCO,All Populations,,Upper Peninsula,10/1/20,9/30/21,2021," $168,734,860 "," $194,501,762 "," 599,377 ",88.0%, $-   
MI,Healthy Kids Dental,Dental Only,All Populations,,BCBSM,10/1/20,9/30/21,2021," $31,043,480 "," $38,442,891 "," 3,738,916 ",80.8%," $1,633,823 "
MI,Healthy Kids Dental,Dental Only,All Populations,,Delta Dental,10/1/20,9/30/21,2021," $158,699,238 "," $160,123,921 "," 9,358,258 ",99.1%, $-   
MI,MI Choice,MLTSS Only,All Populations,,A&D Home Health Care,10/1/20,9/30/21,2021," $29,964,273 "," $33,864,942 "," 12,081 ",90.5%, $-   
MI,MI Choice,MLTSS Only,All Populations,,Area Agency on Aging 1-B,10/1/20,9/30/21,2021," $30,645,018 "," $31,397,124 "," 11,647 ",99.7%, $-   
MI,MI Choice,MLTSS Only,All Populations,,Area Agency on Aging of NW Michigan,10/1/20,9/30/21,2021," $12,427,526 "," $13,131,621 "," 4,623 ",97.9%, $-   
MI,MI Choice,MLTSS Only,All Populations,,Area Agency on Aging of West Michigan,10/1/20,9/30/21,2021," $32,487,170 "," $32,128,363 "," 11,799 ",103.2%, $-   
MI,MI Choice,MLTSS Only,All Populations,,Detroit Area Agency on Aging,10/1/20,9/30/21,2021," $31,227,848 "," $40,376,927 "," 16,503 ",79.0%," $2,414,540 "
MI,MI Choice,MLTSS Only,All Populations,,MORC Home Care Inc,10/1/20,9/30/21,2021," $6,739,606 "," $8,002,021 "," 2,915 ",88.3%, $-   
MI,MI Choice,MLTSS Only,All Populations,,Northeast MI Community Service Agency,10/1/20,9/30/21,2021," $14,151,810 "," $15,066,275 "," 5,494 ",97.0%, $-   
MI,MI Choice,MLTSS Only,All Populations,,Northern Health Care Management,10/1/20,9/30/21,2021," $9,415,656 "," $10,639,075 "," 3,722 ",92.1%, $-   
MI,MI Choice,MLTSS Only,All Populations,,Region 2 Area Agency on Aging,10/1/20,9/30/21,2021," $17,063,524 "," $18,830,921 "," 7,321 ",93.2%, $-   
MI,MI Choice,MLTSS Only,All Populations,,Region 3B Area Agency on Aging,10/1/20,9/30/21,2021," $13,612,942 "," $15,637,451 "," 5,985 ",90.0%, $-   
MI,MI Choice,MLTSS Only,All Populations,,Region IV Area Agency on Aging,10/1/20,9/30/21,2021," $17,507,496 "," $17,780,317 "," 6,970 ",101.1%, $-   
MI,MI Choice,MLTSS Only,All Populations,,Region VII Area Agency on Aging,10/1/20,9/30/21,2021," $26,966,431 "," $29,150,489 "," 11,005 ",94.7%, $-   
MI,MI Choice,MLTSS Only,All Populations,,Reliance Community Care Partners,10/1/20,9/30/21,2021," $25,067,908 "," $27,221,389 "," 10,166 ",94.3%, $-   
MI,MI Choice,MLTSS Only,All Populations,,Senior Resources of West Michigan,10/1/20,9/30/21,2021," $20,503,713 "," $21,695,281 "," 7,999 ",96.9%, $-   
MI,MI Choice,MLTSS Only,All Populations,,Senior Services,10/1/20,9/30/21,2021," $8,852,472 "," $8,440,892 "," 3,251 ",108.8%, $-   
MI,MI Choice,MLTSS Only,All Populations,,The Information Center,10/1/20,9/30/21,2021," $7,987,709 "," $9,157,422 "," 3,416 ",91.0%, $-   
MI,MI Choice,MLTSS Only,All Populations,,The Senior Alliance,10/1/20,9/30/21,2021," $16,599,183 "," $17,552,400 "," 6,423 ",97.4%, $-   
MI,MI Choice,MLTSS Only,All Populations,,Tri-County Office on Aging,10/1/20,9/30/21,2021," $27,616,317 "," $26,202,714 "," 10,108 ",107.6%, $-   
MI,MI Choice,MLTSS Only,All Populations,,UPCAP Care Services,10/1/20,9/30/21,2021," $11,024,909 "," $12,667,796 "," 5,139 ",90.2%, $-   
MI,MI Choice,MLTSS Only,All Populations,,Valley Area Agency on Aging,10/1/20,9/30/21,2021," $11,526,280 "," $13,535,536 "," 4,459 ",88.5%, $-   
MI,Specialty Prepaid Inpatient Health Plans ,Behavioral Health Only,All Populations,,CMH Partnership of Southeast Michigan,10/1/20,9/30/21,2021," $160,133,705 "," $199,243,406 "," 1,645,074 ",80.4%,
MI,Specialty Prepaid Inpatient Health Plans ,Behavioral Health Only,All Populations,,Detroit Wayne Mental Health Authority,10/1/20,9/30/21,2021," $726,017,595 "," $769,639,393 "," 8,827,615 ",94.3%,
MI,Specialty Prepaid Inpatient Health Plans ,Behavioral Health Only,All Populations,,Lakeshore Regional Entity,10/1/20,9/30/21,2021," $283,433,657 "," $321,902,038 "," 3,236,464 ",88.1%,
MI,Specialty Prepaid Inpatient Health Plans ,Behavioral Health Only,All Populations,,Macomb County CMH Services,10/1/20,9/30/21,2021," $190,745,432 "," $264,101,995 "," 2,730,056 ",72.2%,
MI,Specialty Prepaid Inpatient Health Plans ,Behavioral Health Only,All Populations,,Mid-State Health Network,10/1/20,9/30/21,2021," $635,900,902 "," $672,977,289 "," 5,328,014 ",94.5%,
MI,Specialty Prepaid Inpatient Health Plans ,Behavioral Health Only,All Populations,,Northcare Network,10/1/20,9/30/21,2021," $110,459,791 "," $117,398,342 "," 881,784 ",94.1%,
MI,Specialty Prepaid Inpatient Health Plans ,Behavioral Health Only,All Populations,,Northern Michigan Regional Entity,10/1/20,9/30/21,2021," $197,267,616 "," $224,627,280 "," 1,666,580 ",87.8%,
MI,Specialty Prepaid Inpatient Health Plans ,Behavioral Health Only,All Populations,,Oakland County CMH Authority,10/1/20,9/30/21,2021," $319,751,402 "," $354,024,483 "," 2,482,706 ",90.3%,
MI,Specialty Prepaid Inpatient Health Plans ,Behavioral Health Only,All Populations,,Region 10 PIHP,10/1/20,9/30/21,2021," $248,695,758 "," $313,653,668 "," 2,704,470 ",79.3%,
MI,Specialty Prepaid Inpatient Health Plans ,Behavioral Health Only,All Populations,,Southwest MI Behavioral Health,10/1/20,9/30/21,2021," $248,687,027 "," $310,502,820 "," 2,807,285 ",80.1%,
MI,Healthy Kids Dental,Dental Only,All Populations,,BCBSM,10/1/21,9/30/22,2022," $49,281,666 "," $72,699,397 "," 4,177,382 ",67.8%," $12,511,566 "
MI,Healthy Kids Dental,Dental Only,All Populations,,Delta Dental,10/1/21,9/30/22,2022," $169,068,418 "," $200,959,657 "," 9,629,699 ",84.1%," $1,748,349 "
MI,MI Choice,MLTSS,All Populations,,A&D Home Health Care,10/1/21,9/30/22,2022," $31,319,001 "," $34,786,558 "," 11,858 ",92.1%, $-   
MI,MI Choice,MLTSS,All Populations,,Area Agency on Aging 1-B,10/1/21,9/30/22,2022," $32,197,618 "," $32,179,192 "," 11,475 ",102.2%, $-   
MI,MI Choice,MLTSS,All Populations,,Area Agency on Aging of West Michigan,10/1/21,9/30/22,2022," $33,587,116 "," $33,048,197 "," 11,698 ",103.7%, $-   
MI,MI Choice,MLTSS,All Populations,,Detroit Area Agency on Aging,10/1/21,9/30/22,2022," $35,643,239 "," $43,000,525 "," 16,480 ",84.6%," $180,602 "
MI,MI Choice,MLTSS,All Populations,,MORC Home Care Inc,10/1/21,9/30/22,2022," $7,204,213 "," $8,185,455 "," 2,849 ",92.2%, $-   
MI,MI Choice,MLTSS,All Populations,,Northeast MI Community Service Agency,10/1/21,9/30/22,2022," $13,764,310 "," $15,146,853 "," 5,368 ",94.0%, $-   
MI,MI Choice,MLTSS,All Populations,,Northern Health Care Management,10/1/21,9/30/22,2022," $9,656,937 "," $10,870,521 "," 3,892 ",92.3%, $-   
MI,MI Choice,MLTSS,All Populations,,Region 2 Area Agency on Aging,10/1/21,9/30/22,2022," $17,601,107 "," $19,150,834 "," 7,132 ",94.5%, $-   
MI,MI Choice,MLTSS,All Populations,,Region 3B Area Agency on Aging,10/1/21,9/30/22,2022," $14,074,794 "," $14,987,706 "," 5,612 ",96.9%, $-   
MI,MI Choice,MLTSS,All Populations,,Region IV Area Agency on Aging,10/1/21,9/30/22,2022," $17,433,441 "," $18,879,184 "," 7,193 ",94.9%, $-   
MI,MI Choice,MLTSS,All Populations,,Region VII Area Agency on Aging,10/1/21,9/30/22,2022," $27,952,665 "," $30,632,679 "," 11,191 ",93.4%, $-   
MI,MI Choice,MLTSS,All Populations,,Reliance Community Care Partners,10/1/21,9/30/22,2022," $28,065,658 "," $27,849,684 "," 10,021 ",103.0%, $-   
MI,MI Choice,MLTSS,All Populations,,Senior Resources of West Michigan,10/1/21,9/30/22,2022," $22,716,781 "," $23,447,138 "," 8,261 ",99.3%, $-   
MI,MI Choice,MLTSS,All Populations,,Senior Services,10/1/21,9/30/22,2022," $8,073,010 "," $8,431,602 "," 3,069 ",99.7%, $-   
MI,MI Choice,MLTSS,All Populations,,The Information Center,10/1/21,9/30/22,2022," $7,749,411 "," $8,883,797 "," 3,230 ",91.1%, $-   
MI,MI Choice,MLTSS,All Populations,,The Senior Alliance,10/1/21,9/30/22,2022," $17,454,233 "," $18,648,895 "," 6,761 ",96.3%, $-   
MI,MI Choice,MLTSS,All Populations,,Tri-County Office on Aging,10/1/21,9/30/22,2022," $30,522,801 "," $28,328,162 "," 10,382 ",109.9%, $-   
MI,MI Choice,MLTSS,All Populations,,UPCAP Care Services,10/1/21,9/30/22,2022," $10,857,293 "," $13,628,960 "," 5,395 ",82.8%," $312,103 "
MI,MI Choice,MLTSS,All Populations,,Valley Area Agency on Aging,10/1/21,9/30/22,2022," $11,765,136 "," $13,852,848 "," 4,385 ",88.2%, $-   
MN,PMAP,Comprehensive MCO + MLTSS,All populations,,Blue Plus,1/1/18,12/31/18,2018," $1,504,823,705 "," $1,651,078,520 "," 3,848,599 ",91.1%,  
MN,PMAP,Comprehensive MCO + MLTSS,All populations,,Health Partners,1/1/18,12/31/18,2018," $689,552,000 "," $723,391,000 "," 1,601,965 ",95.3%,  
MN,PMAP,Comprehensive MCO + MLTSS,All populations,,Hennepin HealthCare,1/1/18,12/31/18,2018," $161,803,322 "," $182,447,369 "," 280,593 ",89.9%,  
MN,PMAP,Comprehensive MCO + MLTSS,All populations,,Itasca Medical Care,1/1/18,12/31/18,2018," $38,959,992 "," $43,220,714 "," 87,259 ",92.3%,  
MN,PMAP,Comprehensive MCO + MLTSS,All populations,,PrimeWest,1/1/18,12/31/18,2018," $177,600,383 "," $179,592,352 "," 414,120 ",98.9%,  
MN,PMAP,Comprehensive MCO + MLTSS,All populations,,South Country Health Alliance,1/1/18,12/31/18,2018," $168,317,390 "," $167,481,535 "," 390,815 ",100.5%,  
MN,PMAP,Comprehensive MCO + MLTSS,All populations,,UCare,1/1/18,12/31/18,2018," $1,083,272,809 "," $1,172,162,997 "," 2,648,780 ",92.4%,  
MN,Seniors,Comprehensive MCO + MLTSS,All populations,,Blue Plus,1/1/18,12/31/18,2018," $200,857,047 "," $212,779,768 "," 146,571 ",96.1%,  
MN,Seniors,Comprehensive MCO + MLTSS,All populations,,Health Partners,1/1/18,12/31/18,2018," $92,692,000 "," $109,559,000 "," 68,868 ",87.1%,  
MN,Seniors,Comprehensive MCO + MLTSS,All populations,,Itasca Medical Care,1/1/18,12/31/18,2018," $11,418,666 "," $11,198,890 "," 8,228 ",109.2%,  
MN,Seniors,Comprehensive MCO + MLTSS,All populations,,Medica,1/1/18,12/31/18,2018," $274,825,003 "," $294,862,698 "," 181,367 ",94.8%,  
MN,Seniors,Comprehensive MCO + MLTSS,All populations,,PrimeWest,1/1/18,12/31/18,2018," $35,316,594 "," $40,984,115 "," 33,193 ",89.8%,  
MN,Seniors,Comprehensive MCO + MLTSS,All populations,,South Country Health Alliance,1/1/18,12/31/18,2018," $34,472,219 "," $40,112,363 "," 32,197 ",89.6%,  
MN,Seniors,Comprehensive MCO + MLTSS,All populations,,Ucare,1/1/18,12/31/18,2018," $361,109,894 "," $365,940,333 "," 208,720 ",100.1%,  
MN,SNBC,Comprehensive MCO + MLTSS,All populations,,Health Partners,1/1/18,12/31/18,2018," $89,651,000 "," $81,894,000 "," 66,877 ",112.0%,  
MN,SNBC,Comprehensive MCO + MLTSS,All populations,,Hennepin HealthCare,1/1/18,12/31/18,2018," $33,033,089 "," $38,685,449 "," 24,563 ",89.4%,  
MN,SNBC,Comprehensive MCO + MLTSS,All populations,,Medica,1/1/18,12/31/18,2018," $181,237,241 "," $207,149,727 "," 159,293 ",89.2%,  
MN,SNBC,Comprehensive MCO + MLTSS,All populations,,PrimeWest,1/1/18,12/31/18,2018," $26,980,789 "," $29,011,057 "," 24,221 ",97.0%,  
MN,SNBC,Comprehensive MCO + MLTSS,All populations,,South Country Health Alliance,1/1/18,12/31/18,2018," $32,741,042 "," $36,521,686 "," 35,877 ",93.1%,  
MN,SNBC,Comprehensive MCO + MLTSS,All populations,,UCare,1/1/18,12/31/18,2018," $403,653,999 "," $446,382,961 "," 353,353 ",91.5%,  
MN,PMAP,Comprehensive MCO + MLTSS,All populations,,Blue Plus,1/1/19,12/31/19,2019," $1,458,945,189 "," $1,590,456,594 "," 3,589,763 ",91.7%,  
MN,PMAP,Comprehensive MCO + MLTSS,All populations,,Health Partners,1/1/19,12/31/19,2019," $712,324,000 "," $665,027,000 "," 1,510,877 ",107.1%,  
MN,PMAP,Comprehensive MCO + MLTSS,All populations,,Hennepin HealthCare,1/1/19,12/31/19,2019," $156,470,906 "," $163,057,239 "," 248,171 ",97.3%,  
MN,PMAP,Comprehensive MCO + MLTSS,All populations,,Itasca Medical Care,1/1/19,12/31/19,2019," $37,271,100 "," $39,091,891 "," 80,367 ",97.6%,  
MN,PMAP,Comprehensive MCO + MLTSS,All populations,,PrimeWest,1/1/19,12/31/19,2019," $168,214,275 "," $174,347,119 "," 398,530 ",96.5%,  
MN,PMAP,Comprehensive MCO + MLTSS,All populations,,South Country Health Alliance,1/1/19,12/31/19,2019," $147,138,912 "," $156,644,820 "," 362,667 ",95.0%,  
MN,PMAP,Comprehensive MCO + MLTSS,All populations,,UCare,1/1/19,12/31/19,2019," $1,142,981,173 "," $1,152,479,369 "," 2,647,519 ",99.2%,  
MN,Seniors,Comprehensive MCO + MLTSS,All populations,,Blue Plus,1/1/19,12/31/19,2019," $207,472,513 "," $209,988,723 "," 147,213 ",100.5%,  
MN,Seniors,Comprehensive MCO + MLTSS,All populations,,Health Partners,1/1/19,12/31/19,2019," $101,831,000 "," $119,538,000 "," 71,356 ",87.6%,  
MN,Seniors,Comprehensive MCO + MLTSS,All populations,,Itasca Medical Care,1/1/19,12/31/19,2019," $10,827,579 "," $10,961,121 "," 8,129 ",106.1%,  
MN,Seniors,Comprehensive MCO + MLTSS,All populations,,Medica,1/1/19,12/31/19,2019," $281,711,156 "," $298,643,824 "," 180,978 ",95.9%,  
MN,Seniors,Comprehensive MCO + MLTSS,All populations,,PrimeWest,1/1/19,12/31/19,2019," $38,083,718 "," $41,542,465 "," 33,891 ",95.2%,  
MN,Seniors,Comprehensive MCO + MLTSS,All populations,,South Country Health Alliance,1/1/19,12/31/19,2019," $35,141,626 "," $39,139,920 "," 32,313 ",93.4%,  
MN,Seniors,Comprehensive MCO + MLTSS,All populations,,Ucare,1/1/19,12/31/19,2019," $413,167,221 "," $400,259,171 "," 224,460 ",104.6%,  
MN,SNBC,Comprehensive MCO + MLTSS,All populations,,Health Partners,1/1/19,12/31/19,2019," $95,395,000 "," $90,683,000 "," 74,148 ",107.6%,  
MN,SNBC,Comprehensive MCO + MLTSS,All populations,,Hennepin HealthCare,1/1/19,12/31/19,2019," $33,167,484 "," $38,456,159 "," 24,347 ",90.2%,  
MN,SNBC,Comprehensive MCO + MLTSS,All populations,,Medica,1/1/19,12/31/19,2019," $164,482,741 "," $187,604,488 "," 147,404 ",89.4%,  
MN,SNBC,Comprehensive MCO + MLTSS,All populations,,PrimeWest,1/1/19,12/31/19,2019," $27,918,780 "," $29,788,537 "," 27,840 ",97.5%,  
MN,SNBC,Comprehensive MCO + MLTSS,All populations,,South Country Health Alliance,1/1/19,12/31/19,2019," $32,583,895 "," $36,688,491 "," 36,184 ",92.3%,  
MN,SNBC,Comprehensive MCO + MLTSS,All populations,,UCare,1/1/19,12/31/19,2019," $431,147,919 "," $456,831,538 "," 364,326 ",95.4%,  
MN,PMAP,Comprehensive MCO + MLTSS,All populations,,Blue Plus,1/1/20,12/31/20,2020," $1,527,005,298 "," $1,681,842,268 "," 3,885,506 ",90.8%,  
MN,PMAP,Comprehensive MCO + MLTSS,All populations,,Health Partners,1/1/20,12/31/20,2020," $688,464,236 "," $746,082,640 "," 1,648,646 ",92.3%,  
MN,PMAP,Comprehensive MCO + MLTSS,All populations,,Hennepin HealthCare,1/1/20,12/31/20,2020," $173,958,389 "," $194,332,298 "," 285,226 ",90.8%,  
MN,PMAP,Comprehensive MCO + MLTSS,All populations,,Itasca Medical Care,1/1/20,12/31/20,2020," $36,392,831 "," $43,951,254 "," 87,961 ",85.0%,  
MN,PMAP,Comprehensive MCO + MLTSS,All populations,,PrimeWest,1/1/20,12/31/20,2020," $168,530,497 "," $181,726,468 "," 426,745 ",92.7%,  
MN,PMAP,Comprehensive MCO + MLTSS,All populations,,South Country Health Alliance,1/1/20,12/31/20,2020," $94,232,181 "," $107,419,415 "," 244,634 ",89.1%,  
MN,PMAP,Comprehensive MCO + MLTSS,All populations,,UCare,1/1/20,12/31/20,2020," $1,249,732,099 "," $1,349,034,322 "," 3,101,246 ",92.6%,  
MN,Seniors,Comprehensive MCO + MLTSS,All populations,,Blue Plus,1/1/20,12/31/20,2020," $209,701,847 "," $226,483,778 "," 147,173 ",94.3%,  
MN,Seniors,Comprehensive MCO + MLTSS,All populations,,Health Partners,1/1/20,12/31/20,2020," $99,974,340 "," $112,154,826 "," 74,621 ",91.5%,  
MN,Seniors,Comprehensive MCO + MLTSS,All populations,,Itasca Medical Care,1/1/20,12/31/20,2020," $11,284,363 "," $10,361,198 "," 8,155 ",116.2%,  
MN,Seniors,Comprehensive MCO + MLTSS,All populations,,Medica,1/1/20,12/31/20,2020," $280,012,611 "," $305,253,534 "," 179,526 ",93.3%,  
MN,Seniors,Comprehensive MCO + MLTSS,All populations,,PrimeWest,1/1/20,12/31/20,2020," $38,812,667 "," $36,753,562 "," 34,166 ",109.1%,  
MN,Seniors,Comprehensive MCO + MLTSS,All populations,,South Country Health Alliance,1/1/20,12/31/20,2020," $30,971,863 "," $35,672,780 "," 27,795 ",90.6%,  
MN,Seniors,Comprehensive MCO + MLTSS,All populations,,Ucare,1/1/20,12/31/20,2020," $430,568,685 "," $452,445,035 "," 238,464 ",96.5%,  
MN,SNBC,Comprehensive MCO + MLTSS,All populations,,Health Partners,1/1/20,12/31/20,2020," $104,906,409 "," $111,548,506 "," 86,063 ",96.2%,  
MN,SNBC,Comprehensive MCO + MLTSS,All populations,,Hennepin HealthCare,1/1/20,12/31/20,2020," $36,612,881 "," $41,397,435 "," 25,088 ",92.4%,  
MN,SNBC,Comprehensive MCO + MLTSS,All populations,,Medica,1/1/20,12/31/20,2020," $150,641,402 "," $174,527,282 "," 142,493 ",88.1%,  
MN,SNBC,Comprehensive MCO + MLTSS,All populations,,PrimeWest,1/1/20,12/31/20,2020," $26,568,709 "," $29,577,193 "," 28,709 ",93.6%,  
MN,SNBC,Comprehensive MCO + MLTSS,All populations,,South Country Health Alliance,1/1/20,12/31/20,2020," $22,329,157 "," $26,842,183 "," 27,048 ",87.0%,  
MN,SNBC,Comprehensive MCO + MLTSS,All populations,,UCare,1/1/20,12/31/20,2020," $443,051,012 "," $491,274,029 "," 381,144 ",90.2%,  
MN,Minnesota Seniors,Comprehensive MCO + MLTSS,All Populations,,UCare Minnesota,1/1/21,12/31/21,2021," $491,319,732 "," $509,162,558 "," 258,020 ",97.8%, $-   
MN,MSC+/MSHO,Comprehensive MCO + MLTSS,All Populations,,HealthPartners,1/1/21,12/31/21,2021," $125,726,142 "," $135,314,739 "," 84,332 ",95.1%, $-   
MN,PMAP,Comprehensive MCO + MLTSS,All Populations,,Blue Plus,1/1/21,12/31/21,2021," $1,927,972,420 "," $2,115,948,404 "," 4,507,549 ",91.1%, $-   
MN,PMAP,Comprehensive MCO + MLTSS,All Populations,,HealthPartners,1/1/21,12/31/21,2021," $854,754,866 "," $956,691,658 "," 1,924,843 ",89.3%, $-   
MN,PMAP,Comprehensive MCO,All Populations,,Hennepin Health,1/1/21,12/31/21,2021," $244,915,279 "," $271,017,729 "," 355,898 ",91.5%, $-   
MN,PMAP,Comprehensive MCO + MLTSS,All Populations,,Itasca Medical Care,1/1/21,12/31/21,2021," $46,070,103 "," $53,402,379 "," 99,335 ",88.3%, $-   
MN,PMAP,Comprehensive MCO,All Populations,,PrimeWest Health,1/1/21,12/31/21,2021," $203,954,753 "," $224,894,174 "," 487,699 ",90.7%, $-   
MN,PMAP,Comprehensive MCO + MLTSS,All Populations,,South Country Health Alliance,1/1/21,12/31/21,2021," $121,889,407 "," $134,602,546 "," 278,725 ",91.8%, $-   
MN,Prepaid Medical Assistance Program,Comprehensive MCO + MLTSS,All Populations,,UCare Minnesota,1/1/21,12/31/21,2021," $1,575,360,931 "," $1,729,254,163 "," 3,645,619 ",91.1%, $-   
MN,Seniors,Comprehensive MCO + MLTSS,All Populations,,Blue Plus,1/1/21,12/31/21,2021," $218,465,984 "," $235,734,002 "," 153,810 ",94.4%, $-   
MN,Seniors,Comprehensive MCO + MLTSS,All Populations,,Itasca Medical Care,1/1/21,12/31/21,2021," $9,939,045 "," $11,183,920 "," 8,307 ",96.1%, $-   
MN,Seniors,Comprehensive MCO + MLTSS,All Populations,,Medica,1/1/21,12/31/21,2021," $285,072,437 "," $313,888,769 "," 177,088 ",92.4%, $-   
MN,Seniors,Comprehensive MCO + MLTSS,All Populations,,PrimeWest Health,1/1/21,12/31/21,2021," $41,129,502 "," $43,322,924 "," 35,043 ",98.4%, $-   
MN,Seniors,Comprehensive MCO + MLTSS,All Populations,,South Country Health Alliance,1/1/21,12/31/21,2021," $30,073,466 "," $36,052,694 "," 27,958 ",87.2%, $-   
MN,SNBC,Comprehensive MCO + MLTSS,All Populations,,HealthPartners,1/1/21,12/31/21,2021," $127,182,381 "," $134,867,386 "," 99,396 ",96.3%, $-   
MN,SNBC,Comprehensive MCO + MLTSS,All Populations,,Hennepin Health,1/1/21,12/31/21,2021," $40,101,299 "," $44,013,585 "," 25,636 ",95.0%, $-   
MN,SNBC,Comprehensive MCO + MLTSS,All Populations,,Medica,1/1/21,12/31/21,2021," $157,290,223 "," $178,730,110 "," 143,921 ",89.8%, $-   
MN,SNBC,Comprehensive MCO,All Populations,,PrimeWest Health,1/1/21,12/31/21,2021," $29,947,091 "," $33,047,655 "," 30,133 ",94.3%, $-   
MN,SNBC,Comprehensive MCO + MLTSS,All Populations,,South Country Health Alliance,1/1/21,12/31/21,2021," $24,869,053 "," $29,450,805 "," 28,504 ",88.2%, $-   
MN,Special Needs BasicCare,Comprehensive MCO + MLTSS,All Populations,,UCare Minnesota,1/1/21,12/31/21,2021," $509,303,414 "," $556,083,001 "," 412,611 ",91.6%, $-   
MN,Minnesota Seniors,Comprehensive MCO + MLTSS,All Populations,,UCare Minnesota,1/1/22,12/31/22,2022," $574,816,698 "," $606,350,408 "," 290,783 ",96.0%, $-   
MN,PMAP,Comprehensive MCO + MLTSS,All Populations,,Blue Plus,1/1/22,12/31/22,2022," $1,746,924,376 "," $2,128,419,098 "," 3,886,819 ",82.1%," $61,724,154 "
MN,PMAP,Comprehensive MCO + MLTSS,All Populations,,Hennepin Health,1/1/22,12/31/22,2022," $319,897,981 "," $372,368,797 "," 382,907 ",85.9%,
MN,PMAP,Comprehensive MCO + MLTSS,All Populations,,Itasca Medical Care,1/1/22,12/31/22,2022," $52,116,534 "," $61,867,504 "," 106,973 ",86.2%, $-   
MN,PMAP,Comprehensive MCO + MLTSS,All Populations,,MCO,1/1/22,12/31/22,2022," $1,026,823,157 "," $1,212,899,010 "," 2,193,733 ",84.7%," $3,638,697 "
MN,PMAP,Comprehensive MCO + MLTSS,All Populations,,Medica,1/1/22,12/31/22,2022," $13,570,635 "," $14,668,204 "," 20,457 ",97.0%, $-   
MN,PMAP,Comprehensive MCO + MLTSS,All Populations,,PrimeWest Health,1/1/22,12/31/22,2022," $226,750,496 "," $268,309,883 "," 519,112 ",84.5%," $1,341,549 "
MN,PMAP,Comprehensive MCO + MLTSS,All Populations,,South Country Health Alliance,1/1/22,12/31/22,2022," $129,925,809 "," $157,075,533 "," 300,579 ",83.9%," $1,727,831 "
MN,PMAP,Comprehensive MCO,All Populations,,United Healthcare,1/1/22,12/31/22,2022," $135,750,851 "," $185,777,119 "," 382,193 ",73.1%," $22,107,477 "
MN,Prepaid Medical Assistance Program,Comprehensive MCO + MLTSS,All Populations,,UCare Minnesota,1/1/22,12/31/22,2022," $2,049,980,704 "," $2,452,088,550 "," 4,470,347 ",83.6%," $34,329,240 "
MN,Seniors,Comprehensive MCO + MLTSS,All Populations,,Blue Plus,1/1/22,12/31/22,2022," $234,690,746 "," $264,270,232 "," 166,807 ",90.4%, $-   
MN,Seniors,Comprehensive MCO + MLTSS,All Populations,,Itasca Medical Care,1/1/22,12/31/22,2022," $11,753,539 "," $11,343,152 "," 8,539 ",110.7%, $-   
MN,Seniors,Comprehensive MCO + MLTSS,All Populations,,MCO,1/1/22,12/31/22,2022," $150,829,903 "," $193,271,620 "," 99,159 ",80.0%," $9,663,581 "
MN,Seniors,Comprehensive MCO + MLTSS,All Populations,,Medica,1/1/22,12/31/22,2022," $303,140,835 "," $349,993,916 "," 178,615 ",88.2%, $-   
MN,Seniors,Comprehensive MCO + MLTSS,All Populations,,PrimeWest Health,1/1/22,12/31/22,2022," $43,224,097 "," $50,960,019 "," 37,499 ",88.2%, $-   
MN,Seniors,Comprehensive MCO + MLTSS,All Populations,,South Country Health Alliance,1/1/22,12/31/22,2022," $32,161,660 "," $40,215,505 "," 30,060 ",83.7%," $522,802 "
MN,SNBC,Comprehensive MCO + MLTSS,All Populations,,Hennepin Health,1/1/22,12/31/22,2022," $44,741,638 "," $53,131,433 "," 25,671 ",88.1%,
MN,SNBC,Comprehensive MCO + MLTSS,All Populations,,MCO,1/1/22,12/31/22,2022," $146,793,586 "," $160,919,184 "," 111,169 ",93.1%, $-   
MN,SNBC,Comprehensive MCO + MLTSS,All Populations,,Medica,1/1/22,12/31/22,2022," $166,969,791 "," $201,715,523 "," 140,409 ",84.5%," $1,008,578 "
MN,SNBC,Comprehensive MCO + MLTSS,All Populations,,PrimeWest Health,1/1/22,12/31/22,2022," $30,988,743 "," $37,962,629 "," 30,780 ",85.3%, $-   
MN,SNBC,Comprehensive MCO + MLTSS,All Populations,,South Country Health Alliance,1/1/22,12/31/22,2022," $27,959,751 "," $32,910,400 "," 29,818 ",88.7%, $-   
MN,Special Needs BasicCare,Comprehensive MCO + MLTSS,All Populations,,UCare Minnesota,1/1/22,12/31/22,2022," $582,577,365 "," $650,714,822 "," 437,746 ",89.5%, $-   
MO,HealthNet,Comprehensive MCO,All populations,,Home State,5/1/17,6/30/18,2018," $1,043,494,184 "," $1,099,993,205 "," 3,797,320 ",94.9%,  
MO,HealthNet,Comprehensive MCO,All populations,,MO Care,5/1/17,6/30/18,2018," $988,000,935 "," $1,097,777,601 "," 4,018,411 ",90.0%,  
MO,HealthNet,Comprehensive MCO,All populations,,United Care ,5/1/17,6/30/18,2018," $637,350,466 "," $686,886,030 "," 2,278,175 ",92.8%,  
MO,HealthNet,Comprehensive MCO,All populations,,Home State,7/1/18,6/30/19,2019," $780,346,988 "," $829,909,328 "," 2,832,674 ",94.0%,  
MO,HealthNet,Comprehensive MCO,All populations,,MO Care,7/1/18,6/30/19,2019," $809,371,310 "," $873,566,346 "," 3,007,711 ",92.7%,  
MO,HealthNet,Comprehensive MCO,All populations,,United HealthCare,7/1/18,6/30/19,2019," $578,856,394 "," $620,926,403 "," 1,929,471 ",93.2%,  
MO,HealthNet,Comprehensive MCO,All populations,,Healthy Blue,7/1/19,6/30/20,2020," $797,910,614 "," $892,519,865 "," 2,678,858 ",89.4%,  
MO,HealthNet,Comprehensive MCO,All populations,,Home State,7/1/19,6/30/20,2020," $703,788,619 "," $801,379,568 "," 2,484,080 ",87.8%,  
MO,HealthNet,Comprehensive MCO,All populations,,UnitedHealthcare,7/1/19,6/30/20,2020," $619,623,432 "," $683,533,681 "," 1,928,444 ",90.7%,  
MO,MO HealthNet Managed Care/1915b ,Comprehensive MCO,All Populations,,Healthy Blue Missouri,7/1/20,6/30/21,2021," $946,482,163 "," $1,116,090,816 "," 3,411,313 ",84.8%," $2,195,032 "
MO,MO HealthNet Managed Care/1915b ,Comprehensive MCO,All Populations,,Home State Health,7/1/20,6/30/21,2021," $776,653,906 "," $959,798,211 "," 3,046,571 ",80.9%," $39,174,574 "
MO,MO HealthNet Managed Care/1915b ,Comprehensive MCO,All Populations,,United HealthCare,7/1/20,6/30/21,2021," $725,307,667 "," $854,775,972 "," 2,558,115 ",84.9%," $1,251,909 "
MO,Statewide,Comprehensive MCO,All Populations,,Healthy Blue Missouri,7/1/21,6/30/22,2022," $1,050,875,686 "," $1,232,509,368 "," 3,823,351 ",85.3%, $-   
MO,Statewide,Comprehensive MCO,Group VIII Expansion Adult Only,,Healthy Blue Missouri,7/1/21,6/30/22,2022," $102,212,534 "," $111,628,830 "," 255,391 ",92.9%, $-   
MO,Statewide,Comprehensive MCO,All Populations,,Home State Health,7/1/21,6/30/22,2022," $856,736,815 "," $1,036,516,218 "," 3,357,573 ",82.7%," $24,301,970 "
MO,Statewide,Comprehensive MCO,Group VIII Expansion Adult Only,,Home State Health,7/1/21,6/30/22,2022," $86,351,922 "," $101,091,404 "," 234,920 ",86.8%, $-   
MO,Statewide,Comprehensive MCO,All Populations,,United HealthCare,7/1/21,6/30/22,2022," $798,277,611 "," $944,950,341 "," 2,874,654 ",84.5%," $4,930,179 "
MO,Statewide,Comprehensive MCO,Group VIII Expansion Adult Only,,United HealthCare,7/1/21,6/30/22,2022," $93,619,680 "," $104,143,416 "," 235,933 ",91.3%, $-   
MS,Mississippi Coordinated Access Network (MississippiCAN),Comprehensive MCO,All populations,,All Plans,7/1/17,6/30/18,2018," $2,019,122,027 "," $2,138,599,473 "," 5,635,291 ",94.4%, $-   
MS,Mississippi Coordinated Access Network (MississippiCAN) ,Comprehensive MCO,All populations,,Magnolia,7/1/17,6/30/18,2018," $1,076,396,114 "," $1,136,630,984 "," 2,930,798 ",94.7%, $-   
MS,Mississippi Coordinated Access Network (MississippiCAN) ,Comprehensive MCO,All populations,,United,7/1/17,6/30/18,2018," $942,725,913 "," $1,001,968,489 "," 2,705,123 ",94.1%, $-   
MS,MississippiCAN,Comprehensive MCO,All populations,,Magnolia Health,7/1/18,6/30/19,2019," $1,048,877,692 "," $1,112,868,328 "," 2,603,724 ",94.2%, $-   
MS,MississippiCAN,Comprehensive MCO,All populations,,Molina Healthcare of MS,7/1/18,6/30/19,2019," $154,897,656 "," $157,945,701 "," 338,060 ",98.1%, $-   
MS,MississippiCAN,Comprehensive MCO,All populations,,"UnitedHeatlhcare of Mississippi, Inc.",7/1/18,6/30/19,2019," $844,323,984 "," $914,573,036 "," 2,283,145 ",92.3%, $-   
MS,MississippiCAN,Comprehensive MCO,All populations,,Magnolia,7/1/19,6/30/20,2020," $955,145,559 "," $1,050,905,787 "," 2,343,484 ",90.9%, $-   
MS,MississippiCAN,Comprehensive MCO,All populations,,Molina,7/1/19,6/30/20,2020," $318,892,755 "," $361,930,684 "," 835,113 ",88.1%, $-   
MS,MississippiCAN,Comprehensive MCO,All populations,,United,7/1/19,6/30/20,2020," $760,206,259 "," $853,790,213 "," 2,040,225 ",89.0%, $-   
MS,MississippiCAN,Comprehensive MCO,All Populations,,"Magnolia Health Plan, Inc.",7/1/20,6/30/21,2021," $1,169,485,347 "," $1,288,963,748 "," 2,382,557 ",90.7%, $-   
MS,MississippiCAN,Comprehensive MCO,All Populations,,Molina Healthcare of MS,7/1/20,6/30/21,2021," $402,570,167 "," $490,777,875 "," 1,111,549 ",82.0%," $26,992,783 "
MS,MississippiCAN,Comprehensive MCO,All Populations,,UHC of Mississippi,7/1/20,6/30/21,2021," $997,913,179 "," $1,167,169,131 "," 17,228,719 ",85.5%," $23,343,383 "
MS,Mississippi Coordinated Access Network (MississippiCAN),Comprehensive MCO,All Populations,,"Magnolia Health Plan, Inc.",7/1/21,6/30/22,2022," $1,083,787,960 "," $1,173,519,878 "," 2,019,452 ",92.4%," $44,187,948 "
MS,Mississippi Coordinated Access Network (MississippiCAN),Comprehensive MCO,All Populations,,Molina Healthcare of MS,7/1/21,6/30/22,2022," $463,477,636 "," $509,183,500 "," 846,089 ",91.0%," $31,711,308 "
MS,Mississippi Coordinated Access Network (MississippiCAN),Comprehensive MCO,All Populations,,"UnitedHealthcare of Mississippi, Inc.",7/1/21,6/30/22,2022," $968,639,062 "," $1,050,284,727 "," 1,917,958 ",92.2%," $52,908,901 "
NC,Behavioral Health Prepaid Inpatient Health Plan (PIHP) Waiver Program,Behavioral health only,All populations,,Alliance Behavioral Healthcare,7/1/17,6/30/18,2018," $376,891,476 "," $423,428,797 "," 2,849,913 ",89.0%,  
NC,Behavioral Health Prepaid Inpatient Health Plan (PIHP) Waiver Program,Behavioral health only,All populations,,Cardinal Innovations Healthcare Solutions,7/1/17,6/30/18,2018," $666,456,423 "," $735,409,179 "," 5,609,164 ",90.6%,  
NC,Behavioral Health Prepaid Inpatient Health Plan (PIHP) Waiver Program,Behavioral health only,All populations,,Eastpointe Human Services,7/1/17,6/30/18,2018," $232,008,900 "," $263,961,061 "," 2,131,365 ",87.9%,  
NC,Behavioral Health Prepaid Inpatient Health Plan (PIHP) Waiver Program,Behavioral health only,All populations,,Partners Behavioral Health Management,7/1/17,6/30/18,2018," $251,352,229 "," $275,583,864 "," 1,845,254 ",91.2%,  
NC,Behavioral Health Prepaid Inpatient Health Plan (PIHP) Waiver Program,Behavioral health only,All populations,,Sandhills Center for MH DD SA,7/1/17,6/30/18,2018," $247,902,866 "," $268,036,614 "," 2,308,447 ",92.5%,  
NC,Behavioral Health Prepaid Inpatient Health Plan (PIHP) Waiver Program,Behavioral health only,All populations,,Trillium Health Resources,7/1/17,6/30/18,2018," $359,992,668 "," $388,079,477 "," 2,568,469 ",92.8%,  
NC,Behavioral Health Prepaid Inpatient Health Plan (PIHP) Waiver Program,Behavioral health only,All populations,,VAYA Health,7/1/17,6/30/18,2018," $300,749,403 "," $329,588,044 "," 1,982,276 ",91.3%,  
NC,Behavioral Health Prepaid Inpatient Health Plan (PIHP) Waiver Program,Behavioral health only,All populations,,Alliance Behavioral Healthcare,7/1/18,6/30/19,2019," $392,003,375 "," $425,806,953 "," 2,828,045 ",92.1%,  
NC,Behavioral Health Prepaid Inpatient Health Plan (PIHP) Waiver Program,Behavioral health only,All populations,,Cardinal Innovations Healthcare Solutions,7/1/18,6/30/19,2019," $685,811,125 "," $740,744,296 "," 5,448,330 ",92.6%,  
NC,Behavioral Health Prepaid Inpatient Health Plan (PIHP) Waiver Program,Behavioral health only,All populations,,Eastpointe Human Services,7/1/18,6/30/19,2019," $225,337,539 "," $247,429,698 "," 1,896,169 ",91.1%,  
NC,Behavioral Health Prepaid Inpatient Health Plan (PIHP) Waiver Program,Behavioral health only,All populations,,Partners Behavioral Health Management,7/1/18,6/30/19,2019," $255,175,802 "," $277,295,861 "," 1,934,701 ",92.0%,  
NC,Behavioral Health Prepaid Inpatient Health Plan (PIHP) Waiver Program,Behavioral health only,All populations,,Sandhills Center for MH DD SA,7/1/18,6/30/19,2019," $260,971,232 "," $265,998,277 "," 2,259,951 ",98.1%,  
NC,Behavioral Health Prepaid Inpatient Health Plan (PIHP) Waiver Program,Behavioral health only,All populations,,Trillium Health Resources,7/1/18,6/30/19,2019," $369,275,416 "," $434,561,513 "," 2,645,570 ",85.0%,  
NC,Behavioral Health Prepaid Inpatient Health Plan (PIHP) Waiver Program,Behavioral health only,All populations,,VAYA Health,7/1/18,6/30/19,2019," $313,696,384 "," $333,944,660 "," 1,788,331 ",93.9%,  
NC,Behavioral Health Prepaid Inpatient Health Plan (PIHP) Waiver Program,Behavioral health only,All populations,,Alliance Behavioral Healthcare,7/1/19,6/30/20,2020," $406,724,843 "," $458,666,889 "," 2,827,833 ",88.7%,  
NC,Behavioral Health Prepaid Inpatient Health Plan (PIHP) Waiver Program,Behavioral health only,All populations,,Cardinal Innovations Healthcare Solutions,7/1/19,6/30/20,2020," $732,322,234 "," $793,552,401 "," 5,316,080 ",92.3%,  
NC,Behavioral Health Prepaid Inpatient Health Plan (PIHP) Waiver Program,Behavioral health only,All populations,,Eastpointe Human Services,7/1/19,6/30/20,2020," $245,679,422 "," $261,657,207 "," 1,845,957 ",93.9%,  
NC,Behavioral Health Prepaid Inpatient Health Plan (PIHP) Waiver Program,Behavioral health only,All populations,,Partners Behavioral Health Management,7/1/19,6/30/20,2020," $295,371,575 "," $330,764,938 "," 1,902,315 ",89.3%,  
NC,Behavioral Health Prepaid Inpatient Health Plan (PIHP) Waiver Program,Behavioral health only,All populations,,Sandhills Center for MH DD SA,7/1/19,6/30/20,2020," $277,186,151 "," $287,331,335 "," 2,258,742 ",96.5%,  
NC,Behavioral Health Prepaid Inpatient Health Plan (PIHP) Waiver Program,Behavioral health only,All populations,,Trillium Health Resources,7/1/19,6/30/20,2020," $408,824,767 "," $441,160,571 "," 2,581,738 ",92.7%,  
NC,Behavioral Health Prepaid Inpatient Health Plan (PIHP) Waiver Program,Behavioral health only,All populations,,VAYA Health,7/1/19,6/30/20,2020," $307,827,068 "," $337,574,075 "," 1,750,742 ",91.2%,  
NC,North Carolina LME/MCO ,Other PIHP,All Populations,,Alliance Health,7/1/20,6/30/21,2021," $458,678,623 "," $526,924,625 "," 3,198,946 ",87.0%,
NC,North Carolina LME/MCO ,Other PIHP,All Populations,,Cardinal Innovations,7/1/20,6/30/21,2021," $861,869,294 "," $953,049,027 "," 5,855,199 ",90.4%,
NC,North Carolina LME/MCO ,Other PIHP,All Populations,,Eastpointe Human Services,7/1/20,6/30/21,2021," $275,241,814 "," $315,748,638 "," 1,935,376 ",87.2%,
NC,North Carolina LME/MCO ,Other PIHP,All Populations,,Partners Behavioral Health Management,7/1/20,6/30/21,2021," $344,898,591 "," $393,730,365 "," 2,149,936 ",87.6%,
NC,North Carolina LME/MCO ,Other PIHP,All Populations,,Sandhills Center,7/1/20,6/30/21,2021," $311,682,882 "," $347,139,331 "," 2,480,750 ",89.8%,
NC,North Carolina LME/MCO ,Other PIHP,All Populations,,Trillium Health Resources,7/1/20,6/30/21,2021," $475,107,239 "," $503,141,785 "," 2,853,523 ",94.4%,
NC,North Carolina LME/MCO ,Other PIHP,All Populations,,Vaya Health,7/1/20,6/30/21,2021," $354,149,275 "," $397,199,774 "," 1,929,671 ",89.2%,
NC,NC Prepaid Health Plan,Comprehensive MCO,All Populations,,AmeriHealth Caritas of North Carolina,7/1/21,6/30/22,2022," $1,205,020,730 "," $1,311,705,731 "," 3,708,811 ",91.9%, $-   
NC,NC Prepaid Health Plan,Comprehensive MCO,All Populations,,Blue Cross NC Healthy Blue,7/1/21,6/30/22,2022," $1,919,113,296 "," $1,989,473,086 "," 5,282,471 ",96.5%, $-   
NC,NC Prepaid Health Plan,Comprehensive MCO,All Populations,,Carolina Complete Health,7/1/21,6/30/22,2022," $848,396,670 "," $926,082,675 "," 2,639,907 ",91.6%, $-   
NC,NC Prepaid Health Plan,Comprehensive MCO,All Populations,,"UnitedHealthcare of North Carolina, Inc.",7/1/21,6/30/22,2022," $1,419,637,160 "," $1,564,735,462 "," 4,430,056 ",90.7%, $-   
NC,NC Prepaid Health Plan,Comprehensive MCO,All Populations,,"Wellcare of North Carolina, Inc.",7/1/21,6/30/22,2022," $1,444,010,219 "," $1,530,536,329 "," 4,306,957 ",94.3%, $-   
NC,North Carolina LME/MCO ,Other PIHP,All Populations,,Alliance Health,7/1/21,6/30/22,2022," $614,964,993 "," $739,086,803 "," 1,164,889 ",83.2%,
NC,North Carolina LME/MCO ,Other PIHP,All Populations,,Eastpointe Human Services,7/1/21,6/30/22,2022," $282,277,387 "," $328,148,560 "," 603,346 ",86.0%,
NC,North Carolina LME/MCO ,Other PIHP,All Populations,,Partners Behavioral Health Management,7/1/21,6/30/22,2022," $515,395,184 "," $593,877,708 "," 1,042,401 ",86.8%,
NC,North Carolina LME/MCO ,Other PIHP,All Populations,,Sandhills Center,7/1/21,6/30/22,2022," $350,957,470 "," $395,630,452 "," 859,345 ",88.7%,
NC,North Carolina LME/MCO ,Other PIHP,All Populations,,Trillium Health Resources,7/1/21,6/30/22,2022," $486,425,374 "," $574,541,355 "," 974,029 ",84.7%,
NC,North Carolina LME/MCO ,Other PIHP,All Populations,,Vaya Health,7/1/21,6/30/22,2022," $455,050,817 "," $529,464,688 "," 940,003 ",85.9%,
ND,ND Medicaid Expansion,Comprehensive MCO,Group VIII expansion adult only ,,Sanford Health Plan,7/1/17,12/31/17,2017," $135,125,434 "," $143,647,326 "," 125,101 ",95.4%,  
ND,ND Medicaid Expansion,Comprehensive MCO,Group VIII expansion adult only ,,Sanford Health Plan,1/1/18,12/31/18,2018," $283,901,983 "," $295,120,502 "," 250,150 ",97.5%,  
ND,North Dakota Medicaid Expansion,Comprehensive MCO,Group VIII expansion adult only ,,Sanford Health Plan (MCO),1/1/19,12/31/19,2019," $288,149,224 "," $290,128,923 "," 241,579 ",100.7%,  
ND,Medicaid Expansion,Comprehensive MCO,Group VIII expansion adult only ,,Sanford Health,1/1/20,12/31/20,2020," $280,175,770 "," $292,542,320 "," 266,896 ",97.1%, $-   
ND,North Dakota Medicaid Expansion,Comprehensive MCO,Group VIII Expansion Adult Only ,,Sanford Health Plan,1/1/21,12/31/21,2021," $308,475,590 "," $387,804,806 "," 345,435 ",80.6%," $58,387,756 "
ND,Medicaid Expansion,Comprehensive MCO,Group VIII Expansion Adult Only ,,Blue Cross Blue Shield of North Dakota,1/1/22,12/31/22,2022," $311,977,522 "," $442,503,174 "," 388,393 ",70.5%," $104,872,767 "
NE,"Nebraska Dental Managed
Care",Dental only,All populations,,MCNA Nebraska,10/1/17,6/30/18,2018," $31,560,834 "," $40,206,731 "," 2,237,192 ",78.5%," $3,076,338 "
NE,Heritage Health,Comprehensive MCO,All populations,,Nebraska Total Care,1/1/18,12/31/18,2018," $387,967,909 "," $433,359,990 "," 995,873 ",89.5%, $-   
NE,Heritage Health,Comprehensive MCO,All populations,,United Health Care - Midlands ,1/1/18,12/31/18,2018," $354,846,718 "," $417,178,796 "," 989,007 ",85.1%, $-   
NE,Heritage Health,Comprehensive MCO,All populations,,WellCare of Nebraska,1/1/18,12/31/18,2018," $309,435,746 "," $348,596,465 "," 1,008,261 ",88.8%, $-   
NE,Nebraska Dental Managed Care,Dental only,All populations,,MCNA Nebraska,7/1/18,6/30/19,2019," $40,694,873 "," $53,751,044 "," 2,965,009 ",75.7%," $4,993,514 "
NE,Heritage Health,Comprehensive MCO,All populations,,Nebraska Total Care,1/1/19,12/31/19,2019," $395,902,135 "," $447,978,963 "," 991,561 ",88.4%, $-   
NE,Heritage Health,Comprehensive MCO,All populations,,UnitedHealthcare Community Plan of Nebraska,1/1/19,12/31/19,2019," $381,130,804 "," $432,604,240 "," 985,824 ",88.1%, $-   
NE,Heritage Health,Comprehensive MCO,All populations,,WellCare of Nebraska,1/1/19,12/31/19,2019," $332,358,762 "," $346,113,556 "," 999,930 ",96.0%, $-   
NE,Dental Benefit Manager,Dental only,All populations,,MCNA Nebraska,7/1/19,6/30/20,2020," $34,282,583 "," $50,936,868 "," 3,006,821 ",67.3%," $9,013,755 "
NE,Heritage Health,Comprehensive MCO,All populations,,Nebraska Total Care,1/1/20,12/31/20,2020," $423,059,572 "," $488,851,362 "," 1,065,099 ",86.5%, $-   
NE,Heritage Health,Comprehensive MCO,All populations,,United Healthcare Community Plan of Nebraska,1/1/20,12/31/20,2020," $418,406,915 "," $466,395,666 "," 1,061,822 ",89.7%, $-   
NE,Heritage Health,Comprehensive MCO,All populations,,WellCare of Nebraska,1/1/20,12/31/20,2020," $332,197,450 "," $379,297,683 "," 1,063,858 ",87.6%, $-   
NE,Nebraska Dental Program,Dental,All Populations,,MCNA,7/1/20,6/30/21,2021," $43,076,662 "," $59,190,310 "," 3,347,926 ",72.8%," $7,235,102 "
NE,Heritage Health,Comprehensive MCO,All Populations,,Healthy Blue,1/1/21,12/31/21,2021," $484,205,863 "," $524,812,460 "," 1,292,042 ",92.3%, $-   
NE,Heritage Health ,Comprehensive MCO,All Populations,,Nebraska Total Care,1/1/21,12/31/21,2021," $588,004,131 "," $686,090,293 "," 1,354,222 ",85.7%, $-   
NE,Heritage Health ,Comprehensive MCO,All Populations,,UnitedHealthcare Community Plan of Nebraska,1/1/21,12/31/21,2021," $601,158,719 "," $664,935,842 "," 1,352,879 ",90.4%, $-   
NE,Nebraska Dental Program,Dental Only,All Populations,,MCNA,7/1/21,6/30/22,2022," $56,014,025 "," $64,634,159 "," 4,130,374 ",86.7%, $-   
NE,Heritage Health,Comprehensive MCO,All Populations,,Healthy Blue of Nebraska,1/1/22,12/31/22,2022," $598,652,057 "," $648,331,670 "," 1,423,906 ",92.3%, $-   
NE,Heritage Health ,Comprehensive MCO,All Populations,,Nebraska Total Care,1/1/22,12/31/22,2022," $690,174,517 "," $803,704,406 "," 1,528,424 ",85.9%, $-   
NE,Heritage Health ,Comprehensive MCO,All Populations,,UnitedHealthcare Community Plan of Nebraska,1/1/22,12/31/22,2022," $697,993,988 "," $768,108,606 "," 1,532,800 ",90.9%, $-   
NH,New Hampshire Medicaid Care Management,Comprehensive MCO,All populations,,New Hampshire Healthy Families,7/1/17,6/30/18,2018," $229,282,177 "," $249,143,761 "," 685,766 ",92.0%,  
NH,New Hampshire Medicaid Care Management,Comprehensive MCO,All populations,,Well Sense Health Plan,7/1/17,6/30/18,2018," $267,780,315 "," $283,899,416 "," 805,725 ",94.3%,  
NH,NHHPP,Comprehensive MCO,Group VIII expansion adult only ,,New Hampshire Healthy Families,7/1/17,6/30/18,2018," $25,268,370 "," $28,531,455 "," 30,490 ",92.3%,  
NH,NHHPP,Comprehensive MCO,Group VIII expansion adult only ,,Well Sense Health Plan,7/1/17,6/30/18,2018," $37,815,604 "," $42,715,653 "," 45,874 ",91.5%,  
NH,GAHCP,Comprehensive MCO,All populations,,New Hampshire Healthy Families,7/1/18,6/30/19,2019," $77,478,274 "," $85,435,008 "," 161,134 ",92.3%,  
NH,GAHCP,Comprehensive MCO,All populations,,Well Sense Health Plan,7/1/18,6/30/19,2019," $101,585,359 "," $108,335,328 "," 183,690 ",95.3%,  
NH,New Hampshire Medicaid Care Management,Comprehensive MCO,All populations,,New Hampshire Healthy Families,7/1/18,6/30/19,2019," $221,124,583 "," $252,708,390 "," 684,016 ",87.5%,  
NH,New Hampshire Medicaid Care Management,Comprehensive MCO,All populations,,Well Sense Health Plan,7/1/18,6/30/19,2019," $282,093,418 "," $296,860,836 "," 803,882 ",95.0%,  
NH,Medicaid Care Management ,Comprehensive MCO,All populations,,AmeriHealth Caritas New Hampshire,7/1/19,6/30/20,2020," $18,006,326 "," $20,393,335 "," 67,335 ",90.8%, $-   
NH,Medicaid Care Management ,Comprehensive MCO,Group VIII expansion adult only ,,AmeriHealth Caritas New Hampshire,7/1/19,6/30/20,2020," $32,518,474 "," $37,496,873 "," 73,229 ",89.2%, $-   
NH,Medicaid Care Management ,Comprehensive MCO,All populations,,"New Hampshire Healthy Families, Inc.",7/1/19,6/30/20,2020," $220,755,900 "," $257,898,263 "," 667,838 ",85.6%, $-   
NH,Medicaid Care Management ,Comprehensive MCO,Group VIII expansion adult only ,,"New Hampshire Healthy Families, Inc.",7/1/19,6/30/20,2020," $121,544,148 "," $139,300,621 "," 257,794 ",88.6%, $-   
NH,Medicaid Care Management ,Comprehensive MCO,All populations,,Well Sense Health Plan,7/1/19,6/30/20,2020," $270,765,428 "," $301,787,440 "," 772,351 ",89.7%, $-   
NH,Medicaid Care Management ,Comprehensive MCO,Group VIII expansion adult only ,,Well Sense Health Plan,7/1/19,6/30/20,2020," $149,145,099 "," $171,671,295 "," 280,381 ",88.1%, $-   
NH,MCM,Comprehensive MCO,All Populations,,Amerihealth,7/1/20,6/30/21,2021," $45,220,067 "," $49,124,259 "," 179,894 ",93.6%, $-   
NH,MCM,Comprehensive MCO,Group VIII Expansion Adult Only ,,Amerihealth,7/1/20,6/30/21,2021," $99,074,907 "," $109,896,585 "," 217,344 ",91.6%, $-   
NH,MCM,Comprehensive MCO,All Populations,,New  Hampshire Healthy Families,7/1/20,6/30/21,2021," $218,587,350 "," $248,297,949 "," 690,586 ",88.0%, $-   
NH,MCM,Comprehensive MCO,Group VIII Expansion Adult Only ,,New  Hampshire Healthy Families,7/1/20,6/30/21,2021," $138,683,099 "," $161,188,682 "," 288,455 ",87.3%, $-   
NH,MCM,Comprehensive MCO,All Populations,,Well Sense Health Plan,7/1/20,6/30/21,2021," $281,958,085 "," $302,726,127 "," 784,130 ",93.1%, $-   
NH,MCM,Comprehensive MCO,Group VIII Expansion Adult Only ,,Well Sense Health Plan,7/1/20,6/30/21,2021," $166,088,994 "," $188,026,670 "," 312,175 ",89.5%," $940,133 "
NH,Medicaid Managed Care,Comprehensive MCO,Group VIII Expansion Adult Only ,,AmeriHealth Caritas,7/1/21,6/30/22,2022," $148,694,793 "," $165,104,433 "," 335,299 ",91.2%, $-   
NH,Medicaid Managed Care,Comprehensive MCO,"Other, specify",Medicaid and CHIP,AmeriHealth Caritas,7/1/21,6/30/22,2022," $74,177,562 "," $81,855,868 "," 269,679 ",91.9%, $-   
NH,Medicaid Managed Care,Comprehensive MCO,Group VIII Expansion Adult Only ,,NH Healthy Families,7/1/21,6/30/22,2022," $148,335,494 "," $169,155,692 "," 300,550 ",88.9%, $-   
NH,Medicaid Managed Care,Comprehensive MCO,"Other, specify",Medicaid and CHIP,NH Healthy Families,7/1/21,6/30/22,2022," $236,623,146 "," $261,950,992 "," 696,105 ",90.3%, $-   
NH,Medicaid Managed Care,Comprehensive MCO,Group VIII Expansion Adult Only ,,Well Sense Health Plan,7/1/21,6/30/22,2022," $170,514,250 "," $207,486,966 "," 342,028 ",83.3%," $3,527,278 "
NH,Medicaid Managed Care,Comprehensive MCO,"Other, specify",Medicaid and CHIP,Well Sense Health Plan,7/1/21,6/30/22,2022," $291,333,733 "," $306,958,515 "," 779,227 ",94.9%, $-   
NJ,NJ Family  Care,Comprehensive MCO + MLTSS,MLTSS only,,Aetna,7/1/17,6/30/18,2018," $119,875,009 "," $128,221,181 "," 26,733 ",97.4%, $-   
NJ,NJ Family  Care,Comprehensive MCO + MLTSS,All populations,,Aetna Better Health of NJ,7/1/17,6/30/18,2018," $128,409,929 "," $151,070,504 "," 480,684 ",85.0%, $-   
NJ,NJ Family  Care,Comprehensive MCO + MLTSS,All populations,,Amerigroup,7/1/17,6/30/18,2018," $734,567,320 "," $813,096,854 "," 2,240,295 ",90.3%, $-   
NJ,NJ Family  Care,Comprehensive MCO + MLTSS,MLTSS only,,Amerigroup,7/1/17,6/30/18,2018," $320,793,662 "," $341,190,541 "," 83,001 ",96.2%, $-   
NJ,NJ Family  Care,Comprehensive MCO + MLTSS,All populations,,Horizon,7/1/17,6/30/18,2018," $3,756,027,843 "," $3,970,813,329 "," 10,363,278 ",94.6%, $-   
NJ,NJ Family  Care,Comprehensive MCO + MLTSS,MLTSS only,,Horizon,7/1/17,6/30/18,2018," $792,912,158 "," $853,072,668 "," 202,762 ",94.4%, $-   
NJ,NJ Family  Care,Comprehensive MCO + MLTSS,All populations,,United,7/1/17,6/30/18,2018," $1,936,012,573 "," $2,096,250,444 "," 5,723,845 ",92.4%, $-   
NJ,NJ Family  Care,Comprehensive MCO + MLTSS,MLTSS only,,United,7/1/17,6/30/18,2018," $356,568,238 "," $390,086,061 "," 92,402 ",93.5%, $-   
NJ,NJ Family  Care,Comprehensive MCO + MLTSS,All populations,,Wellcare,7/1/17,6/30/18,2018," $249,351,991 "," $269,273,647 "," 707,084 ",92.6%, $-   
NJ,NJ Family  Care,Comprehensive MCO + MLTSS,MLTSS only,,Wellcare,7/1/17,6/30/18,2018," $273,331,283 "," $300,531,846 "," 78,045 ",93.2%, $-   
NJ,NJFamilyCare,Comprehensive MCO + MLTSS,All populations,,Aetna,7/1/18,6/30/19,2019," $198,058,944 "," $221,075,420 "," 614,649 ",89.6%, $-   
NJ,NJFamilyCare,Comprehensive MCO + MLTSS,MLTSS only,,Aetna,7/1/18,6/30/19,2019," $159,327,138 "," $172,380,543 "," 36,810 ",95.8%, $-   
NJ,NJFamilyCare,Comprehensive MCO + MLTSS,All populations,,Amerigroup,7/1/18,6/30/19,2019," $714,820,024 "," $770,520,476 "," 2,093,257 ",92.8%, $-   
NJ,NJFamilyCare,Comprehensive MCO + MLTSS,MLTSS only,,Amerigroup,7/1/18,6/30/19,2019," $347,519,790 "," $360,247,162 "," 86,016 ",98.7%, $-   
NJ,NJFamilyCare,Comprehensive MCO + MLTSS,All populations,,Horizon,7/1/18,6/30/19,2019," $3,886,429,550 "," $4,020,976,801 "," 10,149,678 ",96.7%, $-   
NJ,NJFamilyCare,Comprehensive MCO + MLTSS,MLTSS only,,Horizon,7/1/18,6/30/19,2019," $925,573,477 "," $976,620,019 "," 229,764 ",96.2%, $-   
NJ,NJFamilyCare,Comprehensive MCO + MLTSS,All populations,,UnitedHealthcare,7/1/18,6/30/19,2019," $2,003,719,711 "," $2,093,959,877 "," 5,515,980 ",95.7%, $-   
NJ,NJFamilyCare,Comprehensive MCO + MLTSS,MLTSS only,,UnitedHealthcare,7/1/18,6/30/19,2019," $428,475,956 "," $464,768,317 "," 107,618 ",94.1%, $-   
NJ,NJFamilyCare,Comprehensive MCO + MLTSS,All populations,,WellCare,7/1/18,6/30/19,2019," $281,728,575 "," $291,216,551 "," 738,888 ",96.7%, $-   
NJ,NJFamilyCare,Comprehensive MCO + MLTSS,MLTSS only,,WellCare,7/1/18,6/30/19,2019," $355,877,180 "," $382,366,302 "," 102,708 ",95.1%, $-   
NJ,NJFamilyCare,Comprehensive MCO + MLTSS,MLTSS Only,,Aetna,7/1/19,6/30/20,2020," $195,043,340 "," $215,239,207 "," 49,443 ",93.5%,  
NJ,NJFamilyCare,Comprehensive MCO + MLTSS,"Other, specify",Acute care,Aetna,7/1/19,6/30/20,2020," $275,545,484 "," $289,145,458 "," 1,019,926 ",95.3%,  
NJ,NJFamilyCare,Comprehensive MCO + MLTSS,MLTSS Only,,Amerigroup,7/1/19,6/30/20,2020," $378,230,095 "," $401,939,968 "," 96,253 ",96.1%,  
NJ,NJFamilyCare,Comprehensive MCO + MLTSS,"Other, specify",Acute care,Amerigroup,7/1/19,6/30/20,2020," $729,624,767 "," $777,499,954 "," 2,254,181 ",93.8%,  
NJ,NJFamilyCare,Comprehensive MCO + MLTSS,MLTSS Only,,Horizon,7/1/19,6/30/20,2020," $1,024,308,210 "," $1,066,732,268 "," 246,550 ",97.4%,  
NJ,NJFamilyCare,Comprehensive MCO + MLTSS,"Other, specify",Acute care,Horizon,7/1/19,6/30/20,2020," $3,667,829,947 "," $3,830,819,546 "," 10,083,138 ",95.7%,  
NJ,NJFamilyCare,Comprehensive MCO + MLTSS,MLTSS Only,,UnitedHealthcare,7/1/19,6/30/20,2020," $515,147,100 "," $546,535,029 "," 113,181 ",96.2%,  
NJ,NJFamilyCare,Comprehensive MCO + MLTSS,"Other, specify",Acute care,UnitedHealthcare,7/1/19,6/30/20,2020," $1,690,754,897 "," $1,821,331,781 "," 4,818,378 ",92.8%,  
NJ,NJFamilyCare,Comprehensive MCO + MLTSS,MLTSS Only,,WellCare,7/1/19,6/30/20,2020," $428,467,313 "," $465,165,373 "," 124,530 ",94.0%,  
NJ,NJFamilyCare,Comprehensive MCO + MLTSS,"Other, specify",Acute care,WellCare,7/1/19,6/30/20,2020," $311,901,679 "," $318,205,861 "," 809,405 ",98.0%,  
NJ,NJ FamilyCare SFY21 Acute Care,Comprehensive MCO,All Populations,, Aetna MCO,7/1/20,6/30/21,2021," $409,058,614 "," $448,210,273 "," 1,223,272 ",91.3%, $-   
NJ,NJ FamilyCare SFY21 Acute Care,Comprehensive MCO,All Populations,,Fidelis Care MCO,7/1/20,6/30/21,2021," $405,243,367 "," $438,288,282 "," 1,052,879 ",92.5%, $-   
NJ,NJ FamilyCare SFY21 Acute Care,Comprehensive MCO,All Populations,,Horizon MCO,7/1/20,6/30/21,2021," $4,599,558,364 "," $4,909,989,680 "," 11,944,305 ",93.7%, $-   
NJ,NJ FamilyCare SFY21 Acute Care,Comprehensive MCO,All Populations,,United HealthCare MCO,7/1/20,6/30/21,2021," $1,598,759,660 "," $1,770,856,918 "," 4,443,624 ",90.3%, $-   
NJ,NJ FamilyCare SFY21 Acute Care,Comprehensive MCO,All Populations,,Wellpoint MCO,7/1/20,6/30/21,2021," $882,982,989 "," $976,437,756 "," 2,715,425 ",90.4%, $-   
NJ,NJ FamilyCare SFY21 MLTSS,MLTSS,All Populations,,Aetna MCO,7/1/20,6/30/21,2021," $237,347,055 "," $265,250,486 "," 55,135 ",92.2%, $-   
NJ,NJ FamilyCare SFY21 MLTSS,MLTSS,All Populations,,Fidelis Care MCO,7/1/20,6/30/21,2021," $502,927,559 "," $546,867,495 "," 135,900 ",93.8%, $-   
NJ,NJ FamilyCare SFY21 MLTSS,MLTSS,All Populations,,Horizon MCO,7/1/20,6/30/21,2021," $1,086,973,032 "," $1,149,880,569 "," 246,767 ",95.9%, $-   
NJ,NJ FamilyCare SFY21 MLTSS,MLTSS,All Populations,,United HealthCare MCO,7/1/20,6/30/21,2021," $471,982,884 "," $501,913,904 "," 100,975 ",96.0%, $-   
NJ,NJ FamilyCare SFY21 MLTSS,MLTSS,All Populations,,Wellpoint MCO,7/1/20,6/30/21,2021," $421,872,007 "," $438,488,545 "," 106,983 ",98.2%, $-   
NJ,NJ Family Care SFY22 Acute Care,Comprehensive MCO,All Populations,,Aetna MCO,7/1/21,6/30/22,2022," $527,513,285 "," $580,257,487 "," 1,440,910 ",90.9%, $-   
NJ,NJ Family Care SFY22 Acute Care,Comprehensive MCO,All Populations,,Fidelis Care MCO,7/1/21,6/30/22,2022," $463,443,162 "," $501,263,696 "," 1,135,482 ",92.5%, $-   
NJ,NJ Family Care SFY22 Acute Care,Comprehensive MCO,All Populations,,Horizon MCO,7/1/21,6/30/22,2022," $5,675,969,123 "," $6,237,505,055 "," 13,263,974 ",91.0%, $-   
NJ,NJ Family Care SFY22 Acute Care,Comprehensive MCO,All Populations,,United Health Care MCO,7/1/21,6/30/22,2022," $1,890,174,089 "," $2,054,626,845 "," 4,690,010 ",92.0%, $-   
NJ,NJ Family Care SFY22 Acute Care,Comprehensive MCO,All Populations,,WellPoint MCO,7/1/21,6/30/22,2022," $1,010,893,023 "," $1,114,590,862 "," 2,945,141 ",90.7%, $-   
NJ,NJ Family Care SFY22 MLTSS,MLTSS,All Populations,,Aetna MCO,7/1/21,6/30/22,2022," $279,705,560 "," $304,634,204 "," 62,027 ",94.5%, $-   
NJ,NJ Family Care SFY22 MLTSS,MLTSS,All Populations,,Fidelis Care MCO,7/1/21,6/30/22,2022," $595,343,723 "," $655,609,454 "," 150,664 ",92.5%, $-   
NJ,NJ Family Care SFY22 MLTSS,MLTSS,All Populations,,Horizon MCO,7/1/21,6/30/22,2022," $1,242,919,657 "," $1,345,081,970 "," 258,071 ",93.7%, $-   
NJ,NJ Family Care SFY22 MLTSS,MLTSS,All Populations,,United Health Care MCO ,7/1/21,6/30/22,2022," $550,867,688 "," $592,464,579 "," 115,684 ",94.9%, $-   
NJ,NJ Family Care SFY22 MLTSS,MLTSS,All Populations,,Wellpoint MCO,7/1/21,6/30/22,2022," $496,777,901 "," $515,610,797 "," 117,667 ",98.2%, $-   
NM,Centennial Care,Comprehensive MCO + MLTSS,Group VIII expansion adult only ,,Blue Cross Blue Shield,1/1/18,12/31/18,2018," $358,597,949 "," $374,476,152 "," 729,642 ",95.8%, $-   
NM,Centennial Care,Comprehensive MCO + MLTSS,Non-expansion adult only,,Blue Cross Blue Shield,1/1/18,12/31/18,2018," $524,631,898 "," $569,406,192 "," 1,057,748 ",92.1%, $-   
NM,Centennial Care,Comprehensive MCO + MLTSS,Group VIII expansion adult only ,,Molina,1/1/18,12/31/18,2018," $341,566,728 "," $384,811,772 "," 795,433 ",88.8%, $-   
NM,Centennial Care,Comprehensive MCO + MLTSS,Non-expansion adult only,,Molina,1/1/18,12/31/18,2018," $708,429,622 "," $766,887,438 "," 1,752,911 ",92.4%, $-   
NM,Centennial Care,Comprehensive MCO + MLTSS,Group VIII expansion adult only ,,Presbyterian Health,1/1/18,12/31/18,2018," $366,924,697 "," $409,643,058 "," 930,406 ",89.6%, $-   
NM,Centennial Care,Comprehensive MCO + MLTSS,Non-expansion adult only,,Presbyterian Health,1/1/18,12/31/18,2018," $889,608,832 "," $965,251,246 "," 2,064,644 ",92.2%, $-   
NM,Centennial Care,Comprehensive MCO + MLTSS,Group VIII expansion adult only ,,United ,1/1/18,12/31/18,2018," $126,682,794 "," $135,703,918 "," 284,391 ",93.4%, $-   
NM,Centennial Care,Comprehensive MCO + MLTSS,Non-expansion adult only,,United ,1/1/18,12/31/18,2018," $313,017,798 "," $356,630,543 "," 414,801 ",87.8%, $-   
NM,Centennial Care,Comprehensive MCO + MLTSS,Group VIII expansion adult only ,,Blue Cross Blue Shield,1/1/19,12/31/19,2019," $562,288,562 "," $569,949,567 "," 1,061,658 ",98.7%, $-   
NM,Centennial Care,Comprehensive MCO + MLTSS,Non-expansion adult only,,Blue Cross Blue Shield,1/1/19,12/31/19,2019," $924,836,808 "," $960,535,520 "," 1,735,710 ",96.3%, $-   
NM,Centennial Care,Comprehensive MCO + MLTSS,Group VIII expansion adult only ,,Presbyterian Health,1/1/19,12/31/19,2019," $621,550,671 "," $682,152,795 "," 1,497,087 ",91.1%, $-   
NM,Centennial Care,Comprehensive MCO + MLTSS,Non-expansion adult only,,Presbyterian Health,1/1/19,12/31/19,2019," $1,462,213,644 "," $1,594,729,722 "," 3,007,022 ",91.7%, $-   
NM,Centennial Care,Comprehensive MCO + MLTSS,Group VIII expansion adult only ,,Western Sky,1/1/19,12/31/19,2019," $107,017,732 "," $110,259,282 "," 244,108 ",98.5%, $-   
NM,Centennial Care,Comprehensive MCO + MLTSS,Non-expansion adult only,,Western Sky,1/1/19,12/31/19,2019," $206,152,247 "," $226,915,887 "," 482,801 ",90.8%, $-   
NM,Centennial Care,Comprehensive MCO + MLTSS,Group VIII expansion adult only ,,Blue Cross Blue Shield,1/1/20,12/31/20,2020," $644,091,195 "," $727,623,806 "," 1,147,000 ",88.5%, $-   
NM,Centennial Care,Comprehensive MCO + MLTSS,"Other, specify",All other members,Blue Cross Blue Shield,1/1/20,12/31/20,2020," $1,043,603,861 "," $1,194,435,123 "," 1,901,763 ",87.4%, $-   
NM,Centennial Care,Comprehensive MCO + MLTSS,Group VIII expansion adult only ,,Presbyterian Health,1/1/20,12/31/20,2020," $731,282,218 "," $813,811,037 "," 1,553,877 ",89.9%, $-   
NM,Centennial Care,Comprehensive MCO + MLTSS,"Other, specify",All other members,Presbyterian Health,1/1/20,12/31/20,2020," $1,584,496,838 "," $1,728,158,870 "," 3,104,397 ",91.7%, $-   
NM,Centennial Care,Comprehensive MCO + MLTSS,Group VIII expansion adult only ,,Western Sky,1/1/20,12/31/20,2020," $153,495,697 "," $155,763,534 "," 299,030 ",99.7%, $-   
NM,Centennial Care,Comprehensive MCO + MLTSS,"Other, specify",All other members,Western Sky,1/1/20,12/31/20,2020," $251,052,883 "," $290,442,893 "," 520,035 ",86.4%, $-   
NM,"Physical Health, Behavioral Health, Other Adult Group Behavioral Health, and Long Term Services and Supports",Comprehensive MCO,All Populations,,Blue Cross and Blue Shield of New Mexico,1/1/21,12/31/21,2021," $1,721,910,639 "," $2,127,672,569 "," 4,568,367 ",80.9%," $108,511,301 "
NM,"Physical Health, Behavioral Health, Other Adult Group Behavioral Health, and Long Term Services and Supports",Comprehensive MCO,All Populations,,"Presbyterian Health Plan, Inc. ",1/1/21,12/31/21,2021," $2,568,444,477 "," $2,863,393,430 "," 4,975,445 ",89.7%, $-   
NM,"Physical Health, Behavioral Health, Other Adult Group Behavioral Health, and Long Term Services and Supports",Comprehensive MCO,All Populations,,Western Sky Community Care,1/1/21,12/31/21,2021," $470,151,060 "," $522,024,566 "," 991,110 ",90.1%, $-   
NM,"Physical Health, Behavioral Health, Other Adult Group Physical Health , Other Adult Group Behavioral Health, and Long Term Services and Supports",Comprehensive MCO,All Populations,,"Presbyterian Health Plan, Inc",1/1/22,12/31/22,2022," $2,809,825,113 "," $3,117,433,747 "," 5,114,037 ",90.1%, $-   
NM,"Physical Health, Behavioral Health, Other Adult Group Physical Health , Other Adult Group Behavioral Health, and Long Term Services and Supports",Comprehensive MCO,All Populations,,"Western Sky Community Care, Inc",1/1/22,12/31/22,2022," $510,578,088 "," $560,990,670 "," 1,061,450 ",91.0%, $-   
NM,"Physical Health, Behavioral Health, Other Adult Group Physical Health, Other Adult Group Behavioral Health, and Long Term Services and Supports ",Comprehensive MCO,All Populations,,Blue Cross and Blue Shield of New Mexico,1/1/22,12/31/22,2022," $1,973,828,093 "," $2,348,374,570 "," 3,542,002 ",84.1%," $91,586,608 "
NV,Mandatory Health Maintenance Program,Comprehensive MCO,All populations,,Anthem Blue Cross Blue Shield,7/1/17,12/31/17,2017," $535,652,763 "," $599,131,658 "," 2,169,849 ",89.4%,  
NV,Mandatory Health Maintenance Program,Comprehensive MCO,All populations,,Health Plan of Nevada,7/1/17,12/31/17,2017," $405,799,933 "," $454,631,969 "," 1,613,272 ",89.3%,  
NV,Mandatory Health Maintenance Program,Comprehensive MCO,All populations,,Silver Summit Health,7/1/17,12/31/17,2017," $187,782,272 "," $201,130,356 "," 600,207 ",93.4%,  
NV,Mandatory Health Maintenance Program,Comprehensive MCO,All populations,,Anthem Blue Cross Blue Shield Healthcare Solutions,1/1/18,12/31/18,2018," $535,652,763 "," $599,131,658 "," 2,169,849 ",89.4%, $-   
NV,Mandatory Health Maintenance Program,Comprehensive MCO,All populations,,Health Plan of Nevada,1/1/18,12/31/18,2018," $779,640,107 "," $864,444,951 "," 3,053,393 ",90.2%, $-   
NV,Mandatory Health Maintenance Program,Comprehensive MCO,All populations,,Silver Summit Healthplan Inc.,1/1/18,12/31/18,2018," $187,782,272 "," $201,130,356 "," 600,207 ",93.4%, $-   
NV,Dental Benefits Administrator,Dental only,All populations,,Liberty Dental Plan of Nevada,1/1/19,12/31/19,2019," $50,492,266 "," $62,537,638 "," 5,483,247 ",80.7%," $3,134,972 "
NV,Mandatory Health Maintenance Program,Comprehensive MCO,All populations,,Anthem Blue Cross Blue Shield of Nevada,1/1/19,12/31/19,2019," $577,911,467 "," $648,509,398 "," 2,153,536 ",89.1%,  
NV,Mandatory Health Maintenance Program,Comprehensive MCO,All populations,,Health Plan of Nevada,1/1/19,12/31/19,2019," $747,579,770 "," $822,816,853 "," 2,721,766 ",90.9%,  
NV,Mandatory Health Maintenance Program,Comprehensive MCO,All populations,,Silver Summit Health Plan,1/1/19,12/31/19,2019," $197,150,972 "," $204,448,031 "," 587,421 ",96.4%,  
NV,Dental Benefits Administrator ,Dental only,All populations,,"LIBERTY Dental Plan of Nevada, Inc.	",1/1/20,12/31/20,2020," $51,250,940 "," $68,218,822 "," 6,116,959 ",75.1%," $7,923,599 "
NV,Mandatory Health Maintenance Program ,Comprehensive MCO,All populations,,"Community Health Care Plan of Nevada, Inc	",1/1/20,12/31/20,2020," $629,444,927 "," $719,157,876 "," 2,477,829 ",87.5%, $-   
NV,Mandatory Health Maintenance Program ,Comprehensive MCO,All populations,,"Health Plan of Nevada	",1/1/20,12/31/20,2020," $743,621,632 "," $841,359,916 "," 2,935,082 ",88.4%, $-   
NV,Mandatory Health Maintenance Program ,Comprehensive MCO,All populations,,"SilverSummit Health Plan	",1/1/20,12/31/20,2020," $198,978,872 "," $225,534,867 "," 692,874 ",88.2%, $-   
NV,Dental Benefits Administrator ,Dental Only,All Populations,,"LIBERTY Dental Plan of Nevada, Inc.	",1/1/21,12/31/21,2021," $63,968,112 "," $74,279,593 "," 7,336,512 ",86.1%, $-   
NV,Mandatory Health Maintenance Program ,Comprehensive MCO,All Populations,,"Community Care Health Plan of Nevada, Inc.",1/1/21,12/31/21,2021," $738,805,910 "," $872,497,351 "," 3,014,031 ",84.7%," $3,313,927 "
NV,Mandatory Health Maintenance Program ,Comprehensive MCO,All Populations,,"Health Plan of Nevada, Inc.",1/1/21,12/31/21,2021," $868,140,642 "," $1,005,148,439 "," 3,406,576 ",86.4%, $-   
NV,Mandatory Health Maintenance Program ,Comprehensive MCO,All Populations,,SilverSummit Health Plan,1/1/21,12/31/21,2021," $235,986,987 "," $283,107,897 "," 891,039 ",83.4%," $5,476,148 "
NV,Nevada Medicaid,Comprehensive MCO,All Populations,,"Community Care Health Plan of Nevada, Inc.",1/1/22,12/1/22,2022," $238,992,795 "," $288,651,308 "," 1,212,977 ",82.8%," $7,483,314 "
NV,Nevada Medicaid,Comprehensive MCO,Group VIII Expansion Adult Only ,,"Community Care Health Plan of Nevada, Inc.",1/1/22,12/1/22,2022," $427,914,766 "," $553,250,437 "," 1,126,403 ",77.3%," $49,821,300 "
NV,Nevada Medicaid,Comprehensive MCO,All Populations,,"Health Plan of Nevada, Inc.",1/1/22,12/1/22,2022," $255,373,843 "," $302,647,788 "," 1,308,269 ",84.4%," $2,207,972 "
NV,Nevada Medicaid,Comprehensive MCO,Group VIII Expansion Adult Only ,,"Health Plan of Nevada, Inc.",1/1/22,12/1/22,2022," $489,589,839 "," $604,254,719 "," 1,217,928 ",81.0%," $28,266,674 "
NV,Nevada Medicaid,Dental Only,"Other, specify",TITLE XIX,"LIBERTY Dental Plan of Nevada, Inc.",1/1/22,12/1/22,2022," $69,087,199 "," $80,983,935 "," 8,011,119 ",85.3%,
NV,Nevada Medicaid,Comprehensive MCO,All Populations,,Molina Healthcare of Nevada ,1/1/22,12/1/22,2022," $106,039,295 "," $143,014,600 "," 816,124 ",74.1%," $18,262,488 "
NV,Nevada Medicaid,Comprehensive MCO,Group VIII Expansion Adult Only ,,Molina Healthcare of Nevada ,1/1/22,12/1/22,2022," $185,735,738 "," $266,190,669 "," 703,058 ",69.8%," $47,678,036 "
NV,Nevada Medicaid,Comprehensive MCO,All Populations,,"SilverSummit HealthPlan, Inc.",1/1/22,12/1/22,2022," $121,343,949 "," $152,982,841 "," 788,372 ",79.3%," $10,225,254 "
NV,Nevada Medicaid,Comprehensive MCO,Group VIII Expansion Adult Only ,,"SilverSummit HealthPlan, Inc.",1/1/22,12/1/22,2022," $296,211,004 "," $383,089,677 "," 898,000 ",77.3%," $34,606,142 "
NY,HARP,Comprehensive MCO,MH/SUD,,"Affinity Health Plan, Inc.",4/1/18,3/31/19,2019," $110,491,359 "," $137,706,046 "," 57,680 ",83.0%," $8,317,445 "
NY,HARP,Comprehensive MCO,MH/SUD,,"Capital District Physicians Health Plan, Inc (CDPHP)",4/1/18,3/31/19,2019," $64,351,697 "," $70,882,859 "," 39,139 ",94.1%, $-   
NY,HARP,Comprehensive MCO,MH/SUD,,"Excellus Health Plan, Inc",4/1/18,3/31/19,2019," $158,327,095 "," $168,220,465 "," 98,474 ",96.1%, $-   
NY,HARP,Comprehensive MCO,MH/SUD,,Health Insurance Plan of Greater New York (Emblem),4/1/18,3/31/19,2019," $120,987,777 "," $138,394,353 "," 59,386 ",90.1%, $-   
NY,HARP,Comprehensive MCO,MH/SUD,,"Healthfirst PHSP, Inc.",4/1/18,3/31/19,2019," $743,655,531 "," $784,210,723 "," 311,696 ",96.0%, $-   
NY,HARP,Comprehensive MCO,MH/SUD,,"HealthPlus HP, LLC",4/1/18,3/31/19,2019," $154,158,121 "," $182,938,807 "," 77,628 ",86.6%," $4,372,237 "
NY,HARP,Comprehensive MCO,MH/SUD,,"Independent Health Association, Inc",4/1/18,3/31/19,2019," $50,727,544 "," $52,727,599 "," 26,293 ",100.1%, $-   
NY,HARP,Comprehensive MCO,MH/SUD,,"MetroPlus Health Plan, Inc",4/1/18,3/31/19,2019," $325,308,882 "," $352,789,313 "," 144,556 ",94.0%, $-   
NY,HARP,Comprehensive MCO,MH/SUD,,"Molina Healthcare of New York, Inc.",4/1/18,3/31/19,2019," $29,319,398 "," $35,156,363 "," 18,977 ",88.1%," $312,892 "
NY,HARP,Comprehensive MCO,MH/SUD,,"MVP Health Plan, Inc.",4/1/18,3/31/19,2019," $142,827,395 "," $150,995,052 "," 68,035 ",97.1%, $-   
NY,HARP,Comprehensive MCO,MH/SUD,,New York Quality Healthcare Corporation (Fidelis Care),4/1/18,3/31/19,2019," $747,842,394 "," $879,098,920 "," 421,637 ",85.1%," $34,548,588 "
NY,HARP,Comprehensive MCO,MH/SUD,,"United Healthcare of New York, Inc.",4/1/18,3/31/19,2019," $168,912,299 "," $213,343,164 "," 100,590 ",81.2%," $16,747,438 "
NY,HARP,Comprehensive MCO,MH/SUD,,"YourCare Health Plan, Inc",4/1/18,3/31/19,2019," $44,483,375 "," $46,367,379 "," 23,253 ",100.1%, $-   
NY,HIV SNP,Comprehensive MCO + MLTSS,All populations,,Amida Care Inc.,4/1/18,3/31/19,2019," $381,455,844 "," $431,224,382 "," 81,926 ",90.7%, $-   
NY,HIV SNP,Comprehensive MCO + MLTSS,All populations,,"MetroPlus Health Plan, Inc",4/1/18,3/31/19,2019," $205,200,138 "," $220,494,590 "," 49,617 ",95.9%, $-   
NY,HIV SNP,Comprehensive MCO + MLTSS,All populations,,VNS (d/b/a VNSNY Choice) and Subsidiary,4/1/18,3/31/19,2019," $174,835,837 "," $203,886,112 "," 39,193 ",89.1%, $-   
NY,Managed Long-Term Care (MLTC),MLTSS only,MLTSS only,,"Aetna Better Health, Inc.",4/1/18,3/31/19,2019," $366,559,932 "," $379,291,272 "," 78,514 ",96.6%, $-   
NY,Managed Long-Term Care (MLTC),MLTSS only,MLTSS only,,"AgeWell New York, LLC",4/1/18,3/31/19,2019," $571,791,742 "," $634,553,501 "," 120,784 ",90.1%, $-   
NY,Managed Long-Term Care (MLTC),MLTSS only,MLTSS only,,"Catholic Managed Long Term Care, Inc.",4/1/18,3/31/19,2019," $253,378,526 "," $263,989,611 "," 49,127 ",96.0%, $-   
NY,Managed Long-Term Care (MLTC),MLTSS only,MLTSS only,,"Centers Plan for Healthy Living, LLC",4/1/18,3/31/19,2019," $1,678,940,210 "," $1,912,033,663 "," 363,105 ",87.8%, $-   
NY,Managed Long-Term Care (MLTC),MLTSS only,MLTSS only,,Elderplan Inc. d/b/a Homefirst,4/1/18,3/31/19,2019," $719,237,391 "," $803,096,990 "," 159,058 ",89.6%, $-   
NY,Managed Long-Term Care (MLTC),MLTSS only,MLTSS only,,"Elderserve Health, Inc.",4/1/18,3/31/19,2019," $775,652,816 "," $798,306,485 "," 154,638 ",97.2%, $-   
NY,Managed Long-Term Care (MLTC),MLTSS only,MLTSS only,,"Erie Niagara MLTCP, Inc. (dba Kalos Health)",4/1/18,3/31/19,2019," $69,864,843 "," $74,287,718 "," 15,723 ",95.8%, $-   
NY,Managed Long-Term Care (MLTC),MLTSS only,MLTSS only,,"EverCare, Inc.",4/1/18,3/31/19,2019," $45,634,324 "," $48,738,607 "," 11,537 ",95.7%, $-   
NY,Managed Long-Term Care (MLTC),MLTSS only,MLTSS only,,"Extended MLTC, LLC",4/1/18,3/31/19,2019," $232,741,171 "," $259,346,043 "," 64,470 ",89.7%, $-   
NY,Managed Long-Term Care (MLTC),MLTSS only,MLTSS only,,"Fallon Health Weinberg, Inc. (frmly TAIPP)",4/1/18,3/31/19,2019," $30,081,761 "," $34,383,680 "," 9,242 ",89.8%, $-   
NY,Managed Long-Term Care (MLTC),MLTSS only,MLTSS only,,"GuildNet, Inc.",4/1/18,3/31/19,2019," $335,153,700 "," $292,437,474 "," 58,800 ",114.6%, $-   
NY,Managed Long-Term Care (MLTC),MLTSS only,MLTSS only,,"Hamaspik Choice, Inc.",4/1/18,3/31/19,2019," $100,059,055 "," $115,674,898 "," 26,484 ",87.9%, $-   
NY,Managed Long-Term Care (MLTC),MLTSS only,MLTSS only,,"Healthfirst PHSP, Inc. (Senior Health Partners)",4/1/18,3/31/19,2019," $844,129,066 "," $890,276,451 "," 176,758 ",94.8%, $-   
NY,Managed Long-Term Care (MLTC),MLTSS only,MLTSS only,,"HealthPlus HP, LLC",4/1/18,3/31/19,2019," $324,972,634 "," $330,627,487 "," 68,378 ",98.3%, $-   
NY,Managed Long-Term Care (MLTC),MLTSS only,MLTSS only,,"iCircle Services of the Finger Lakes, Inc. - d/b/a iCircle Care",4/1/18,3/31/19,2019," $132,290,781 "," $140,917,967 "," 31,511 ",95.1%, $-   
NY,Managed Long-Term Care (MLTC),MLTSS only,MLTSS only,,"Independence Care System, Inc. (ICS)",4/1/18,3/31/19,2019," $472,804,895 "," $433,253,749 "," 71,610 ",109.1%, $-   
NY,Managed Long-Term Care (MLTC),MLTSS only,MLTSS only,,"Integra MLTC, Inc",4/1/18,3/31/19,2019," $576,792,861 "," $714,341,692 "," 162,678 ",80.8%," $37,502,939 "
NY,Managed Long-Term Care (MLTC),MLTSS only,MLTSS only,,"MetroPlus Health Plan, Inc",4/1/18,3/31/19,2019," $100,096,748 "," $107,400,198 "," 22,438 ",94.7%, $-   
NY,Managed Long-Term Care (MLTC),MLTSS only,MLTSS only,,Montefiore HMO LLC,4/1/18,3/31/19,2019," $78,817,860 "," $89,571,739 "," 18,484 ",89.6%, $-   
NY,Managed Long-Term Care (MLTC),MLTSS only,MLTSS only,,New York Quality Healthcare Corporation (Fidelis Care),4/1/18,3/31/19,2019," $1,201,658,053 "," $1,260,435,231 "," 263,903 ",95.3%, $-   
NY,Managed Long-Term Care (MLTC),MLTSS only,MLTSS only,,"Niagara Advantage Health Plan, LLC (Elderwood Health Plan)",4/1/18,3/31/19,2019," $18,380,119 "," $21,316,471 "," 4,679 ",89.5%, $-   
NY,Managed Long-Term Care (MLTC),MLTSS only,MLTSS only,,"Prime Health Choice, LLC",4/1/18,3/31/19,2019," $11,563,797 "," $15,464,218 "," 4,726 ",78.0%," $1,237,137 "
NY,Managed Long-Term Care (MLTC),MLTSS only,MLTSS only,,"Senior Network Health, LLC",4/1/18,3/31/19,2019," $19,146,831 "," $21,976,652 "," 6,721 ",89.8%, $-   
NY,Managed Long-Term Care (MLTC),MLTSS only,MLTSS only,,"Senior Whole Health of New York, Inc.",4/1/18,3/31/19,2019," $650,346,572 "," $700,988,683 "," 168,953 ",92.8%, $-   
NY,Managed Long-Term Care (MLTC),MLTSS only,MLTSS only,,"United Healthcare of New York, Inc.",4/1/18,3/31/19,2019," $263,760,721 "," $238,066,146 "," 46,920 ",110.8%, $-   
NY,Managed Long-Term Care (MLTC),MLTSS only,MLTSS only,,Village Senior Services Corp. (VillageCare Max),4/1/18,3/31/19,2019," $528,104,953 "," $588,471,118 "," 126,554 ",89.7%, $-   
NY,Managed Long-Term Care (MLTC),MLTSS only,MLTSS only,,"VNA Homecare Options, LLC (d/b/a Nascentia Health Options)",4/1/18,3/31/19,2019," $461,160,439 "," $463,178,923 "," 82,726 ",99.6%, $-   
NY,Managed Long-Term Care (MLTC),MLTSS only,MLTSS only,,VNS (d/b/a VNSNY Choice) and Subsidiary,4/1/18,3/31/19,2019," $779,288,130 "," $884,553,288 "," 153,154 ",88.1%, $-   
NY,Managed Long-Term Care (MLTC),MLTSS only,MLTSS only,,"WellCare of New York, Inc.",4/1/18,3/31/19,2019," $311,692,279 "," $335,611,782 "," 66,082 ",92.9%, $-   
NY,Medicaid Managed Care,Comprehensive MCO + MLTSS,All populations,,"Affinity Health Plan, Inc.",4/1/18,3/31/19,2019," $1,050,305,504 "," $1,098,031,872 "," 2,469,641 ",95.7%, $-   
NY,Medicaid Managed Care,Comprehensive MCO + MLTSS,All populations,,"Capital District Physicians Health Plan, Inc (CDPHP)",4/1/18,3/31/19,2019," $400,006,089 "," $454,070,427 "," 965,972 ",88.1%, $-   
NY,Medicaid Managed Care,Comprehensive MCO + MLTSS,All populations,,"Crystal Run Health Plan, LLC",4/1/18,3/31/19,2019," $7,538,600 "," $7,583,953 "," 17,695 ",104.3%, $-   
NY,Medicaid Managed Care,Comprehensive MCO + MLTSS,All populations,,"Excellus Health Plan, Inc",4/1/18,3/31/19,2019," $814,865,052 "," $888,324,008 "," 2,017,610 ",91.7%, $-   
NY,Medicaid Managed Care,Comprehensive MCO + MLTSS,All populations,,Health Insurance Plan of Greater New York (Emblem),4/1/18,3/31/19,2019," $767,640,126 "," $811,491,216 "," 1,562,997 ",94.6%, $-   
NY,Medicaid Managed Care,Comprehensive MCO + MLTSS,All populations,,"Healthfirst PHSP, Inc.",4/1/18,3/31/19,2019," $5,113,905,022 "," $5,415,637,973 "," 11,138,290 ",94.4%, $-   
NY,Medicaid Managed Care,Comprehensive MCO + MLTSS,All populations,,"HealthPlus HP, LLC",4/1/18,3/31/19,2019," $1,538,349,970 "," $1,649,977,538 "," 3,915,257 ",93.2%, $-   
NY,Medicaid Managed Care,Comprehensive MCO + MLTSS,All populations,,Highmark Western and Northeastern New York Inc. (frmly Healthnow),4/1/18,3/31/19,2019," $204,813,119 "," $219,758,220 "," 390,800 ",93.2%, $-   
NY,Medicaid Managed Care,Comprehensive MCO + MLTSS,All populations,,"Independent Health Association, Inc",4/1/18,3/31/19,2019," $297,882,310 "," $316,228,287 "," 666,834 ",94.2%, $-   
NY,Medicaid Managed Care,Comprehensive MCO + MLTSS,All populations,,"MetroPlus Health Plan, Inc",4/1/18,3/31/19,2019," $1,682,982,905 "," $1,838,949,478 "," 4,417,560 ",91.5%, $-   
NY,Medicaid Managed Care,Comprehensive MCO + MLTSS,All populations,,"Molina Healthcare of New York, Inc.",4/1/18,3/31/19,2019," $128,255,037 "," $149,918,810 "," 335,771 ",86.7%, $-   
NY,Medicaid Managed Care,Comprehensive MCO + MLTSS,All populations,,"MVP Health Plan, Inc.",4/1/18,3/31/19,2019," $877,464,243 "," $950,079,000 "," 1,954,987 ",92.4%, $-   
NY,Medicaid Managed Care,Comprehensive MCO + MLTSS,All populations,,New York Quality Healthcare Corporation (Fidelis Care),4/1/18,3/31/19,2019," $6,031,635,922 "," $6,699,516,873 "," 14,679,496 ",90.0%, $-   
NY,Medicaid Managed Care,Comprehensive MCO + MLTSS,All populations,,"United Healthcare of New York, Inc.",4/1/18,3/31/19,2019," $2,128,246,854 "," $2,355,761,274 "," 5,623,133 ",90.3%, $-   
NY,Medicaid Managed Care,Comprehensive MCO + MLTSS,All populations,,"WellCare of New York, Inc.",4/1/18,3/31/19,2019," $436,078,808 "," $499,362,787 "," 1,245,273 ",87.3%, $-   
NY,Medicaid Managed Care,Comprehensive MCO + MLTSS,All populations,,"YourCare Health Plan, Inc.",4/1/18,3/31/19,2019," $201,955,069 "," $213,934,843 "," 454,941 ",94.4%, $-   
NY,Health and Recovery Plans (HARP),Comprehensive MCO,All populations,,"Affinity Health Plan, Inc.",4/1/19,3/31/20,2020," $119,553,062 "," $131,774,259 "," 60,596 ",93.4%,  
NY,Health and Recovery Plans (HARP),Comprehensive MCO,All populations,,"Capital District Physicians Health Plan, Inc (CDPHP)",4/1/19,3/31/20,2020," $76,546,246 "," $80,794,496 "," 44,937 ",97.8%,  
NY,Health and Recovery Plans (HARP),Comprehensive MCO,All populations,,"Excellus Health Plan, Inc
",4/1/19,3/31/20,2020," $180,651,326 "," $195,585,934 "," 112,517 ",94.3%,  
NY,Health and Recovery Plans (HARP),Comprehensive MCO,All populations,,Health Insurance Plan of Greater New York (Emblem),4/1/19,3/31/20,2020," $131,400,173 "," $141,099,761 "," 60,276 ",95.8%,  
NY,Health and Recovery Plans (HARP),Comprehensive MCO + MLTSS,All populations,,"Healthfirst PHSP, Inc.",4/1/19,3/31/20,2020," $860,137,898 "," $903,856,428 "," 338,690 ",96.3%,  
NY,Health and Recovery Plans (HARP),Comprehensive MCO + MLTSS,All populations,,"HealthPlus HP, LLC",4/1/19,3/31/20,2020," $169,036,017 "," $188,914,747 "," 83,247 ",91.7%,  
NY,Health and Recovery Plans (HARP),Comprehensive MCO,All populations,,"Independent Health Association, Inc",4/1/19,3/31/20,2020," $55,407,438 "," $62,018,775 "," 29,123 ",93.1%,  
NY,Health and Recovery Plans (HARP),Comprehensive MCO + MLTSS,All populations,,"MetroPlus Health Plan, Inc",4/1/19,3/31/20,2020," $353,012,292 "," $381,442,006 "," 151,585 ",94.3%,  
NY,Health and Recovery Plans (HARP),Comprehensive MCO,All populations,,"Molina Healthcare of New York, Inc.",4/1/19,3/31/20,2020," $29,293,882 "," $33,173,283 "," 19,318 ",93.0%,  
NY,Health and Recovery Plans (HARP),Comprehensive MCO,All populations,,"MVP Health Plan, Inc.",4/1/19,3/31/20,2020," $171,143,544 "," $173,323,248 "," 78,619 ",101.1%,  
NY,Health and Recovery Plans (HARP),Comprehensive MCO + MLTSS,All populations,,New York Quality Healthcare Corporation (Fidelis Care),4/1/19,3/31/20,2020," $896,593,578 "," $1,012,654,863 "," 491,216 ",88.5%,  
NY,Health and Recovery Plans (HARP),Comprehensive MCO,All populations,,"United Healthcare of New York, Inc.",4/1/19,3/31/20,2020," $203,272,664 "," $232,077,152 "," 114,000 ",89.5%,  
NY,Health and Recovery Plans (HARP),Comprehensive MCO,All populations,,"YourCare Health Plan, Inc. ",4/1/19,3/31/20,2020," $48,289,734 "," $49,912,480 "," 25,203 ",100.7%,  
NY,HIV SNP,Comprehensive MCO,All populations,,Amida Care Inc.,4/1/19,3/31/20,2020," $405,754,577 "," $444,511,959 "," 88,904 ",93.4%,  
NY,HIV SNP,Comprehensive MCO + MLTSS,All populations,,"MetroPlus Health Plan, Inc.",4/1/19,3/31/20,2020," $201,529,688 "," $216,402,912 "," 48,061 ",96.0%,  
NY,HIV SNP,Comprehensive MCO + MLTSS,All populations,,VNS (d/b/a VNSNY Choice) and Subsidiary,4/1/19,3/31/20,2020," $174,718,758 "," $192,633,514 "," 36,105 ",94.2%,  
NY,MAP,Comprehensive MCO,All populations,,"Centers Plan for Healthy Living, LLC",4/1/19,3/31/20,2020," $1,897,053 "," $1,174,606 ", 158 ,161.5%,  
NY,MAP,Comprehensive MCO,All populations,,"Elderplan, Inc. d/b/a Homefirst",4/1/19,3/31/20,2020," $120,183,441 "," $144,624,410 "," 19,058 ",87.8%,  
NY,MAP,Comprehensive MCO + MLTSS,All populations,,Fidelis (Original),4/1/19,3/31/20,2020," $6,478,503 "," $7,001,977 ", 926 ,92.5%,  
NY,MAP,Comprehensive MCO + MLTSS,All populations,,"Healthfirst Healthplan, Inc.",4/1/19,3/31/20,2020," $902,205,638 "," $984,374,207 "," 140,073 ",93.4%,  
NY,MAP,Comprehensive MCO + MLTSS,All populations,,"HealthPlus HP, LLC",4/1/19,3/31/20,2020," $514,991 "," $609,741 ", 125 ,84.5%,  
NY,MAP,Comprehensive MCO,All populations,,"Senior Whole Health of New York, Inc.",4/1/19,3/31/20,2020," $10,744,282 "," $10,353,869 "," 1,263 ",103.8%,  
NY,MAP,Comprehensive MCO,All populations,,Village Senior Services Corp. (VillageCare Max),4/1/19,3/31/20,2020," $125,079,714 "," $142,430,718 "," 19,013 ",92.5%,  
NY,MAP,Comprehensive MCO + MLTSS,All populations,,VNS (d/b/a VNSNY Choice) and Subsidiary,4/1/19,3/31/20,2020," $207,180,748 "," $249,974,150 "," 30,999 ",86.6%,  
NY,Medicaid,Comprehensive MCO,All populations,,"Affinity Health Plan, Inc.",4/1/19,3/31/20,2020," $965,982,257 "," $1,035,229,428 "," 2,298,906 ",93.3%,  
NY,Medicaid,Comprehensive MCO,All populations,,"Capital District Physicians Health Plan, Inc (CDPHP)",4/1/19,3/31/20,2020," $413,374,533 "," $434,097,134 "," 957,146 ",95.2%,  
NY,Medicaid,Comprehensive MCO,All populations,,Crystal Run,4/1/19,3/31/20,2020," $3,287,036 "," $2,463,234 "," 8,230 ",140.7%,  
NY,Medicaid,Comprehensive MCO,All populations,,"Excellus Health Plan, Inc
",4/1/19,3/31/20,2020," $823,884,251 "," $862,119,110 "," 2,014,143 ",95.6%,  
NY,Medicaid,Comprehensive MCO,All populations,,Health Insurance Plan of Greater New York (Emblem),4/1/19,3/31/20,2020," $757,417,704 "," $805,902,157 "," 1,477,933 ",94.0%,  
NY,Medicaid,Comprehensive MCO + MLTSS,All populations,,"Healthfirst PHSP, Inc.",4/1/19,3/31/20,2020," $5,268,225,720 "," $5,492,406,382 "," 11,113,417 ",95.9%,  
NY,Medicaid,Comprehensive MCO + MLTSS,All populations,,"HealthPlus HP, LLC",4/1/19,3/31/20,2020," $1,471,126,684 "," $1,515,361,493 "," 3,687,723 ",97.1%,  
NY,Medicaid,Comprehensive MCO,All populations,,Highmark Western and Northeastern New York Inc. (frmly Healthnow),4/1/19,3/31/20,2020," $203,796,306 "," $215,129,828 "," 409,496 ",94.7%,  
NY,Medicaid,Comprehensive MCO,All populations,,"Independent Health Association, Inc",4/1/19,3/31/20,2020," $295,001,835 "," $312,783,334 "," 657,753 ",94.3%,  
NY,Medicaid,Comprehensive MCO + MLTSS,All populations,,"MetroPlus Health Plan, Inc",4/1/19,3/31/20,2020," $1,641,159,962 "," $1,767,057,651 "," 4,323,988 ",92.9%,  
NY,Medicaid,Comprehensive MCO,All populations,,"Molina Healthcare of New York, Inc.",4/1/19,3/31/20,2020," $115,173,646 "," $135,208,724 "," 315,789 ",86.4%,  
NY,Medicaid,Comprehensive MCO,All populations,,"MVP Health Plan, Inc.",4/1/19,3/31/20,2020," $879,843,181 "," $911,611,678 "," 1,906,138 ",96.5%,  
NY,Medicaid,Comprehensive MCO + MLTSS,All populations,,New York Quality Healthcare Corporation (Fidelis Care),4/1/19,3/31/20,2020," $6,078,879,834 "," $6,482,241,376 "," 14,749,892 ",93.8%,  
NY,Medicaid,Comprehensive MCO,All populations,,"United Healthcare of New York, Inc.",4/1/19,3/31/20,2020," $1,955,345,180 "," $2,060,757,192 "," 4,893,223 ",94.9%,  
NY,Medicaid,Comprehensive MCO + MLTSS,All populations,,"WellCare of New York, Inc.",4/1/19,3/31/20,2020," $445,567,254 "," $510,035,622 "," 1,234,452 ",87.4%,  
NY,Medicaid,Comprehensive MCO,All populations,,"YourCare Health Plan, Inc. ",4/1/19,3/31/20,2020," $209,356,937 "," $206,593,809 "," 440,213 ",101.3%,  
NY,MLTC Partial,MLTSS only,All populations,,"Aetna Better Health, Inc.",4/1/19,3/31/20,2020," $454,270,150 "," $486,385,939 "," 95,203 ",93.4%,  
NY,MLTC Partial,Comprehensive MCO + MLTSS,All populations,,"AgeWell New York, LLC",4/1/19,3/31/20,2020," $693,041,631 "," $767,756,662 "," 145,230 ",90.3%,  
NY,MLTC Partial,Comprehensive MCO + MLTSS,All populations,,Archcare Community Life(Catholic MLTC),4/1/19,3/31/20,2020," $316,141,409 "," $328,464,519 "," 58,925 ",96.3%,  
NY,MLTC Partial,Comprehensive MCO,All populations,,"Centers Plan for Healthy Living, LLC",4/1/19,3/31/20,2020," $2,036,488,076 "," $2,223,874,071 "," 444,467 ",91.6%,  
NY,MLTC Partial,Comprehensive MCO,All populations,,Elderplan Inc. d/b/a Homefirst,4/1/19,3/31/20,2020," $821,134,575 "," $934,452,564 "," 177,281 ",87.9%,  
NY,MLTC Partial,Comprehensive MCO,All populations,,"Elderserve Health, Inc.",4/1/19,3/31/20,2020," $932,024,979 "," $978,016,062 "," 179,735 ",95.3%,  
NY,MLTC Partial,MLTSS only,All populations,,"Erie Niagara MLTCP, Inc. (dba Kalos Health)",4/1/19,3/31/20,2020," $82,456,338 "," $83,639,020 "," 17,630 ",100.2%,  
NY,MLTC Partial,MLTSS only,All populations,,"EverCare, Inc.",4/1/19,3/31/20,2020," $44,463,074 "," $46,860,620 "," 11,818 ",97.0%,  
NY,MLTC Partial,MLTSS only,All populations,,"Extended MLTC, LLC",4/1/19,3/31/20,2020," $343,201,831 "," $354,602,189 "," 83,081 ",96.8%,  
NY,MLTC Partial,MLTSS only,All populations,,"Fallon Health Weinberg, Inc. (frmly TAIPP)",4/1/19,3/31/20,2020," $36,095,622 "," $43,289,281 "," 11,396 ",85.5%,  
NY,MLTC Partial,MLTSS only,All populations,,"Hamaspik Choice, Inc.",4/1/19,3/31/20,2020," $114,283,089 "," $117,067,881 "," 28,387 ",98.9%,  
NY,MLTC Partial,Comprehensive MCO + MLTSS,All populations,,"Healthfirst PHSP, Inc. (Senior Health Partners)",4/1/19,3/31/20,2020," $915,658,106 "," $961,136,607 "," 180,117 ",95.3%,  
NY,MLTC Partial,Comprehensive MCO + MLTSS,All populations,,"HealthPlus HP, LLC",4/1/19,3/31/20,2020," $419,882,002 "," $453,417,866 "," 82,089 ",92.6%,  
NY,MLTC Partial,MLTSS only,All populations,,"iCircle Services of the Finger Lakes, Inc. - d/b/a iCircle Care",4/1/19,3/31/20,2020," $212,782,878 "," $191,551,042 "," 49,881 ",111.1%,  
NY,MLTC Partial,MLTSS only,All populations,,"Integra MLTC, Inc",4/1/19,3/31/20,2020," $991,069,654 "," $1,150,689,941 "," 274,592 ",86.1%,  
NY,MLTC Partial,Comprehensive MCO + MLTSS,All populations,,"MetroPlus Health Plan, Inc",4/1/19,3/31/20,2020," $117,782,971 "," $121,488,393 "," 24,092 ",98.4%,  
NY,MLTC Partial,MLTSS only,All populations,,Montefiore HMO LLC,4/1/19,3/31/20,2020," $97,007,671 "," $109,207,853 "," 20,781 ",90.4%,  
NY,MLTC Partial,Comprehensive MCO + MLTSS,All populations,,New York Quality Healthcare Corporation (Fidelis Care),4/1/19,3/31/20,2020," $1,279,350,118 "," $1,392,637,199 "," 278,531 ",91.9%,  
NY,MLTC Partial,MLTSS only,All populations,,"Niagara Advantage Health Plan, LLC (Elderwood Health Plan)",4/1/19,3/31/20,2020," $38,910,589 "," $44,807,775 "," 10,337 ",89.0%,  
NY,MLTC Partial,MLTSS only,All populations,,"Prime Health Choice, LLC",4/1/19,3/31/20,2020," $17,142,688 "," $19,430,220 "," 6,281 ",91.1%,  
NY,MLTC Partial,MLTSS only,All populations,,"Senior Network Health, LLC",4/1/19,3/31/20,2020," $20,694,388 "," $22,906,627 "," 6,791 ",93.0%,  
NY,MLTC Partial,MLTSS only,All populations,,"Senior Whole Health of New York, Inc.",4/1/19,3/31/20,2020," $730,977,493 "," $825,593,630 "," 176,943 ",88.5%,  
NY,MLTC Partial,Comprehensive MCO + MLTSS,All populations,,United Healthcare of NY,4/1/19,3/31/20,2020," $80,443,451 "," $63,178,231 "," 13,048 ",129.3%,  
NY,MLTC Partial,Comprehensive MCO,All populations,,Village Senior Services Corp. (VillageCare Max),4/1/19,3/31/20,2020," $626,666,626 "," $675,910,035 "," 144,121 ",92.7%,  
NY,MLTC Partial,MLTSS only,All populations,,"VNA Homecare Options, LLC (d/b/a Nascentia Health Options)",4/1/19,3/31/20,2020," $530,460,595 "," $529,153,906 "," 92,110 ",100.3%,  
NY,MLTC Partial,MLTSS only,All populations,,VNS (d/b/a VNSNY Choice) and Subsidiary,4/1/19,3/31/20,2020," $1,328,927,023 "," $1,498,323,124 "," 231,748 ",88.7%,  
NY,MLTC Partial,Comprehensive MCO + MLTSS,All populations,,"WellCare of New York, Inc.",4/1/19,3/31/20,2020," $343,425,296 "," $334,396,148 "," 68,647 ",102.7%,  
NY,Health and Recovery Plans (HARP),Comprehensive MCO,All Populations,,"Affinity Health Plan, Inc.",4/1/20,3/31/21,2021," $134,040,839 "," $153,348,805 "," 67,962 ",89.9%,
NY,Health and Recovery Plans (HARP),Comprehensive MCO,All Populations,,"Capital District Physicians Health Plan, Inc (CDPHP)",4/1/20,3/31/21,2021," $83,456,485 "," $90,868,522 "," 50,673 ",94.7%,
NY,Health and Recovery Plans (HARP),Comprehensive MCO,All Populations,,"Excellus Health Plan, Inc",4/1/20,3/31/21,2021," $194,593,690 "," $217,068,834 "," 125,257 ",91.5%,
NY,Health and Recovery Plans (HARP),Comprehensive MCO,All Populations,,Health Insurance Plan of Greater New York (Emblem),4/1/20,3/31/21,2021," $135,657,974 "," $137,734,380 "," 62,452 ",101.1%,
NY,Health and Recovery Plans (HARP),Comprehensive MCO + MLTSS,All Populations,,"Healthfirst PHSP, Inc.",4/1/20,3/31/21,2021," $834,491,721 "," $914,445,241 "," 360,014 ",92.3%,
NY,Health and Recovery Plans (HARP),Comprehensive MCO + MLTSS,All Populations,,"HealthPlus HP, LLC",4/1/20,3/31/21,2021," $181,048,035 "," $196,964,954 "," 88,289 ",94.1%,
NY,Health and Recovery Plans (HARP),Comprehensive MCO,All Populations,,"Independent Health Association, Inc",4/1/20,3/31/21,2021," $57,371,590 "," $63,420,743 "," 31,771 ",94.1%,
NY,Health and Recovery Plans (HARP),Comprehensive MCO + MLTSS,All Populations,,"MetroPlus Health Plan, Inc",4/1/20,3/31/21,2021," $384,798,165 "," $421,329,006 "," 159,047 ",93.0%,
NY,Health and Recovery Plans (HARP),Comprehensive MCO,All Populations,,"Molina Healthcare of New York, Inc.",4/1/20,3/31/21,2021," $65,310,510 "," $72,314,443 "," 40,199 ",93.6%,
NY,Health and Recovery Plans (HARP),Comprehensive MCO,All Populations,,"MVP Health Plan, Inc.",4/1/20,3/31/21,2021," $174,379,183 "," $187,213,339 "," 85,825 ",95.3%,
NY,Health and Recovery Plans (HARP),Comprehensive MCO + MLTSS,All Populations,,New York Quality Healthcare Corporation (Fidelis Care),4/1/20,3/31/21,2021," $979,591,892 "," $1,182,059,188 "," 565,890 ",82.9%,
NY,Health and Recovery Plans (HARP),Comprehensive MCO,All Populations,,"United Healthcare of New York, Inc.",4/1/20,3/31/21,2021," $226,552,378 "," $255,967,000 "," 121,736 ",90.4%,
NY,Health and Recovery Plans (HARP),Comprehensive MCO,All Populations,,"YourCare Health Plan, Inc. ",4/1/20,3/31/21,2021," $11,507,164 "," $12,898,747 "," 6,492 ",97.2%,
NY,HIV SNP,Comprehensive MCO,All Populations,,Amida Care Inc.,4/1/20,3/31/21,2021," $412,000,191 "," $459,160,327 "," 96,212 ",91.7%,
NY,HIV SNP,Comprehensive MCO + MLTSS,All Populations,,"MetroPlus Health Plan, Inc.",4/1/20,3/31/21,2021," $210,109,807 "," $215,512,727 "," 51,190 ",100.3%,
NY,HIV SNP,Comprehensive MCO + MLTSS,All Populations,,VNS (d/b/a VNSNY Choice) and Subsidiary,4/1/20,3/31/21,2021," $173,845,480 "," $187,574,694 "," 35,276 ",96.2%,
NY,MAP,Comprehensive MCO,All Populations,,"AgeWell New York, LLC MAP",4/1/20,3/31/21,2021," $2,012,183 "," $1,579,806 ", 226 ,127.4%,
NY,MAP,Comprehensive MCO,All Populations,,"Centers Plan for Healthy Living, LLC",4/1/20,3/31/21,2021," $6,325,166 "," $6,437,079 ", 994 ,98.3%,
NY,MAP,Comprehensive MCO,All Populations,,"Elderplan, Inc. d/b/a Homefirst",4/1/20,3/31/21,2021," $153,640,061 "," $184,272,772 "," 25,715 ",87.3%,
NY,MAP,Comprehensive MCO,All Populations,,Elderserve MAP dba Riverspring,4/1/20,3/31/21,2021," $2,844,636 "," $3,006,916 ", 357 ,94.6%,
NY,MAP,Comprehensive MCO + MLTSS,All Populations,,"Healthfirst Healthplan, Inc.",4/1/20,3/31/21,2021," $1,029,506,269 "," $1,141,448,676 "," 176,895 ",91.8%,
NY,MAP,Comprehensive MCO + MLTSS,All Populations,,"HealthPlus HP, LLC",4/1/20,3/31/21,2021," $603,194 "," $593,497 ", 104 ,101.6%,
NY,MAP,Comprehensive MCO + MLTSS,All Populations,,New York Quality Healthcare Corporation (Fidelis Care),4/1/20,3/31/21,2021," $6,314,137 "," $5,885,906 ", 785 ,107.3%,
NY,MAP,Comprehensive MCO,All Populations,,"Senior Whole Health of New York, Inc.",4/1/20,3/31/21,2021," $13,754,979 "," $13,317,069 "," 1,573 ",103.3%,
NY,MAP,Comprehensive MCO,All Populations,,Village Senior Services Corp. (VillageCare Max),4/1/20,3/31/21,2021," $163,145,622 "," $186,183,736 "," 25,314 ",91.6%,
NY,MAP,Comprehensive MCO + MLTSS,All Populations,,VNS (d/b/a VNSNY Choice) and Subsidiary,4/1/20,3/31/21,2021," $249,214,937 "," $280,748,609 "," 37,103 ",92.2%,
NY,Medicaid,Comprehensive MCO,All Populations,,"Affinity Health Plan, Inc.",4/1/20,3/31/21,2021," $995,761,780 "," $1,076,096,621 "," 2,662,842 ",92.5%,
NY,Medicaid,Comprehensive MCO,All Populations,,"Capital District Physicians Health Plan, Inc (CDPHP)",4/1/20,3/31/21,2021," $461,963,827 "," $457,542,032 "," 1,106,815 ",101.0%,
NY,Medicaid,Comprehensive MCO,All Populations,,"Excellus Health Plan, Inc",4/1/20,3/31/21,2021," $879,896,112 "," $924,152,399 "," 2,326,661 ",95.2%,
NY,Medicaid,Comprehensive MCO,All Populations,,Health Insurance Plan of Greater New York (Emblem),4/1/20,3/31/21,2021," $809,185,127 "," $869,517,476 "," 1,679,949 ",93.1%,
NY,Medicaid,Comprehensive MCO + MLTSS,All Populations,,"Healthfirst PHSP, Inc.",4/1/20,3/31/21,2021," $5,496,808,185 "," $5,920,028,205 "," 12,642,215 ",92.9%,
NY,Medicaid,Comprehensive MCO + MLTSS,All Populations,,"HealthPlus HP, LLC",4/1/20,3/31/21,2021," $1,683,033,768 "," $1,768,645,440 "," 4,090,337 ",95.2%,
NY,Medicaid,Comprehensive MCO,All Populations,,Highmark Western and Northeastern New York Inc. (frmly Healthnow),4/1/20,3/31/21,2021," $230,486,268 "," $250,070,402 "," 409,496 ",92.2%,
NY,Medicaid,Comprehensive MCO,All Populations,,"Independent Health Association, Inc",4/1/20,3/31/21,2021," $305,104,807 "," $315,386,238 "," 733,927 ",96.7%,
NY,Medicaid,Comprehensive MCO + MLTSS,All Populations,,"MetroPlus Health Plan, Inc",4/1/20,3/31/21,2021," $1,762,045,217 "," $1,939,554,163 "," 4,836,380 ",90.9%,
NY,Medicaid,Comprehensive MCO,All Populations,,"Molina Healthcare of New York, Inc.",4/1/20,3/31/21,2021," $247,853,837 "," $286,486,939 "," 682,311 ",86.5%,
NY,Medicaid,Comprehensive MCO,All Populations,,"MVP Health Plan, Inc.",4/1/20,3/31/21,2021," $934,049,788 "," $965,997,759 "," 2,130,659 ",96.7%,
NY,Medicaid,Comprehensive MCO + MLTSS,All Populations,,New York Quality Healthcare Corporation (Fidelis Care),4/1/20,3/31/21,2021," $6,775,140,396 "," $7,494,907,501 "," 17,932,352 ",90.4%,
NY,Medicaid,Comprehensive MCO,All Populations,,"United Healthcare of New York, Inc.",4/1/20,3/31/21,2021," $1,797,510,043 "," $1,958,074,656 "," 4,618,884 ",91.8%,
NY,Medicaid,Comprehensive MCO + MLTSS,All Populations,,"WellCare of New York, Inc.",4/1/20,3/31/21,2021," $63,719,519 "," $60,795,278 "," 172,445 ",106.4%,
NY,Medicaid,Comprehensive MCO,All Populations,,"YourCare Health Plan, Inc. ",4/1/20,3/31/21,2021," $46,045,617 "," $48,608,752 "," 113,028 ",96.6%,
NY,MLTC Partial,MLTSS Only,All Populations,,"Aetna Better Health, Inc.",4/1/20,3/31/21,2021," $335,778,789 "," $388,620,704 "," 83,075 ",86.4%,
NY,MLTC Partial,Comprehensive MCO,All Populations,,"AgeWell New York, LLC",4/1/20,3/31/21,2021," $608,995,805 "," $693,812,128 "," 147,393 ",87.8%,
NY,MLTC Partial,Comprehensive MCO,All Populations,,"Catholic Managed Long Term Care, Inc.",4/1/20,3/31/21,2021," $248,157,953 "," $274,421,807 "," 54,427 ",90.4%,
NY,MLTC Partial,Comprehensive MCO,All Populations,,"Centers Plan for Healthy Living, LLC",4/1/20,3/31/21,2021," $2,049,459,078 "," $2,318,288,122 "," 506,994 ",88.4%,
NY,MLTC Partial,Comprehensive MCO,All Populations,,Elderplan Inc. d/b/a Homefirst,4/1/20,3/31/21,2021," $683,842,430 "," $785,856,473 "," 173,815 ",87.0%,
NY,MLTC Partial,Comprehensive MCO,All Populations,,"Elderserve Health, Inc.",4/1/20,3/31/21,2021," $864,624,876 "," $936,815,706 "," 180,840 ",92.3%,
NY,MLTC Partial,MLTSS Only,All Populations,,"Erie Niagara MLTCP, Inc. (dba Kalos Health)",4/1/20,3/31/21,2021," $39,084,423 "," $55,219,056 "," 12,530 ",73.2%,
NY,MLTC Partial,MLTSS Only,All Populations,,"EverCare, Inc.",4/1/20,3/31/21,2021," $46,391,948 "," $55,609,984 "," 12,935 ",85.4%,
NY,MLTC Partial,MLTSS Only,All Populations,,"Extended MLTC, LLC",4/1/20,3/31/21,2021," $286,500,069 "," $309,071,626 "," 79,413 ",92.7%,
NY,MLTC Partial,MLTSS Only,All Populations,,"Fallon Health Weinberg, Inc. (frmly TAIPP)",4/1/20,3/31/21,2021," $23,030,563 "," $35,730,914 "," 10,928 ",66.6%,
NY,MLTC Partial,MLTSS Only,All Populations,,"Hamaspik Choice, Inc.",4/1/20,3/31/21,2021," $82,582,512 "," $104,805,380 "," 26,077 ",80.2%,
NY,MLTC Partial,Comprehensive MCO + MLTSS,All Populations,,"Healthfirst PHSP, Inc. (Senior Health Partners)",4/1/20,3/31/21,2021," $697,389,019 "," $772,460,401 "," 158,351 ",90.3%,
NY,MLTC Partial,Comprehensive MCO + MLTSS,All Populations,,"HealthPlus HP, LLC",4/1/20,3/31/21,2021," $310,549,348 "," $345,204,811 "," 71,343 ",90.0%,
NY,MLTC Partial,MLTSS Only,All Populations,,"iCircle Services of the Finger Lakes, Inc. - d/b/a iCircle Care",4/1/20,3/31/21,2021," $166,388,548 "," $182,071,247 "," 50,166 ",91.4%,
NY,MLTC Partial,Comprehensive MCO + MLTSS,All Populations,,"Integra MLTC, Inc",4/1/20,3/31/21,2021," $1,363,527,636 "," $1,555,158,138 "," 399,536 ",87.7%,
NY,MLTC Partial,Comprehensive MCO + MLTSS,All Populations,,"MetroPlus Health Plan, Inc",4/1/20,3/31/21,2021," $78,031,787 "," $93,443,352 "," 20,477 ",85.1%,
NY,MLTC Partial,MLTSS Only,All Populations,,Montefiore HMO LLC,4/1/20,3/31/21,2021," $85,142,439 "," $91,069,222 "," 19,422 ",95.1%,
NY,MLTC Partial,Comprehensive MCO + MLTSS,All Populations,,New York Quality Healthcare Corporation (Fidelis Care),4/1/20,3/31/21,2021," $1,035,886,170 "," $1,201,602,171 "," 259,680 ",86.2%,
NY,MLTC Partial,MLTSS Only,All Populations,,"Niagara Advantage Health Plan, LLC (Elderwood Health Plan)",4/1/20,3/31/21,2021," $29,437,010 "," $38,274,520 "," 11,102 ",79.0%,
NY,MLTC Partial,MLTSS Only,All Populations,,"Prime Health Choice, LLC",4/1/20,3/31/21,2021," $16,658,162 "," $22,036,000 "," 7,057 ",81.3%,
NY,MLTC Partial,Comprehensive MCO,All Populations,,"Senior Network Health, LLC",4/1/20,3/31/21,2021," $12,722,815 "," $13,729,665 "," 5,580 ",95.7%,
NY,MLTC Partial,MLTSS Only,All Populations,,"Senior Whole Health of New York, Inc.",4/1/20,3/31/21,2021," $576,379,247 "," $689,249,638 "," 159,531 ",83.6%,
NY,MLTC Partial,Comprehensive MCO,All Populations,,Village Senior Services Corp. (VillageCare Max),4/1/20,3/31/21,2021," $579,645,975 "," $686,492,772 "," 153,709 ",84.4%,
NY,MLTC Partial,MLTSS Only,All Populations,,"VNA Homecare Options, LLC (d/b/a Nascentia Health Options)",4/1/20,3/31/21,2021," $222,178,483 "," $250,742,984 "," 54,416 ",88.6%,
NY,MLTC Partial,MLTSS Only,All Populations,,VNS (d/b/a VNSNY Choice) and Subsidiary,4/1/20,3/31/21,2021," $1,212,618,761 "," $1,373,962,538 "," 246,566 ",88.3%,
NY,MLTC Partial,Comprehensive MCO + MLTSS,All Populations,,"WellCare of New York, Inc.",4/1/20,3/31/21,2021," $57,510,078 "," $60,322,559 "," 10,173 ",97.5%,
NY,Health and Recovery Plans (HARP),Comprehensive MCO,All Populations,,"Affinity Health Plan, Inc.",4/1/21,3/31/22,2022," $81,883,967 "," $95,445,157 "," 43,057 ",88.9%," $76,356 "
NY,Health and Recovery Plans (HARP),Comprehensive MCO,All Populations,,"Anthem HP, LLC (Healthplus)",4/1/21,3/31/22,2022," $188,467,298 "," $219,175,499 "," 92,536 ",88.1%," $2,082,167 "
NY,Health and Recovery Plans (HARP),Comprehensive MCO,All Populations,,"Capital District Physicians Health Plan, Inc (CDPHP)",4/1/21,3/31/22,2022," $93,396,408 "," $101,966,560 "," 55,071 ",94.4%,
NY,Health and Recovery Plans (HARP),Comprehensive MCO,All Populations,,"Excellus Health Plan, Inc",4/1/21,3/31/22,2022," $217,494,519 "," $240,200,749 "," 137,024 ",92.3%,
NY,Health and Recovery Plans (HARP),Comprehensive MCO,All Populations,,Health Insurance Plan of Greater New York (Emblem),4/1/21,3/31/22,2022," $147,808,544 "," $145,157,481 "," 66,655 ",104.4%,
NY,Health and Recovery Plans (HARP),Comprehensive MCO,All Populations,,"Healthfirst PHSP, Inc.",4/1/21,3/31/22,2022," $942,372,550 "," $1,046,572,357 "," 385,101 ",90.0%,
NY,Health and Recovery Plans (HARP),Comprehensive MCO,All Populations,,"Independent Health Association, Inc",4/1/21,3/31/22,2022," $60,219,519 "," $69,038,536 "," 33,721 ",90.8%,
NY,Health and Recovery Plans (HARP),Comprehensive MCO,All Populations,,"MetroPlus Health Plan, Inc",4/1/21,3/31/22,2022," $390,927,797 "," $427,094,225 "," 164,607 ",93.2%,
NY,Health and Recovery Plans (HARP),Comprehensive MCO,All Populations,,"Molina Healthcare of New York, Inc.",4/1/21,3/31/22,2022," $133,173,288 "," $156,601,411 "," 77,484 ",87.4%," $2,521,283 "
NY,Health and Recovery Plans (HARP),Comprehensive MCO,All Populations,,"MVP Health Plan, Inc.",4/1/21,3/31/22,2022," $192,004,069 "," $199,094,606 "," 92,669 ",98.5%,
NY,Health and Recovery Plans (HARP),Comprehensive MCO,All Populations,,New York Quality Healthcare Corporation (Fidelis Care),4/1/21,3/31/22,2022," $1,181,957,673 "," $1,357,113,035 "," 632,983 ",87.1%," $25,920,859 "
NY,Health and Recovery Plans (HARP),Comprehensive MCO,All Populations,,"United Healthcare of New York, Inc.",4/1/21,3/31/22,2022," $240,194,075 "," $265,588,444 "," 131,275 ",92.3%,
NY,HIV SNP,Comprehensive MCO + MLTSS,All Populations,,Amida Care Inc.,4/1/21,3/31/22,2022," $435,922,516 "," $497,472,426 "," 100,680 ",89.6%,
NY,HIV SNP,Comprehensive MCO + MLTSS,All Populations,,"MetroPlus Health Plan, Inc.",4/1/21,3/31/22,2022," $237,380,758 "," $253,437,986 "," 55,644 ",96.4%,
NY,HIV SNP,Comprehensive MCO + MLTSS,All Populations,,VNS (d/b/a VNSNY Choice) and Subsidiary,4/1/21,3/31/22,2022," $184,180,623 "," $199,407,628 "," 35,527 ",95.8%,
NY,Medicaid,Comprehensive MCO + MLTSS,All Populations,,"Affinity Health Plan, Inc.",4/1/21,3/31/22,2022," $677,427,986 "," $743,930,706 "," 1,681,821 ",91.1%,
NY,Medicaid,Comprehensive MCO + MLTSS,All Populations,,"Anthem HP, LLC (Healthplus)",4/1/21,3/31/22,2022," $1,954,124,530 "," $2,110,613,637 "," 4,429,591 ",92.6%,
NY,Medicaid,Comprehensive MCO + MLTSS,All Populations,,"Capital District Physicians Health Plan, Inc (CDPHP)",4/1/21,3/31/22,2022," $565,149,923 "," $575,667,700 "," 1,250,950 ",98.2%,
NY,Medicaid,Comprehensive MCO + MLTSS,All Populations,,"Excellus Health Plan, Inc",4/1/21,3/31/22,2022," $1,051,496,391 "," $1,116,303,489 "," 2,607,979 ",94.2%,
NY,Medicaid,Comprehensive MCO + MLTSS,All Populations,,Health Insurance Plan of Greater New York (Emblem),4/1/21,3/31/22,2022," $925,549,759 "," $1,032,976,589 "," 1,889,394 ",89.6%,
NY,Medicaid,Comprehensive MCO + MLTSS,All Populations,,"Healthfirst PHSP, Inc.",4/1/21,3/31/22,2022," $7,054,438,337 "," $7,666,964,620 "," 14,075,771 ",92.0%,
NY,Medicaid,Comprehensive MCO + MLTSS,All Populations,,Highmark Western and Northeastern New York Inc. (frmly Healthnow),4/1/21,3/31/22,2022," $310,977,738 "," $330,646,131 "," 607,361 ",94.1%,
NY,Medicaid,Comprehensive MCO,All Populations,,"Independent Health Association, Inc",4/1/21,3/31/22,2022," $344,381,873 "," $371,216,244 "," 789,925 ",92.8%,
NY,Medicaid,Comprehensive MCO + MLTSS,All Populations,,"MetroPlus Health Plan, Inc",4/1/21,3/31/22,2022," $2,227,960,168 "," $2,459,044,134 "," 5,437,214 ",90.6%,
NY,Medicaid,Comprehensive MCO + MLTSS,All Populations,,"Molina Healthcare of New York, Inc.",4/1/21,3/31/22,2022," $792,598,031 "," $898,078,860 "," 2,025,290 ",88.3%,
NY,Medicaid,Comprehensive MCO + MLTSS,All Populations,,"MVP Health Plan, Inc.",4/1/21,3/31/22,2022," $1,102,830,416 "," $1,191,015,863 "," 2,380,400 ",92.6%,
NY,Medicaid,Comprehensive MCO + MLTSS,All Populations,,New York Quality Healthcare Corporation (Fidelis Care),4/1/21,3/31/22,2022," $8,347,925,500 "," $9,523,385,606 "," 19,914,361 ",87.7%,
NY,Medicaid,Comprehensive MCO + MLTSS,All Populations,,"United Healthcare of New York, Inc.",4/1/21,3/31/22,2022," $1,985,759,737 "," $2,193,084,346 "," 4,744,196 ",90.6%,
NY,MLTC Partial,MLTSS,All Populations,,"Aetna Better Health, Inc.",4/1/21,3/31/22,2022," $303,791,655 "," $327,911,879 "," 69,438 ",92.6%,
NY,MLTC Partial,MLTSS,All Populations,,"AgeWell New York, LLC",4/1/21,3/31/22,2022," $664,825,132 "," $716,775,627 "," 155,085 ",92.8%,
NY,MLTC Partial,Comprehensive MCO + MLTSS,All Populations,,"Anthem HP, LLC (Healthplus)",4/1/21,3/31/22,2022," $257,299,047 "," $295,423,348 "," 60,633 ",87.1%,
NY,MLTC Partial,MLTSS,All Populations,,"Catholic Managed Long Term Care, Inc.",4/1/21,3/31/22,2022," $245,449,633 "," $263,049,653 "," 54,776 ",93.3%,
NY,MLTC Partial,MLTSS,All Populations,,"Centers Plan for Healthy Living, LLC",4/1/21,3/31/22,2022," $2,247,489,494 "," $2,387,277,623 "," 545,622 ",94.1%,
NY,MLTC Partial,MLTSS,All Populations,,Elderplan Inc. d/b/a Homefirst,4/1/21,3/31/22,2022," $663,376,760 "," $750,931,997 "," 164,733 ",88.3%,
NY,MLTC Partial,MLTSS,All Populations,,"Elderserve Health, Inc.",4/1/21,3/31/22,2022," $904,558,774 "," $910,190,162 "," 181,111 ",99.4%,
NY,MLTC Partial,MLTSS,All Populations,,"Erie Niagara MLTCP, Inc. (dba Kalos Health)",4/1/21,3/31/22,2022," $19,724,793 "," $25,671,464 "," 7,548 ",79.4%," $1,707,152 "
NY,MLTC Partial,MLTSS,All Populations,,"EverCare, Inc. (Health Advantage/Elant Choice)",4/1/21,3/31/22,2022," $40,305,390 "," $50,242,388 "," 11,751 ",82.3%," $1,863,923 "
NY,MLTC Partial,MLTSS,All Populations,,"Extended MLTC, LLC",4/1/21,3/31/22,2022," $253,849,782 "," $249,020,544 "," 70,192 ",101.9%,
NY,MLTC Partial,MLTSS,All Populations,,"Fallon Health Weinberg, Inc. (frmly TAIPP)",4/1/21,3/31/22,2022," $20,160,295 "," $30,997,279 "," 10,297 ",67.2%," $5,815,090 "
NY,MLTC Partial,MLTSS,All Populations,,"Hamaspik Choice, Inc.",4/1/21,3/31/22,2022," $75,607,121 "," $89,501,853 "," 24,322 ",85.9%," $71,601 "
NY,MLTC Partial,Comprehensive MCO + MLTSS,All Populations,,"Healthfirst PHSP, Inc. (Senior Health Partners)",4/1/21,3/31/22,2022," $559,712,663 "," $580,748,157 "," 126,287 ",96.4%,
NY,MLTC Partial,MLTSS,All Populations,,"iCircle Services of the Finger Lakes, Inc. - d/b/a iCircle Care",4/1/21,3/31/22,2022," $119,996,161 "," $150,178,358 "," 43,662 ",80.9%," $7,629,061 "
NY,MLTC Partial,MLTSS,All Populations,,"Integra MLTC, Inc",4/1/21,3/31/22,2022," $1,700,227,801 "," $1,820,601,519 "," 478,473 ",93.4%,
NY,MLTC Partial,MLTSS,All Populations,,"MetroPlus Health Plan, Inc",4/1/21,3/31/22,2022," $60,713,839 "," $69,190,446 "," 16,972 ",89.4%,
NY,MLTC Partial,MLTSS,All Populations,,Montefiore HMO LLC,4/1/21,3/31/22,2022," $83,137,931 "," $87,395,426 "," 17,898 ",96.8%,
NY,MLTC Partial,Comprehensive MCO + MLTSS,All Populations,,New York Quality Healthcare Corporation (Fidelis Care),4/1/21,3/31/22,2022," $851,089,579 "," $982,446,861 "," 228,446 ",86.6%,
NY,MLTC Partial,MLTSS,All Populations,,"Niagara Advantage Health Plan, LLC (Elderwood Health Plan)",4/1/21,3/31/22,2022," $32,100,961 "," $37,250,951 "," 12,110 ",88.2%,
NY,MLTC Partial,MLTSS,All Populations,,"Prime Health Choice, LLC",4/1/21,3/31/22,2022," $17,039,470 "," $21,245,322 "," 6,979 ",82.9%," $667,103 "
NY,MLTC Partial,MLTSS,All Populations,,"Senior Network Health, LLC",4/1/21,3/31/22,2022," $9,395,590 "," $12,251,560 "," 4,539 ",80.0%," $739,994 "
NY,MLTC Partial,MLTSS,All Populations,,"Senior Whole Health of New York, Inc.",4/1/21,3/31/22,2022," $626,073,252 "," $688,926,767 "," 161,903 ",90.9%,
NY,MLTC Partial,Comprehensive MCO,All Populations,,Village Senior Services Corp. (VillageCare Max),4/1/21,3/31/22,2022," $603,743,313 "," $686,258,355 "," 160,675 ",88.0%,
NY,MLTC Partial,MLTSS,All Populations,,"VNA Homecare Options, LLC (d/b/a Nascentia Health Options)",4/1/21,3/31/22,2022," $119,043,225 "," $152,038,831 "," 39,398 ",79.4%," $10,049,767 "
NY,MLTC Partial,MLTSS,All Populations,,VNS (d/b/a VNSNY Choice) and Subsidiary,4/1/21,3/31/22,2022," $1,242,239,602 "," $1,400,527,064 "," 258,662 ",88.7%,
OH,MyCare Opt-Out Program,Comprehensive MCO + MLTSS,"Other, specify",Dual eligible members who opt out of the integrated dual program MyCare,Aetna Better Health of Ohio,1/1/18,12/31/18,2018," $211,142,839 "," $244,925,821 "," 98,544 ",88.2%, $-   
OH,MyCare Opt-Out Program,Comprehensive MCO + MLTSS,"Other, specify",Dual eligible members who opt out of the integrated dual program MyCare,"Buckeye Community Health Plan, Inc.",1/1/18,12/31/18,2018," $149,614,642 "," $173,904,701 "," 84,702 ",88.2%, $-   
OH,MyCare Opt-Out Program,Comprehensive MCO + MLTSS,"Other, specify",Dual eligible members who opt out of the integrated dual program MyCare,CareSource,1/1/18,12/31/18,2018," $209,245,901 "," $223,560,575 "," 96,212 ",95.6%, $-   
OH,MyCare Opt-Out Program,Comprehensive MCO + MLTSS,"Other, specify",Dual eligible members who opt out of the integrated dual program MyCare,"Molina Healthcare of Ohio, Inc.",1/1/18,12/31/18,2018," $147,595,469 "," $167,814,903 "," 78,065 ",90.3%, $-   
OH,MyCare Opt-Out Program,Comprehensive MCO + MLTSS,"Other, specify",Dual eligible members who opt out of the integrated dual program MyCare,United Healthcare Community Plan of Ohio,1/1/18,12/31/18,2018," $188,232,096 "," $210,150,109 "," 104,774 ",91.6%, $-   
OH,Ohio Medicaid Managed Care Program,Comprehensive MCO,All populations,,Buckeye Health Plan,1/1/18,12/31/18,2018," $1,329,900,000 "," $1,531,700,000 "," 3,688,176 ",86.8%,  
OH,Ohio Medicaid Managed Care Program,Comprehensive MCO,All populations,,CareSource,1/1/18,12/31/18,2018," $5,955,500,000 "," $6,421,400,000 "," 15,174,540 ",92.7%,  
OH,Ohio Medicaid Managed Care Program,Comprehensive MCO,All populations,,"Molina Healthcare of Ohio, Inc.",1/1/18,12/31/18,2018," $1,380,900,000 "," $1,465,800,000 "," 3,516,111 ",94.2%,  
OH,Ohio Medicaid Managed Care Program,Comprehensive MCO,All populations,,Paramount Advantage,1/1/18,12/31/18,2018," $1,223,600,000 "," $1,231,900,000 "," 2,957,279 ",99.3%,  
OH,Ohio Medicaid Managed Care Program,Comprehensive MCO,All populations,,"UnitedHealthcare Community Plan of Ohio, Inc.",1/1/18,12/31/18,2018," $1,343,000,000 "," $1,518,300,000 "," 3,555,150 ",88.5%,  
OH,MyCare Opt-Out Program,Comprehensive MCO + MLTSS,"Other, specify",Dual eligible members who opt out of the integrated dual program MyCare,Aetna Better Health of Ohio,1/1/19,12/31/19,2019," $237,662,583 "," $259,707,106 "," 114,045 ",93.4%, $-   
OH,MyCare Opt-Out Program,Comprehensive MCO + MLTSS,"Other, specify",Dual eligible members who opt out of the integrated dual program MyCare,"Buckeye Community Health Plan, Inc.",1/1/19,12/31/19,2019," $167,599,406 "," $192,686,961 "," 99,223 ",89.0%, $-   
OH,MyCare Opt-Out Program,Comprehensive MCO + MLTSS,"Other, specify",Dual eligible members who opt out of the integrated dual program MyCare,CareSource,1/1/19,12/31/19,2019," $238,567,333 "," $264,708,261 "," 113,187 ",92.0%, $-   
OH,MyCare Opt-Out Program,Comprehensive MCO + MLTSS,"Other, specify",Dual eligible members who opt out of the integrated dual program MyCare,"Molina Healthcare of Ohio, Inc.",1/1/19,12/31/19,2019," $177,237,807 "," $188,000,996 "," 92,578 ",96.4%, $-   
OH,MyCare Opt-Out Program,Comprehensive MCO + MLTSS,"Other, specify",Dual eligible members who opt out of the integrated dual program MyCare,United Healthcare Community Plan of Ohio,1/1/19,12/31/19,2019," $224,366,835 "," $266,884,215 "," 133,522 ",85.9%, $-   
OH,OMMCP,Comprehensive MCO,All populations,,Buckeye,1/1/19,12/31/19,2019," $1,488,343,825 "," $1,567,173,023 "," 3,704,755 ",95.0%, $-   
OH,OMMCP,Comprehensive MCO,All populations,,CareSource,1/1/19,12/31/19,2019," $6,311,672,041 "," $6,609,420,326 "," 14,484,693 ",95.5%, $-   
OH,OMMCP,Comprehensive MCO,All populations,,Molina ,1/1/19,12/31/19,2019," $1,500,740,551 "," $1,654,549,524 "," 3,319,999 ",90.7%, $-   
OH,OMMCP,Comprehensive MCO,All populations,,Paramount,1/1/19,12/31/19,2019," $1,364,413,438 "," $1,402,371,595 "," 2,842,365 ",97.3%, $-   
OH,OMMCP,Comprehensive MCO,All populations,,United,1/1/19,12/31/19,2019," $1,521,914,385 "," $1,661,182,590 "," 3,379,672 ",91.6%, $-   
OH,Medicaid Managed Care,Comprehensive MCO,All populations,,"Buckeye Community Health Plan, Inc",1/1/20,12/31/20,2020," $1,863,450,442 "," $2,057,683,088 "," 4,330,274 ",90.6%, $-   
OH,MyCare Ohio Opt-Out Program,Comprehensive MCO + MLTSS,All populations,,Aetna Better Health of Ohio,1/1/20,12/31/20,2020," $239,008,683 "," $258,889,108 "," 119,974 ",94.2%, $-   
OH,MyCare Ohio Opt-Out Program,Comprehensive MCO + MLTSS,All populations,,"Buckeye Community Health Plan, Inc.					",1/1/20,12/31/20,2020," $178,066,747 "," $197,058,170 "," 113,143 ",92.3%, $-   
OH,MyCare Ohio Opt-Out Program,Comprehensive MCO + MLTSS,All populations,,CareSource,1/1/20,12/31/20,2020," $228,199,279 "," $250,102,197 "," 122,756 ",93.1%, $-   
OH,MyCare Ohio Opt-Out Program,Comprehensive MCO + MLTSS,All populations,,"Molina Healthcare of Ohio, Inc. ",1/1/20,12/31/20,2020," $183,955,703 "," $207,171,257 "," 103,313 ",90.8%, $-   
OH,MyCare Ohio Opt-Out Program,Comprehensive MCO + MLTSS,All populations,,United HealthCare Community Plan of Ohio,1/1/20,12/31/20,2020," $244,187,832 "," $263,941,972 "," 154,140 ",94.2%, $-   
OH,Ohio Medicaid Managed Care Program,Comprehensive MCO,All populations,,CareSource,1/1/20,12/31/20,2020," $7,076,289,264 "," $7,805,389,298 "," 15,106,441 ",90.7%, $-   
OH,Ohio Medicaid Managed Care Program,Comprehensive MCO,All populations,,"Molina Healthcare of Ohio, Inc.",1/1/20,12/31/20,2020," $1,749,931,631 "," $1,933,241,802 "," 3,530,511 ",90.5%, $-   
OH,Ohio Medicaid Managed Care Program,Comprehensive MCO,All populations,,Paramount Advantage,1/1/20,12/31/20,2020," $1,253,652,536 "," $1,382,735,057 "," 2,657,456 ",90.7%, $-   
OH,Ohio Medicaid Managed Care Program,Comprehensive MCO,All populations,,United HealthCare Community Plan of Ohio,1/1/20,12/31/20,2020," $1,843,676,585 "," $2,036,730,599 "," 3,748,895 ",90.5%, $-   
OH,Statewide Medicaid Managed Care,Comprehensive MCO,All Populations,,Buckeye,1/1/21,12/31/21,2021," $2,494,103,997 "," $2,726,738,452 "," 5,032,020 ",91.5%, $-   
OH,Statewide Medicaid Managed Care,Comprehensive MCO,All Populations,,CareSource,1/1/21,12/31/21,2021," $8,755,898,589 "," $9,517,925,969 "," 16,567,039 ",92.0%, $-   
OH,Statewide Medicaid Managed Care,Comprehensive MCO,All Populations,,Molina,1/1/21,12/31/21,2021," $2,119,509,288 "," $2,335,227,155 "," 3,899,833 ",90.8%, $-   
OH,Statewide Medicaid Managed Care,Comprehensive MCO,All Populations,,Paramount,1/1/21,12/31/21,2021," $1,550,752,395 "," $1,642,674,270 "," 2,961,342 ",94.4%, $-   
OH,Statewide Medicaid Managed Care,Comprehensive MCO,All Populations,,United,1/1/21,12/31/21,2021," $2,273,375,091 "," $2,507,626,946 "," 4,189,561 ",90.7%, $-   
OH,Statewide MyCare Ohio Opt-Out,Comprehensive MCO + MLTSS,All Populations,,Aetna,1/1/21,12/31/21,2021," $238,447,519 "," $260,410,611 "," 129,967 ",93.4%,
OH,Statewide MyCare Ohio Opt-Out,Comprehensive MCO + MLTSS,All Populations,,Buckeye,1/1/21,12/31/21,2021," $195,896,903 "," $207,032,150 "," 127,618 ",96.4%,
OH,Statewide MyCare Ohio Opt-Out,Comprehensive MCO + MLTSS,All Populations,,CareSource,1/1/21,12/31/21,2021," $250,199,407 "," $273,368,671 "," 138,057 ",93.3%,
OH,Statewide MyCare Ohio Opt-Out,Comprehensive MCO + MLTSS,All Populations,,Molina,1/1/21,12/31/21,2021," $188,336,825 "," $206,826,312 "," 117,021 ",93.0%,
OH,Statewide MyCare Ohio Opt-Out,Comprehensive MCO + MLTSS,All Populations,,United,1/1/21,12/31/21,2021," $228,340,393 "," $258,835,797 "," 170,311 ",89.8%,
OH,Statewide Medicaid Managed Care,Comprehensive MCO,All Populations,,Buckeye Community Health Plan,1/1/22,12/31/22,2022," $2,472,634,155 "," $2,761,623,457 "," 5,285,070 ",89.5%, $-   
OH,Statewide Medicaid Managed Care,Comprehensive MCO,All Populations,,CareSource,1/1/22,12/31/22,2022," $8,302,034,970 "," $9,078,488,060 "," 17,137,818 ",91.4%, $-   
OH,Statewide Medicaid Managed Care,Comprehensive MCO,All Populations,,"Molina Healthcare of Ohio, Inc.",1/1/22,12/31/22,2022," $1,997,611,113 "," $2,292,204,420 "," 4,024,510 ",87.2%, $-   
OH,Statewide Medicaid Managed Care,Comprehensive MCO,All Populations,,Paramount Advantage,1/1/22,12/31/22,2022," $1,317,924,581 "," $1,510,272,748 "," 3,041,910 ",87.3%, $-   
OH,Statewide Medicaid Managed Care,Comprehensive MCO,All Populations,,"UnitedHealthcare Community Plan of Ohio, Inc.",1/1/22,12/31/22,2022," $2,146,121,927 "," $2,430,688,431 "," 4,353,841 ",88.3%, $-   
OH,Statewide MyCare Ohio Opt-Out,Comprehensive MCO,All Populations,,Aetna,1/1/22,12/31/22,2022," $303,193,427 "," $309,953,665 "," 155,298 ",99.5%, $-   
OH,Statewide MyCare Ohio Opt-Out,MLTSS,All Populations,,Aetna,1/1/22,12/31/22,2022," $303,193,427 "," $309,953,665 "," 155,298 ",99.5%, $-   
OH,Statewide MyCare Ohio Opt-Out,Comprehensive MCO,All Populations,,Buckeye Community Health Plan,1/1/22,12/31/22,2022," $228,664,056 "," $246,726,087 "," 156,577 ",94.4%, $-   
OH,Statewide MyCare Ohio Opt-Out,MLTSS,All Populations,,Buckeye Community Health Plan,1/1/22,12/31/22,2022," $228,664,056 "," $246,726,087 "," 156,577 ",94.4%, $-   
OH,Statewide MyCare Ohio Opt-Out,Comprehensive MCO,All Populations,,CareSource,1/1/22,12/31/22,2022," $280,580,823 "," $306,845,675 "," 161,454 ",93.1%, $-   
OH,Statewide MyCare Ohio Opt-Out,MLTSS,All Populations,,CareSource,1/1/22,12/31/22,2022," $280,580,823 "," $306,845,675 "," 161,454 ",93.1%, $-   
OH,Statewide MyCare Ohio Opt-Out,Comprehensive MCO,All Populations,,"Molina Healthcare of Ohio, Inc.",1/1/22,12/31/22,2022," $236,124,318 "," $258,181,463 "," 145,933 ",93.2%, $-   
OH,Statewide MyCare Ohio Opt-Out,MLTSS,All Populations,,"Molina Healthcare of Ohio, Inc.",1/1/22,12/31/22,2022," $236,124,318 "," $258,181,463 "," 145,933 ",93.2%, $-   
OH,Statewide MyCare Ohio Opt-Out,Comprehensive MCO,All Populations,,"UnitedHealthcare Community Plan of Ohio, Inc.",1/1/22,12/31/22,2022," $287,082,033 "," $314,158,209 "," 203,121 ",92.9%, $-   
OH,Statewide MyCare Ohio Opt-Out,MLTSS,All Populations,,"UnitedHealthcare Community Plan of Ohio, Inc.",1/1/22,12/31/22,2022," $287,082,033 "," $314,158,209 "," 203,121 ",92.9%, $-   
OH,Statewide OhioRISE,Behavioral Health Only,All Populations,,Aetna ,7/1/22,12/31/22,2022," $116,507,177 "," $104,393,091 "," 68,925 ",114.1%, $-   
OR,Medicaid (region),Dental only,All populations,,"Access Dental Plan, LLC",1/1/18,12/31/18,2018," $364,459 "," $404,954 "," 15,185 ",90.0%,  
OR,Medicaid (region),Comprehensive MCO,All populations,,"DCIPA, LLC Abn Umpqua Health Alliance",1/1/18,12/31/18,2018," $115,838,775 "," $125,513,007 "," 310,916 ",93.5%, $-   
OR,Medicaid (region),Dental only,All populations,,"ODS Community Health, Inc.",1/1/18,12/31/18,2018," $1,042,390 "," $2,470,468 "," 92,928 ",42.2%,  
OR,Medicaid (region),Comprehensive MCO,All populations,,"Western Oregon Advanced Health, LLC",1/1/18,12/31/18,2018," $95,443,634 "," $106,370,473 "," 240,591 ",91.1%, $-   
OR,Oregon Health Plan,Comprehensive MCO,All populations,,AllCare Health Plan,1/1/18,12/31/18,2018," $207,562,536 "," $231,736,423 "," 592,960 ",89.6%, $-   
OR,Oregon Health Plan,Comprehensive MCO,All populations,,Cascade Health Alliance,1/1/18,12/31/18,2018," $78,437,906 "," $87,934,338 "," 201,345 ",89.2%, $-   
OR,Oregon Health Plan,Comprehensive MCO,All populations,,Columbia Pacific,1/1/18,12/31/18,2018," $131,206,390 "," $144,949,803 "," 300,029 ",90.5%, $-   
OR,Oregon Health Plan,Comprehensive MCO,All populations,,Eastern Oregon CCO,1/1/18,12/31/18,2018," $258,107,031 "," $280,324,986 "," 567,038 ",92.1%, $-   
OR,Oregon Health Plan,Comprehensive MCO,All populations,,"FamilyCare, Inc",1/1/18,12/31/18,2018," $41,082,447 "," $40,809,355 "," 106,207 ",100.7%, $-   
OR,Oregon Health Plan,Comprehensive MCO,All populations,,HealthShare of Oregon,1/1/18,12/31/18,2018," $1,408,921,112 "," $1,488,083,522 "," 3,704,898 ",94.7%, $-   
OR,Oregon Health Plan,Comprehensive MCO,All populations,,InterCommunity Health Network,1/1/18,12/31/18,2018," $273,237,487 "," $302,300,732 "," 690,577 ",90.4%, $-   
OR,Oregon Health Plan,Comprehensive MCO,All populations,,Jackson Care Connect,1/1/18,12/31/18,2018," $142,849,647 "," $137,521,705 "," 374,076 ",103.9%, $-   
OR,Oregon Health Plan,Comprehensive MCO,All populations,,PacificSource Community Solutions - Central Oregon,1/1/18,12/31/18,2018," $231,881,967 "," $253,238,248 "," 572,155 ",91.6%, $-   
OR,Oregon Health Plan,Comprehensive MCO,All populations,,PacificSource Community Solutions - Columbia Gorge,1/1/18,12/31/18,2018," $57,345,645 "," $63,745,668 "," 141,290 ",90.0%, $-   
OR,Oregon Health Plan,Comprehensive MCO,All populations,,PrimaryHealth of Josephine County,1/1/18,12/31/18,2018," $38,071,611 "," $42,944,285 "," 114,829 ",88.7%, $-   
OR,Oregon Health Plan,Comprehensive MCO,All populations,,Trillium Community Health Plan,1/1/18,12/31/18,2018," $444,663,851 "," $478,836,204 "," 1,090,912 ",92.9%, $-   
OR,Oregon Health Plan,Comprehensive MCO,All populations,,Willamette Valley Community Health,1/1/18,12/31/18,2018," $449,806,215 "," $465,067,937 "," 1,217,987 ",96.7%, $-   
OR,Oregon Health Plan,Comprehensive MCO,All populations,,Yamhill Community Care,1/1/18,12/31/18,2018," $113,762,618 "," $122,505,779 "," 296,686 ",92.9%, $-   
OR,Oregon Health Plan (OHP),Behavioral health only,All populations,,"Greater Oregon Behavioral Health, Inc",1/1/18,12/31/18,2018," $1,867,728 "," $2,228,693 "," 43,955 ",86.9%, $-   
OR,Oregon Health Plan (OHP) Dental Care Organization (DCO),Dental only,All populations,,Advantage Dental Services,1/1/18,12/31/18,2018," $5,108,437 "," $5,843,599 "," 233,421 ",88.8%, $-   
OR,Oregon Health Plan (OHP) Dental Care Organization (DCO),Dental only,All populations,,"Capital Dental Care, Inc",1/1/18,12/31/18,2018," $3,059,919 "," $3,461,999 "," 136,175 ",90.2%, $-   
OR,Oregon Health Plan (OHP) Dental Care Organization (DCO),Dental only,All populations,,CareOregon Dental,1/1/18,12/31/18,2018," $178,657 "," $559,730 "," 28,230 ",35.7%, $-   
OR,Oregon Health Plan (OHP) Dental Care Organization (DCO),Dental only,All populations,,Family Dental Care,1/1/18,12/31/18,2018," $161,080 "," $177,200 "," 19,090 ",95.6%, $-   
OR,Oregon Health Plan (OHP) Dental Care Organization (DCO),Dental only,All populations,,Managed Dental Care of Oregon,1/1/18,12/31/18,2018," $465,126 "," $528,135 "," 19,038 ",92.8%, $-   
OR,Oregon Health Plan (OHP) Dental Care Organization (DCO),Dental only,All populations,,"Willamette Dental Group, P.C.",1/1/18,12/31/18,2018," $16,634 "," $18,715 "," 1,485 ",, $-   
OR,Medicaid (region),Comprehensive MCO,All populations,,"Advanced Health, LLC",1/1/19,12/31/19,2019," $103,179,823 "," $116,856,567 "," 245,650 ",89.7%, $-   
OR,Medicaid (region),Dental only,All populations,,"Advantage Dental Plan, LLC",1/1/19,12/31/19,2019," $5,141,643 "," $5,804,026 "," 228,558 ",90.0%,  
OR,Medicaid (region),Comprehensive MCO,All populations,,Allcare CCO,1/1/19,12/31/19,2019," $217,707,376 "," $238,429,448 "," 602,184 ",91.3%, $-   
OR,Medicaid (region),Dental only,All populations,,"Capital Dental Care, Inc.",1/1/19,12/31/19,2019," $3,134,777 "," $3,571,542 "," 135,997 ",89.6%,  
OR,Medicaid (region),Dental only,All populations,,CareOregon Dental,1/1/19,12/31/19,2019," $480,886 "," $671,057 "," 24,081 ",77.4%,  
OR,Medicaid (region),Comprehensive MCO,All populations,,"Cascade Health Alliance, LLC",1/1/19,12/31/19,2019," $87,696,026 "," $99,098,116 "," 216,025 ",90.0%, $-   
OR,Medicaid (region),Comprehensive MCO,All populations,,"Columbia-Pacific CCO, LLC",1/1/19,12/31/19,2019," $144,923,430 "," $156,824,106 "," 308,086 ",93.6%, $-   
OR,Medicaid (region),Comprehensive MCO,All populations,,"Eastern Oregon Coordinated Care Org., LLC ",1/1/19,12/31/19,2019," $274,633,623 "," $294,280,665 "," 609,491 ",93.3%, $-   
OR,Medicaid (region),Dental only,All populations,,Family Dental Care,1/1/19,12/31/19,2019," $546,780 "," $646,069 "," 23,100 ",88.7%,  
OR,Medicaid (region),Comprehensive MCO,All populations,,Health Share of Oregon,1/1/19,12/31/19,2019," $1,551,218,402 "," $1,650,693,805 "," 3,849,487 ",94.0%, $-   
OR,Medicaid (region),Comprehensive MCO,All populations,,"InterCommunity Health Network, Inc.",1/1/19,12/31/19,2019," $295,559,897 "," $306,950,836 "," 686,210 ",96.3%, $-   
OR,Medicaid (region),Comprehensive MCO,All populations,,"Jackson County CCO, LLC",1/1/19,12/31/19,2019," $150,428,047 "," $154,745,567 "," 384,197 ",98.2%, $-   
OR,Medicaid (region),Dental only,All populations,,Managed Dental Care of Oregon,1/1/19,12/31/19,2019," $531,850 "," $606,083 "," 22,195 ",92.1%,  
OR,Medicaid (region),Dental only,All populations,,ODS Dental,1/1/19,12/31/19,2019," $610,532 "," $1,052,296 "," 38,675 ",61.3%,  
OR,Medicaid (region),Comprehensive MCO,All populations,,PacificSource Community Solutions (Central),1/1/19,12/31/19,2019," $252,725,142 "," $275,396,634 "," 583,710 ",91.8%, $-   
OR,Medicaid (region),Comprehensive MCO,All populations,,PacificSource Community Solutions (Gorge),1/1/19,12/31/19,2019," $61,056,101 "," $62,762,112 "," 144,924 ",99.1%, $-   
OR,Medicaid (region),Comprehensive MCO,All populations,,"Primary Health of Josephine County, LLC",1/1/19,12/31/19,2019," $45,036,542 "," $50,148,774 "," 122,013 ",91.7%, $-   
OR,Medicaid (region),Comprehensive MCO,All populations,,"Trillium Community Health Plan, Inc. (Tri-County)",1/1/19,12/31/19,2019," $466,935,300 "," $503,637,325 "," 1,111,289 ",92.7%, $-   
OR,Medicaid (region),Comprehensive MCO,All populations,,Umpqua Health Alliance,1/1/19,12/31/19,2019," $127,280,438 "," $139,763,340 "," 325,756 ",92.3%, $-   
OR,Medicaid (region),Dental only,All populations,,"Willamette Dental Group, P.C.",1/1/19,12/31/19,2019," $5,574 "," $6,037 ", 520 ,92.3%,  
OR,Medicaid (region),Comprehensive MCO,All populations,,"Willamette Valley Community Health, LLC",1/1/19,12/31/19,2019," $475,343,906 "," $494,198,331 "," 1,231,891 ",96.2%, $-   
OR,Medicaid (region),Comprehensive MCO,All populations,,Yamhill Community Care,1/1/19,12/31/19,2019," $121,072,417 "," $133,201,080 "," 299,794 ",92.1%, $-   
OR,Oregon Health Plan (OHP),Behavioral health only,All populations,,"Greater Oregon Behavioral Health, Inc. ",1/1/19,12/31/19,2019," $1,136,095 "," $1,170,655 "," 13,955 ",102.4%,  
OR,Medicaid,Dental only,All populations,,"Advantage Dental Services, LLC",1/1/20,12/31/20,2020," $5,436,765 "," $5,800,104 "," 228,292 ",93.7%,  
OR,Medicaid,Dental only,All populations,,"Capitol Dental Care, Inc.",1/1/20,12/31/20,2020," $3,792,383 "," $4,145,943 "," 155,981 ",91.5%,  
OR,Medicaid,Dental only,All populations,,Family Dental Care,1/1/20,12/31/20,2020," $831,248 "," $942,919 "," 36,018 ",88.2%,  
OR,Medicaid,Dental only,All populations,,"Managed Dental Care of Oregon, Inc.",1/1/20,12/31/20,2020," $790,679 "," $899,827 "," 32,739 ",87.9%,  
OR,Medicaid,Dental only,All populations,,Oregon Dental Service (ODS),1/1/20,12/31/20,2020," $1,244,991 "," $3,690,387 "," 135,756 ",33.7%,  
OR,Medicaid (region),Comprehensive MCO,All populations,," Eastern Oregon Coordinated Care Org., LLC ",1/1/20,12/31/20,2020," $295,295,630 "," $346,850,461 "," 664,257 ",85.1%, $-   
OR,Medicaid (region),Comprehensive MCO,All populations,,"Advanced Health, LLC",1/1/20,12/31/20,2020," $121,104,925 "," $136,224,181 "," 266,813 ",90.2%, $-   
OR,Medicaid (region),Comprehensive MCO,All populations,,Allcare CCO,1/1/20,12/31/20,2020," $223,337,434 "," $259,681,455 "," 599,722 ",86.0%, $-   
OR,Medicaid (region),Comprehensive MCO,All populations,,"Cascade Health Alliance, LLC",1/1/20,12/31/20,2020," $94,010,310 "," $107,256,035 "," 242,295 ",89.1%, $-   
OR,Medicaid (region),Comprehensive MCO,All populations,,"Columbia-Pacific CCO, LLC",1/1/20,12/31/20,2020," $154,289,731 "," $182,220,507 "," 334,384 ",85.8%, $-   
OR,Medicaid (region),Comprehensive MCO,All populations,,Health Share of Oregon,1/1/20,12/31/20,2020," $1,592,090,955 "," $1,840,003,760 "," 4,181,738 ",86.5%, $-   
OR,Medicaid (region),Comprehensive MCO,All populations,,"InterCommunity Health Network, Inc.",1/1/20,12/31/20,2020," $338,705,614 "," $368,232,513 "," 740,911 ",92.0%, $-   
OR,Medicaid (region),Comprehensive MCO,All populations,,"Jackson County CCO, LLC",1/1/20,12/31/20,2020," $224,215,914 "," $262,091,484 "," 601,034 ",85.5%, $-   
OR,Medicaid (region),Comprehensive MCO,All populations,,PacificSource Community Solutions (Central),1/1/20,12/31/20,2020," $297,311,909 "," $338,802,470 "," 671,099 ",87.8%, $-   
OR,Medicaid (region),Comprehensive MCO,All populations,,PacificSource Community Solutions (Gorge),1/1/20,12/31/20,2020," $64,619,680 "," $77,072,226 "," 159,577 ",85.5%, $-   
OR,Medicaid (region),Comprehensive MCO,All populations,,PacificSource Community Solutions (Lane),1/1/20,12/31/20,2020," $311,364,392 "," $358,565,381 "," 759,474 ",86.8%, $-   
OR,Medicaid (region),Comprehensive MCO,All populations,,PacificSource Community Solutions (Marion and Polk),1/1/20,12/31/20,2020," $498,548,054 "," $563,028,372 "," 1,314,215 ",88.5%, $-   
OR,Medicaid (region),Comprehensive MCO,All populations,,"Trillium Community Health Plan, Inc.",1/1/20,12/31/20,2020," $174,620,358 "," $218,630,912 "," 452,208 ",79.9%," $11,182,962 "
OR,Medicaid (region),Comprehensive MCO,Group VIII expansion adult only ,,"Trillium Community Health Plan, Inc.",1/1/20,12/31/20,2020," $80,964,441 "," $103,658,570 "," 197,722 ",79.6%," $5,590,514 "
OR,Medicaid (region),Comprehensive MCO,All populations,,Umpqua Health Alliance,1/1/20,12/31/20,2020," $147,644,383 "," $167,365,824 "," 358,286 ",89.3%, $-   
OR,Medicaid (region),Comprehensive MCO,All populations,,Yamhill Community Care,1/1/20,12/31/20,2020," $139,284,768 "," $160,419,797 "," 345,399 ",87.9%, $-   
OR,Medicaid,Dental Only,All Populations,,"Advantage Dental Services, LLC",1/1/21,12/31/21,2021," $6,106,441 "," $6,502,823 "," 282,213 ",93.9%,
OR,Medicaid,Dental Only,All Populations,,"Capitol Dental Care, Inc.",1/1/21,12/31/21,2021," $4,327,857 "," $4,755,054 "," 198,539 ",91.0%,
OR,Medicaid,Dental Only,All Populations,,Family Dental Care,1/1/21,12/31/21,2021," $912,534 "," $1,103,197 "," 14,857 ",82.7%,
OR,Medicaid,Dental Only,All Populations,,"Managed Dental Care of Oregon, Inc.",1/1/21,12/31/21,2021," $986,295 "," $1,086,782 "," 44,155 ",90.8%,
OR,Medicaid,Dental Only,All Populations,,Oregon Dental Service (ODS),1/1/21,12/31/21,2021," $996,654 "," $4,090,445 "," 117,581 ",24.4%,
OR,Medicaid (region),Comprehensive MCO,All Populations,,"Advanced Health, LLC",1/1/21,12/31/21,2021," $138,788,890 "," $153,353,649 "," 301,649 ",91.7%, $-   
OR,Medicaid (region),Comprehensive MCO,All Populations,,Allcare CCO,1/1/21,12/31/21,2021," $261,350,078 "," $297,550,393 "," 667,458 ",87.8%, $-   
OR,Medicaid (region),Comprehensive MCO,All Populations,,"Cascade Health Alliance, LLC",1/1/21,12/31/21,2021," $104,977,678 "," $122,485,723 "," 272,805 ",87.0%, $-   
OR,Medicaid (region),Comprehensive MCO,All Populations,,"Columbia-Pacific CCO, LLC",1/1/21,12/31/21,2021," $169,775,011 "," $207,816,183 "," 383,700 ",81.7%, $-   
OR,Medicaid (region),Comprehensive MCO,All Populations,,"Eastern Oregon Coordinated Care Org., LLC ",1/1/21,12/31/21,2021," $348,015,049 "," $401,333,445 "," 754,348 ",86.7%, $-   
OR,Medicaid (region),Comprehensive MCO,All Populations,,Health Share of Oregon,1/1/21,12/31/21,2021," $1,786,540,863 "," $2,131,486,389 "," 4,665,893 ",83.8%, $-   
OR,Medicaid (region),Comprehensive MCO,All Populations,,"InterCommunity Health Network, Inc.",1/1/21,12/31/21,2021," $389,962,326 "," $433,011,744 "," 853,673 ",90.1%, $-   
OR,Medicaid (region),Comprehensive MCO,All Populations,,"Jackson County CCO, LLC",1/1/21,12/31/21,2021," $312,191,256 "," $351,646,417 "," 689,754 ",88.8%, $-   
OR,Medicaid (region),Comprehensive MCO,All Populations,,PacificSource Community Solutions (Central),1/1/21,12/31/21,2021," $345,242,197 "," $404,790,947 "," 781,874 ",85.3%, $-   
OR,Medicaid (region),Comprehensive MCO,All Populations,,PacificSource Community Solutions (Gorge),1/1/21,12/31/21,2021," $75,229,813 "," $89,549,524 "," 179,474 ",85.6%, $-   
OR,Medicaid (region),Comprehensive MCO,All Populations,,PacificSource Community Solutions (Lane),1/1/21,12/31/21,2021," $402,095,760 "," $454,411,922 "," 921,485 ",88.5%, $-   
OR,Medicaid (region),Comprehensive MCO,All Populations,,PacificSource Community Solutions (Marion and Polk),1/1/21,12/31/21,2021," $589,865,073 "," $657,013,968 "," 1,484,683 ",89.8%, $-   
OR,Medicaid (region),Comprehensive MCO,All Populations,,"Trillium Community Health Plan, Inc. (Southwest)",1/1/21,12/31/21,2021," $162,709,186 "," $200,047,462 "," 431,387 ",81.3%, $-   
OR,Medicaid (region),Comprehensive MCO,All Populations,,"Trillium Community Health Plan, Inc. (Tri-County)",1/1/21,12/31/21,2021," $56,761,192 "," $75,602,025 "," 201,102 ",76.6%, $-   
OR,Medicaid (region),Comprehensive MCO,All Populations,,Umpqua Health Alliance,1/1/21,12/31/21,2021," $163,117,583 "," $190,042,597 "," 398,014 ",85.8%, $-   
OR,Medicaid (region),Comprehensive MCO,All Populations,,Yamhill Community Care,1/1/21,12/31/21,2021," $165,902,643 "," $187,265,133 "," 380,717 ",88.6%, $-   
OR,Dental care organization (DCO),Dental Only,All Populations,," Advantage Dental Services, LLC",1/1/22,12/31/22,2022," $6,717,192 "," $7,626,898 "," 309,168 ",88.1%,
OR,Dental care organization (DCO),Dental Only,All Populations,," Capitol Dental Care, Inc. ",1/1/22,12/31/22,2022," $4,960,017 "," $5,441,588 "," 213,555 ",91.2%,
OR,Dental care organization (DCO) ,Dental Only,All Populations,, Family Dental Care ,1/1/22,12/31/22,2022," $1,096,958 "," $1,309,468 "," 16,754 ",83.8%,
OR,Dental care organization (DCO) ,Dental Only,All Populations,," Managed Dental Care of Oregon, Inc.",1/1/22,12/31/22,2022," $1,175,134 "," $1,291,067 "," 49,623 ",91.0%,
OR,Dental care organization (DCO) ,Dental Only,All Populations,, Oregon Dental Service (ODS) ,1/1/22,12/31/22,2022," $1,095,668 "," $5,008,391 "," 195,908 ",21.9%,
OR,Oregon Health Plan,Comprehensive MCO,All Populations,,"Advanced Health, LLC",1/1/22,12/31/22,2022," $188,457,263 "," $196,899,271 "," 318,557 ",96.9%, $-   
OR,Oregon Health Plan,Comprehensive MCO,All Populations,,Allcare CCO,1/1/22,12/31/22,2022," $333,095,747 "," $369,690,785 "," 723,425 ",90.1%, $-   
OR,Oregon Health Plan,Comprehensive MCO,All Populations,,"Cascade Health Alliance, LLC",1/1/22,12/31/22,2022," $146,081,058 "," $161,278,418 "," 296,087 ",91.8%, $-   
OR,Oregon Health Plan,Comprehensive MCO,All Populations,,"Columbia-Pacific CCO, LLC ",1/1/22,12/31/22,2022," $243,809,742 "," $277,320,852 "," 407,153 ",87.9%, $-   
OR,Oregon Health Plan,Comprehensive MCO,All Populations,,"Eastern Oregon Coordinated Care Org., LLC ",1/1/22,12/31/22,2022," $8,883,396 "," $484,947,742 "," 825,682 ",92.3%, $-   
OR,Oregon Health Plan,Comprehensive MCO,All Populations,,Health Share of Oregon ,1/1/22,12/31/22,2022," $2,668,795,974 "," $2,827,955,594 "," 4,947,139 ",94.4%, $-   
OR,Oregon Health Plan,Comprehensive MCO,All Populations,,"InterCommunity Health Network, Inc.",1/1/22,12/31/22,2022," $507,561,678 "," $556,481,438 "," 933,704 ",91.3%, $-   
OR,Oregon Health Plan,Comprehensive MCO,All Populations,,"Jackson County CCO, LLC ",1/1/22,12/31/22,2022," $332,498,982 "," $384,580,825 "," 728,211 ",86.5%, $-   
OR,Oregon Health Plan,Comprehensive MCO,All Populations,,PacificSource Community Solutions (Central) ,1/1/22,12/31/22,2022," $448,373,207 "," $492,523,498 "," 855,930 ",91.0%, $-   
OR,Oregon Health Plan,Comprehensive MCO,All Populations,,PacificSource Community Solutions (Gorge) ,1/1/22,12/31/22,2022," $102,075,264 "," $113,904,872 "," 195,196 ",91.1%, $-   
OR,Oregon Health Plan,Comprehensive MCO,All Populations,,PacificSource Community Solutions (Lane) ,1/1/22,12/31/22,2022," $501,403,753 "," $555,021,302 "," 1,032,080 ",90.3%, $-   
OR,Oregon Health Plan,Comprehensive MCO,All Populations,,PacificSource Community Solutions (Marion Polk) ,1/1/22,12/31/22,2022," $748,253,093 "," $809,893,618 "," 1,631,404 ",92.4%, $-   
OR,Oregon Health Plan,Comprehensive MCO,All Populations,,"Trillium Community Health Plan, Inc. (Southwest) ",1/1/22,12/31/22,2022," $190,702,583 "," $227,247,808 "," 434,320 ",83.9%, $-   
OR,Oregon Health Plan,Comprehensive MCO,All Populations,,"Trillium Community Health Plan, Inc. (Tri-County) ",1/1/22,12/31/22,2022," $129,587,933 "," $153,122,430 "," 361,247 ",85.6%, $-   
OR,Oregon Health Plan,Comprehensive MCO,All Populations,,Umpqua Health Alliance ,1/1/22,12/31/22,2022," $213,434,602 "," $241,068,146 "," 430,398 ",88.5%, $-   
OR,Oregon Health Plan,Comprehensive MCO,All Populations,,Yamhill Community Care ,1/1/22,12/31/22,2022," $211,833,972 "," $236,446,165 "," 406,824 ",89.6%, $-   
PA,HealthChoices - Physical Health,Comprehensive MCO,All populations,,Gateway Health Plan,1/1/17,12/31/17,2017," $1,447,336,549 "," $1,603,425,596 "," 3,664,642 ",90.3%,  
PA,HealthChoices - Physical Health,Comprehensive MCO,All populations,,UPMC HealthChoices,1/1/17,12/31/17,2017," $1,984,960,593 "," $2,185,204,624 "," 4,982,964 ",90.8%,  
PA,Adult Community Autism Program,Other PIHP,"Other, specify","A maximum of 200 adults with autism spectrum disorder  in  Dauphin, Lancaster, Cumberland and Chester counties. (from https://www.dhs.pa.gov/Services/Disabilities-Aging/Pages/ACAP.aspx)",Keystone Autism Services,7/1/17,6/30/18,2018," $6,967,859 "," $10,889,185 "," 1,896 ",,  
PA,Behavioral Health HealthChoices,Behavioral health only,All populations,,Behavioral Health Services of Bedford and Somerset,7/1/17,6/30/18,2018," $23,698,065 "," $25,855,407 "," 290,502 ",92.9%,  
PA,Behavioral Health HealthChoices,Behavioral health only,All populations,,Berks County HealthChoices,7/1/17,6/30/18,2018," $94,157,331 "," $102,001,342 "," 1,064,934 ",92.3%,  
PA,Behavioral Health HealthChoices,Behavioral health only,All populations,,Blair County HealthChoices,7/1/17,6/30/18,2018," $36,530,843 "," $39,797,907 "," 357,600 ",92.9%,  
PA,Behavioral Health HealthChoices,Behavioral health only,All populations,,Cambria County HealthChoices,7/1/17,6/30/18,2018," $31,743,707 "," $34,982,827 "," 373,468 ",91.7%,  
PA,Behavioral Health HealthChoices,Behavioral health only,All populations,,Carbon-Monroe-Pike Joinder Board,7/1/17,6/30/18,2018," $54,241,337 "," $58,494,765 "," 691,434 ",92.7%,  
PA,Behavioral Health HealthChoices,Behavioral health only,All populations,,Cumberland County HealthChoices,7/1/17,6/30/18,2018," $31,630,248 "," $32,998,586 "," 355,157 ",97.0%,  
PA,Behavioral Health HealthChoices,Behavioral health only,All populations,,Dauphin County HealthChoices,7/1/17,6/30/18,2018," $68,462,126 "," $77,345,306 "," 748,024 ",88.5%,  
PA,Behavioral Health HealthChoices,Behavioral health only,All populations,,Erie County HealthChoices,7/1/17,6/30/18,2018," $82,344,513 "," $87,870,125 "," 844,452 ",93.7%,  
PA,Behavioral Health HealthChoices,Behavioral health only,All populations,,Lancaster County HealthChoices,7/1/17,6/30/18,2018," $92,545,483 "," $99,617,595 "," 1,016,793 ",92.9%,  
PA,Behavioral Health HealthChoices,Behavioral health only,All populations,,Lebanon County HealthChoices,7/1/17,6/30/18,2018," $32,097,418 "," $34,524,463 "," 306,809 ",94.2%,  
PA,Behavioral Health HealthChoices,Behavioral health only,All populations,,Lehigh County HealthChoices,7/1/17,6/30/18,2018," $75,721,622 "," $84,411,711 "," 972,320 ",89.7%,  
PA,Behavioral Health HealthChoices,Behavioral health only,All populations,,Lycoming-Clinton Joinder Board,7/1/17,6/30/18,2018," $32,500,397 "," $34,924,687 "," 391,279 ",93.1%,  
PA,Behavioral Health HealthChoices,Behavioral health only,All populations,,North Central State Option,7/1/17,6/30/18,2018," $233,083,544 "," $245,979,932 "," 2,457,921 ",94.8%,  
PA,Behavioral Health HealthChoices,Behavioral health only,All populations,,Northampton County HealthChoices,7/1/17,6/30/18,2018," $52,383,464 "," $57,445,801 "," 602,330 ",91.2%,  
PA,Behavioral Health HealthChoices,Behavioral health only,All populations,,Northeast Behavioral Health Care Consortium,7/1/17,6/30/18,2018," $132,071,909 "," $146,001,115 "," 1,716,602 ",90.5%,  
PA,Behavioral Health HealthChoices,Behavioral health only,All populations,,Northwest Behavioral Health Partnership,7/1/17,6/30/18,2018," $60,924,314 "," $64,146,236 "," 663,637 ",95.0%,  
PA,Behavioral Health HealthChoices,Behavioral health only,All populations,,Perry County HealthChoices,7/1/17,6/30/18,2018," $6,305,433 "," $7,211,200 "," 83,179 ",89.6%,  
PA,Behavioral Health HealthChoices,Behavioral health only,All populations,,Tuscarora Managed Care Alliance,7/1/17,6/30/18,2018," $25,439,418 "," $28,541,216 "," 340,712 ",90.2%,  
PA,Behavioral Health HealthChoices,Behavioral health only,All populations,,York/Adams County HealthChoices,7/1/17,6/30/18,2018," $88,368,245 "," $95,152,247 "," 1,121,725 ",92.9%,  
PA,Behavioral Health HealthChoices,Behavioral health only,All populations,,Allegheny County,1/1/18,12/31/18,2018," $289,141,963 "," $322,699,037 "," 2,662,832 ",89.6%,  
PA,Behavioral Health HealthChoices,Behavioral health only,All populations,,Beaver County,1/1/18,12/31/18,2018," $35,415,411 "," $39,664,857 "," 394,163 ",89.3%,  
PA,Behavioral Health HealthChoices,Behavioral health only,All populations,,Bucks County,1/1/18,12/31/18,2018," $99,131,826 "," $110,843,878 "," 873,883 ",89.4%,  
PA,Behavioral Health HealthChoices,Behavioral health only,All populations,,Chester County,1/1/18,12/31/18,2018," $67,044,370 "," $72,079,759 "," 602,618 ",93.0%,  
PA,Behavioral Health HealthChoices,Behavioral health only,All populations,,Delaware County,1/1/18,12/31/18,2018," $110,132,706 "," $124,802,788 "," 1,285,885 ",88.2%,  
PA,Behavioral Health HealthChoices,Behavioral health only,All populations,,Fayette County,1/1/18,12/31/18,2018," $31,550,920 "," $34,420,099 "," 467,776 ",91.7%,  
PA,Behavioral Health HealthChoices,Behavioral health only,All populations,,Greene County,1/1/18,12/31/18,2018," $8,788,105 "," $10,116,627 "," 109,538 ",88.8%,  
PA,Behavioral Health HealthChoices,Behavioral health only,All populations,,Montgomery County,1/1/18,12/31/18,2018," $129,729,898 "," $140,187,141 "," 1,166,785 ",92.5%,  
PA,Behavioral Health HealthChoices,Behavioral health only,All populations,,Philadelphia County,1/1/18,12/31/18,2018," $763,987,439 "," $835,605,568 "," 7,364,690 ",91.4%,  
PA,Behavioral Health HealthChoices,Behavioral health only,All populations,,Southwest Behavioral Health Management MCE,1/1/18,12/31/18,2018," $195,436,170 "," $219,263,780 "," 2,104,761 ",89.1%,  
PA,Community HealthChoices,Comprehensive MCO + MLTSS,All populations,,Amerihealth Caritas,1/1/18,12/31/18,2018," $312,031,051 "," $317,500,106 "," 182,258 ",99.9%,  
PA,Community HealthChoices,Comprehensive MCO + MLTSS,All populations,,Pennsylvania Health & Wellness,1/1/18,12/31/18,2018," $454,623,333 "," $471,131,983 "," 261,474 ",97.8%,  
PA,Community HealthChoices,Comprehensive MCO + MLTSS,All populations,,UPMC Community HealthChoices,1/1/18,12/31/18,2018," $745,546,833 "," $752,738,362 "," 512,413 ",99.0%,  
PA,HealthChoices - Physical Health,Comprehensive MCO,All populations,,Aetna Better Health,1/1/18,12/31/18,2018," $804,616,735 "," $940,070,526 "," 2,443,262 ",85.6%, $-   
PA,HealthChoices - Physical Health,Comprehensive MCO,All populations,,Gateway Health Plan,1/1/18,12/31/18,2018," $1,454,322,669 "," $1,623,543,967 "," 3,536,479 ",89.6%, $-   
PA,HealthChoices - Physical Health,Comprehensive MCO,All populations,,Geisinger Health Plan,1/1/18,12/31/18,2018," $859,783,888 "," $912,947,515 "," 2,229,567 ",94.2%, $-   
PA,HealthChoices - Physical Health,Comprehensive MCO,All populations,,Health Partners Plans,1/1/18,12/31/18,2018," $1,370,539,295 "," $1,557,507,101 "," 2,978,133 ",88.0%, $-   
PA,HealthChoices - Physical Health,Comprehensive MCO,All populations,,UnitedHealthcare of Pennsylvania,1/1/18,12/31/18,2018," $994,802,732 "," $1,121,786,760 "," 2,704,185 ",88.7%, $-   
PA,HealthChoices - Physical Health,Comprehensive MCO,All populations,,UPMC HealthChoices,1/1/18,12/31/18,2018," $2,068,440,844 "," $2,293,891,783 "," 5,045,477 ",90.2%, $-   
PA,HealthChoices - Physical Health,Comprehensive MCO,All populations,,"Vista Health Plan, Inc.",1/1/18,12/31/18,2018," $3,913,580,546 "," $4,329,251,691 "," 8,612,126 ",90.4%, $-   
PA,Adult Community Autism Program ,Other PIHP,"Other, specify","A maximum of 200 adults with autism spectrum disorder  in  Dauphin, Lancaster, Cumberland and Chester counties. (from https://www.dhs.pa.gov/Services/Disabilities-Aging/Pages/ACAP.aspx)",Keystone Autism Services,7/1/18,6/30/19,2019," $7,982,494 "," $11,660,051 "," 1,938 ",,  
PA,Behavioral Health HealthChoices,Behavioral health only,All populations,,Behavioral Health Alliance of Rural Pennsylvania,7/1/18,6/30/19,2019," $249,288,120 "," $259,453,658 "," 2,502,379 ",96.1%,  
PA,Behavioral Health HealthChoices,Behavioral health only,All populations,,Behavioral Health Services of Somerset and Beford Counties,7/1/18,6/30/19,2019," $23,197,291 "," $26,174,213 "," 287,301 ",89.8%,  
PA,Behavioral Health HealthChoices,Behavioral health only,All populations,,Berks County HealthChoices,7/1/18,6/30/19,2019," $95,786,013 "," $104,987,330 "," 1,063,785 ",91.2%,  
PA,Behavioral Health HealthChoices,Behavioral health only,All populations,,Blair County HealthChoices,7/1/18,6/30/19,2019," $36,921,613 "," $39,632,295 "," 358,006 ",94.3%,  
PA,Behavioral Health HealthChoices,Behavioral health only,All populations,,Cambria County HealthChoices,7/1/18,6/30/19,2019," $29,076,417 "," $33,723,582 "," 373,468 ",87.2%,  
PA,Behavioral Health HealthChoices,Behavioral health only,All populations,,Capital Area Behavioral Health Collaborative,7/1/18,6/30/19,2019," $239,060,140 "," $251,981,924 "," 2,496,832 ",94.9%,  
PA,Behavioral Health HealthChoices,Behavioral health only,All populations,,Carbon-Monroe-Pike Joinder Board,7/1/18,6/30/19,2019," $57,033,297 "," $61,030,595 "," 690,495 ",93.5%,  
PA,Behavioral Health HealthChoices,Behavioral health only,All populations,,Erie County HealthChoices,7/1/18,6/30/19,2019," $83,456,092 "," $91,058,532 "," 826,336 ",91.7%,  
PA,Behavioral Health HealthChoices,Behavioral health only,All populations,,Lehigh County HealthChoices,7/1/18,6/30/19,2019," $75,408,863 "," $85,267,872 "," 979,620 ",88.4%,  
PA,Behavioral Health HealthChoices,Behavioral health only,All populations,,Lycoming-Clinton Joinder Board,7/1/18,6/30/19,2019," $31,872,787 "," $35,148,908 "," 382,453 ",90.7%,  
PA,Behavioral Health HealthChoices,Behavioral health only,All populations,,Northampton County HealthChoices,7/1/18,6/30/19,2019," $55,086,816 "," $56,951,174 "," 595,326 ",96.7%,  
PA,Behavioral Health HealthChoices,Behavioral health only,All populations,,Northeast Behavioral Health Care Consortium,7/1/18,6/30/19,2019," $136,136,729 "," $146,607,029 "," 1,716,581 ",92.9%,  
PA,Behavioral Health HealthChoices,Behavioral health only,All populations,,Northwest Behavioral Health Partnership,7/1/18,6/30/19,2019," $61,841,103 "," $66,989,884 "," 644,608 ",92.3%,  
PA,Behavioral Health HealthChoices,Behavioral health only,All populations,,Tuscarora Managed Care Alliance,7/1/18,6/30/19,2019," $24,735,631 "," $28,165,937 "," 336,292 ",88.9%,  
PA,Behavioral Health HealthChoices,Behavioral health only,All populations,,York/Adams County HealthChoices,7/1/18,6/30/19,2019," $91,211,238 "," $99,981,092 "," 1,108,948 ",91.2%,  
PA,Behavioral Health HealthChoices,Behavioral health only,All populations,,Allegheny County,1/1/19,12/31/19,2019," $297,671,031 "," $325,510,644 "," 2,647,434 ",91.5%,  
PA,Behavioral Health HealthChoices,Behavioral health only,All populations,,Beaver County,1/1/19,12/31/19,2019," $34,536,899 "," $39,588,438 "," 388,905 ",87.2%,  
PA,Behavioral Health HealthChoices,Behavioral health only,All populations,,Bucks County,1/1/19,12/31/19,2019," $99,891,614 "," $114,589,174 "," 917,352 ",87.2%,  
PA,Behavioral Health HealthChoices,Behavioral health only,All populations,,Chester County,1/1/19,12/31/19,2019," $67,811,175 "," $75,785,890 "," 617,800 ",89.5%,  
PA,Behavioral Health HealthChoices,Behavioral health only,All populations,,Delaware County,1/1/19,12/31/19,2019," $109,614,579 "," $126,692,725 "," 1,318,623 ",86.5%,  
PA,Behavioral Health HealthChoices,Behavioral health only,All populations,,Fayette County,1/1/19,12/31/19,2019," $32,061,759 "," $34,577,395 "," 456,445 ",92.7%,  
PA,Behavioral Health HealthChoices,Behavioral health only,All populations,,Montgomery County,1/1/19,12/31/19,2019," $135,198,606 "," $146,441,387 "," 1,208,798 ",92.3%,  
PA,Behavioral Health HealthChoices,Behavioral health only,All populations,,Philadelphia County,1/1/19,12/31/19,2019," $796,985,170 "," $856,586,914 "," 7,520,897 ",93.0%,  
PA,Behavioral Health HealthChoices,Behavioral health only,All populations,,Southwest Behavioral Health Management MCE,1/1/19,12/31/19,2019," $207,897,158 "," $226,471,845 "," 2,071,363 ",91.8%,  
PA,Community HealthChoices,Comprehensive MCO + MLTSS,All populations,,AmeriHealth Caritas,1/1/19,12/31/19,2019," $3,126,077,885 "," $3,098,523,663 "," 1,079,445 ",100.9%, $-   
PA,Community HealthChoices,Comprehensive MCO + MLTSS,All populations,,Pennsylvania Health & Wellness,1/1/19,12/31/19,2019," $1,508,243,767 "," $1,542,170,210 "," 618,832 ",97.8%, $-   
PA,Community HealthChoices,Comprehensive MCO + MLTSS,All populations,,UPMC Community HealthChoices,1/1/19,12/31/19,2019," $1,600,259,308 "," $1,635,572,100 "," 860,418 ",97.8%, $-   
PA,HealthChoices - Physical Health,Comprehensive MCO,All populations,,Aetna Better Health,1/1/19,12/31/19,2019," $894,380,894 "," $970,811,111 "," 2,410,023 ",92.1%, $-   
PA,HealthChoices - Physical Health,Comprehensive MCO,All populations,,Gateway Health Plan,1/1/19,12/31/19,2019," $1,514,975,766 "," $1,641,383,107 "," 3,363,450 ",92.3%, $-   
PA,HealthChoices - Physical Health,Comprehensive MCO,All populations,,Geisinger Health Plan,1/1/19,12/31/19,2019," $950,560,957 "," $986,175,790 "," 2,172,781 ",96.4%, $-   
PA,HealthChoices - Physical Health,Comprehensive MCO,All populations,,Health Partners Plans,1/1/19,12/31/19,2019," $1,241,832,932 "," $1,405,650,692 "," 2,796,393 ",88.3%, $-   
PA,HealthChoices - Physical Health,Comprehensive MCO,All populations,,UnitedHealthcare of Pennsylvania,1/1/19,12/31/19,2019," $1,048,738,417 "," $1,154,859,371 "," 2,639,673 ",90.8%, $-   
PA,HealthChoices - Physical Health,Comprehensive MCO,All populations,,UPMC HealthChoices,1/1/19,12/31/19,2019," $2,222,413,740 "," $2,371,831,872 "," 5,022,064 ",93.7%, $-   
PA,HealthChoices - Physical Health,Comprehensive MCO,All populations,,"Vista Health Plan, Inc.",1/1/19,12/31/19,2019," $3,947,724,627 "," $4,287,678,807 "," 8,495,792 ",92.1%, $-   
PA,​Adult Community Autism Program,Other PAHP,MH/SUD,,Keystone Autism Services,7/1/19,6/30/20,2020," $8,828,662 "," $12,627,977 "," 2,154 ",,  
PA,HealthChoices,Behavioral health only,All populations,,Behavioral Health Alliance of Rural Pennsylvania,7/1/19,6/30/20,2020," $251,061,688 "," $277,436,857 "," 2,552,287 ",90.5%,  
PA,HealthChoices,Behavioral health only,All populations,,Berks County,7/1/19,6/30/20,2020," $97,231,934 "," $104,439,515 "," 1,065,013 ",93.1%,  
PA,HealthChoices,Behavioral health only,All populations,,BHSSBC,7/1/19,6/30/20,2020," $23,465,025 "," $27,271,978 "," 284,976 ",87.3%,  
PA,HealthChoices,Behavioral health only,All populations,,Cambria County,7/1/19,6/30/20,2020," $32,066,397 "," $34,993,427 "," 370,748 ",92.6%,  
PA,HealthChoices,Behavioral health only,All populations,,Capital Area Behavioral Health Collaborative,7/1/19,6/30/20,2020," $253,912,506 "," $286,865,070 "," 2,568,815 ",88.5%,  
PA,HealthChoices,Behavioral health only,All populations,,Carbon/Monroe/Pike MCE,7/1/19,6/30/20,2020," $59,263,700 "," $67,369,207 "," 696,487 ",88.0%,  
PA,HealthChoices,Behavioral health only,All populations,,"Central PA Behavioral Health Collaborative, Inc.",7/1/19,6/30/20,2020," $37,876,134 "," $42,103,619 "," 354,647 ",91.1%,  
PA,HealthChoices,Behavioral health only,All populations,,Erie County,7/1/19,6/30/20,2020," $84,778,603 "," $95,418,687 "," 834,004 ",88.8%,  
PA,HealthChoices,Behavioral health only,All populations,,Lehigh County,7/1/19,6/30/20,2020," $79,508,137 "," $89,062,473 "," 1,003,661 ",89.3%,  
PA,HealthChoices,Behavioral health only,All populations,,Lycoming/Clinton Joinder,7/1/19,6/30/20,2020," $33,594,948 "," $37,146,715 "," 387,431 ",90.4%,  
PA,HealthChoices,Behavioral health only,All populations,,Northampton County,7/1/19,6/30/20,2020," $54,949,020 "," $64,529,737 "," 602,801 ",85.2%,  
PA,HealthChoices,Behavioral health only,All populations,,"Northeast Behavioral Health Care Consortium, Inc.",7/1/19,6/30/20,2020," $148,669,310 "," $162,310,425 "," 1,765,692 ",91.6%,  
PA,HealthChoices,Behavioral health only,All populations,,"Northwest Behavioral Health Partnership, Inc.",7/1/19,6/30/20,2020," $63,255,931 "," $72,126,752 "," 648,513 ",87.7%,  
PA,HealthChoices,Behavioral health only,All populations,,Tuscarora Managed Care Alliance,7/1/19,6/30/20,2020," $27,722,287 "," $30,990,935 "," 345,314 ",90.6%,  
PA,HealthChoices,Behavioral health only,All populations,,York/Adams HealthChoices Joinder,7/1/19,6/30/20,2020," $95,042,870 "," $104,765,332 "," 1,123,314 ",90.7%,  
PA,CHC,Comprehensive MCO + MLTSS,MLTSS Only,,Pennsylvania Health and Wellness,1/1/20,12/31/20,2020," $2,576,331,030 "," $2,689,248,271 "," 1,087,173 ",95.8%, $-   
PA,CHC,Comprehensive MCO + MLTSS,MLTSS Only,,UPMC Community HealthChoices,1/1/20,12/31/20,2020," $2,674,228,957 "," $2,897,325,248 "," 1,504,697 ",92.3%, $-   
PA,Community HealthChoices,Comprehensive MCO + MLTSS,MLTSS Only,,AmeriHealth Caritas,1/1/20,12/31/20,2020," $4,522,188,170 "," $4,711,795,781 "," 1,828,719 ",96.0%,  
PA,HealthChoices ,Comprehensive MCO,Group VIII expansion adult only ,,Aetna Better Health,1/1/20,12/31/20,2020," $373,582,055 "," $424,388,579 "," 1,064,527 ",88.0%, $-   
PA,HealthChoices ,Comprehensive MCO,"Other, specify",All other members,Aetna Better Health,1/1/20,12/31/20,2020," $577,441,509 "," $654,273,926 "," 1,597,006 ",88.3%, $-   
PA,HealthChoices ,Comprehensive MCO,Group VIII expansion adult only ,,Gateway Health Plan,1/1/20,12/31/20,2020," $461,632,983 "," $489,265,386 "," 977,495 ",94.4%, $-   
PA,HealthChoices ,Comprehensive MCO,"Other, specify",All other members,Gateway Health Plan,1/1/20,12/31/20,2020," $1,066,281,776 "," $1,222,512,904 "," 2,450,172 ",87.2%, $-   
PA,HealthChoices ,Comprehensive MCO,Group VIII expansion adult only ,,Geisigner Health Plan,1/1/20,12/31/20,2020," $356,592,386 "," $363,578,785 "," 753,231 ",98.1%, $-   
PA,HealthChoices ,Comprehensive MCO,"Other, specify",All other members,Geisigner Health Plan,1/1/20,12/31/20,2020," $654,483,600 "," $716,084,113 "," 1,546,223 ",91.4%, $-   
PA,HealthChoices ,Comprehensive MCO,Group VIII expansion adult only ,,Health Partners Plans,1/1/20,12/31/20,2020," $434,859,750 "," $491,541,122 "," 999,153 ",88.5%, $-   
PA,HealthChoices ,Comprehensive MCO,"Other, specify",All other members,Health Partners Plans,1/1/20,12/31/20,2020," $804,427,996 "," $924,815,653 "," 1,864,860 ",87.0%, $-   
PA,HealthChoices ,Comprehensive MCO,Group VIII expansion adult only ,,"UnitedHealthcare of Pennsylvania, Inc.",1/1/20,12/31/20,2020," $426,814,471 "," $433,765,124 "," 1,020,908 ",98.4%, $-   
PA,HealthChoices ,Comprehensive MCO,"Other, specify",All other members,"UnitedHealthcare of Pennsylvania, Inc.",1/1/20,12/31/20,2020," $702,153,201 "," $808,274,632 "," 1,794,084 ",86.9%, $-   
PA,HealthChoices ,Comprehensive MCO,Group VIII expansion adult only ,,UPMC HealthChoices,1/1/20,12/31/20,2020," $833,360,995 "," $864,456,664 "," 1,810,349 ",96.4%, $-   
PA,HealthChoices ,Comprehensive MCO,"Other, specify",All other members,UPMC HealthChoices,1/1/20,12/31/20,2020," $1,503,672,309 "," $1,735,356,720 "," 3,569,193 ",86.6%, $-   
PA,HealthChoices ,Comprehensive MCO,Group VIII expansion adult only ,,"Vista Health Plan, Inc.",1/1/20,12/31/20,2020," $1,261,408,526 "," $1,381,595,420 "," 2,773,115 ",91.3%, $-   
PA,HealthChoices ,Comprehensive MCO,"Other, specify",All other members,"Vista Health Plan, Inc.",1/1/20,12/31/20,2020," $2,609,206,748 "," $3,043,534,577 "," 6,149,773 ",85.7%, $-   
PA,HealthChoices BH,Behavioral health only,All populations,,"Allegheny HealthChoices, Inc.",1/1/20,12/31/20,2020," $317,549,000 "," $353,540,616 "," 2,775,119 ",89.8%,  
PA,HealthChoices BH,Behavioral health only,All populations,,Beaver County HealthChoices,1/1/20,12/31/20,2020," $34,849,294 "," $40,590,730 "," 406,455 ",85.9%,  
PA,HealthChoices BH,Behavioral health only,All populations,,Bucks County,1/1/20,12/31/20,2020," $103,596,698 "," $119,778,240 "," 979,531 ",86.5%,  
PA,HealthChoices BH,Behavioral health only,All populations,,Chester County,1/1/20,12/31/20,2020," $71,285,957 "," $84,009,823 "," 669,534 ",84.9%,  
PA,HealthChoices BH,Behavioral health only,All populations,,Community Behavioral Health,1/1/20,12/31/20,2020," $818,302,634 "," $902,944,743 "," 7,768,998 ",90.6%,  
PA,HealthChoices BH,Behavioral health only,All populations,,County of Delaware DHS,1/1/20,12/31/20,2020," $114,267,165 "," $128,755,501 "," 1,409,022 ",88.7%,  
PA,HealthChoices BH,Behavioral health only,All populations,,Fayette County Behavioral Health Administration,1/1/20,12/31/20,2020," $33,070,477 "," $37,506,241 "," 474,215 ",88.2%,  
PA,HealthChoices BH,Behavioral health only,All populations,,Montgomery County,1/1/20,12/31/20,2020," $138,566,718 "," $161,280,228 "," 1,274,056 ",85.9%,  
PA,HealthChoices BH,Behavioral health only,All populations,,Southwest Behavioral Health Management,1/1/20,12/31/20,2020," $210,707,569 "," $244,019,492 "," 2,172,375 ",86.3%,  
PA,ACAP,Other PIHP,All Populations,,Keystone Autism Services,7/1/20,6/30/21,2021," $7,865,194 "," $11,210,113 "," 2,189 ",70.2%,
PA,CHC,Comprehensive MCO + MLTSS,All Populations,,AmeriHealth Caritas,1/1/21,12/31/21,2021," $4,954,171,920 "," $5,411,288,477 "," 1,978,823 ",91.6%, $-   
PA,CHC,Comprehensive MCO + MLTSS,All Populations,,Pennsylvania Health and Wellness,1/1/21,12/31/21,2021," $2,293,261,742 "," $2,567,969,271 "," 1,067,916 ",89.3%, $-   
PA,CHC,Comprehensive MCO + MLTSS,All Populations,,UPMC Community HeatlhChoices,1/1/21,12/31/21,2021," $2,805,620,051 "," $3,220,237,256 "," 1,578,986 ",87.1%, $-   
PA,HealthChoices,Behavioral Health Only,All Populations,,"Allegheny HealthChoices, Inc.",1/1/21,12/31/21,2021," $378,654,381 "," $421,165,396 "," 3,089,753 ",89.9%,
PA,HealthChoices,Behavioral Health Only,All Populations,,Beaver County HealthChoices,1/1/21,12/31/21,2021," $40,646,360 "," $47,507,662 "," 452,088 ",85.6%,
PA,HealthChoices,Behavioral Health Only,All Populations,,Behavioral Health Alliance of Rural Pennsylvania,1/1/21,12/31/21,2021," $299,548,982 "," $346,510,017 "," 3,028,090 ",86.4%,
PA,HealthChoices,Behavioral Health Only,All Populations,,Berks County,1/1/21,12/31/21,2021," $119,530,876 "," $133,433,173 "," 1,293,005 ",89.6%,
PA,HealthChoices,Behavioral Health Only,All Populations,,BHSSBC,1/1/21,12/31/21,2021," $30,223,670 "," $33,625,095 "," 330,366 ",91.0%,
PA,HealthChoices,Behavioral Health Only,All Populations,,Bucks County,1/1/21,12/31/21,2021," $124,886,397 "," $140,707,578 "," 1,113,590 ",88.8%,
PA,HealthChoices,Behavioral Health Only,All Populations,,Cambria County,1/1/21,12/31/21,2021," $36,453,125 "," $43,045,588 "," 422,476 ",84.7%,
PA,HealthChoices,Behavioral Health Only,All Populations,,Capital Area Behavioral Health Collaborative,1/1/21,12/31/21,2021," $304,232,377 "," $360,205,577 "," 3,204,046 ",84.5%,
PA,HealthChoices,Behavioral Health Only,All Populations,,Carbon/Monroe/Pike MCE,1/1/21,12/31/21,2021," $78,549,026 "," $86,992,273 "," 838,481 ",90.3%,
PA,HealthChoices,Behavioral Health Only,All Populations,,"Central PA Behavioral Health Collaborative, Inc.",1/1/21,12/31/21,2021," $45,222,072 "," $52,717,501 "," 403,500 ",85.8%,
PA,HealthChoices,Behavioral Health Only,All Populations,,Chester County,1/1/21,12/31/21,2021," $80,799,518 "," $98,767,281 "," 767,137 ",81.8%,
PA,HealthChoices,Behavioral Health Only,All Populations,,Community Behavioral Health,1/1/21,12/31/21,2021," $887,486,416 "," $991,791,461 "," 8,445,860 ",89.5%,
PA,HealthChoices,Behavioral Health Only,All Populations,,County of Delaware DHS,1/1/21,12/31/21,2021," $128,577,743 "," $149,178,200 "," 1,606,756 ",86.2%,
PA,HealthChoices,Behavioral Health Only,All Populations,,Erie County,1/1/21,12/31/21,2021," $102,163,260 "," $115,148,616 "," 962,545 ",88.7%,
PA,HealthChoices,Behavioral Health Only,All Populations,,Fayette County Behavioral Health Administration,1/1/21,12/31/21,2021," $38,497,408 "," $44,382,710 "," 517,215 ",86.7%,
PA,HealthChoices,Behavioral Health Only,All Populations,,Lehigh County,1/1/21,12/31/21,2021," $94,001,901 "," $107,745,445 "," 1,222,481 ",87.2%,
PA,HealthChoices,Behavioral Health Only,All Populations,,Lycoming/Clinton Joinder,1/1/21,12/31/21,2021," $42,704,670 "," $48,708,613 "," 455,348 ",87.7%,
PA,HealthChoices,Behavioral Health Only,All Populations,,Montgomery County,1/1/21,12/31/21,2021," $159,577,640 "," $181,334,248 "," 1,459,587 ",88.0%,
PA,HealthChoices,Behavioral Health Only,All Populations,,Northampton County,1/1/21,12/31/21,2021," $66,841,634 "," $75,259,512 "," 727,576 ",88.8%,
PA,HealthChoices,Behavioral Health Only,All Populations,,"Northeast Behavioral Health Care Consortium, Inc.",1/1/21,12/31/21,2021," $196,004,767 "," $216,038,597 "," 2,114,837 ",90.7%,
PA,HealthChoices,Behavioral Health Only,All Populations,,"Northwest Behavioral Health Partnership, Inc.",1/1/21,12/31/21,2021," $75,609,407 "," $90,814,831 "," 755,764 ",83.3%,
PA,HealthChoices,Behavioral Health Only,All Populations,,Southwest Behavioral Health Management,1/1/21,12/31/21,2021," $237,429,754 "," $294,787,242 "," 2,419,714 ",80.5%,
PA,HealthChoices,Behavioral Health Only,All Populations,,Tuscarora Managed Care Alliance,1/1/21,12/31/21,2021," $30,667,461 "," $37,929,421 "," 421,116 ",80.9%,
PA,HealthChoices,Behavioral Health Only,All Populations,,York/Adams HealthChoices Joinder,1/1/21,12/31/21,2021," $121,175,427 "," $138,271,803 "," 1,375,023 ",87.6%,
PA,HealthChoices ,Comprehensive MCO,Group VIII Expansion Adult Only ,,Aetna Better Health,1/1/21,12/31/21,2021," $502,442,282 "," $588,870,897 "," 1,373,518 ",85.3%, $-   
PA,HealthChoices ,Comprehensive MCO,"Other, specify",All Other Non-Expansion,Aetna Better Health,1/1/21,12/31/21,2021," $669,716,555 "," $739,761,280 "," 1,800,197 ",90.5%, $-   
PA,HealthChoices ,Comprehensive MCO,Group VIII Expansion Adult Only ,,Gateway Health Plan,1/1/21,12/31/21,2021," $563,090,661 "," $615,282,577 "," 1,193,605 ",91.5%, $-   
PA,HealthChoices ,Comprehensive MCO,"Other, specify",All Other Non-Expansion,Gateway Health Plan,1/1/21,12/31/21,2021," $1,114,746,286 "," $1,231,232,352 "," 2,561,857 ",90.5%, $-   
PA,HealthChoices ,Comprehensive MCO,Group VIII Expansion Adult Only ,,Geisinger Health Plan,1/1/21,12/31/21,2021," $458,134,697 "," $469,376,953 "," 928,746 ",97.6%, $-   
PA,HealthChoices ,Comprehensive MCO,"Other, specify",All Other Non-Expansion,Geisinger Health Plan,1/1/21,12/31/21,2021," $707,671,993 "," $750,637,125 "," 1,674,381 ",94.3%, $-   
PA,HealthChoices ,Comprehensive MCO,Group VIII Expansion Adult Only ,,Health Partners Plans,1/1/21,12/31/21,2021," $525,334,489 "," $594,343,546 "," 1,185,356 ",88.4%, $-   
PA,HealthChoices ,Comprehensive MCO,"Other, specify",All Other Non-Expansion,Health Partners Plans,1/1/21,12/31/21,2021," $836,946,247 "," $943,649,385 "," 1,968,320 ",88.7%, $-   
PA,HealthChoices ,Comprehensive MCO,Group VIII Expansion Adult Only ,,"UnitedHealthcare of Pennsylvania, Inc.",1/1/21,12/31/21,2021," $528,400,611 "," $560,479,615 "," 1,282,515 ",94.3%, $-   
PA,HealthChoices ,Comprehensive MCO,"Other, specify",All Other Non-Expansion,"UnitedHealthcare of Pennsylvania, Inc.",1/1/21,12/31/21,2021," $776,167,763 "," $858,524,338 "," 1,962,573 ",90.4%, $-   
PA,HealthChoices ,Comprehensive MCO,Group VIII Expansion Adult Only ,,UPMC HealthChoices,1/1/21,12/31/21,2021," $1,059,621,220 "," $1,143,009,902 "," 2,247,605 ",92.7%, $-   
PA,HealthChoices ,Comprehensive MCO,"Other, specify",All Other Non-Expansion,UPMC HealthChoices,1/1/21,12/31/21,2021," $1,670,256,879 "," $1,834,963,579 "," 3,913,578 ",91.0%, $-   
PA,HealthChoices ,Comprehensive MCO,Group VIII Expansion Adult Only ,,"Vista Health Plan, Inc.",1/1/21,12/31/21,2021," $1,610,647,207 "," $1,737,589,308 "," 3,401,986 ",92.7%, $-   
PA,HealthChoices ,Comprehensive MCO,"Other, specify",All Other Non-Expansion,"Vista Health Plan, Inc.",1/1/21,12/31/21,2021," $2,816,045,610 "," $3,184,740,947 "," 6,677,644 ",88.4%, $-   
PA,ACAP,PIHP,All Populations,,Keystone Autism Services,7/1/21,6/30/22,2022," $8,539,029 "," $12,036,526 "," 2,167 ",70.9%,
PA,Behavioral Health,Behavioral Health Only,All Populations,,Delaware County,1/1/22,12/31/22,2022," $141,886,940 "," $169,160,201 "," 1,738,812 ",83.9%,
PA,Community HealthChoices (CHC),Comprehensive MCO + MLTSS,All Populations,,Amerihealth Caritas,1/1/22,12/31/22,2022," $6,102,200,541 "," $6,315,198,410 "," 2,108,563 ",96.6%, $-   
PA,Community HealthChoices (CHC),Comprehensive MCO + MLTSS,All Populations,,Pennsylvania Health and Wellness (PHW),1/1/22,12/31/22,2022," $2,343,059,742 "," $2,585,405,345 "," 1,061,730 ",90.6%, $-   
PA,Community HealthChoices (CHC),Comprehensive MCO + MLTSS,All Populations,,UPMC,1/1/22,12/31/22,2022," $3,227,483,661 "," $3,515,882,062 "," 1,634,692 ",91.8%, $-   
PA,HealthChoices,Behavioral Health Only,All Populations,,Allegheny County,1/1/22,12/31/22,2022," $387,256,088 "," $445,772,419 "," 3,284,667 ",86.9%,
PA,HealthChoices,Behavioral Health Only,All Populations,,Beaver County,1/1/22,12/31/22,2022," $42,911,372 "," $50,070,120 "," 480,728 ",85.7%,
PA,HealthChoices,Behavioral Health Only,All Populations,,Bedford/Somerset Multi-County Entity / BHSSBC,1/1/22,12/31/22,2022," $31,895,427 "," $35,836,830 "," 352,110 ",90.1%,
PA,HealthChoices,Behavioral Health Only,All Populations,,Behavioral Health Alliance of Rural Pennsylvania,1/1/22,12/31/22,2022," $335,130,347 "," $376,923,516 "," 3,239,405 ",88.9%,
PA,HealthChoices,Behavioral Health Only,All Populations,,Berks County,1/1/22,12/31/22,2022," $130,954,363 "," $148,000,400 "," 1,381,408 ",88.5%,
PA,HealthChoices,Behavioral Health Only,All Populations,,Blair County / Central PA Behavioral Health,1/1/22,12/31/22,2022," $47,628,414 "," $55,423,417 "," 428,484 ",85.9%,
PA,HealthChoices,Behavioral Health Only,All Populations,,Bucks County,1/1/22,12/31/22,2022," $125,676,071 "," $154,408,676 "," 1,202,821 ",81.4%,
PA,HealthChoices,Behavioral Health Only,All Populations,,Cambria County,1/1/22,12/31/22,2022," $39,317,541 "," $46,008,630 "," 448,883 ",85.5%,
PA,HealthChoices,Behavioral Health Only,All Populations,,Capital Area Behavioral Health Collaborative,1/1/22,12/31/22,2022," $300,148,269 "," $368,951,110 "," 3,491,896 ",81.4%,
PA,HealthChoices,Behavioral Health Only,All Populations,,Carbon/Monroe/Pike Multi-County Entity,1/1/22,12/31/22,2022," $89,100,295 "," $93,335,443 "," 896,239 ",95.5%,
PA,HealthChoices,Behavioral Health Only,All Populations,,Chester County,1/1/22,12/31/22,2022," $94,298,129 "," $109,118,595 "," 831,154 ",86.4%,
PA,HealthChoices,Behavioral Health Only,All Populations,,Crawford/Mercer/Venango Multi-County Entity / Northwest Behavioral Health Partnership,1/1/22,12/31/22,2022," $82,054,624 "," $99,877,431 "," 801,592 ",82.2%,
PA,HealthChoices,Behavioral Health Only,All Populations,,Erie County,1/1/22,12/31/22,2022," $105,995,639 "," $119,391,812 "," 1,021,445 ",88.8%,
PA,HealthChoices,Behavioral Health Only,All Populations,,Fayette County,1/1/22,12/31/22,2022," $41,417,137 "," $47,727,955 "," 543,843 ",86.8%,
PA,HealthChoices,Behavioral Health Only,All Populations,,Franklin/Fulton Multi-County Entity / Tuscarora Managed Care Alliance,1/1/22,12/31/22,2022," $29,683,197 "," $35,591,700 "," 450,788 ",81.1%,
PA,HealthChoices,Behavioral Health Only,All Populations,,Lehigh County,1/1/22,12/31/22,2022," $95,219,723 "," $119,060,205 "," 1,318,308 ",80.0%,
PA,HealthChoices,Behavioral Health Only,All Populations,,Lycoming/Clinton Joinder,1/1/22,12/31/22,2022," $43,473,057 "," $49,914,876 "," 486,660 ",87.1%,
PA,HealthChoices,Behavioral Health Only,All Populations,,Montgomery County,1/1/22,12/31/22,2022," $171,727,222 "," $200,842,315 "," 1,597,724 ",85.5%,
PA,HealthChoices,Behavioral Health Only,All Populations,,Northampton County,1/1/22,12/31/22,2022," $68,488,044 "," $75,813,924 "," 778,585 ",90.3%,
PA,HealthChoices,Behavioral Health Only,All Populations,,Northeast Behavioral Health Care Consortium,1/1/22,12/31/22,2022," $217,898,159 "," $239,232,436 "," 2,276,637 ",91.1%,
PA,HealthChoices,Behavioral Health Only,All Populations,,Philadelphia County / Community Behavioral Health,1/1/22,12/31/22,2022," $964,073,499 "," $1,067,121,780 "," 8,864,766 ",90.3%,
PA,HealthChoices,Behavioral Health Only,All Populations,,Southwest Behavioral Health Management,1/1/22,12/31/22,2022," $240,390,835 "," $313,265,784 "," 2,576,973 ",76.7%,
PA,HealthChoices,Behavioral Health Only,All Populations,,York/Adams Joinder,1/1/22,12/31/22,2022," $122,191,615 "," $140,011,037 "," 1,492,234 ",87.3%,
PA,Pennsylvania Physical Health - HealthChoices,Comprehensive MCO,Group VIII Expansion Adult Only,,Aetna Better Health,1/1/22,12/31/22,2022," $377,894,549 "," $444,004,055 "," 997,041 ",85.1%, $-   
PA,Pennsylvania Physical Health - HealthChoices,Comprehensive MCO,"Other, specify","TANF - MAGI -  21+, TANF - MAGI - 1 - 20, Under Age 1, Disabled - BCC - Ages 1+.",Aetna Better Health,1/1/22,12/31/22,2022," $485,592,511 "," $533,928,672 "," 1,293,115 ",90.9%, $-   
PA,Pennsylvania Physical Health - HealthChoices,Comprehensive MCO,Group VIII Expansion Adult Only,,Geisinger Health Plan,1/1/22,12/31/22,2022," $524,234,583 "," $582,307,908 "," 1,150,144 ",90.0%, $-   
PA,Pennsylvania Physical Health - HealthChoices,Comprehensive MCO,"Other, specify","TANF - MAGI -  21+, TANF - MAGI - 1 - 20, Under Age 1, Disabled - BCC - Ages 1+.",Geisinger Health Plan,1/1/22,12/31/22,2022," $844,376,323 "," $914,392,279 "," 2,007,012 ",92.3%, $-   
PA,Pennsylvania Physical Health - HealthChoices,Comprehensive MCO,Group VIII Expansion Adult Only,,Health Partners Plans,1/1/22,12/31/22,2022," $596,019,209 "," $708,934,832 "," 1,402,706 ",84.1%," $7,735,763 "
PA,Pennsylvania Physical Health - HealthChoices,Comprehensive MCO,"Other, specify","TANF - MAGI -  21+, TANF - MAGI - 1 - 20, Under Age 1, Disabled - BCC - Ages 1+.",Health Partners Plans,1/1/22,12/31/22,2022," $934,760,047 "," $1,085,392,092 "," 2,258,042 ",86.1%, $-   
PA,Pennsylvania Physical Health - HealthChoices,Comprehensive MCO,Group VIII Expansion Adult Only,,Highmark Wholecare,1/1/22,12/31/22,2022," $634,976,348 "," $732,030,630 "," 1,350,686 ",86.7%, $-   
PA,Pennsylvania Physical Health - HealthChoices,Comprehensive MCO,"Other, specify","TANF - MAGI -  21+, TANF - MAGI - 1 - 20, Under Age 1, Disabled - BCC - Ages 1+.",Highmark Wholecare,1/1/22,12/31/22,2022," $1,220,649,499 "," $1,337,570,865 "," 2,754,820 ",91.3%, $-   
PA,Pennsylvania Physical Health - HealthChoices,Comprehensive MCO,Group VIII Expansion Adult Only,,"UnitedHealthcare of Pennsylvania, Inc.",1/1/22,12/31/22,2022," $477,263,749 "," $533,291,468 "," 1,168,725 ",89.5%, $-   
PA,Pennsylvania Physical Health - HealthChoices,Comprehensive MCO,"Other, specify","TANF - MAGI -  21+, TANF - MAGI - 1 - 20, Under Age 1, Disabled - BCC - Ages 1+.","UnitedHealthcare of Pennsylvania, Inc.",1/1/22,12/31/22,2022," $647,977,806 "," $732,972,123 "," 1,669,288 ",88.4%, $-   
PA,Pennsylvania Physical Health - HealthChoices,Comprehensive MCO,Group VIII Expansion Adult Only,,UPMC for You,1/1/22,12/31/22,2022," $1,211,703,949 "," $1,397,929,239 "," 2,247,605 ",86.7%, $-   
PA,Pennsylvania Physical Health - HealthChoices,Comprehensive MCO,"Other, specify","TANF - MAGI -  21+, TANF - MAGI - 1 - 20, Under Age 1, Disabled - BCC - Ages 1+.",UPMC for You,1/1/22,12/31/22,2022," $1,931,968,502 "," $2,139,107,543 "," 3,913,578 ",90.3%, $-   
PA,Pennsylvania Physical Health - HealthChoices,Comprehensive MCO,Group VIII Expansion Adult Only,,"Vista Health Plan, Inc.",1/1/22,12/31/22,2022," $1,750,693,769 "," $2,007,739,821 "," 3,877,659 ",87.2%, $-   
PA,Pennsylvania Physical Health - HealthChoices,Comprehensive MCO,"Other, specify","TANF - MAGI -  21+, TANF - MAGI - 1 - 20, Under Age 1, Disabled - BCC - Ages 1+.","Vista Health Plan, Inc.",1/1/22,12/31/22,2022," $3,150,745,400 "," $3,498,366,712 "," 7,429,411 ",90.1%, $-   
PR,Plan Vital,Comprehensive MCO,All populations,,First Medical,10/1/19,9/30/20,2020," $632,324,725 "," $689,156,904 "," 3,090,576 ",91.8%," $1,847,420 "
PR,Plan Vital,Comprehensive MCO,All populations,,MMM Multihealth,10/1/19,9/30/20,2020," $620,639,433 "," $667,512,417 "," 3,116,221 ",93.0%, $-   
PR,Plan Vital,Comprehensive MCO,All populations,,Molina Healthcare,10/1/19,9/30/20,2020," $396,749,710 "," $392,845,961 "," 1,975,544 ",101.0%, $-   
PR,Plan Vital,Comprehensive MCO,All populations,,Plan de Salud Menonita,10/1/19,9/30/20,2020," $194,125,094 "," $192,215,185 "," 1,011,326 ",101.0%, $-   
PR,Plan Vital,Comprehensive MCO,All populations,,Triple-S Salud,10/1/19,9/30/20,2020," $842,600,734 "," $897,380,233 "," 4,346,433 ",93.9%, $-   
PR,Government Health Plan,Comprehensive MCO,All Populations,,First Medical,10/1/20,9/30/21,2021," $816,835,040 "," $859,197,892 "," 3,677,211 ",95.1%,
PR,Government Health Plan,Comprehensive MCO,All Populations,,MMM Multi Health Inc,10/1/20,9/30/21,2021," $780,469,190 "," $833,257,875 "," 3,706,710 ",93.7%,
PR,Government Health Plan,Comprehensive MCO,All Populations,,Plan de Salud Menonita,10/1/20,9/30/21,2021," $423,416,755 "," $438,072,428 "," 1,833,170 ",96.7%,
PR,Government Health Plan,Comprehensive MCO,All Populations,,Triple S,10/1/20,9/30/21,2021," $1,125,245,827 "," $1,185,022,732 "," 5,208,243 ",95.0%,
RI,"Rite Care, Rhody Health Partners and Medicaid Expansion",Comprehensive MCO,All populations,,Tufts Health Public Plans,7/1/17,6/30/18,2018," $18,822,655 "," $20,474,569 "," 44,336 ",95.0%,  
RI,"Rite Care, Rhody Health Partners and Medicaid Expansion",Comprehensive MCO,All populations,,United HealthCare of New England,7/1/17,6/30/18,2018," $484,506,617 "," $521,049,030 "," 1,144,954 ",93.0%,  
RI,"RIte Care, RHP and Medicaid Expansion",Comprehensive MCO,All populations,,Neighborhood Health Plan of RI,7/1/17,6/30/18,2018," $230,581,286 "," $229,086,268 "," 151,178 ",102.4%,  
RI,Rite Smiles Dental Program,Dental only,All populations,,UnitedHealthCare Dental of Rhode Island,7/1/17,6/30/18,2018," $21,813,914 "," $23,715,529 "," 1,286,026 ",92.0%,  
RI,"Rite Care, Rhody Health Partners and Medicaid Expansion",Comprehensive MCO,All populations,,Tufts Health Public Plans,7/1/18,6/30/19,2019," $44,693,813 "," $48,540,869 "," 110,477 ",94.0%,  
RI,"Rite Care, Rhody Health Partners and Medicaid Expansion",Comprehensive MCO,All populations,,United HealthCare of New England,7/1/18,6/30/19,2019," $466,082,353 "," $495,118,159 "," 1,082,057 ",94.1%,  
RI,"Rite Care, RHP and Medicaid Expansion",Comprehensive MCO,All populations,,Neighborhood Health Plan of RI,7/1/18,6/30/19,2019," $65,875,034 "," $52,333,876 "," 38,450 ",129.2%,  
RI,Rite Smiles Dental Program,Dental only,All populations,,UnitedHealthCare Dental of Rhode Island,7/1/18,6/30/19,2019," $23,153,481 "," $24,762,251 "," 1,355,635 ",93.5%,  
RI,"Rite Care, Rhody Health Partners and Medicaid Expansion",Comprehensive MCO,All populations,,Neighborhood Health Plan of Rhode Island,7/1/19,6/30/20,2020," $773,110,874 "," $782,204,878 "," 1,807,139 ",98.8%,  
RI,"Rite Care, Rhody Health Partners and Medicaid Expansion",Comprehensive MCO,All populations,,Tufts Health Public Plans,7/1/19,6/30/20,2020," $41,973,645 "," $47,805,118 "," 112,901 ",89.7%,  
RI,"Rite Care, Rhody Health Partners and Medicaid Expansion",Comprehensive MCO,All populations,,United HealthCare of New England,7/1/19,6/30/20,2020," $474,061,640 "," $511,062,508 "," 1,020,999 ",92.8%,  
RI,Rite Smiles Dental Program,Dental only,All populations,,United Healthcare Dental of Rhode Island,7/1/19,6/30/20,2020," $17,716,525 "," $19,956,518 "," 1,334,035 ",88.8%,  
RI,"RIte Care, Rhody Health Partners and Medicaid Expansion",Comprehensive MCO,All Populations,,Neighborhood Health Plan of Rhode Island,7/1/20,6/30/21,2021," $917,989,025 "," $1,007,245,350 "," 1,988,471 ",91.1%,
RI,"RIte Care, Rhody Health Partners and Medicaid Expansion",Comprehensive MCO,All Populations,,Tufts Health Plan,7/1/20,6/30/21,2021," $66,433,936 "," $78,188,602 "," 171,503 ",86.6%,
RI,"RIte Care, Rhody Health Partners and Medicaid Expansion",Comprehensive MCO,All Populations,,United Healthcare of New England Inc.,7/1/20,6/30/21,2021," $531,855,688 "," $589,496,930 "," 1,113,656 ",90.2%,
RI,RIte Smiles Dental Program,Dental Only,"Other, specify",Members born on or after 5/1/2000,UnitedHealthcare Insurance Company (UHIC),7/1/20,6/30/21,2021," $19,213,414 "," $22,519,918 "," 1,453,148 ",85.3%,
RI,"Rite Care, Medicaid Expansion, Rhody Health Partners",Comprehensive MCO,All Populations,,Tufts Health Plan,7/1/21,6/30/22,2022," $78,807,447 "," $90,908,120 "," 214,210 ",88.1%,
RI,"Rite Care, Medicaid Expansion, Rhody Health Partners",Comprehensive MCO,All Populations,,United Healthcare of New England Inc.,7/1/21,6/30/22,2022," $560,399,709 "," $618,425,558 "," 1,177,670 ",90.6%,
RI,"Rite Care, Medicaid Expansion, Rhody Health Partners, Rhode Health Options II",Comprehensive MCO,All Populations,,Neighborhood Health of Rhode Island,7/1/21,6/30/22,2022," $1,005,057,052 "," $1,106,770,257 "," 2,136,760 ",90.8%,
RI,Rite Smiles,Dental Only,"Other, specify",Members born on or after 5/1/2001,United Healthcare Insurance Company,7/1/21,6/30/22,2022," $22,312,461 "," $25,766,551 "," 1,569,209 ",86.6%,
SC,South Carolina Managed Care Organizations,Comprehensive MCO,All populations,,Absolute Total Care,7/1/17,6/30/18,2018," $378,131,427 "," $434,276,218 "," 1,371,817 ",87.1%, $-   
SC,South Carolina Managed Care Organizations,Comprehensive MCO,All populations,,Blue Choice,7/1/17,6/30/18,2018," $326,990,112 "," $369,561,994 "," 1,186,764 ",88.5%, $-   
SC,South Carolina Managed Care Organizations,Comprehensive MCO,All populations,,Molina,7/1/17,6/30/18,2018," $380,550,767 "," $425,228,411 "," 1,351,588 ",89.5%, $-   
SC,South Carolina Managed Care Organizations,Comprehensive MCO,All populations,,Select Health,7/1/17,6/30/18,2018," $1,153,710,239 "," $1,248,372,802 "," 4,360,870 ",92.4%, $-   
SC,South Carolina Managed Care Organizations,Comprehensive MCO,All populations,,Wellcare,7/1/17,6/30/18,2018," $249,740,318 "," $282,860,242 "," 973,406 ",88.3%, $-   
SC,South Carolina Managed Care Organizations,Comprehensive MCO,All populations,,Absolute Total Care,7/1/18,6/30/19,2019," $383,541,516 "," $438,990,851 "," 1,379,709 ",87.4%, $-   
SC,South Carolina Managed Care Organizations,Comprehensive MCO,All populations,,Blue Choice Health Plan Medicaid,7/1/18,6/30/19,2019," $345,634,475 "," $389,099,988 "," 1,268,212 ",88.8%, $-   
SC,South Carolina Managed Care Organizations,Comprehensive MCO,All populations,,Molina Healthcare of South Carolina,7/1/18,6/30/19,2019," $414,756,348 "," $454,604,511 "," 1,427,437 ",91.2%, $-   
SC,South Carolina Managed Care Organizations,Comprehensive MCO,All populations,,Select Health of South Carolina,7/1/18,6/30/19,2019," $1,151,646,147 "," $1,211,953,995 "," 4,376,128 ",95.0%, $-   
SC,South Carolina Managed Care Organizations,Comprehensive MCO,All populations,,WellCare of South Carolina,7/1/18,6/30/19,2019," $245,427,038 "," $283,931,560 "," 937,438 ",86.4%, $-   
SC,South Carolina Managed Care Organizations ,Comprehensive MCO,All populations,,Absolute Total Care,7/1/19,6/30/20,2020," $429,362,567 "," $484,287,838 "," 1,489,954 ",88.7%, $-   
SC,South Carolina Managed Care Organizations ,Comprehensive MCO,All populations,,BlueChoice,7/1/19,6/30/20,2020," $449,254,907 "," $503,148,017 "," 1,602,478 ",89.3%, $-   
SC,South Carolina Managed Care Organizations ,Comprehensive MCO,All populations,,Molina,7/1/19,6/30/20,2020," $450,594,930 "," $511,424,813 "," 1,550,699 ",88.1%, $-   
SC,South Carolina Managed Care Organizations ,Comprehensive MCO,All populations,,Select Health,7/1/19,6/30/20,2020," $1,007,885,502 "," $1,140,273,873 "," 4,048,116 ",88.4%, $-   
SC,South Carolina Managed Care Organizations ,Comprehensive MCO,All populations,,WellCare,7/1/19,6/30/20,2020," $254,478,158 "," $292,305,878 "," 988,707 ",87.1%, $-   
SC,South Carolina Managed Care Organizations ,Comprehensive MCO,All Populations,,Absolute Total Care,7/1/20,6/30/21,2021," $490,273,229 "," $554,771,030 "," 1,893,172 ",88.4%, $-   
SC,South Carolina Managed Care Organizations ,Comprehensive MCO,All Populations,,Healthy Blue by BlueChoice,7/1/20,6/30/21,2021," $509,541,514 "," $571,178,467 "," 1,915,598 ",89.2%, $-   
SC,South Carolina Managed Care Organizations ,Comprehensive MCO,All Populations,,Molina Healthcare of SC,7/1/20,6/30/21,2021," $506,002,719 "," $567,740,433 "," 1,828,721 ",89.1%, $-   
SC,South Carolina Managed Care Organizations ,Comprehensive MCO,All Populations,,Select Health of SC,7/1/20,6/30/21,2021," $1,117,675,646 "," $1,218,998,684 "," 4,479,382 ",91.7%, $-   
SC,South Carolina Managed Care Organizations ,Comprehensive MCO,All Populations,,WellCare of SC,7/1/20,6/30/21,2021," $197,757,482 "," $229,406,332 "," 811,650 ",86.2%, $-   
SC,Medicaid Managed Care,Comprehensive MCO,All Populations,,Absolute Total Care,7/1/21,6/30/22,2022," $691,051,659 "," $825,085,787 "," 2,798,211 ",83.8%," $18,481,922 "
SC,Medicaid Managed Care,Comprehensive MCO,All Populations,,BlueChoice HealthPlan of SC,7/1/21,6/30/22,2022," $576,856,320 "," $658,630,972 "," 2,171,838 ",87.6%, $-   
SC,Medicaid Managed Care,Comprehensive MCO,All Populations,,Humana Benefit Plan of South Carolina,7/1/21,6/30/22,2022," $21,293,713 "," $23,736,953 "," 60,215 ",92.4%, $-   
SC,Medicaid Managed Care,Comprehensive MCO,All Populations,,Molina Healthcare of South Carolina,7/1/21,6/30/22,2022," $572,283,797 "," $665,723,664 "," 2,112,001 ",86.0%," $266,289 "
SC,Medicaid Managed Care,Comprehensive MCO,All Populations,,Select Health of South Carolina,7/1/21,6/30/22,2022," $1,255,674,278 "," $1,396,208,614 "," 4,902,144 ",89.9%, $-   
TN,TennCare II: CHOICES,Comprehensive MCO + MLTSS,All populations,,Amerigroup (East Region),1/1/18,12/31/18,2018," $289,599,494 "," $311,157,009 "," 1,279,687 ",93.1%,  
TN,TennCare II: CHOICES,Comprehensive MCO + MLTSS,All populations,,Amerigroup (Middle Region),1/1/18,12/31/18,2018," $152,863,144 "," $159,604,460 "," 33,813 ",95.8%,  
TN,TennCare II: CHOICES,Comprehensive MCO + MLTSS,All populations,,Amerigroup (West Region),1/1/18,12/31/18,2018," $152,059,984 "," $161,060,976 "," 34,962 ",94.4%,  
TN,TennCare II: CHOICES,Comprehensive MCO + MLTSS,All populations,,BlueCare (East Region),1/1/18,12/31/18,2018," $472,973,618 "," $488,291,316 "," 1,710,724 ",96.9%,  
TN,TennCare II: CHOICES,Comprehensive MCO + MLTSS,All populations,,BlueCare (Middle Region),1/1/18,12/31/18,2018," $190,102,593 "," $202,963,641 "," 45,367 ",93.7%,  
TN,TennCare II: CHOICES,Comprehensive MCO + MLTSS,All populations,,BlueCare (West Region),1/1/18,12/31/18,2018," $177,962,845 "," $186,148,909 "," 39,637 ",95.6%,  
TN,TennCare II: CHOICES,Comprehensive MCO + MLTSS,All populations,,"UnitedHealthcare Plan of the River Valley, Inc. (East Region)",1/1/18,12/31/18,2018," $333,804,293 "," $366,911,054 "," 1,422,559 ",92.3%,  
TN,TennCare II: CHOICES,Comprehensive MCO + MLTSS,All populations,,"UnitedHealthcare Plan of the River Valley, Inc. (Middle Region)",1/1/18,12/31/18,2018," $194,546,993 "," $213,381,580 "," 47,004 ",91.2%,  
TN,TennCare II: CHOICES,Comprehensive MCO + MLTSS,All populations,,"UnitedHealthcare Plan of the River Valley, Inc. (West Region)",1/1/18,12/31/18,2018," $178,614,295 "," $196,601,646 "," 42,131 ",90.9%,  
TN,TennCare II: Non-CHOICES,Comprehensive MCO + MLTSS,All populations,,Amerigroup (East Region),1/1/18,12/31/18,2018," $156,929,879 "," $175,413,865 "," 37,685 ",89.5%,  
TN,TennCare II: Non-CHOICES,Comprehensive MCO + MLTSS,All populations,,Amerigroup (Middle Region),1/1/18,12/31/18,2018," $310,149,078 "," $341,254,694 "," 1,375,732 ",90.9%,  
TN,TennCare II: Non-CHOICES,Comprehensive MCO + MLTSS,All populations,,Amerigroup (West Region),1/1/18,12/31/18,2018," $480,176,928 "," $499,199,768 "," 1,809,016 ",96.2%,  
TN,TennCare II: Non-CHOICES,Comprehensive MCO + MLTSS,All populations,,BlueCare (East Region),1/1/18,12/31/18,2018," $120,860,605 "," $128,313,127 "," 26,956 ",94.2%,  
TN,TennCare II: Non-CHOICES,Comprehensive MCO + MLTSS,All populations,,BlueCare (Middle Region),1/1/18,12/31/18,2018," $708,571,377 "," $737,666,229 "," 2,461,724 ",96.1%,  
TN,TennCare II: Non-CHOICES,Comprehensive MCO + MLTSS,All populations,,BlueCare (West Region),1/1/18,12/31/18,2018," $534,113,692 "," $557,200,580 "," 1,869,834 ",95.9%,  
TN,TennCare II: Non-CHOICES,Comprehensive MCO + MLTSS,All populations,,"UnitedHealthcare Plan of the River Valley, Inc. (East Region)",1/1/18,12/31/18,2018," $465,226,416 "," $495,527,478 "," 1,740,355 ",93.9%,  
TN,TennCare II: Non-CHOICES,Comprehensive MCO + MLTSS,All populations,,"UnitedHealthcare Plan of the River Valley, Inc. (West Region)",1/1/18,12/31/18,2018," $525,211,801 "," $561,612,930 "," 1,904,797 ",93.5%,  
TN,TennCare II: CHOICES,Comprehensive MCO + MLTSS,All populations,,Amerigroup (East Region),1/1/19,12/31/19,2019," $176,216,527 "," $189,695,761 "," 38,285 ",92.9%,  
TN,TennCare II: CHOICES,Comprehensive MCO + MLTSS,All populations,,Amerigroup (Middle Region),1/1/19,12/31/19,2019," $150,482,890 "," $161,045,316 "," 33,822 ",93.4%,  
TN,TennCare II: CHOICES,Comprehensive MCO + MLTSS,All populations,,Amerigroup (West Region),1/1/19,12/31/19,2019," $141,879,281 "," $150,483,923 "," 30,310 ",94.3%,  
TN,TennCare II: CHOICES,Comprehensive MCO + MLTSS,All populations,,BlueCare (East Region),1/1/19,12/31/19,2019," $193,790,463 "," $203,351,952 "," 44,714 ",95.3%,  
TN,TennCare II: CHOICES,Comprehensive MCO + MLTSS,All populations,,BlueCare (Middle Region),1/1/19,12/31/19,2019," $203,508,533 "," $211,459,205 "," 43,701 ",96.2%,  
TN,TennCare II: CHOICES,Comprehensive MCO + MLTSS,All populations,,BlueCare (West Region),1/1/19,12/31/19,2019," $154,658,743 "," $161,096,173 "," 35,624 ",96.0%,  
TN,TennCare II: CHOICES,Comprehensive MCO + MLTSS,All populations,,"UnitedHealthcare Plan of the River Valley, Inc.",1/1/19,12/31/19,2019," $514,340,294 "," $569,780,701 "," 119,177 ",90.3%,  
TN,TennCare II: Non-CHOICES,Comprehensive MCO + MLTSS,All populations,,Amerigroup (East Region),1/1/19,12/31/19,2019," $382,092,474 "," $430,857,147 "," 1,511,498 ",88.7%,  
TN,TennCare II: Non-CHOICES,Comprehensive MCO + MLTSS,All populations,,Amerigroup (Middle Region),1/1/19,12/31/19,2019," $526,482,982 "," $567,991,090 "," 1,874,487 ",92.7%,  
TN,TennCare II: Non-CHOICES,Comprehensive MCO + MLTSS,All populations,,Amerigroup (West Region),1/1/19,12/31/19,2019," $348,596,568 "," $378,854,690 "," 1,383,306 ",92.0%,  
TN,TennCare II: Non-CHOICES,Comprehensive MCO + MLTSS,All populations,,BlueCare (East Region),1/1/19,12/31/19,2019," $750,614,491 "," $795,221,145 "," 2,487,794 ",94.4%,  
TN,TennCare II: Non-CHOICES,Comprehensive MCO + MLTSS,All populations,,BlueCare (Middle Region),1/1/19,12/31/19,2019," $555,541,608 "," $602,200,128 "," 1,901,356 ",92.3%,  
TN,TennCare II: Non-CHOICES,Comprehensive MCO + MLTSS,All populations,,BlueCare (West Region),1/1/19,12/31/19,2019," $486,102,462 "," $527,201,335 "," 1,744,236 ",92.2%,  
TN,TennCare II: Non-CHOICES,Comprehensive MCO + MLTSS,All populations,,"UnitedHealthcare Plan of the River Valley, Inc.",1/1/19,12/31/19,2019," $1,323,274,338 "," $1,480,254,209 "," 4,978,645 ",89.4%,  
TN,TennCare Choices,Comprehensive MCO + MLTSS,All populations,,Amerigroup,1/1/20,12/31/20,2020," $451,661,011 "," $513,477,983 "," 106,760 ",88.0%,  
TN,TennCare Choices,Comprehensive MCO + MLTSS,All populations,,BlueCare,1/1/20,12/31/20,2020," $517,479,431 "," $563,344,735 "," 120,759 ",91.9%,  
TN,TennCare Choices,Comprehensive MCO + MLTSS,All populations,,"UnitedHealthcare Plan of the River Valley, Inc.",1/1/20,12/31/20,2020," $445,626,705 "," $497,495,346 "," 107,703 ",89.6%,  
TN,TennCare Non-Choices,Comprehensive MCO + MLTSS,All populations,,Amerigroup,1/1/20,12/31/20,2020," $1,036,667,615 "," $1,264,272,867 "," 5,068,655 ",82.0%,  
TN,TennCare Non-Choices,Comprehensive MCO + MLTSS,All populations,,BlueCare,1/1/20,12/31/20,2020," $1,509,179,346 "," $1,674,249,524 "," 6,367,396 ",90.1%,  
TN,TennCare Non-Choices,Comprehensive MCO + MLTSS,All populations,,"UnitedHealthcare Plan of the River Valley, Inc.",1/1/20,12/31/20,2020," $1,090,854,581 "," $1,264,517,158 "," 5,116,213 ",86.3%,  
TN,TennCare III ,Comprehensive MCO + MLTSS,All Populations,,Amerigroup,1/1/21,12/31/21,2021," $1,836,647,275 "," $2,144,772,180 "," 5,658,893 ",86.0%," $126,839,063 "
TN,TennCare III ,Comprehensive MCO + MLTSS,All Populations,,BlueCare,1/1/21,12/31/21,2021," $2,418,810,290 "," $2,695,952,148 "," 7,057,959 ",90.0%," $15,183,572 "
TN,TennCare III ,Comprehensive MCO + MLTSS,All Populations,,"UnitedHealthcare Plan of the River Valley, Inc.",1/1/21,12/31/21,2021," $1,880,879,395 "," $2,184,537,632 "," 5,748,376 ",86.0%," $105,665,125 "
TN,Statewide,Comprehensive MCO + MLTSS,All Populations,,Amerigroup,1/1/22,12/31/22,2022," $2,113,086,262 "," $2,364,520,925 "," 6,182,125 ",89.4%,
TN,Statewide,Comprehensive MCO + MLTSS,All Populations,,UnitedHealthcare Community Plan,1/1/22,12/31/22,2022," $2,087,742,383 "," $2,280,861,451 "," 6,292,352 ",91.5%,
TN,Statewide,Comprehensive MCO + MLTSS,All Populations,,Volunteer State Health Plan,1/1/22,12/31/22,2022," $2,674,282,548 "," $2,917,281,698 "," 7,673,466 ",91.7%,
TX,STAR,Comprehensive MCO,All populations,,"Community Health Choice Texas, Inc.",9/1/17,8/31/18,2018," $875,107,051 "," $932,927,501 "," 3,423,236 ",93.8%,  
TX,STAR,Comprehensive MCO,All populations,,El Paso First Health Plans / El Paso County Hospital District,9/1/17,8/31/18,2018," $176,439,922 "," $187,549,213 "," 925,824 ",94.1%,  
TX,STAR,Comprehensive MCO,All populations,,FirstCare,9/1/17,8/31/18,2018," $248,814,953 "," $262,805,913 "," 1,108,098 ",94.7%,  
TX,STAR,Comprehensive MCO,All populations,,"Parkland Community Health Plan, Inc.",9/1/17,8/31/18,2018," $525,332,364 "," $554,221,613 "," 2,355,342 ",94.8%,  
TX,STAR,Comprehensive MCO,All populations,,Scott & White / Baylor,9/1/17,8/31/18,2018," $112,994,109 "," $126,552,299 "," 546,375 ",89.3%,  
TX,STAR,Comprehensive MCO,All populations,,Seton Health Plan,9/1/17,8/31/18,2018," $43,553,022 "," $54,923,363 "," 328,858 ",79.3%,  
TX,STAR Kids,Comprehensive MCO + MLTSS,All populations,,Children's Medical Center Health Plan,9/1/17,8/31/18,2018," $276,497,527 "," $259,773,765 "," 112,842 ",106.4%,  
TX,"STAR, STAR Kids",Comprehensive MCO + MLTSS,All populations,,Aetna,9/1/17,8/31/18,2018," $259,054,966 "," $299,755,424 "," 1,097,985 ",86.4%,  
TX,"STAR, STAR Kids",Comprehensive MCO + MLTSS,All populations,,Blue Cross Blue Shield of Texas / Health Care Service Corporation,9/1/17,8/31/18,2018," $234,375,925 "," $233,876,414 "," 515,464 ",100.2%,  
TX,"STAR, STAR Kids",Comprehensive MCO + MLTSS,All populations,,"Community First Health Plans, Inc.",9/1/17,8/31/18,2018," $477,522,978 "," $493,850,395 "," 1,613,917 ",96.7%,  
TX,"STAR, STAR Kids",Comprehensive MCO + MLTSS,All populations,,Cook's Children's Health Plan,9/1/17,8/31/18,2018," $490,954,866 "," $535,505,695 "," 1,689,349 ",91.7%,  
TX,"STAR, STAR Kids",Comprehensive MCO + MLTSS,All populations,,Driscoll Children's Health Plan,9/1/17,8/31/18,2018," $587,913,629 "," $639,182,108 "," 2,088,203 ",92.0%,  
TX,"STAR, STAR Kids",Comprehensive MCO + MLTSS,All populations,,Texas Children's Health Plan,9/1/17,8/31/18,2018," $1,518,381,355 "," $1,595,497,103 "," 5,420,174 ",95.2%,  
TX,"STAR, STAR Kids, STAR+PLUS",Comprehensive MCO + MLTSS,All populations,,Amerigroup,9/1/17,8/31/18,2018," $3,817,863,728 "," $4,118,836,329 "," 9,350,362 ",92.7%,  
TX,"STAR, STAR Kids, STAR+PLUS",Comprehensive MCO + MLTSS,All populations,,United HealthCare / UnitedHealth Group,9/1/17,8/31/18,2018," $3,115,001,108 "," $3,230,254,311 "," 3,609,512 ",96.4%,  
TX,"STAR, STAR Kids, STAR+PLUS, STAR Health",Comprehensive MCO + MLTSS,All populations,,Superior / Bankers / Centene,9/1/17,8/31/18,2018," $4,948,140,877 "," $5,390,273,205 "," 12,583,080 ",91.8%,  
TX,"STAR, STAR+PLUS",Comprehensive MCO + MLTSS,All populations,,Molina Healthcare,9/1/17,8/31/18,2018," $1,651,351,160 "," $1,897,400,989 "," 2,604,815 ",87.0%,  
TX,STAR+PLUS,Comprehensive MCO + MLTSS,All populations,,Cigna Healthspring,9/1/17,8/31/18,2018," $849,722,756 "," $907,921,538 "," 597,405 ",93.6%,  
TX,Statewide,Dental only,All populations,,"DentaQuest USA Insurance, Inc.",9/1/17,8/31/18,2018," $702,346,900 "," $756,209,334 "," 23,194,772 ",92.9%,  
TX,Statewide,Dental only,All populations,,MCNA Insurance Company,9/1/17,8/31/18,2018," $477,734,419 "," $550,944,285 "," 16,811,555 ",86.7%,  
TX,STAR,Comprehensive MCO,All populations,,"Community Health Choice Texas, Inc.",9/1/18,8/31/19,2019," $880,349,968 "," $944,658,784 "," 3,295,341 ",93.2%,  
TX,STAR,Comprehensive MCO,All populations,,Dell-Seton Health Plan,9/1/18,8/31/19,2019," $51,332,710 "," $62,129,282 "," 370,872 ",82.6%,  
TX,STAR,Comprehensive MCO,All populations,,El Paso First Health Plans / El Paso County Hospital District,9/1/18,8/31/19,2019," $178,870,161 "," $198,731,306 "," 896,395 ",90.0%,  
TX,STAR,Comprehensive MCO,All populations,,FirstCare,9/1/18,8/31/19,2019," $246,134,940 "," $261,097,582 "," 1,016,395 ",94.3%,  
TX,STAR,Comprehensive MCO,All populations,,"Parkland Community Health Plan, Inc.",9/1/18,8/31/19,2019," $533,530,274 "," $565,656,426 "," 2,201,041 ",94.3%,  
TX,STAR,Comprehensive MCO,All populations,,Scott & White / Baylor,9/1/18,8/31/19,2019," $116,401,596 "," $136,449,512 "," 535,208 ",85.3%,  
TX,STAR Kids,Comprehensive MCO + MLTSS,All populations,,Children's Medical Center Health Plan,9/1/18,8/31/19,2019," $272,403,588 "," $265,182,683 "," 105,714 ",102.7%,  
TX,"STAR, STAR Kids",Comprehensive MCO + MLTSS,All populations,,Aetna,9/1/18,8/31/19,2019," $279,189,444 "," $306,872,161 "," 1,042,660 ",91.0%,  
TX,"STAR, STAR Kids",Comprehensive MCO + MLTSS,All populations,,Blue Cross Blue Shield of Texas / Health Care Service Corporation,9/1/18,8/31/19,2019," $247,783,750 "," $264,434,217 "," 541,643 ",93.7%,  
TX,"STAR, STAR Kids",Comprehensive MCO + MLTSS,All populations,,"Community First Health Plans, Inc.",9/1/18,8/31/19,2019," $496,714,515 "," $533,007,182 "," 1,594,287 ",93.2%,  
TX,"STAR, STAR Kids",Comprehensive MCO + MLTSS,All populations,,Cook's Children's Health Plan,9/1/18,8/31/19,2019," $505,274,983 "," $555,429,966 "," 1,624,799 ",91.0%,  
TX,"STAR, STAR Kids",Comprehensive MCO + MLTSS,All populations,,Driscoll Children's Health Plan,9/1/18,8/31/19,2019," $660,399,706 "," $688,703,547 "," 2,104,051 ",95.9%,  
TX,"STAR, STAR Kids",Comprehensive MCO + MLTSS,All populations,,Texas Children's Health Plan,9/1/18,8/31/19,2019," $1,559,960,081 "," $1,656,212,524 "," 5,179,950 ",94.2%,  
TX,"STAR, STAR Kids, STAR+PLUS",Comprehensive MCO + MLTSS,All populations,,Amerigroup,9/1/18,8/31/19,2019," $4,028,087,190 "," $4,346,491,390 "," 9,055,139 ",92.7%,  
TX,"STAR, STAR Kids, STAR+PLUS",Comprehensive MCO + MLTSS,All populations,,United HealthCare / UnitedHealth Group,9/1/18,8/31/19,2019," $3,330,188,054 "," $3,533,810,682 "," 3,633,312 ",94.2%,  
TX,"STAR, STAR Kids, STAR+PLUS, STAR Health",Comprehensive MCO + MLTSS,All populations,,Superior / Bankers / Centene,9/1/18,8/31/19,2019," $5,072,874,097 "," $5,517,418,234 "," 12,284,084 ",91.9%,  
TX,"STAR, STAR+PLUS",Comprehensive MCO + MLTSS,All populations,,Molina Healthcare,9/1/18,8/31/19,2019," $1,713,645,726 "," $1,993,557,106 "," 2,489,705 ",86.0%,  
TX,STAR+PLUS,Comprehensive MCO + MLTSS,All populations,,Cigna Healthspring,9/1/18,8/31/19,2019," $882,408,275 "," $955,866,350 "," 589,472 ",92.3%,  
TX,Statewide,Dental only,All populations,,"DentaQuest USA Insurance, Inc.",9/1/18,8/31/19,2019," $649,048,304 "," $705,329,634 "," 22,373,656 ",92.0%,  
TX,Statewide,Dental only,All populations,,MCNA Insurance Company,9/1/18,8/31/19,2019," $442,366,353 "," $511,025,958 "," 16,099,036 ",86.6%,  
TX,Region,Comprehensive MCO,All populations,,"Aetna, Inc.",9/1/19,8/31/20,2020," $289,903,312 "," $324,435,850 "," 1,053,688 ",89.4%,  
TX,Region,Comprehensive MCO,All populations,,"Amerigroup Texas, Inc. and Amerigroup Insurance Company",9/1/19,8/31/20,2020," $4,179,262,192 "," $4,637,297,997 "," 9,164,491 ",90.1%,  
TX,Region,Comprehensive MCO,All populations,,Blue Cross and Blue Shield of Texas,9/1/19,8/31/20,2020," $269,373,812 "," $306,861,712 "," 568,195 ",87.8%,  
TX,Region,Comprehensive MCO,All populations,,Children's Medical Center,9/1/19,8/31/20,2020," $220,214,218 "," $274,458,992 "," 98,233 ",80.2%,  
TX,Region,Comprehensive MCO,All populations,,Cigna Health Spring,9/1/19,8/31/20,2020," $919,926,887 "," $1,010,352,785 "," 583,305 ",91.1%,  
TX,Region,Comprehensive MCO,All populations,,Community First Health Plan,9/1/19,8/31/20,2020," $498,078,848 "," $561,711,542 "," 1,597,394 ",88.7%,  
TX,Region,Comprehensive MCO,All populations,,"Community Health Choice, Inc.",9/1/19,8/31/20,2020," $894,768,654 "," $1,048,091,681 "," 3,406,996 ",85.4%,  
TX,Region,Comprehensive MCO,All populations,,Cook Children's Health Plan,9/1/19,8/31/20,2020," $539,198,680 "," $605,027,988 "," 1,630,630 ",89.1%,  
TX,Region,Comprehensive MCO,All populations,,Driscoll Children's Health Plan,9/1/19,8/31/20,2020," $639,043,159 "," $759,164,021 "," 2,183,000 ",84.2%,  
TX,Region,Comprehensive MCO,All populations,,"El Paso First Health Plans, Inc.",9/1/19,8/31/20,2020," $178,598,019 "," $210,897,385 "," 891,491 ",84.7%,  
TX,Region,Comprehensive MCO,All populations,,FirstCare Health Plan,9/1/19,8/31/20,2020," $220,716,739 "," $258,870,157 "," 961,811 ",85.3%,  
TX,Region,Comprehensive MCO,All populations,,"Molina Healthcare of Texas, Inc.",9/1/19,8/31/20,2020," $1,803,671,200 "," $2,050,856,982 "," 2,433,776 ",87.9%,  
TX,Region,Comprehensive MCO,All populations,,"Parkland Community Health Plan, Inc.",9/1/19,8/31/20,2020," $526,836,758 "," $606,319,797 "," 2,138,800 ",86.9%,  
TX,Region,Comprehensive MCO,All populations,,Scott & White Health Plan,9/1/19,8/31/20,2020," $114,410,634 "," $135,756,555 "," 534,380 ",84.3%,  
TX,Region,Comprehensive MCO,All populations,,"Seton Health Plan, Inc.",9/1/19,8/31/20,2020," $51,620,631 "," $62,886,071 "," 384,745 ",82.1%,  
TX,Region,Comprehensive MCO,All populations,,"Superior HealthPlan, Inc.",9/1/19,8/31/20,2020," $5,105,475,745 "," $5,684,178,310 "," 12,443,658 ",89.8%,  
TX,Region,Comprehensive MCO,All populations,,"Texas Children's Health Plan, Inc.",9/1/19,8/31/20,2020," $1,597,870,785 "," $1,827,401,158 "," 5,270,074 ",87.4%,  
TX,Region,Comprehensive MCO,All populations,,"UnitedHealthcare Community Plan of Texas, LLC",9/1/19,8/31/20,2020," $3,427,243,025 "," $3,816,518,989 "," 3,755,569 ",89.8%,  
TX,Statewide,Dental only,All populations,,"DentaQuest USA Insurance, Inc.",9/1/19,8/31/20,2020," $524,116,090 "," $605,175,274 "," 22,550,590 ",86.6%,  
TX,Statewide,Dental only,All populations,,MCNA Insurance Company,9/1/19,8/31/20,2020," $347,611,195 "," $444,104,799 "," 16,201,877 ",78.3%,  
TX,Region,Comprehensive MCO,All Populations,,"Aetna, Inc.",9/1/20,8/31/21,2021," $536,589,849 "," $614,118,742 "," 1,402,319 ",87.4%,
TX,Region,Comprehensive MCO,All Populations,,"Amerigroup Texas, Inc. and Amerigroup Insurance Company",9/1/20,8/31/21,2021," $4,940,969,428 "," $5,546,773,152 "," 10,747,370 ",89.1%,
TX,Region,Comprehensive MCO,All Populations,,Blue Cross and Blue Shield of Texas,9/1/20,8/31/21,2021," $291,447,600 "," $334,849,134 "," 699,636 ",87.0%,
TX,Region,Comprehensive MCO,All Populations,,Cigna Health Spring,9/1/20,8/31/21,2021," $918,734,782 "," $995,781,233 "," 570,651 ",92.3%,
TX,Region,Comprehensive MCO,All Populations,,Community First Health Plan,9/1/20,8/31/21,2021," $540,102,490 "," $617,147,340 "," 1,856,235 ",87.5%,
TX,Region,Comprehensive MCO,All Populations,,"Community Health Choice, Inc.",9/1/20,8/31/21,2021," $1,260,892,652 "," $1,472,847,743 "," 4,089,323 ",85.6%,
TX,Region,Comprehensive MCO,All Populations,,Cook Children's Health Plan,9/1/20,8/31/21,2021," $588,358,323 "," $688,324,458 "," 1,892,950 ",85.5%,
TX,Region,Comprehensive MCO,All Populations,,Driscoll Children's Health Plan,9/1/20,8/31/21,2021," $781,412,930 "," $895,524,580 "," 2,624,544 ",87.3%,
TX,Region,Comprehensive MCO,All Populations,,"El Paso First Health Plans, Inc.",9/1/20,8/31/21,2021," $213,464,504 "," $252,174,656 "," 1,036,253 ",84.6%,
TX,Region,Comprehensive MCO,All Populations,,FirstCare Health Plan,9/1/20,8/31/21,2021," $273,289,966 "," $319,000,721 "," 1,134,156 ",85.7%,
TX,Region,Comprehensive MCO,All Populations,,"Molina Healthcare of Texas, Inc.",9/1/20,8/31/21,2021," $1,929,087,753 "," $2,198,923,526 "," 2,582,611 ",87.7%,
TX,Region,Comprehensive MCO,All Populations,,"Parkland Community Health Plan, Inc.",9/1/20,8/31/21,2021," $626,217,914 "," $736,435,558 "," 2,499,008 ",85.0%,
TX,Region,Comprehensive MCO,All Populations,,Scott & White Health Plan,9/1/20,8/31/21,2021," $130,511,044 "," $157,720,062 "," 640,533 ",82.7%,
TX,Region,Comprehensive MCO,All Populations,,"Seton Health Plan, Inc.",9/1/20,8/31/21,2021," $61,144,987 "," $75,887,517 "," 468,024 ",80.6%,
TX,Region,Comprehensive MCO,All Populations,,"Superior HealthPlan, Inc.",9/1/20,8/31/21,2021," $5,181,562,051 "," $5,982,927,530 "," 14,224,319 ",86.6%,
TX,Region,Comprehensive MCO,All Populations,,"Texas Children's Health Plan, Inc.",9/1/20,8/31/21,2021," $1,900,029,519 "," $2,199,329,492 "," 6,178,374 ",86.4%,
TX,Region,Comprehensive MCO,All Populations,,"UnitedHealthcare Community Plan of Texas, LLC",9/1/20,8/31/21,2021," $3,872,891,507 "," $4,288,349,199 "," 4,316,550 ",90.3%,
TX,Statewide,Dental Only,All Populations,,"DentaQuest USA Insurance, Inc.",9/1/20,8/31/21,2021," $642,830,649 "," $702,407,398 "," 25,365,901 ",91.5%,
TX,Statewide,Dental Only,All Populations,,MCNA Insurance Company,9/1/20,8/31/21,2021," $413,684,571 "," $452,975,391 "," 17,431,583 ",91.3%,
TX,Statewide,Dental Only,All Populations,,UnitedHealthcare Dental,9/1/20,8/31/21,2021," $36,978,769 "," $47,561,569 "," 1,798,710 ",77.7%,
TX,Region,Comprehensive MCO,All Populations,,"Aetna, Inc.",9/1/21,8/31/22,2022," $722,606,902 "," $798,388,219 "," 1,672,541 ",90.5%,
TX,Region,Comprehensive MCO,All Populations,,"Amerigroup Texas, Inc. and Amerigroup Insurance Company",9/1/21,8/31/22,2022," $5,959,705,526 "," $6,511,594,885 "," 11,830,818 ",91.5%,
TX,Region,Comprehensive MCO,All Populations,,Blue Cross and Blue Shield of Texas,9/1/21,8/31/22,2022," $358,457,090 "," $400,292,265 "," 774,993 ",89.5%,
TX,Region,Comprehensive MCO,All Populations,,Cigna Health Spring,9/1/21,8/31/22,2022," $320,862,968 "," $350,037,104 "," 189,710 ",91.7%,
TX,Region,Comprehensive MCO,All Populations,,Community First Health Plan,9/1/21,8/31/22,2022," $589,577,236 "," $769,489,713 "," 2,057,011 ",76.6%,
TX,Region,Comprehensive MCO,All Populations,,"Community Health Choice, Inc.",9/1/21,8/31/22,2022," $1,474,979,552 "," $1,663,517,494 "," 4,556,832 ",88.7%,
TX,Region,Comprehensive MCO,All Populations,,Cook Children's Health Plan,9/1/21,8/31/22,2022," $764,971,771 "," $850,451,594 "," 2,047,449 ",89.9%,
TX,Region,Comprehensive MCO,All Populations,,Driscoll Children's Health Plan,9/1/21,8/31/22,2022," $1,015,027,192 "," $1,157,587,060 "," 2,944,605 ",87.7%,
TX,Region,Comprehensive MCO,All Populations,,"El Paso First Health Plans, Inc.",9/1/21,8/31/22,2022," $313,071,357 "," $350,966,765 "," 1,139,659 ",89.2%,
TX,Region,Comprehensive MCO,All Populations,,FirstCare Health Plan,9/1/21,8/31/22,2022," $395,242,997 "," $440,991,465 "," 1,315,739 ",89.6%,
TX,Region,Comprehensive MCO,All Populations,,"Parkland Community Health Plan, Inc.",9/1/21,8/31/22,2022," $867,739,916 "," $916,118,099 "," 2,744,923 ",94.7%,
TX,Region,Comprehensive MCO,All Populations,,Scott & White Health Plan,9/1/21,8/31/22,2022," $190,566,569 "," $216,315,748 "," 640,533 ",88.1%,
TX,Region,Comprehensive MCO,All Populations,,"Seton Health Plan, Inc.",9/1/21,8/31/22,2022," $88,967,672 "," $103,825,911 "," 523,705 ",85.7%,
TX,Region,Comprehensive MCO,All Populations,,"Superior HealthPlan, Inc.",9/1/21,8/31/22,2022," $5,710,412,298 "," $6,440,180,786 "," 15,399,259 ",88.7%,
TX,Region,Comprehensive MCO,All Populations,,"Texas Children's Health Plan, Inc.",9/1/21,8/31/22,2022," $2,223,994,479 "," $2,533,190,488 "," 6,765,097 ",87.8%,
TX,Region,Comprehensive MCO,All Populations,,"UnitedHealthcare Community Plan of Texas, LLC",9/1/21,8/31/22,2022," $4,278,823,838 "," $4,658,497,101 "," 4,819,798 ",91.8%,
TX,Statewide,Dental Only,All Populations,,"DentaQuest USA Insurance, Inc.",9/1/21,8/31/22,2022," $677,316,129 "," $733,570,994 "," 26,286,870 ",92.3%,
TX,Statewide,Dental Only,All Populations,,MCNA Insurance Company,9/1/21,8/31/22,2022," $420,498,511 "," $480,776,000 "," 17,791,174 ",87.5%,
TX,Statewide,Dental Only,All Populations,,UnitedHealthcare Dental,9/1/21,8/31/22,2022," $82,837,280 "," $98,667,961 "," 4,181,157 ",84.0%,
UT,Dental Plans,Dental only,All populations,,Delta Dental,7/1/17,6/30/18,2018," $10,734,738 "," $15,178,329 "," 751,402 ",70.7%,  
UT,Dental Plans,Dental only,All populations,,Premier Access,7/1/17,6/30/18,2018," $15,840,808 "," $18,223,475 "," 804,366 ",86.9%,  
UT,HOME,Comprehensive MCO,All populations,,HOME,7/1/17,6/30/18,2018," $10,595,085 "," $12,226,930 "," 14,047 ",92.1%,  
UT,Prepaid Mental Health Plans (PMHP),Behavioral health only,All populations,,Bear River Mental Health ,7/1/17,6/30/18,2018," $9,209,387 "," $9,078,030 "," 203,699 ",101.4%,  
UT,Prepaid Mental Health Plans (PMHP),Behavioral health only,All populations,,Central Utah Counseling Center ,7/1/17,6/30/18,2018," $4,150,687 "," $4,663,734 "," 222,438 ",89.0%,  
UT,Prepaid Mental Health Plans (PMHP),Behavioral health only,All populations,,Davis Behavioral Health,7/1/17,6/30/18,2018," $12,315,215 "," $12,778,611 "," 548,386 ",96.4%,  
UT,Prepaid Mental Health Plans (PMHP),Behavioral health only,All populations,,Four Corners Community Behavioral Health ,7/1/17,6/30/18,2018," $3,864,701 "," $4,123,012 "," 124,686 ",93.7%,  
UT,Prepaid Mental Health Plans (PMHP),Behavioral health only,All populations,,Northeastern Counseling Center ,7/1/17,6/30/18,2018," $4,523,150 "," $4,973,261 "," 254,214 ",90.9%,  
UT,Prepaid Mental Health Plans (PMHP),Behavioral health only,All populations,,Salt Lake County ,7/1/17,6/30/18,2018," $63,147,311 "," $66,822,139 "," 2,482,444 ",94.5%,  
UT,Prepaid Mental Health Plans (PMHP),Behavioral health only,All populations,,Southwest Behavioral Health,7/1/17,6/30/18,2018," $9,966,030 "," $11,149,122 "," 622,424 ",89.4%,  
UT,Prepaid Mental Health Plans (PMHP),Behavioral health only,All populations,,Utah County Dept of Drug and Alcohol Prevention,7/1/17,6/30/18,2018," $1,705,220 "," $1,416,492 "," 431,160 ",120.4%,  
UT,Prepaid Mental Health Plans (PMHP),Behavioral health only,All populations,,Valley Behavioral Health ,7/1/17,6/30/18,2018," $5,054,771 "," $4,803,474 "," 185,246 ",105.2%,  
UT,Prepaid Mental Health Plans (PMHP),Behavioral health only,All populations,,Wasatch Behavioral Health ,7/1/17,6/30/18,2018," $23,626,732 "," $25,093,471 "," 563,882 ",94.2%,  
UT,Prepaid Mental Health Plans (PMHP),Behavioral health only,All populations,,Weber Human Services,7/1/17,6/30/18,2018," $14,974,439 "," $14,866,157 "," 636,342 ",100.7%,  
UT,ACO,Comprehensive MCO,All populations,,Health Choice Utah ,1/1/18,12/31/18,2018," $47,123,019 "," $54,981,056 "," 217,014 ",87.2%,  
UT,ACO,Comprehensive MCO,All populations,,Healthy U,1/1/18,12/31/18,2018," $184,992,419 "," $180,451,528 "," 272,011 ",102.5%,  
UT,ACO,Comprehensive MCO,All populations,,Molina,1/1/18,12/31/18,2018," $194,532,130 "," $227,599,900 "," 482,815 ",85.5%,  
UT,ACO,Comprehensive MCO,All populations,,SelectHealth Community Care,1/1/18,12/31/18,2018," $306,430,050 "," $333,773,439 "," 564,260 ",91.8%,  
UT,Dental Plans,Dental only,All populations,,Delta Dental,7/1/18,6/30/19,2019," $1,615,963 "," $2,409,719 "," 119,293 ",69.2%,  
UT,Dental Plans,Dental only,All populations,,MCNA,7/1/18,6/30/19,2019," $9,909,477 "," $11,121,084 "," 569,981 ",89.1%,  
UT,Dental Plans,Dental only,All populations,,Premier Access,7/1/18,6/30/19,2019," $24,792,092 "," $25,926,554 "," 1,375,786 ",95.6%,  
UT,HOME,Behavioral health only,All populations,,Central Utah Counseling Center,7/1/18,6/30/19,2019," $4,261,927 "," $4,632,597 "," 216,039 ",92.0%,  
UT,HOME,Behavioral health only,All populations,,Four Corners Community Behavioral Health,7/1/18,6/30/19,2019," $4,096,569 "," $4,461,671 "," 121,090 ",91.8%,  
UT,HOME,Comprehensive MCO,All populations,,HOME,7/1/18,6/30/19,2019," $11,818,314 "," $14,827,002 "," 14,400 ",85.1%,  
UT,HOME,Behavioral health only,All populations,,Salt Lake County,7/1/18,6/30/19,2019," $63,615,492 "," $64,479,424 "," 2,316,286 ",98.7%,  
UT,HOME,Behavioral health only,All populations,,Utah County Dept of Drug and Alcohol Prevention,7/1/18,6/30/19,2019," $1,728,523 "," $1,640,788 "," 524,590 ",105.3%,  
UT,HOME,Behavioral health only,All populations,,Wasatch Mental Health,7/1/18,6/30/19,2019," $23,590,339 "," $25,263,906 "," 536,909 ",93.4%,  
UT,Prepaid Mental Health Plans (PMHP),Behavioral health only,All populations,,Bear River Mental Health,7/1/18,6/30/19,2019," $9,243,134 "," $9,405,878 "," 192,805 ",98.3%,  
UT,Prepaid Mental Health Plans (PMHP),Behavioral health only,All populations,,Davis Behavioral Health,7/1/18,6/30/19,2019," $12,457,507 "," $12,881,501 "," 519,062 ",96.7%,  
UT,Prepaid Mental Health Plans (PMHP),Behavioral health only,All populations,,Northeastern Counseling Center,7/1/18,6/30/19,2019," $4,660,925 "," $5,239,100 "," 243,011 ",89.0%,  
UT,Prepaid Mental Health Plans (PMHP),Behavioral health only,All populations,,Southwest Behavioral Health,7/1/18,6/30/19,2019," $11,180,871 "," $11,490,265 "," 596,538 ",97.3%,  
UT,Prepaid Mental Health Plans (PMHP),Behavioral health only,All populations,,Valley Behavioral Health,7/1/18,6/30/19,2019," $4,606,736 "," $4,470,208 "," 177,799 ",103.1%,  
UT,Prepaid Mental Health Plans (PMHP),Behavioral health only,All populations,,Weber Human Services ,7/1/18,6/30/19,2019," $13,983,428 "," $15,445,457 "," 611,638 ",90.5%,  
UT,Accountable Care Organizations,Comprehensive MCO,All populations,,Health Choice Utah ,1/1/19,12/31/19,2019," $59,502,939 "," $64,455,834 "," 225,223 ",93.7%,  
UT,Accountable Care Organizations,Comprehensive MCO,All populations,,Healthy U,1/1/19,12/31/19,2019," $201,915,045 "," $202,616,957 "," 594,005 ",99.7%,  
UT,Accountable Care Organizations,Comprehensive MCO,All populations,,Molina,1/1/19,12/31/19,2019," $139,233,939 "," $170,390,671 "," 716,486 ",81.7%,  
UT,Accountable Care Organizations,Comprehensive MCO,All populations,,SelectHealth Community Care,1/1/19,12/31/19,2019," $307,649,543 "," $335,321,883 "," 1,099,563 ",91.8%,  
UT,ACO,Comprehensive MCO,All populations,,Health Choice Utah ,7/1/19,6/30/20,2020," $57,181,810 "," $65,819,031 "," 221,623 ",88.3%,  
UT,ACO,Comprehensive MCO,All populations,,Healthy U ,7/1/19,6/30/20,2020," $193,259,564 "," $202,340,346 "," 590,785 ",95.5%,  
UT,ACO,Comprehensive MCO,All populations,,Molina,7/1/19,6/30/20,2020," $130,591,337 "," $156,121,385 "," 651,605 ",83.6%,  
UT,ACO,Comprehensive MCO,All populations,,SelectHealth Community Care,7/1/19,6/30/20,2020," $316,909,519 "," $337,962,648 "," 1,071,419 ",93.8%,  
UT,Dental,Dental only,All populations,,MCNA,7/1/19,6/30/20,2020," $14,600,361 "," $19,216,233 "," 777,666 ",76.0%,  
UT,Dental,Dental only,All populations,,Premier Access,7/1/19,6/30/20,2020," $32,086,398 "," $39,620,114 "," 1,594,600 ",81.0%,  
UT,PMHP,Behavioral health only,All populations,,Bear River Mental Health,7/1/19,6/30/20,2020," $8,542,710 "," $9,734,609 "," 181,440 ",87.7%,  
UT,PMHP,Behavioral health only,All populations,,Central Utah Counseling Center,7/1/19,6/30/20,2020," $4,087,687 "," $4,576,261 "," 205,087 ",89.3%,  
UT,PMHP,Behavioral health only,All populations,,Davis Behavioral Health,7/1/19,6/30/20,2020," $12,981,174 "," $12,987,458 "," 497,077 ",100.0%,  
UT,PMHP,Behavioral health only,All populations,,Four Corners Community Behavioral Health,7/1/19,6/30/20,2020," $3,809,341 "," $4,375,353 "," 117,063 ",87.1%,  
UT,PMHP,Behavioral health only,All populations,,Northeastern Counseling Center,7/1/19,6/30/20,2020," $4,186,742 "," $5,143,939 "," 246,495 ",81.4%,  
UT,PMHP,Behavioral health only,All populations,,Salt Lake County,7/1/19,6/30/20,2020," $54,618,604 "," $70,807,368 "," 2,228,701 ",77.1%,  
UT,PMHP,Behavioral health only,All populations,,Southwest Behavioral Health,7/1/19,6/30/20,2020," $11,093,360 "," $12,235,184 "," 576,986 ",90.7%,  
UT,PMHP,Behavioral health only,All populations,,Utah County Dept of Drug and Alcohol Prevention,7/1/19,6/30/20,2020," $1,725,793 "," $1,712,666 "," 511,202 ",100.8%,  
UT,PMHP,Behavioral health only,All populations,,Valley Behavioral Health,7/1/19,6/30/20,2020," $3,211,872 "," $3,909,048 "," 143,396 ",82.2%,  
UT,PMHP,Behavioral health only,All populations,,Wasatch Behavioral Health,7/1/19,6/30/20,2020," $23,801,585 "," $25,863,746 "," 510,903 ",92.0%,  
UT,PMHP,Behavioral health only,All populations,,Weber Human Services ,7/1/19,6/30/20,2020," $10,993,755 "," $16,022,155 "," 590,520 ",68.6%,  
UT,UNI Home,Comprehensive MCO,All populations,,HOME,7/1/19,6/30/20,2020," $12,250,398 "," $14,648,060 "," 14,478 ",89.0%,  
UT,ACO,Comprehensive MCO,All Populations,,Health Choice Utah,7/1/20,6/30/21,2021," $96,346,745 "," $111,846,769 "," 290,041 ",87.3%,
UT,ACO,Comprehensive MCO,All Populations,,Healthy U,7/1/20,6/30/21,2021," $300,784,411 "," $343,895,684 "," 713,076 ",87.5%,
UT,ACO,Comprehensive MCO,All Populations,,Molina,7/1/20,6/30/21,2021," $250,174,657 "," $290,941,218 "," 802,423 ",86.0%,
UT,ACO,Comprehensive MCO,All Populations,,SelectHealth Community Care,7/1/20,6/30/21,2021," $447,729,120 "," $489,165,320 "," 1,103,396 ",91.5%,
UT,Dental,Dental Only,All Populations,,MCNA,7/1/20,6/30/21,2021," $15,864,317 "," $21,719,926 "," 835,734 ",73.0%,
UT,Dental,Dental Only,All Populations,,Premier Access,7/1/20,6/30/21,2021," $34,265,032 "," $44,830,974 "," 1,796,572 ",76.4%,
UT,MCO,Comprehensive MCO,All Populations,,HOME,7/1/20,6/30/21,2021," $11,180,250 "," $15,195,585 "," 15,225 ",78.8%,
UT,PMHP,Behavioral Health Only,All Populations,,Bear River Mental Health,7/1/20,6/30/21,2021," $11,217,121 "," $12,975,788 "," 256,865 ",87.7%,
UT,PMHP,Behavioral Health Only,All Populations,,Central Utah Counseling Center,7/1/20,6/30/21,2021," $5,415,126 "," $6,605,537 "," 293,972 ",83.2%,
UT,PMHP,Behavioral Health Only,All Populations,,Davis Behavioral Health,7/1/20,6/30/21,2021," $12,836,863 "," $14,657,986 "," 582,229 ",87.6%,
UT,PMHP,Behavioral Health Only,All Populations,,Four Corners Community Health,7/1/20,6/30/21,2021," $5,437,497 "," $6,300,282 "," 173,218 ",87.9%,
UT,PMHP,Behavioral Health Only,All Populations,,Healthy U Behavioral,7/1/20,6/30/21,2021," $1,012,754 "," $1,339,590 "," 46,026 ",78.5%,
UT,PMHP,Behavioral Health Only,All Populations,,Northeastern Counseling Center,7/1/20,6/30/21,2021," $6,450,449 "," $7,632,023 "," 381,463 ",84.5%,
UT,PMHP,Behavioral Health Only,All Populations,,Salt Lake County,7/1/20,6/30/21,2021," $59,638,975 "," $70,450,897 "," 2,586,055 ",84.7%,
UT,PMHP,Behavioral Health Only,All Populations,,Southwest Behavioral Health,7/1/20,6/30/21,2021," $13,466,444 "," $15,327,981 "," 752,074 ",87.9%,
UT,PMHP,Behavioral Health Only,All Populations,,Tooele Optum,7/1/20,6/30/21,2021," $2,649,466 "," $3,412,270 "," 115,314 ",79.5%,
UT,PMHP,Behavioral Health Only,All Populations,,Valley Behavioral Health,7/1/20,6/30/21,2021," $1,289,860 "," $1,754,315 "," 63,106 ",76.1%,
UT,PMHP,Behavioral Health Only,All Populations,,Wasatch Behavioral Health,7/1/20,6/30/21,2021," $27,101,909 "," $30,607,491 "," 1,238,136 ",88.5%,
UT,PMHP,Behavioral Health Only,All Populations,,Weber Human Services,7/1/20,6/30/21,2021," $10,414,822 "," $17,104,121 "," 680,436 ",60.9%,
UT,UMIC,Comprehensive MCO,All Populations,,Health Choice Utah,7/1/20,6/30/21,2021," $48,750,091 "," $54,768,983 "," 97,997 ",91.0%,
UT,UMIC,Comprehensive MCO,All Populations,,Healthy U,7/1/20,6/30/21,2021," $83,192,201 "," $93,234,188 "," 140,023 ",91.0%,
UT,UMIC,Comprehensive MCO,All Populations,,Molina,7/1/20,6/30/21,2021," $59,608,476 "," $66,876,874 "," 121,281 ",91.0%,
UT,UMIC,Comprehensive MCO,All Populations,,SelectHealth Community Care,7/1/20,6/30/21,2021," $121,823,615 "," $135,966,213 "," 229,016 ",91.0%,
UT,ACO,Comprehensive MCO,All Populations,,Health Choice Utah,7/1/21,6/30/22,2022," $116,937,467 "," $130,363,953 "," 346,273 ",90.8%,
UT,ACO,Comprehensive MCO,All Populations,,Healthy U,7/1/21,6/30/22,2022," $311,394,936 "," $361,757,119 "," 800,814 ",86.1%,
UT,ACO,Comprehensive MCO,All Populations,,Molina,7/1/21,6/30/22,2022," $236,041,892 "," $284,771,035 "," 903,793 ",82.9%,
UT,ACO,Comprehensive MCO,All Populations,,SelectHealth Community Care,7/1/21,6/30/22,2022," $537,785,959 "," $584,389,146 "," 1,545,580 ",92.0%,
UT,Dental,Dental Only,All Populations,,MCNA ,7/1/21,6/30/22,2022," $14,571,225 "," $21,679,075 "," 825,492 ",67.2%,
UT,Dental,Dental Only,All Populations,,Premier Access,7/1/21,6/30/22,2022," $33,906,761 "," $48,214,788 "," 1,875,382 ",70.3%,
UT,MCO,Comprehensive MCO,All Populations,,HOME,7/1/21,6/30/22,2022," $11,557,434 "," $16,083,503 "," 16,442 ",77.0%,
UT,PMHP,PIHP,All Populations,,Bear River Mental Health,7/1/21,6/30/22,2022," $13,371,698 "," $15,198,788 "," 298,296 ",89.5%,
UT,PMHP,PIHP,All Populations,,Central Utah Counseling Center,7/1/21,6/30/22,2022," $6,905,095 "," $8,319,684 "," 339,124 ",84.5%,
UT,PMHP,PIHP,All Populations,,Davis Behavioral Health,7/1/21,6/30/22,2022," $15,311,752 "," $16,722,219 "," 640,054 ",91.6%,
UT,PMHP,PIHP,All Populations,,Four Corners Community Behavioral Health,7/1/21,6/30/22,2022," $6,502,321 "," $8,136,403 "," 201,383 ",81.4%,
UT,PMHP,PIHP,All Populations,,Healthy U Behavioral,7/1/21,6/30/22,2022," $7,500,713 "," $10,109,650 "," 443,440 ",74.2%,
UT,PMHP,PIHP,All Populations,,Northeastern Counseling Center,7/1/21,6/30/22,2022," $64,886,971 "," $80,580,942 "," 2,851,086 ",80.5%,
UT,PMHP,PIHP,All Populations,,Salt Lake County,7/1/21,6/30/22,2022," $16,491,536 "," $20,545,593 "," 848,500 ",80.3%,
UT,PMHP,PIHP,All Populations,,Southwest Behavioral Health,7/1/21,6/30/22,2022," $898,782 "," $1,516,721 "," 53,159 ",62.2%,
UT,PMHP,PIHP,All Populations,,Tooele Optum,7/1/21,6/30/22,2022," $4,756,888 "," $6,708,589 "," 243,045 ",72.9%,
UT,PMHP,PIHP,All Populations,,Wasatch Behavioral Health,7/1/21,6/30/22,2022," $29,157,402 "," $34,241,266 "," 1,386,336 ",85.2%,
UT,PMHP,PIHP,All Populations,,Weber Human Services,7/1/21,6/30/22,2022," $16,322,260 "," $18,843,977 "," 717,748 ",86.6%,
UT,UMIC,Comprehensive MCO,All Populations,,Health Choice Utah,7/1/21,6/30/22,2022," $68,172,973 "," $92,376,781 "," 136,625 ",75.6%,
UT,UMIC,Comprehensive MCO,All Populations,,Healthy U,7/1/21,6/30/22,2022," $105,134,679 "," $132,375,453 "," 203,056 ",80.9%,
UT,UMIC,Comprehensive MCO,All Populations,,Molina,7/1/21,6/30/22,2022," $74,152,662 "," $110,698,246 "," 178,060 ",68.6%,
UT,UMIC,Comprehensive MCO,All Populations,,SelectHealth Community Care,7/1/21,6/30/22,2022," $163,127,468 "," $213,596,995 "," 351,688 ",77.5%,
VA,CCCP,Comprehensive MCO,All populations,,Aetna,8/1/17,12/31/17,2017," $74,669,196 "," $85,274,991 "," 121,800 ",89.5%, $-   
VA,CCCP,Comprehensive MCO,All populations,,Anthem,8/1/17,12/31/17,2017," $144,672,035 "," $144,168,167 "," 181,555 ",101.9%, $-   
VA,CCCP,Comprehensive MCO,All populations,,Magellan,8/1/17,12/31/17,2017," $73,386,426 "," $73,837,967 "," 93,881 ",101.4%, $-   
VA,CCCP,Comprehensive MCO,All populations,,Optima,8/1/17,12/31/17,2017," $101,245,036 "," $99,637,494 "," 129,314 ",103.4%, $-   
VA,CCCP,Comprehensive MCO,All populations,,United,8/1/17,12/31/17,2017," $47,449,160 "," $53,482,008 "," 86,393 ",90.9%, $-   
VA,CCCP,Comprehensive MCO,All populations,,Virginia Premier,8/1/17,12/31/17,2017," $105,228,210 "," $97,925,205 "," 129,828 ",109.3%, $-   
VA,Medallion 3.0,Comprehensive MCO,All populations,,Aetna Better Health of VA,7/1/17,11/30/18,2018," $138,736,040 "," $169,039,881 "," 476,867 ",82.1%," $4,947,859 "
VA,Medallion 3.0,Comprehensive MCO,All populations,,"Anthem HealthKeeper's, Inc.",7/1/17,11/30/18,2018," $941,854,361 "," $1,075,943,816 "," 2,632,361 ",87.5%, $-   
VA,Medallion 3.0,Comprehensive MCO,All populations,,Kaiser Foundation Health Plan of the Mid-Atlantic States,7/1/17,11/30/18,2018," $26,147,900 "," $31,669,171 "," 32,628 ",86.2%, $-   
VA,Medallion 3.0,Comprehensive MCO,All populations,,Optima Health,7/1/17,11/30/18,2018," $613,396,532 "," $691,486,726 "," 1,573,799 ",88.7%, $-   
VA,Medallion 3.0,Comprehensive MCO,All populations,,"United Healthcare of The Mid-Atlantic, Inc.",7/1/17,11/30/18,2018," $126,588,526 "," $148,821,249 "," 685,123 ",85.1%, $-   
VA,Medallion 3.0,Comprehensive MCO,All populations,,Virginia Premier,7/1/17,11/30/18,2018," $745,452,278 "," $876,812,834 "," 1,970,117 ",85.0%, $-   
VA,CCC Plus,Comprehensive MCO + MLTSS,All populations,,Aetna Better Health of VA,1/1/18,12/31/18,2018," $575,835,733 "," $456,661,399 "," 368,344 ",127.1%, $-   
VA,CCC Plus,Comprehensive MCO + MLTSS,All populations,,"Anthem HealthKeeper's, Inc.",1/1/18,12/31/18,2018," $1,244,799,247 "," $1,237,332,939 "," 713,500 ",100.6%, $-   
VA,CCC Plus,Comprehensive MCO + MLTSS,All populations,,Magellan Complete Care of VA,1/1/18,12/31/18,2018," $458,853,999 "," $447,447,806 "," 268,384 ",103.8%, $-   
VA,CCC Plus,Comprehensive MCO + MLTSS,All populations,,Optima Health,1/1/18,12/31/18,2018," $704,017,008 "," $707,992,444 "," 409,888 ",99.4%, $-   
VA,CCC Plus,Comprehensive MCO + MLTSS,All populations,,"United Healthcare of The Mid-Atlantic, Inc.",1/1/18,12/31/18,2018," $432,223,986 "," $437,859,068 "," 284,798 ",100.0%, $-   
VA,CCC Plus,Comprehensive MCO + MLTSS,All populations,,Virginia Premier,1/1/18,12/31/18,2018," $762,586,483 "," $796,313,373 "," 495,970 ",95.8%, $-   
VA,Medallion 4.0,Comprehensive MCO,All populations,,Aetna,8/1/18,6/30/19,2019," $153,079,815 "," $172,067,583 "," 379,774 ",90.0%, $-   
VA,Medallion 4.0,Comprehensive MCO,All populations,,Anthem,8/1/18,6/30/19,2019," $618,697,030 "," $694,909,765 "," 2,718,658 ",89.0%, $-   
VA,Medallion 4.0,Comprehensive MCO,All populations,,Magellan,8/1/18,6/30/19,2019," $72,433,105 "," $86,449,744 "," 311,319 ",85.0%," $11,781 "
VA,Medallion 4.0,Comprehensive MCO,All populations,,Optima,8/1/18,6/30/19,2019," $435,338,472 "," $462,541,023 "," 1,599,040 ",94.1%, $-   
VA,Medallion 4.0,Comprehensive MCO,All populations,,United,8/1/18,6/30/19,2019," $136,685,554 "," $155,550,886 "," 689,083 ",87.9%, $-   
VA,Medallion 4.0,Comprehensive MCO,All populations,,Virginia Premier,8/1/18,6/30/19,2019," $382,793,000 "," $411,369,000 "," 1,131,594 ",93.1%, $-   
VA,CCCP,Comprehensive MCO + MLTSS,All populations,,Aetna,1/1/19,12/31/19,2019," $605,373,047 "," $632,824,601 "," 380,125 ",95.7%, $-   
VA,CCCP,Comprehensive MCO + MLTSS,All populations,,Anthem,1/1/19,12/31/19,2019," $1,279,165,209 "," $1,348,009,403 "," 731,357 ",94.9%, $-   
VA,CCCP,Comprehensive MCO + MLTSS,Group VIII expansion adult only ,,Anthem,1/1/19,12/31/19,2019," $103,193,990 "," $113,456,924 "," 70,376 ",93.5%, $-   
VA,CCCP,Comprehensive MCO + MLTSS,All populations,,Magellan,1/1/19,12/31/19,2019," $446,898,999 "," $456,475,031 "," 256,816 ",99.2%, $-   
VA,CCCP,Comprehensive MCO + MLTSS,Group VIII expansion adult only ,,Magellan,1/1/19,12/31/19,2019," $50,701,193 "," $55,318,317 "," 36,780 ",95.1%, $-   
VA,CCCP,Comprehensive MCO + MLTSS,All populations,,Optima,1/1/19,12/31/19,2019," $784,483,450 "," $770,512,835 "," 416,889 ",101.8%, $-   
VA,CCCP,Comprehensive MCO + MLTSS,Group VIII expansion adult only ,,Optima,1/1/19,12/31/19,2019," $74,576,377 "," $88,414,458 "," 52,188 ",87.1%, $-   
VA,CCCP,Comprehensive MCO + MLTSS,All populations,,United,1/1/19,12/31/19,2019," $468,826,161 "," $497,517,003 "," 294,101 ",95.4%, $-   
VA,CCCP,Comprehensive MCO + MLTSS,Group VIII expansion adult only ,,United,1/1/19,12/31/19,2019," $51,637,478 "," $58,701,685 "," 37,802 ",91.4%, $-   
VA,CCCP,Comprehensive MCO + MLTSS,All populations,,Virginia Premier,1/1/19,12/31/19,2019," $842,299,000 "," $882,269,000 "," 505,583 ",95.5%, $-   
VA,CCCP,Comprehensive MCO + MLTSS,Group VIII expansion adult only ,,Virginia Premier,1/1/19,12/31/19,2019," $96,492,000 "," $100,514,000 "," 57,112 ",96.0%, $-   
VA,CCCP,Comprehensive MCO + MLTSS,Group VIII expansion adult only ,,Aetna,1/1/20,6/30/20,2020," $40,857,729 "," $53,915,079 "," 56,484 ",78.5%,  
VA,CCCP,Comprehensive MCO + MLTSS,"Other, specify",All other members,Aetna,1/1/20,6/30/20,2020," $299,383,866 "," $330,871,913 "," 392,698 ",90.5%, $-   
VA,CCCP,Comprehensive MCO + MLTSS,Group VIII expansion adult only ,,Anthem,1/1/20,6/30/20,2020," $81,581,444 "," $95,545,166 "," 108,590 ",87.3%,  
VA,CCCP,Comprehensive MCO + MLTSS,"Other, specify",All other members,Anthem,1/1/20,6/30/20,2020," $599,167,908 "," $690,822,016 "," 728,670 ",86.7%, $-   
VA,CCCP,Comprehensive MCO + MLTSS,Group VIII expansion adult only ,,Magellan,1/1/20,6/30/20,2020," $42,229,577 "," $45,129,771 "," 37,140 ",97.0%,  
VA,CCCP,Comprehensive MCO + MLTSS,"Other, specify",All other members,Magellan,1/1/20,6/30/20,2020," $216,920,572 "," $237,662,243 "," 244,870 ",92.7%, $-   
VA,CCCP,Comprehensive MCO + MLTSS,Group VIII expansion adult only ,,Optima,1/1/20,6/30/20,2020," $54,302,561 "," $55,358,508 "," 60,272 ",100.8%,  
VA,CCCP,Comprehensive MCO + MLTSS,"Other, specify",All other members,Optima,1/1/20,6/30/20,2020," $396,873,393 "," $420,030,951 "," 429,470 ",94.5%, $-   
VA,CCCP,Comprehensive MCO + MLTSS,Group VIII expansion adult only ,,United,1/1/20,6/30/20,2020," $31,840,363 "," $31,939,363 "," 19,168 ",103.0%,  
VA,CCCP,Comprehensive MCO + MLTSS,"Other, specify",All other members,United,1/1/20,6/30/20,2020," $236,889,800 "," $260,686,770 "," 150,108 ",92.1%, $-   
VA,CCCP,Comprehensive MCO + MLTSS,Group VIII expansion adult only ,,Virginia Premier,1/1/20,6/30/20,2020," $63,733,636 "," $65,197,150 "," 70,320 ",100.3%,  
VA,CCCP,Comprehensive MCO + MLTSS,"Other, specify",All other members,Virginia Premier,1/1/20,6/30/20,2020," $414,464,743 "," $467,842,614 "," 498,526 ",88.6%, $-   
VA,Medallion 4.0,Comprehensive MCO,Group VIII expansion adult only ,,Aetna,7/1/19,6/30/20,2020," $343,564,662 "," $376,366,723 "," 678,384 ",91.3%,  
VA,Medallion 4.0,Comprehensive MCO,"Other, specify",All other members,Aetna,7/1/19,6/30/20,2020," $227,285,686 "," $272,092,689 "," 909,141 ",83.5%," $4,081,390 "
VA,Medallion 4.0,Comprehensive MCO,Group VIII expansion adult only ,,Anthem,7/1/19,6/30/20,2020," $361,885,428 "," $436,615,995 "," 882,330 ",82.9%,  
VA,Medallion 4.0,Comprehensive MCO,"Other, specify",All other members,Anthem,7/1/19,6/30/20,2020," $735,297,142 "," $886,541,483 "," 3,213,304 ",82.9%," $18,617,371 "
VA,Medallion 4.0,Comprehensive MCO,Group VIII expansion adult only ,,Magellan,7/1/19,6/30/20,2020," $198,597,451 "," $217,454,894 "," 355,396 ",92.4%,  
VA,Medallion 4.0,Comprehensive MCO,"Other, specify",All other members,Magellan,7/1/19,6/30/20,2020," $123,334,938 "," $145,923,183 "," 418,871 ",84.5%," $729,616 "
VA,Medallion 4.0,Comprehensive MCO,Group VIII expansion adult only ,,Optima,7/1/19,6/30/20,2020," $330,495,979 "," $366,321,047 "," 680,890 ",90.2%,  
VA,Medallion 4.0,Comprehensive MCO,"Other, specify",All other members,Optima,7/1/19,6/30/20,2020," $552,612,990 "," $613,068,995 "," 1,994,105 ",90.1%, $-   
VA,Medallion 4.0,Comprehensive MCO,Group VIII expansion adult only ,,United,7/1/19,6/30/20,2020," $192,683,368 "," $216,674,068 "," 402,476 ",88.9%,  
VA,Medallion 4.0,Comprehensive MCO,"Other, specify",All other members,United,7/1/19,6/30/20,2020," $179,763,257 "," $210,548,070 "," 864,853 ",85.4%, $-   
VA,Medallion 4.0,Comprehensive MCO,Group VIII expansion adult only ,,Virginia Premier,7/1/19,6/30/20,2020," $323,593,656 "," $385,403,010 "," 707,669 ",84.0%,  
VA,Medallion 4.0,Comprehensive MCO,"Other, specify",All other members,Virginia Premier,7/1/19,6/30/20,2020," $537,309,467 "," $626,369,650 "," 2,053,644 ",85.8%, $-   
VA,Commonwealth Coordinated Care Plus,Comprehensive MCO + MLTSS,Group VIII Expansion Adult Only ,,Aetna Better Health,7/1/20,6/30/21,2021," $103,896,267 "," $136,383,290 "," 70,649 ",78.7%,
VA,Commonwealth Coordinated Care Plus,Comprehensive MCO + MLTSS,"Other, specify",Medicaid Non-ACA Expansion,Aetna Better Health,7/1/20,6/30/21,2021," $621,060,243 "," $735,904,520 "," 412,501 ",84.4%," $4,415,427 "
VA,Commonwealth Coordinated Care Plus,Comprehensive MCO + MLTSS,Group VIII Expansion Adult Only ,,"Anthem Healthkeepers, Inc.",7/1/20,6/30/21,2021," $233,762,156 "," $276,893,772 "," 149,428 ",86.1%,
VA,Commonwealth Coordinated Care Plus,Comprehensive MCO + MLTSS,"Other, specify",Medicaid Non-ACA Expansion,"Anthem Healthkeepers, Inc.",7/1/20,6/30/21,2021," $1,337,013,285 "," $1,574,450,837 "," 749,738 ",84.9%," $1,574,451 "
VA,Commonwealth Coordinated Care Plus,Comprehensive MCO + MLTSS,Group VIII Expansion Adult Only ,,Molina Complete Care of VA,7/1/20,6/30/21,2021," $114,989,523 "," $123,671,466 "," 53,251 ",95.8%,
VA,Commonwealth Coordinated Care Plus,Comprehensive MCO + MLTSS,"Other, specify",Medicaid Non-ACA Expansion,Molina Complete Care of VA,7/1/20,6/30/21,2021," $439,643,636 "," $512,782,162 "," 250,767 ",87.0%,
VA,Commonwealth Coordinated Care Plus,Comprehensive MCO + MLTSS,Group VIII Expansion Adult Only ,,Optima Health Plan,7/1/20,6/30/21,2021," $144,049,116 "," $158,979,422 "," 83,642 ",92.8%,
VA,Commonwealth Coordinated Care Plus,Comprehensive MCO + MLTSS,"Other, specify",Medicaid Non-ACA Expansion,Optima Health Plan,7/1/20,6/30/21,2021," $899,361,626 "," $1,011,634,308 "," 438,290 ",88.9%,
VA,Commonwealth Coordinated Care Plus,Comprehensive MCO + MLTSS,Group VIII Expansion Adult Only ,,United Healthcare,7/1/20,6/30/21,2021," $101,548,370 "," $125,918,694 "," 53,386 ",83.4%,
VA,Commonwealth Coordinated Care Plus,Comprehensive MCO + MLTSS,"Other, specify",Medicaid Non-ACA Expansion,United Healthcare,7/1/20,6/30/21,2021," $518,427,359 "," $635,077,567 "," 324,749 ",82.7%," $14,606,784 "
VA,Commonwealth Coordinated Care Plus,Comprehensive MCO + MLTSS,Group VIII Expansion Adult Only ,,Virginia Premier Health Plan,7/1/20,6/30/21,2021," $162,835,628 "," $191,595,147 "," 81,712 ",87.3%,
VA,Commonwealth Coordinated Care Plus,Comprehensive MCO + MLTSS,"Other, specify",Medicaid Non-ACA Expansion,Virginia Premier Health Plan,7/1/20,6/30/21,2021," $914,211,885 "," $1,066,138,655 "," 500,694 ",85.7%,
VA,Medallion 4.0,Comprehensive MCO,Group VIII Expansion Adult Only ,,Aetna Better Health,7/1/20,6/30/21,2021," $426,724,340 "," $498,714,140 "," 944,303 ",85.6%,
VA,Medallion 4.0,Comprehensive MCO,"Other, specify",Medicaid Non-ACA Expansion,Aetna Better Health,7/1/20,6/30/21,2021," $260,063,675 "," $320,622,296 "," 1,127,996 ",81.1%," $12,504,270 "
VA,Medallion 4.0,Comprehensive MCO,Group VIII Expansion Adult Only ,,"Anthem Healthkeepers, Inc.",7/1/20,6/30/21,2021," $479,891,708 "," $604,047,475 "," 1,258,468 ",79.4%,
VA,Medallion 4.0,Comprehensive MCO,"Other, specify",Medicaid Non-ACA Expansion,"Anthem Healthkeepers, Inc.",7/1/20,6/30/21,2021," $890,211,168 "," $1,095,907,652 "," 3,597,321 ",81.2%," $41,644,491 "
VA,Medallion 4.0,Comprehensive MCO,Group VIII Expansion Adult Only ,,Molina Complete Care of VA,7/1/20,6/30/21,2021," $265,902,755 "," $287,962,234 "," 488,018 ",92.3%,
VA,Medallion 4.0,Comprehensive MCO,"Other, specify",Medicaid Non-ACA Expansion,Molina Complete Care of VA,7/1/20,6/30/21,2021," $147,166,748 "," $173,779,099 "," 513,315 ",84.7%," $521,337 "
VA,Medallion 4.0,Comprehensive MCO,Group VIII Expansion Adult Only ,,Optima Health Plan,7/1/20,6/30/21,2021," $544,350,412 "," $575,113,630 "," 929,021 ",94.7%,
VA,Medallion 4.0,Comprehensive MCO,"Other, specify",Medicaid Non-ACA Expansion,Optima Health Plan,7/1/20,6/30/21,2021," $647,687,334 "," $761,807,777 "," 2,195,568 ",85.0%, $-   
VA,Medallion 4.0,Comprehensive MCO,Group VIII Expansion Adult Only ,,United Healthcare,7/1/20,6/30/21,2021," $301,473,531 "," $366,581,148 "," 579,356 ",82.2%,
VA,Medallion 4.0,Comprehensive MCO,"Other, specify",Medicaid Non-ACA Expansion,United Healthcare,7/1/20,6/30/21,2021," $209,391,343 "," $274,624,678 "," 991,737 ",76.2%," $24,166,972 "
VA,Medallion 4.0,Comprehensive MCO,Group VIII Expansion Adult Only ,,Virginia Premier Health Plan,7/1/20,6/30/21,2021," $539,683,031 "," $589,533,546 "," 948,734 ",91.5%,
VA,Medallion 4.0,Comprehensive MCO,"Other, specify",Medicaid Non-ACA Expansion,Virginia Premier Health Plan,7/1/20,6/30/21,2021," $625,295,921 "," $770,311,795 "," 2,248,092 ",81.2%," $29,271,848 "
VA,Commonwealth Coordinated Care Plus,Comprehensive MCO + MLTSS,"Other, specify",Medicaid Non-ACA Expansion,Aetna Better Health,7/1/21,6/30/22,2022," $776,037,332 "," $881,984,139 "," 445,151 ",88.0%, $-   
VA,Commonwealth Coordinated Care Plus,Comprehensive MCO + MLTSS,"Other, specify",Medicaid Non-ACA Expansion,"Anthem Healthkeepers, Inc.",7/1/21,6/30/22,2022," $1,527,786,612 "," $1,781,643,100 "," 773,224 ",85.8%, $-   
VA,Commonwealth Coordinated Care Plus,Comprehensive MCO + MLTSS,"Other, specify",Medicaid Non-ACA Expansion,Molina Complete Care of VA,7/1/21,6/30/22,2022," $451,129,083 "," $529,705,051 "," 247,848 ",86.6%, $-   
VA,Commonwealth Coordinated Care Plus,Comprehensive MCO + MLTSS,"Other, specify",Medicaid Non-ACA Expansion,Optima Health Plan,7/1/21,6/30/22,2022," $913,060,134 "," $1,049,790,883 "," 438,577 ",87.0%, $-   
VA,Commonwealth Coordinated Care Plus,Comprehensive MCO + MLTSS,"Other, specify",Medicaid Non-ACA Expansion,United Healthcare,7/1/21,6/30/22,2022," $609,644,768 "," $728,117,416 "," 362,067 ",84.7%," $2,184,352 "
VA,Commonwealth Coordinated Care Plus,Comprehensive MCO + MLTSS,"Other, specify",Medicaid Non-ACA Expansion,Virginia Premier Health Plan,7/1/21,6/30/22,2022," $991,541,622 "," $1,143,449,915 "," 500,487 ",86.7%, $-   
VA,Medallion 4.0,Comprehensive MCO,"Other, specify",Medicaid Non-ACA Expansion,Aetna Better Health,7/1/21,6/30/22,2022," $393,928,276 "," $450,303,443 "," 1,281,738 ",87.5%, $-   
VA,Medallion 4.0,Comprehensive MCO,"Other, specify",Medicaid Non-ACA Expansion,"Anthem Healthkeepers, Inc.",7/1/21,6/30/22,2022," $1,096,445,824 "," $1,279,905,168 "," 3,878,843 ",85.7%, $-   
VA,Medallion 4.0,Comprehensive MCO,"Other, specify",Medicaid Non-ACA Expansion,Molina Complete Care of VA,7/1/21,6/30/22,2022," $171,384,092 "," $204,153,924 "," 591,681 ",83.9%," $2,245,693 "
VA,Medallion 4.0,Comprehensive MCO,"Other, specify",Medicaid Non-ACA Expansion,Optima Health Plan,7/1/21,6/30/22,2022," $716,622,378 "," $845,595,555 "," 2,354,624 ",84.7%," $2,536,787 "
VA,Medallion 4.0,Comprehensive MCO,"Other, specify",Medicaid Non-ACA Expansion,United Healthcare,7/1/21,6/30/22,2022," $285,514,959 "," $342,108,562 "," 1,123,569 ",83.5%," $5,131,628 "
VA,Medallion 4.0,Comprehensive MCO,"Other, specify",Medicaid Non-ACA Expansion,Virginia Premier Health Plan,7/1/21,6/30/22,2022," $747,435,460 "," $858,384,448 "," 2,358,045 ",87.1%, $-   
VT,Vermont Global Commitment,Other PIHP,All populations,,Department of Vermont Health Access (DVHA,1/1/18,12/31/18,2018," $1,469,367,768 "," $1,342,725,757 "," 2,057,895 ",109.0%, $-   
VT,Vermont Global Commitment,Other PIHP,All populations,,Department of Vermont Health Access (DVHA),1/1/19,12/31/19,2019," $1,489,938,817 "," $1,404,938,817 "," 1,953,598 ",106.0%, $-   
VT,Vermont Global Commitment,Other PIHP,All populations,,Department of Vermont Health Access (DVHA),1/1/20,12/31/20,2020," $1,523,894,541 "," $1,637,840,550 "," 2,031,455 ",93.0%, $-   
VT,Vermot Global Commitment,Comprehensive MCO + MLTSS,All Populations,,Department of Vermont Health Access,1/1/21,12/31/21,2021," $1,565,239,604 "," $1,713,558,239 "," 2,241,613 ",91.3%,
VT,Statewide,Other PIHP,All Populations,,Department of Vermont Health Access Global Commitment to Health ,1/1/22,12/31/22,2022," $1,788,314,517 "," $2,043,903,994 "," 2,346,694 ",87.5%,
WA,Washington State Integrated Community Mental Health Program (ICMH),Behavioral health only,All populations,,Great Rivers BHO,7/1/17,6/30/18,2018," $56,731,032 "," $58,515,079 "," 1,102,226 ",97.0%,  
WA,Washington State Integrated Community Mental Health Program (ICMH),Behavioral health only,All populations,,Greater Columbia Behavioral Health,7/1/17,6/30/18,2018," $88,301,665 "," $90,791,786 "," 2,842,769 ",97.0%,  
WA,Washington State Integrated Community Mental Health Program (ICMH),Behavioral health only,All populations,,King County BHO,7/1/17,6/30/18,2018," $215,300,324 "," $204,486,685 "," 4,613,758 ",105.0%,  
WA,Washington State Integrated Community Mental Health Program (ICMH),Behavioral health only,All populations,,North Central BHO,7/1/17,6/30/18,2018," $11,120,652 "," $11,008,838 "," 840,978 ",101.0%,  
WA,Washington State Integrated Community Mental Health Program (ICMH),Behavioral health only,All populations,,North Sound BHO,7/1/17,6/30/18,2018," $125,146,134 "," $122,002,454 "," 3,013,961 ",103.0%,  
WA,Washington State Integrated Community Mental Health Program (ICMH),Behavioral health only,All populations,,Optum-Pierce BHO,7/1/17,6/30/18,2018," $105,606,668 "," $104,964,975 "," 2,540,991 ",101.0%,  
WA,Washington State Integrated Community Mental Health Program (ICMH),Behavioral health only,All populations,,Salish BHO,7/1/17,6/30/18,2018," $41,099,722 "," $44,480,337 "," 896,908 ",92.0%,  
WA,Washington State Integrated Community Mental Health Program (ICMH),Behavioral health only,All populations,,Spokane County Regional Behavioral Health Organization,7/1/17,6/30/18,2018," $110,882,922 "," $112,107,824 "," 2,317,159 ",99.0%,  
WA,Washington State Integrated Community Mental Health Program (ICMH),Behavioral health only,All populations,,Thurston-Mason BHO,7/1/17,6/30/18,2018," $49,603,735 "," $47,042,423 "," 939,309 ",105.0%,  
WA,Apple Health FIFC,Comprehensive MCO,All populations,,Coordinated Care of Washington,1/1/18,12/31/18,2018," $54,772,071 "," $55,609,060 "," 285,914 ",99.8%, $-   
WA,Apple Health FIMC,Comprehensive MCO,All populations,,Amerigroup,1/1/18,12/31/18,2018," $11,178,201 "," $12,831,296 "," 66,131 ",87.1%, $-   
WA,Apple Health FIMC,Comprehensive MCO,All populations,,Community Health Plan of Washington,1/1/18,12/31/18,2018," $50,416,774 "," $53,004,310 "," 201,866 ",95.1%, $-   
WA,Apple Health FIMC,Comprehensive MCO,All populations,,Coordinated Care of Washington,1/1/18,12/31/18,2018," $34,135,723 "," $34,767,033 "," 199,317 ",99.7%, $-   
WA,Apple Health FIMC,Comprehensive MCO,All populations,,Molina Healthcare,1/1/18,12/31/18,2018," $369,452,409 "," $390,755,342 "," 1,693,824 ",94.6%, $-   
WA,Apple Health MC,Comprehensive MCO,All populations,,Amerigroup,1/1/18,12/31/18,2018," $410,466,421 "," $445,419,477 "," 1,681,802 ",92.2%, $-   
WA,Apple Health MC,Comprehensive MCO,All populations,,Community Health Plan of Washington,1/1/18,12/31/18,2018," $651,910,590 "," $685,355,749 "," 2,921,339 ",95.1%, $-   
WA,Apple Health MC,Comprehensive MCO,All populations,,Coordinated Care of Washington,1/1/18,12/31/18,2018," $417,530,256 "," $430,704,429 "," 1,920,047 ",96.9%, $-   
WA,Apple Health MC,Comprehensive MCO,All populations,,Molina Healthcare,1/1/18,12/31/18,2018," $1,467,887,797 "," $1,644,282,293 "," 7,246,319 ",89.3%, $-   
WA,Apple Health MC,Comprehensive MCO,All populations,,United Healthcare,1/1/18,12/31/18,2018," $603,967,140 "," $663,689,199 "," 2,584,374 ",91.0%, $-   
WA,Washington State Integrated Community Mental Health Program (ICMH),Behavioral health only,All populations,,Great Rivers BHO,7/1/18,6/30/19,2019," $62,946,211 "," $68,252,756 "," 1,122,610 ",92.2%,  
WA,Washington State Integrated Community Mental Health Program (ICMH),Behavioral health only,All populations,,Greater Columbia Behavioral Health,7/1/18,6/30/19,2019," $54,226,278 "," $53,531,601 "," 2,869,070 ",101.3%,  
WA,Washington State Integrated Community Mental Health Program (ICMH),Behavioral health only,All populations,,King BHO,7/1/18,6/30/19,2019," $126,071,645 "," $121,516,008 "," 4,889,673 ",103.7%,  
WA,Washington State Integrated Community Mental Health Program (ICMH),Behavioral health only,All populations,,North Sound BHO,7/1/18,6/30/19,2019," $154,838,014 "," $142,484,717 "," 3,148,416 ",108.7%,  
WA,Washington State Integrated Community Mental Health Program (ICMH),Behavioral health only,All populations,,Optum Pierce BHO,7/1/18,6/30/19,2019," $69,014,660 "," $61,179,424 "," 2,624,603 ",112.8%,  
WA,Washington State Integrated Community Mental Health Program (ICMH),Behavioral health only,All populations,,Salish BHO,7/1/18,6/30/19,2019," $53,890,808 "," $55,246,425 "," 962,610 ",97.5%,  
WA,Washington State Integrated Community Mental Health Program (ICMH),Behavioral health only,All populations,,Spokane BHO,7/1/18,6/30/19,2019," $74,553,311 "," $68,700,506 "," 2,337,427 ",108.5%,  
WA,Washington State Integrated Community Mental Health Program (ICMH),Behavioral health only,All populations,,Thurston-Mason BHO,7/1/18,6/30/19,2019," $54,014,988 "," $46,553,359 "," 1,025,229 ",116.0%,  
WA,Apple Health FIFC,Comprehensive MCO,All populations,,Coordinated Care of Washington,1/1/19,12/31/19,2019," $100,846,529 "," $102,063,072 "," 289,017 ",100.1%, $-   
WA,Apple Health FIMC,Comprehensive MCO,All populations,,Amerigroup,1/1/19,12/31/19,2019," $437,077,580 "," $486,540,415 "," 1,850,682 ",89.8%, $-   
WA,Apple Health FIMC,Comprehensive MCO,All populations,,Community Health Plan of Washington,1/1/19,12/31/19,2019," $558,584,482 "," $590,019,389 "," 2,390,787 ",94.7%, $-   
WA,Apple Health FIMC,Comprehensive MCO,All populations,,Coordinated Care of Washington,1/1/19,12/31/19,2019," $434,085,733 "," $469,483,566 "," 1,854,034 ",92.5%, $-   
WA,Apple Health FIMC,Comprehensive MCO,All populations,,Molina Healthcare,1/1/19,12/31/19,2019," $1,754,301,545 "," $1,939,938,933 "," 7,688,378 ",90.4%, $-   
WA,Apple Health FIMC,Comprehensive MCO,All populations,,United Healthcare,1/1/19,12/31/19,2019," $416,220,364 "," $468,020,592 "," 1,619,076 ",88.9%, $-   
WA,Apple Health MC,Comprehensive MCO,All populations,,Amerigroup,1/1/19,12/31/19,2019," $109,223,477 "," $114,520,903 "," 450,634 ",95.4%, $-   
WA,Apple Health MC,Comprehensive MCO,All populations,,Community Health Plan of Washington,1/1/19,12/31/19,2019," $182,038,196 "," $185,534,423 "," 754,756 ",98.1%, $-   
WA,Apple Health MC,Comprehensive MCO,All populations,,Coordinated Care of Washington,1/1/19,12/31/19,2019," $61,495,463 "," $72,860,866 "," 282,441 ",85.7%, $-   
WA,Apple Health MC,Comprehensive MCO,All populations,,Molina Healthcare,1/1/19,12/31/19,2019," $362,020,129 "," $405,626,489 "," 1,754,883 ",89.2%, $-   
WA,Apple Health MC,Comprehensive MCO,All populations,,United Healthcare,1/1/19,12/31/19,2019," $129,409,467 "," $131,730,731 "," 590,655 ",98.2%, $-   
WA,IMC,Comprehensive MCO,All populations,,Amerigroup,1/1/20,12/31/20,2020," $847,200,000 "," $949,200,000 "," 2,335,745 ",89.3%, $-   
WA,IMC,Comprehensive MCO,All populations,,Community Health Plan of Washington,1/1/20,12/31/20,2020," $810,800,000 "," $880,100,000 "," 2,434,498 ",92.1%, $-   
WA,IMC,Comprehensive MCO,All populations,,Coordinated Care of Washington,1/1/20,12/31/20,2020," $554,400,000 "," $650,900,000 "," 1,776,799 ",85.2%, $-   
WA,IMC,Comprehensive MCO,All populations,,Molina Healthcare,1/1/20,12/31/20,2020," $2,982,800,000 "," $3,485,000,000 "," 9,978,480 ",85.6%, $-   
WA,IMC,Comprehensive MCO,All populations,,United Healthcare,1/1/20,12/31/20,2020," $912,100,000 "," $1,039,400,000 "," 2,380,455 ",87.8%, $-   
WA,Apple Health Fully Integrated Foster Care,Comprehensive MCO,All Populations,,Coordinated Care of Washington,1/1/21,12/31/21,2021," $122,395,068 "," $139,685,826 "," 295,409 ",88.9%,
WA,Apple Health Fully Integrated Managed Care,Comprehensive MCO,All Populations,,Amerigroup,1/1/21,12/31/21,2021," $969,958,919 "," $1,055,621,901 "," 2,743,243 ",91.9%,
WA,Apple Health Fully Integrated Managed Care,Comprehensive MCO,All Populations,,Community Health Plan of Washington,1/1/21,12/31/21,2021," $955,771,801 "," $995,054,179 "," 3,020,576 ",96.1%,
WA,Apple Health Fully Integrated Managed Care,Comprehensive MCO,All Populations,,Coordinated Care of Washington,1/1/21,12/31/21,2021," $684,204,706 "," $755,421,518 "," 2,270,128 ",90.6%,
WA,Apple Health Fully Integrated Managed Care,Comprehensive MCO,All Populations,,Molina Healthcare,1/1/21,12/31/21,2021," $3,512,588,826 "," $3,890,101,444 "," 11,598,734 ",90.3%,
WA,Apple Health Fully Integrated Managed Care,Comprehensive MCO,All Populations,,United Healthcare,1/1/21,12/31/21,2021," $1,132,451,972 "," $1,169,717,300 "," 3,035,740 ",96.8%,
WA,Statewide,Comprehensive MCO,All Populations,,Amerigroup,1/1/22,12/31/22,2022," $1,006,186,285 "," $1,138,474,463 "," 3,132,686 ",88.4%, $-   
WA,Statewide,Comprehensive MCO,All Populations,,Community Health Plan of Washington,1/1/22,12/31/22,2022," $1,061,067,874 "," $1,133,299,001 "," 3,344,635 ",93.6%, $-   
WA,Statewide,Comprehensive MCO,"Other, specify",All populations except Integrated Foster Care ,"Coordinated Care of Washington, Inc.",1/1/22,12/31/22,2022," $764,504,498 "," $831,549,408 "," 2,526,982 ",91.9%, $-   
WA,Statewide,Comprehensive MCO,All Populations,,"Molina Health Care of Washington, Inc. ",1/1/22,12/31/22,2022," $3,800,229,816 "," $4,188,424,807 "," 12,189,526 ",90.7%, $-   
WA,Statewide,Comprehensive MCO,All Populations,,UnitedHealthcare of Washington,1/1/22,12/31/22,2022," $1,162,742,619 "," $1,220,991,468 "," 3,253,165 ",95.2%, $-   
WI,Children Come First (CCF),Other PIHP,All populations,,Children Come First,7/1/17,6/30/18,2018," $4,101,828 "," $2,961,383 "," 1,439 ",,  
WI,Wrap Around Milwaukee (WAM),Other PIHP,All populations,,Wraparound Milwaukee,7/1/17,6/30/18,2018," $18,315,378 "," $28,358,774 "," 13,749 ",70.0%,  
WI,BadgerCare Plus,Comprehensive MCO,All populations,,Children Community Health Plan,1/1/18,12/31/18,2018," $289,422,496 "," $320,792,656 "," 1,500,153 ",90.2%,  
WI,BadgerCare Plus,Comprehensive MCO,All populations,,Dean Health Plan,1/1/18,12/31/18,2018," $76,307,389 "," $84,357,508 "," 451,392 ",90.5%,  
WI,BadgerCare Plus,Comprehensive MCO,All populations,,Group Health Cooperative of South Central WI,1/1/18,12/31/18,2018," $11,455,961 "," $13,157,164 "," 64,727 ",89.7%,  
WI,BadgerCare Plus,Comprehensive MCO,All populations,,MeryCare Insurance Company,1/1/18,12/31/18,2018," $27,162,551 "," $28,511,839 "," 148,136 ",97.0%,  
WI,BadgerCare Plus,Comprehensive MCO,All populations,,Network Health Plan,1/1/18,12/31/18,2018," $90,438,425 "," $110,462,655 "," 445,590 ",81.9%,  
WI,BadgerCare Plus,Comprehensive MCO,All populations,,Physicians Plus Health Plan,1/1/18,12/31/18,2018," $23,430,975 "," $25,034,629 "," 114,417 ",95.5%,  
WI,BadgerCare Plus,Comprehensive MCO,All populations,,Quartz,1/1/18,12/31/18,2018," $73,387,071 "," $75,321,039 "," 357,248 ",98.5%,  
WI,BadgerCare Plus,Comprehensive MCO,All populations,,Security Health Plan,1/1/18,12/31/18,2018," $122,085,667 "," $144,971,504 "," 668,943 ",84.2%,  
WI,BadgerCare Plus,Comprehensive MCO,All populations,,Trilogy Health Insurance,1/1/18,12/31/18,2018," $30,403,565 "," $34,320,819 "," 129,682 ",90.4%,  
WI,Family Care,MLTSS only,MLTSS only,,Care Wisconsin,1/1/18,12/31/18,2018," $370,889,741 "," $365,230,467 "," 99,326 ",103.5%,  
WI,Family Care,MLTSS only,MLTSS only,,"Community Care, Inc.",1/1/18,12/31/18,2018," $450,861,820 "," $452,596,543 "," 130,155 ",101.4%,  
WI,Family Care,MLTSS only,MLTSS only,,Inclusa,1/1/18,12/31/18,2018," $585,966,876 "," $630,631,038 "," 179,937 ",94.5%,  
WI,Family Care,MLTSS only,MLTSS only,,LCI,1/1/18,12/31/18,2018," $233,135,111 "," $237,028,299 "," 65,105 ",100.9%,  
WI,Family Care,MLTSS only,MLTSS only,,My Choice Family Care,1/1/18,12/31/18,2018," $317,397,202 "," $335,041,356 "," 103,216 ",96.7%,  
WI,Family Care Partnership,Comprehensive MCO + MLTSS,All populations,,Care Wisconsin Health Plan,1/1/18,12/31/18,2018," $118,112,579 "," $122,999,472 "," 21,489 ",100.4%,  
WI,Family Care Partnership,Comprehensive MCO + MLTSS,All populations,,"Community Care Health Plan, Inc.",1/1/18,12/31/18,2018," $49,326,886 "," $51,180,295 "," 7,593 ",103.9%,  
WI,Family Care Partnership,Comprehensive MCO + MLTSS,All populations,,Independent Care Health Plan,1/1/18,12/31/18,2018," $63,280,605 "," $61,262,532 "," 11,190 ",109.3%,  
WI,SSI Managed Care,Comprehensive MCO,All populations,,Care Wisconsin,1/1/18,12/31/18,2018," $16,182,733 "," $18,905,145 "," 28,625 ",89.4%,  
WI,SSI Managed Care / BadgerCare Plus,Comprehensive MCO,All populations,,Anthem Blue Cross Blue Shield,1/1/18,12/31/18,2018," $238,359,908 "," $274,686,972 "," 1,060,507 ",86.8%,  
WI,SSI Managed Care / BadgerCare Plus,Comprehensive MCO,All populations,,Group Health Cooperative of Eau Claire,1/1/18,12/31/18,2018," $118,182,465 "," $138,776,301 "," 619,266 ",85.2%,  
WI,SSI Managed Care / BadgerCare Plus,Comprehensive MCO,All populations,,Independent Care (iCare),1/1/18,12/31/18,2018," $110,281,452 "," $126,199,691 "," 308,504 ",88.6%,  
WI,SSI Managed Care / BadgerCare Plus,Comprehensive MCO,All populations,,MHS of Wisconsin,1/1/18,12/31/18,2018," $107,486,703 "," $127,909,600 "," 457,058 ",84.0%,  
WI,SSI Managed Care / BadgerCare Plus,Comprehensive MCO,All populations,,Molina Health Plan,1/1/18,12/31/18,2018," $145,417,965 "," $170,185,998 "," 718,907 ",85.4%,  
WI,SSI Managed Care / BadgerCare Plus,Comprehensive MCO,All populations,,United Healthcare Community Plan,1/1/18,12/31/18,2018," $463,921,769 "," $530,479,323 "," 1,949,303 ",87.5%,  
WI,Children Come First (CCF),Other PIHP,All populations,,Children Come First,7/1/18,6/30/19,2019," $4,266,388 "," $2,988,399 "," 1,452 ",,  
WI,Wrap Around Milwaukee (WAM),Other PIHP,All populations,,Wraparound Milwaukee,7/1/18,6/30/19,2019," $22,758,031 "," $26,711,282 "," 13,184 ",90.7%,  
WI,BadgerCare Plus,Comprehensive MCO,All populations,,Children Community Health Plan,1/1/19,12/31/19,2019," $290,256,325 "," $323,698,150 "," 1,456,494 ",89.7%,  
WI,BadgerCare Plus,Comprehensive MCO,All populations,,Dean Health Plan,1/1/19,12/31/19,2019," $77,010,201 "," $85,580,325 "," 435,493 ",90.0%,  
WI,BadgerCare Plus,Comprehensive MCO,All populations,,Group Health Cooperative of South Central WI,1/1/19,12/31/19,2019," $11,025,396 "," $13,311,758 "," 64,571 ",85.4%,  
WI,BadgerCare Plus,Comprehensive MCO,All populations,,MercyCare Insurance Company,1/1/19,12/31/19,2019," $29,181,538 "," $29,821,465 "," 142,023 ",99.6%,  
WI,BadgerCare Plus,Comprehensive MCO,All populations,,Network Health Plan,1/1/19,12/31/19,2019," $98,132,408 "," $114,292,335 "," 467,072 ",85.9%,  
WI,BadgerCare Plus,Comprehensive MCO,All populations,,Quartz,1/1/19,12/31/19,2019," $88,813,875 "," $100,329,842 "," 447,671 ",88.5%,  
WI,BadgerCare Plus,Comprehensive MCO,All populations,,Security Health Plan,1/1/19,12/31/19,2019," $125,635,730 "," $144,851,599 "," 659,320 ",86.7%,  
WI,BadgerCare Plus,Comprehensive MCO,All populations,,Trilogy Health Insurance,1/1/19,12/31/19,2019," $34,515,874 "," $40,017,571 "," 150,211 ",88.0%,  
WI,Family Care,MLTSS only,MLTSS only,,Care Wisconsin,1/1/19,12/31/19,2019," $392,934,893 "," $397,791,183 "," 102,921 ",100.8%,  
WI,Family Care,MLTSS only,MLTSS only,,"Community Care, Inc.",1/1/19,12/31/19,2019," $481,663,133 "," $509,107,697 "," 136,325 ",96.4%,  
WI,Family Care,MLTSS only,MLTSS only,,Inclusa,1/1/19,12/31/19,2019," $606,221,850 "," $637,286,552 "," 177,834 ",96.7%,  
WI,Family Care,MLTSS only,MLTSS only,,Lakeland Care District,1/1/19,12/31/19,2019," $262,509,409 "," $277,749,054 "," 72,802 ",96.9%,  
WI,Family Care,MLTSS only,MLTSS only,,My Choice Family Care,1/1/19,12/31/19,2019," $337,405,693 "," $346,630,072 "," 105,150 ",99.3%,  
WI,Family Care Partnership,Comprehensive MCO + MLTSS,All populations,,Care Wisconsin Health Plan,1/1/19,12/31/19,2019," $123,187,829 "," $132,835,551 "," 23,076 ",96.9%,  
WI,Family Care Partnership,Comprehensive MCO + MLTSS,All populations,,"Community Care Health Plan, Inc.",1/1/19,12/31/19,2019," $51,533,060 "," $55,959,027 "," 7,720 ",99.6%,  
WI,Family Care Partnership,Comprehensive MCO + MLTSS,All populations,,Independent Care Health Plan,1/1/19,12/31/19,2019," $72,300,894 "," $75,366,048 "," 12,887 ",101.5%,  
WI,SSI Managed Care,Comprehensive MCO,All populations,,Care Wisconsin,1/1/19,12/31/19,2019," $22,628,828 "," $20,487,265 "," 34,495 ",114.0%,  
WI,SSI Managed Care / BadgerCare Plus,Comprehensive MCO,All populations,,Anthem Blue Cross Blue Shield,1/1/19,12/31/19,2019," $272,237,466 "," $298,299,893 "," 1,132,048 ",91.3%,  
WI,SSI Managed Care / BadgerCare Plus,Comprehensive MCO,All populations,,Group Health Cooperative of Eau Claire,1/1/19,12/31/19,2019," $115,408,780 "," $131,257,783 "," 581,366 ",87.9%,  
WI,SSI Managed Care / BadgerCare Plus,Comprehensive MCO,All populations,,Independent Care (iCare),1/1/19,12/31/19,2019," $121,790,964 "," $133,117,886 "," 329,503 ",92.6%,  
WI,SSI Managed Care / BadgerCare Plus,Comprehensive MCO,All populations,,MHS of Wisconsin,1/1/19,12/31/19,2019," $119,055,188 "," $134,992,557 "," 481,345 ",88.2%,  
WI,SSI Managed Care / BadgerCare Plus,Comprehensive MCO,All populations,,Molina Health Plan,1/1/19,12/31/19,2019," $142,725,890 "," $164,947,816 "," 691,211 ",86.5%,  
WI,SSI Managed Care / BadgerCare Plus,Comprehensive MCO,All populations,,United Healthcare Community Plan,1/1/19,12/31/19,2019," $486,218,380 "," $548,383,368 "," 1,992,960 ",88.7%,  
WI,Children Come First (CCF),Other PIHP,All populations,,Children Come First,7/1/19,6/30/20,2020," $4,509,440 "," $3,350,904 "," 1,497 ",,  
WI,Wrap Around Milwaukee (WAM),Other PIHP,All populations,,Wrap Around Milwaukee,7/1/19,6/30/20,2020," $21,208,446 "," $26,788,530 "," 13,502 ",84.7%,  
WI,BagerCare Plus and Suplimental Security Income (SSI),Comprehensive MCO,All populations,,Anthem,1/1/20,12/31/20,2020," $296,954,238 "," $359,596,785 "," 1,361,776 ",82.6%,  
WI,BagerCare Plus and Suplimental Security Income (SSI),Comprehensive MCO,All populations,,CCHP,1/1/20,12/31/20,2020," $292,040,809 "," $360,815,766 "," 1,570,672 ",80.9%,  
WI,BagerCare Plus and Suplimental Security Income (SSI),Comprehensive MCO,All populations,,Dean,1/1/20,12/31/20,2020," $80,663,825 "," $95,043,862 "," 473,999 ",84.9%,  
WI,BagerCare Plus and Suplimental Security Income (SSI),Comprehensive MCO,All populations,,GHC EC,1/1/20,12/31/20,2020," $108,709,913 "," $136,690,025 "," 613,985 ",79.5%,  
WI,BagerCare Plus and Suplimental Security Income (SSI),Comprehensive MCO,All populations,,GHC SC,1/1/20,12/31/20,2020," $11,689,978 "," $15,742,586 "," 73,682 ",76.7%,  
WI,BagerCare Plus and Suplimental Security Income (SSI),Comprehensive MCO,All populations,,iCare,1/1/20,12/31/20,2020," $125,362,479 "," $144,109,520 "," 384,552 ",87.0%,  
WI,BagerCare Plus and Suplimental Security Income (SSI),Comprehensive MCO,All populations,,Mercy,1/1/20,12/31/20,2020," $29,725,688 "," $36,302,846 "," 156,673 ",83.6%,  
WI,BagerCare Plus and Suplimental Security Income (SSI),Comprehensive MCO,All populations,,MHS,1/1/20,12/31/20,2020," $138,760,903 "," $162,138,277 "," 574,230 ",85.6%,  
WI,BagerCare Plus and Suplimental Security Income (SSI),Comprehensive MCO,All populations,,Molina,1/1/20,12/31/20,2020," $144,512,900 "," $180,795,150 "," 746,409 ",79.9%,  
WI,BagerCare Plus and Suplimental Security Income (SSI),Comprehensive MCO,All populations,,My Choice,1/1/20,12/31/20,2020," $66,896,319 "," $73,694,520 "," 240,208 ",92.1%,  
WI,BagerCare Plus and Suplimental Security Income (SSI),Comprehensive MCO,All populations,,NHP,1/1/20,12/31/20,2020," $113,449,159 "," $140,592,280 "," 559,331 ",80.7%,  
WI,BagerCare Plus and Suplimental Security Income (SSI),Comprehensive MCO,All populations,,Quartz,1/1/20,12/31/20,2020," $94,992,612 "," $112,316,488 "," 495,923 ",84.6%,  
WI,BagerCare Plus and Suplimental Security Income (SSI),Comprehensive MCO,All populations,,Security,1/1/20,12/31/20,2020," $135,466,669 "," $164,736,149 "," 725,249 ",82.2%,  
WI,BagerCare Plus and Suplimental Security Income (SSI),Comprehensive MCO,All populations,,UHC,1/1/20,12/31/20,2020," $506,686,023 "," $623,700,805 "," 2,272,091 ",81.2%,  
WI,Family Care ,MLTSS only,All populations,,CCI,1/1/20,12/31/20,2020," $480,980,705 "," $528,596,868 "," 140,733 ",92.8%,  
WI,Family Care ,MLTSS only,All populations,,Inclusa,1/1/20,12/31/20,2020," $614,628,489 "," $663,188,346 "," 183,295 ",94.2%,  
WI,Family Care ,MLTSS only,All populations,,LCI,1/1/20,12/31/20,2020," $326,406,037 "," $346,690,992 "," 89,881 ",96.3%,  
WI,Family Care ,MLTSS only,All populations,,MCW,1/1/20,12/31/20,2020," $652,297,123 "," $695,190,139 "," 194,166 ",95.3%,  
WI,Family Care Partnership,Comprehensive MCO + MLTSS,All populations,,CCHP,1/1/20,12/31/20,2020," $55,143,331 "," $60,258,487 "," 8,310 ",98.7%,  
WI,Family Care Partnership,Comprehensive MCO + MLTSS,All populations,,CWHP-Trilogy,1/1/20,12/31/20,2020," $119,262,330 "," $136,591,641 "," 22,432 ",91.5%,  
WI,Family Care Partnership,Comprehensive MCO + MLTSS,All populations,,iCare,1/1/20,12/31/20,2020," $64,932,796 "," $75,911,080 "," 13,782 ",91.0%,  
WI,BadgerCare Plus and Supplemental Security Income Programs,Comprehensive MCO,All Populations,,Anthem,1/1/21,12/31/21,2021," $358,464,213 "," $412,210,191 "," 1,710,712 ",87.0%,
WI,BadgerCare Plus and Supplemental Security Income Programs,Comprehensive MCO,All Populations,,CCHP,1/1/21,12/31/21,2021," $334,604,038 "," $383,871,910 "," 1,755,959 ",87.2%,
WI,BadgerCare Plus and Supplemental Security Income Programs,Comprehensive MCO,All Populations,,Dean,1/1/21,12/31/21,2021," $96,039,733 "," $111,010,278 "," 555,263 ",86.5%,
WI,BadgerCare Plus and Supplemental Security Income Programs,Comprehensive MCO,All Populations,,GHC EC,1/1/21,12/31/21,2021," $129,364,034 "," $152,890,731 "," 687,788 ",84.6%,
WI,BadgerCare Plus and Supplemental Security Income Programs,Comprehensive MCO,All Populations,,GHC SC,1/1/21,12/31/21,2021," $15,605,597 "," $18,348,827 "," 90,462 ",87.2%,
WI,BadgerCare Plus and Supplemental Security Income Programs,Comprehensive MCO,All Populations,,iCare,1/1/21,12/31/21,2021," $145,265,751 "," $162,527,134 "," 471,893 ",89.4%,
WI,BadgerCare Plus and Supplemental Security Income Programs,Comprehensive MCO,All Populations,,Mercy,1/1/21,12/31/21,2021," $36,468,294 "," $42,344,529 "," 184,595 ",87.7%,
WI,BadgerCare Plus and Supplemental Security Income Programs,Comprehensive MCO,All Populations,,MHS,1/1/21,12/31/21,2021," $160,011,405 "," $181,120,066 "," 704,475 ",88.3%,
WI,BadgerCare Plus and Supplemental Security Income Programs,Comprehensive MCO,All Populations,,Molina,1/1/21,12/31/21,2021," $159,415,320 "," $183,189,411 "," 846,837 ",87.0%,
WI,BadgerCare Plus and Supplemental Security Income Programs,Comprehensive MCO,All Populations,,My Choice,1/1/21,12/31/21,2021," $76,927,447 "," $85,753,863 "," 299,933 ",90.9%,
WI,BadgerCare Plus and Supplemental Security Income Programs,Comprehensive MCO,All Populations,,NHP,1/1/21,12/31/21,2021," $136,871,454 "," $156,195,924 "," 694,742 ",87.6%,
WI,BadgerCare Plus and Supplemental Security Income Programs,Comprehensive MCO,All Populations,,Quartz,1/1/21,12/31/21,2021," $119,009,622 "," $135,325,156 "," 594,237 ",87.9%,
WI,BadgerCare Plus and Supplemental Security Income Programs,Comprehensive MCO,All Populations,,Security,1/1/21,12/31/21,2021," $162,533,410 "," $190,432,061 "," 846,582 ",85.3%,
WI,BadgerCare Plus and Supplemental Security Income Programs,Comprehensive MCO,All Populations,,UHC,1/1/21,12/31/21,2021," $600,090,189 "," $687,715,086 "," 2,767,513 ",87.3%,
WI,Children Come First (CCF),Other PIHP,All Populations,,CCF,1/1/21,12/31/21,2021," $2,286,455 "," $2,334,553 "," 1,210 ",,
WI,Family Care,Comprehensive MCO,All Populations,,CCI,1/1/21,12/31/21,2021," $515,199,973 "," $567,410,983 "," 146,113 ",92.5%, $-   
WI,Family Care,Comprehensive MCO,All Populations,,Inclusa,1/1/21,12/31/21,2021," $651,621,793 "," $690,826,142 "," 185,813 ",95.9%, $-   
WI,Family Care,Comprehensive MCO,All Populations,,LCI,1/1/21,12/31/21,2021," $331,967,376 "," $348,118,856 "," 90,487 ",97.5%, $-   
WI,Family Care,Comprehensive MCO,All Populations,,MCW,1/1/21,12/31/21,2021," $646,255,201 "," $695,608,706 "," 189,241 ",94.4%, $-   
WI,Family Care Partnership,Comprehensive MCO,All Populations,,CCHP,1/1/21,12/31/21,2021," $57,689,617 "," $63,183,124 "," 8,722 ",98.3%, $-   
WI,Family Care Partnership,Comprehensive MCO,All Populations,,iCare,1/1/21,12/31/21,2021," $79,879,883 "," $85,205,048 "," 15,747 ",98.9%, $-   
WI,Family Care Partnership,Comprehensive MCO,All Populations,,MCWHP,1/1/21,12/31/21,2021," $115,832,190 "," $122,355,783 "," 20,531 ",99.2%, $-   
WI,Wraparound Milwaukee (WAM),Other PIHP,All Populations,,WAM,1/1/21,12/31/21,2021," $15,600,608 "," $19,949,806 "," 12,400 ",83.8%,
WI,Children Come First,PIHP,"Other, specify",Children &lt;19 years,Children Come First,7/1/21,6/30/22,2022," $1,903,031 "," $1,876,667 "," 1,010 ",101.4%,
WI,Wraparound Milwaukee,PIHP,"Other, specify",Children &lt;19 years,Wraparound Milwaukee,7/1/21,6/30/22,2022," $14,942,821 "," $18,938,790 "," 10,935 ",85.0%,
WI,"BadgerCare Plus, SSI Managed Care",Comprehensive MCO,All Populations,,Anthem Blue Cross Blue Shield,1/1/22,12/31/22,2022," $390,086,142 "," $453,005,453 "," 1,884,805 ",86.1%,
WI,"BadgerCare Plus, SSI Managed Care",Comprehensive MCO,All Populations,,Children's Community Health Plan,1/1/22,12/31/22,2022," $354,980,824 "," $410,374,988 "," 1,841,178 ",86.5%,
WI,"BadgerCare Plus, SSI Managed Care",Comprehensive MCO,All Populations,,"Dean Health Plan, Inc.",1/1/22,12/31/22,2022," $101,750,066 "," $118,860,061 "," 598,442 ",85.6%,
WI,"BadgerCare Plus, SSI Managed Care",Comprehensive MCO,All Populations,,Group Health Cooperative of Eau Claire,1/1/22,12/31/22,2022," $132,029,027 "," $157,007,328 "," 720,063 ",84.1%,
WI,"BadgerCare Plus, SSI Managed Care",Comprehensive MCO,All Populations,,Group Health Cooperative of South Central Wisconsin,1/1/22,12/31/22,2022," $14,621,587 "," $17,845,311 "," 96,185 ",83.9%,
WI,"BadgerCare Plus, SSI Managed Care",Comprehensive MCO,All Populations,,Independent Care (ICARE) Health Plan,1/1/22,12/31/22,2022," $148,537,416 "," $172,229,846 "," 515,813 ",86.2%,
WI,"BadgerCare Plus, SSI Managed Care",Comprehensive MCO,All Populations,,MercyCare Health Plans,1/1/22,12/31/22,2022," $38,641,796 "," $45,177,714 "," 197,257 ",87.0%,
WI,"BadgerCare Plus, SSI Managed Care",Comprehensive MCO,All Populations,,MHS Health Wisconsin,1/1/22,12/31/22,2022," $174,933,563 "," $199,815,717 "," 779,324 ",87.5%,
WI,"BadgerCare Plus, SSI Managed Care",Comprehensive MCO,All Populations,,Molina Healthcare of Wisconsin,1/1/22,12/31/22,2022," $168,196,001 "," $190,958,218 "," 883,356 ",88.1%,
WI,"BadgerCare Plus, SSI Managed Care",Comprehensive MCO,All Populations,,My Choice Wisconsin,1/1/22,12/31/22,2022," $76,695,552 "," $88,764,242 "," 321,464 ",87.6%,
WI,"BadgerCare Plus, SSI Managed Care",Comprehensive MCO,All Populations,,Network Health Plan,1/1/22,12/31/22,2022," $141,998,392 "," $164,942,124 "," 750,042 ",86.1%,
WI,"BadgerCare Plus, SSI Managed Care",Comprehensive MCO,All Populations,,Quartz,1/1/22,12/31/22,2022," $124,345,104 "," $144,139,409 "," 640,795 ",86.3%,
WI,"BadgerCare Plus, SSI Managed Care",Comprehensive MCO,All Populations,,Security Health Plan Of Wisconsin,1/1/22,12/31/22,2022," $174,769,693 "," $198,573,111 "," 910,131 ",88.0%,
WI,"BadgerCare Plus, SSI Managed Care",Comprehensive MCO,All Populations,,United Healthcare Community Plan,1/1/22,12/31/22,2022," $637,631,587 "," $737,599,381 "," 3,065,139 ",86.4%,
WI,Family Care,PIHP,All Populations,,Community Care,1/1/22,12/31/22,2022," $623,711,483 "," $670,742,366 "," 157,067 ",94.7%,
WI,Family Care,PIHP,All Populations,,Inclusa,1/1/22,12/31/22,2022," $770,972,436 "," $803,376,395 "," 197,906 ",97.5%,
WI,Family Care,PIHP,All Populations,,Lakeland Care,1/1/22,12/31/22,2022," $345,845,930 "," $368,956,937 "," 87,983 ",95.9%,
WI,Family Care,PIHP,All Populations,,My Choice Wisconsin,1/1/22,12/31/22,2022," $726,505,271 "," $776,276,139 "," 184,512 ",95.1%,
WI,Family Care Partnership,PIHP,All Populations,,Community Care Health Plan,1/1/22,12/31/22,2022," $66,967,907 "," $71,346,902 "," 9,177 ",100.7%,
WI,Family Care Partnership,PIHP,All Populations,,Independent Health Care,1/1/22,12/31/22,2022," $90,533,267 "," $103,623,333 "," 16,961 ",92.4%,
WI,Family Care Partnership,PIHP,All Populations,,My Choice Wisconsin Health Plan,1/1/22,12/31/22,2022," $115,377,212 "," $122,341,510 "," 18,387 ",99.1%,
WV,Mountain Health Trust,Comprehensive MCO,Group VIII expansion adult only ,,Aetna Better Health of WV,7/1/17,6/30/18,2018," $181,914,729 "," $196,660,765 "," 521,416 ",92.5%,  
WV,Mountain Health Trust,Comprehensive MCO,"Other, specify",SSI,Aetna Better Health of WV,7/1/17,6/30/18,2018," $83,885,485 "," $83,511,101 "," 132,008 ",100.4%,  
WV,Mountain Health Trust,Comprehensive MCO,"Other, specify",All other members,Aetna Better Health of WV,7/1/17,6/30/18,2018," $180,653,661 "," $191,846,730 "," 1,503,407 ",94.2%, $-   
WV,Mountain Health Trust,Comprehensive MCO,Group VIII expansion adult only ,,The Health Plan,7/1/17,6/30/18,2018," $142,174,287 "," $143,017,145 "," 391,698 ",99.4%, $-   
WV,Mountain Health Trust,Comprehensive MCO,"Other, specify",SSI,The Health Plan,7/1/17,6/30/18,2018," $75,261,586 "," $70,231,947 "," 122,226 ",107.2%, $-   
WV,Mountain Health Trust,Comprehensive MCO,"Other, specify",All other members,The Health Plan,7/1/17,6/30/18,2018," $102,696,548 "," $107,517,273 "," 990,573 ",95.5%, $-   
WV,Mountain Health Trust,Comprehensive MCO,Group VIII expansion adult only ,,Unicare,7/1/17,6/30/18,2018," $164,108,861 "," $188,355,122 "," 509,277 ",87.1%," $821,823 "
WV,Mountain Health Trust,Comprehensive MCO,"Other, specify",SSI,Unicare,7/1/17,6/30/18,2018," $92,310,437 "," $97,985,790 "," 163,191 ",94.2%, $-   
WV,Mountain Health Trust,Comprehensive MCO,"Other, specify",All other members,Unicare,7/1/17,6/30/18,2018," $201,688,365 "," $213,157,037 "," 1,688,895 ",94.6%, $-   
WV,Mountain Health Trust,Comprehensive MCO,Group VIII expansion adult only ,,WV Family Health Plan,7/1/17,6/30/18,2018," $181,914,729 "," $196,660,765 "," 442,166 ",92.5%,  
WV,Mountain Health Trust,Comprehensive MCO,"Other, specify",SSI,WV Family Health Plan,7/1/17,6/30/18,2018," $92,310,437 "," $97,985,790 "," 114,246 ",94.2%, $-   
WV,Mountain Health Trust,Comprehensive MCO,"Other, specify",All other members,WV Family Health Plan,7/1/17,6/30/18,2018," $180,653,661 "," $191,846,730 "," 798,732 ",94.2%, $-   
WV,Mountain Health Trust,Comprehensive MCO,All populations,,Aetna Better Health of WV,7/1/18,6/30/19,2019," $177,785,341 "," $197,299,228 "," 1,433,987 ",90.1%, $-   
WV,Mountain Health Trust,Comprehensive MCO,Group VIII expansion adult only ,,Aetna Better Health of WV,7/1/18,6/30/19,2019," $184,342,247 "," $198,756,797 "," 504,336 ",92.7%,  
WV,Mountain Health Trust,Comprehensive MCO,"Other, specify",SSI,Aetna Better Health of WV,7/1/18,6/30/19,2019," $82,766,665 "," $85,190,850 "," 132,235 ",97.2%,  
WV,Mountain Health Trust,Comprehensive MCO,All populations,,The Health Plan,7/1/18,6/30/19,2019," $110,808,451 "," $120,040,085 "," 943,439 ",92.3%, $-   
WV,Mountain Health Trust,Comprehensive MCO,Group VIII expansion adult only ,,The Health Plan,7/1/18,6/30/19,2019," $158,520,465 "," $152,607,917 "," 372,957 ",103.9%, $-   
WV,Mountain Health Trust,Comprehensive MCO,"Other, specify",SSI,The Health Plan,7/1/18,6/30/19,2019," $79,847,925 "," $78,235,094 "," 118,609 ",102.1%, $-   
WV,Mountain Health Trust,Comprehensive MCO,All populations,,Unicare,7/1/18,6/30/19,2019," $198,915,569 "," $219,518,847 "," 1,641,819 ",90.6%, $-   
WV,Mountain Health Trust,Comprehensive MCO,Group VIII expansion adult only ,,Unicare,7/1/18,6/30/19,2019," $173,174,527 "," $191,030,745 "," 516,767 ",90.7%, $-   
WV,Mountain Health Trust,Comprehensive MCO,"Other, specify",SSI,Unicare,7/1/18,6/30/19,2019," $88,713,135 "," $97,305,545 "," 163,012 ",91.2%, $-   
WV,Mountain Health Trust,Comprehensive MCO,All populations,,WV Family Health Plan,7/1/18,6/30/19,2019," $65,963,547 "," $71,545,182 "," 736,117 ",92.2%, $-   
WV,Mountain Health Trust,Comprehensive MCO,Group VIII expansion adult only ,,WV Family Health Plan,7/1/18,6/30/19,2019," $145,783,484 "," $160,737,512 "," 386,442 ",90.7%, $-   
WV,Mountain Health Trust,Comprehensive MCO,"Other, specify",SSI,WV Family Health Plan,7/1/18,6/30/19,2019," $74,585,242 "," $74,687,666 "," 108,619 ",99.9%, $-   
WV,Mountain Health Trust,Comprehensive MCO,All populations,,Aetna,7/1/19,6/30/20,2020," $560,895,383 "," $596,006,066 "," 1,670,248 ",94.1%, $-   
WV,Mountain Health Trust,Comprehensive MCO,All populations,,The Health Plan,7/1/19,6/30/20,2020," $420,277,358 "," $439,845,222 "," 1,142,009 ",95.6%, $-   
WV,Mountain Health Trust,Comprehensive MCO,All populations,,Unicare,7/1/19,6/30/20,2020," $569,377,535 "," $615,470,695 "," 1,868,837 ",92.5%, $-   
WV,Mountain Health Promise,Comprehensive MCO,All Populations,,Aetna,7/1/20,6/30/21,2021," $118,094,808 "," $140,591,816 "," 281,669 ",85.3%, $-   
WV,Mountain Health Trust ,Comprehensive MCO,All Populations,,Aetna,7/1/20,6/30/21,2021," $647,488,270 "," $735,306,884 "," 1,871,240 ",88.1%, $-   
WV,Mountain Health Trust ,Comprehensive MCO,All Populations,,Health Plan of WV,7/1/20,6/30/21,2021," $465,051,779 "," $531,411,556 "," 1,287,871 ",87.5%," $1,328,529 "
WV,Mountain Health Trust ,Comprehensive MCO,All Populations,,UniCare,7/1/20,6/30/21,2021," $669,203,218 "," $774,137,750 "," 2,080,915 ",86.4%," $5,031,895 "
WV,Mountain Health Promise,Comprehensive MCO,All Populations,,Aetna Better Health of West Virginia,7/1/21,6/30/22,2022," $162,037,075 "," $193,028,213 "," 333,210 ",85.0%, $-   
WV,Mountain Health Trust,Comprehensive MCO,All Populations,,Aetna Better Health of West Virginia,7/1/21,6/30/22,2022," $752,260,124 "," $855,087,476 "," 2,104,223 ",88.0%, $-   
WV,Mountain Health Trust,Comprehensive MCO,All Populations,,The Health Plan,7/1/21,6/30/22,2022," $566,808,421 "," $641,228,023 "," 1,500,613 ",88.4%, $-   
WV,Mountain Health Trust,Comprehensive MCO,All Populations,,"UniCare, West Virginia",7/1/21,6/30/22,2022," $774,004,228 "," $876,012,410 "," 2,354,190 ",88.4%, $-   
WY,Care Management Entity for Emotionally Disturbed Children,Other PAHP,All populations,,Magellan,7/1/17,6/30/18,2018," $6,460,942 "," $7,016,345 "," 2,911 ",92.1%,  