Utilization Type,State,NDC,Labeler Code,Product Code,Package Size,Year,Quarter,Suppression Used,Product Name,Units Reimbursed,Number of Prescriptions,Total Amount Reimbursed,Medicaid Amount Reimbursed,Non Medicaid Amount Reimbursed
FFSU,AL,69097041002,69097,410,2,2024,3,True,CINACALCET,,,,,
FFSU,AL,378034501,378,345,1,2024,2,False,DIAZEPAM 5,943.0,27.0,297.7,297.7,0.0
FFSU,AK,68001043697,68001,436,97,2024,3,False,CETIRIZINE,1205.0,33.0,224.94,224.94,0.0
FFSU,AL,70677100704,70677,1007,4,2024,3,False,F&T ALL DA,1899.0,66.0,680.26,632.15,48.11
FFSU,AL,68682011001,68682,110,1,2024,2,False,PIMECROLIM,2460.0,66.0,5641.68,5641.68,0.0
FFSU,AL,70010075401,70010,754,1,2024,3,False,METHOCARBA,24217.0,634.0,7612.98,7123.74,489.24
FFSU,AL,23155086710,23155,867,10,2024,2,False,GABAPENTIN,1876.0,26.0,340.2,340.2,0.0
FFSU,AL,472173803,472,1738,3,2024,2,False,MICONAZOLE,33.0,11.0,615.16,500.97,114.19
FFSU,AL,72603017001,72603,170,1,2024,4,False,FLUDROCOR ,3978.0,102.0,2312.81,2072.01,240.8
FFSU,AL,27241015508,27241,155,8,2024,4,False,OXYBUTYNIN,2100.0,60.0,848.17,766.56,81.61
FFSU,AK,50458030611,50458,306,11,2024,2,False,RISPERDAL ,18.5,16.0,9706.2,9706.2,0.0
FFSU,AK,68180046807,68180,468,7,2024,1,True,LOVASTATIN,,,,,
FFSU,AL,93342701,93,3427,1,2024,4,False,LORAZEPAM ,2185.0,44.0,701.52,476.04,225.48
FFSU,AK,50242007501,50242,75,1,2024,3,True,NUTROPIN A,,,,,
FFSU,AK,68462030329,68462,303,29,2024,3,False,HEATHER   ,4928.0,65.0,725.99,725.99,0.0
FFSU,AL,59762045001,59762,450,1,2024,2,False,COLESTIPOL,6586.0,75.0,4385.77,4279.69,106.08
FFSU,AK,23320503,23,3205,3,2024,4,False,LUMIGAN   ,95.0,37.0,9445.58,9445.58,0.0
MCOU,AK,472033730,472,337,30,2024,4,True,HYDROCORTI,,,,,
FFSU,AL,310678030,310,6780,30,2024,3,True,QTERN TAB ,,,,,
FFSU,AL,49483060610,49483,606,10,2024,3,False,GABAPENTIN,2264.0,31.0,412.36,412.36,0.0
FFSU,AL,781233501,781,2335,1,2024,3,True,AMPHETAMIN,,,,,
FFSU,AK,781717250,781,7172,50,2024,4,True,AZELAIC AC,,,,,
FFSU,AL,378292177,378,2921,77,2024,2,True,TELMISARTA,,,,,
FFSU,AK,65862082530,65862,825,30,2024,3,True,SAXAGLIPTI,,,,,
FFSU,AK,65862018601,65862,186,1,2024,1,False,CLINDAMYCI,5164.0,180.0,3671.2,3649.84,21.36
FFSU,AK,23155024031,23155,240,31,2024,3,True,METOCLOPRA,,,,,
FFSU,AL,59746033730,59746,337,30,2024,2,True,LOSARTAN P,,,,,
FFSU,AL,72241002922,72241,29,22,2024,2,True,PAROXETINE,,,,,
FFSU,AL,68462031435,68462,314,35,2024,2,False,NYSTATIN A,420.0,13.0,232.9,232.9,0.0
FFSU,AK,60505327803,60505,3278,3,2024,2,False,OLANZAPINE,196.0,14.0,359.39,359.39,0.0
FFSU,AL,93102406,93,1024,6,2024,2,True,NEFAZODONE,,,,,
FFSU,AL,33342006807,33342,68,7,2024,2,False,OLANZAPINE,12211.0,331.0,8000.44,4227.58,3772.86
FFSU,AK,51167030001,51167,300,1,2024,3,True,KALYDECO  ,,,,,
FFSU,AK,16714072902,16714,729,2,2024,1,True,DESONIDE  ,,,,,
FFSU,AK,33342032954,33342,329,54,2024,3,False,TRIAMCINOL,7264.0,16.0,218.08,216.69,1.39
FFSU,AK,57237017501,57237,175,1,2024,2,True,VENLAFAXIN,,,,,
FFSU,AL,51224001310,51224,13,10,2024,3,True,LEVETIRACE,,,,,
FFSU,AK,6022131,6,221,31,2024,3,False,JANUVIA   ,564.0,19.0,10510.82,10510.82,0.0
FFSU,AL,116200104,116,2001,4,2024,1,False,0.12% CHLO,3903.0,13.0,170.9,151.17,19.73
FFSU,AK,43975032203,43975,322,3,2024,3,True,TOLTERODIN,,,,,
FFSU,AK,68001015403,68001,154,3,2024,3,True,CARVEDILOL,,,,,
FFSU,AL,62332051805,62332,518,5,2024,2,False,TOBRAMYCIN,100.0,20.0,317.64,299.5,18.14
FFSU,AK,60505082701,60505,827,1,2024,1,True,IPRATROPIU,,,,,
FFSU,AK,69097053731,69097,537,31,2024,2,False,TESTOSTERO,329.0,94.0,4401.79,4401.79,0.0
FFSU,AK,16714011903,16714,119,3,2024,2,True,TOBRAMYCIN,,,,,
FFSU,AL,93408563,93,4085,63,2024,2,False,TOBRAMYCIN,4480.0,16.0,8036.0,8036.0,0.0
FFSU,AL,43598090158,43598,901,58,2024,4,True,ERTAPENEM ,,,,,
FFSU,AL,68462086501,68462,865,1,2024,3,True,CHLORPROMA,,,,,
FFSU,AK,43547028110,43547,281,10,2024,4,False,ESCITALOPR,5417.0,182.0,2447.42,2447.42,0.0
FFSU,AL,42571022830,42571,228,30,2024,2,True,TELMISARTA,,,,,
FFSU,AK,781320785,781,3207,85,2024,1,True,CEFTRIAXON,,,,,
FFSU,AK,169770821,169,7708,21,2024,3,False,NORDITROPI,187.5,39.0,301560.14,272273.01,29287.13
FFSU,AK,713063515,713,635,15,2024,1,False,MOMETASONE,585.0,22.0,408.31,408.31,0.0
FFSU,AL,55111056330,55111,563,30,2024,3,False,ATOMOXETIN,2915.0,99.0,3773.51,3159.89,613.62
FFSU,AL,59746070101,59746,701,1,2024,4,True,DOXEPIN HC,,,,,
FFSU,AK,57664050218,57664,502,18,2024,1,True,TIZANIDINE,,,,,
FFSU,AL,69584068450,69584,684,50,2024,2,False,PRIMIDONE ,1616.0,21.0,371.52,371.52,0.0
FFSU,AL,65862068930,65862,689,30,2024,3,True,SILDENAFIL,,,,,
FFSU,AL,409018101,409,181,1,2024,1,False,GEMCITABIN,504.96,11.0,374.49,374.49,0.0
FFSU,AK,93314701,93,3147,1,2024,4,False,CEPHALEXIN,6239.0,156.0,1374.87,1374.87,0.0
FFSU,AL,31722006701,31722,67,1,2024,2,True,BUPROPION ,,,,,
FFSU,AL,54318863,54,3188,63,2024,3,False,DIAZEPAM 5,15265.4,96.0,2710.69,2246.78,463.91
FFSU,AK,70370204001,70370,2040,1,2024,2,False,INGREZZA  ,378.0,14.0,92149.3,92149.3,0.0
FFSU,AL,904666561,904,6665,61,2024,2,True,GABAPENTIN,,,,,
FFSU,AK,13668051502,13668,515,2,2024,1,True,ACYCLOVIR ,,,,,
FFSU,AL,6027782,6,277,82,2024,2,True,JANUVIA 10,,,,,
FFSU,AL,70756065125,70756,651,25,2024,4,True,ATROPINE S,,,,,
FFSU,AL,264780020,264,7800,20,2024,4,False,0.9% SODIU,23250.0,65.0,218.02,186.83,31.19
FFSU,AK,53489011802,53489,118,2,2024,2,False,DOXYCYCLIN,694.0,15.0,312.45,312.45,0.0
FFSU,AL,29300017713,29300,177,13,2024,2,False,ARIPIPRAZO,1320.0,43.0,605.4,588.92,16.48
FFSU,AK,93316006,93,3160,6,2024,4,True,CEFDINIR  ,,,,,
FFSU,AK,68001052285,68001,522,85,2024,2,True,FULVESTRAN,,,,,
FFSU,AL,555902658,555,9026,58,2024,3,False,JUNEL FE T,9716.0,195.0,3112.43,3065.0,47.43
FFSU,AK,16714061201,16714,612,1,2024,3,False,SERTRALINE,705.0,16.0,224.9,224.9,0.0
FFSU,AK,59762201206,59762,2012,6,2024,3,True,ASENAPINE ,,,,,
FFSU,AK,54317763,54,3177,63,2024,1,True,DEXAMETHAS,,,,,
FFSU,AL,25021017750,25021,177,50,2024,4,True,PIPERACILL,,,,,
FFSU,AL,16729044115,16729,441,15,2024,3,True,CINACALCET,,,,,
FFSU,AL,603533831,603,5338,31,2024,1,False,PREDNISONE,1056.0,22.0,555.07,506.87,48.2
FFSU,AK,228263111,228,2631,11,2024,1,True,ISOSORBIDE,,,,,
FFSU,AK,93821062,93,8210,62,2024,1,True,FINZALA   ,,,,,
FFSU,AL,406052205,406,522,5,2024,3,False,OXYCODONE ,6256.0,102.0,2316.41,1992.93,323.48
FFSU,AK,31722063231,31722,632,31,2024,4,False,OSELTAMIVI,225.0,23.0,537.96,537.96,0.0
FFSU,AL,47781056401,47781,564,1,2024,3,False,LISDEXAMFE,21442.0,714.0,117914.69,113880.21,4034.48
FFSU,AL,49884031002,49884,310,2,2024,2,True,CLONAZEPAM,,,,,
FFSU,AL,781707787,781,7077,87,2024,1,True,METRONIDAZ,,,,,
FFSU,AL,57664095188,57664,951,88,2024,4,False,MIXED AMP ,390.0,13.0,3640.06,3632.26,7.8
FFSU,AL,51672135008,51672,1350,8,2024,2,True,CLOBETASOL,,,,,
FFSU,AL,832532311,832,5323,11,2024,3,False,POTASSIUM ,1977.0,41.0,597.28,597.28,0.0
FFSU,AK,67877026118,67877,261,18,2024,2,False,RIZATRIPTA,96.0,11.0,120.5,120.5,0.0
FFSU,AL,16714072002,16714,720,2,2024,4,False,FLUOXETINE,13401.0,316.0,5036.85,3484.58,1552.27
FFSU,AL,67877072031,67877,720,31,2024,4,False,EVEROLIMUS,1260.007,17.0,11311.38,9078.34,2233.04
FFSU,AK,42192071506,42192,715,6,2024,3,False,CICLOPIROX,217.8,33.0,866.46,866.46,0.0
FFSU,AK,68180031909,68180,319,9,2024,3,False,BUPROPION ,7340.0,152.0,2591.63,2580.94,10.69
FFSU,AL,68001059300,68001,593,0,2024,2,False,ESCITALOPR,2460.0,38.0,558.93,558.93,0.0
FFSU,AL,68180011402,68180,114,2,2024,2,False,LEVETIRACE,1830.0,27.0,464.14,452.7,11.44
FFSU,AL,591034705,591,347,5,2024,2,True,HYDROCHLOR,,,,,
FFSU,AL,62332073831,62332,738,31,2024,4,False,CHLORPROMA,3567.0,60.0,2978.64,2627.28,351.36
FFSU,AK,64380017001,64380,170,1,2024,2,True,IMIPRAMINE,,,,,
FFSU,AL,59651027301,59651,273,1,2024,3,True,PRAZOSIN H,,,,,
FFSU,AL,50228047212,50228,472,12,2024,4,True,LEVETIRACE,,,,,
FFSU,AL,59385004130,59385,41,30,2024,2,False,SYMPROIC (,1320.0,44.0,20861.38,18741.41,2119.97
FFSU,AL,10702001150,10702,11,50,2024,2,False,HYDROXIZIN,2435.0,46.0,624.46,520.5,103.96
FFSU,AL,10702023701,10702,237,1,2024,3,True,URSODIOL C,,,,,
FFSU,AL,70436003901,70436,39,1,2024,4,False,GUANFACINE,10657.0,345.0,5787.97,5056.88,731.09
FFSU,AL,93077801,93,778,1,2024,4,True,CARBAMAZEP,,,,,
FFSU,AK,55253080290,55253,802,90,2024,1,False,MODAFINIL ,345.0,11.0,332.29,332.29,0.0
FFSU,AK,955290002,955,2900,2,2024,3,True,INSULIN GL,,,,,
FFSU,AL,70010000601,70010,6,1,2024,2,False,DEXMETHYLP,12517.0,422.0,21897.08,21242.36,654.72
FFSU,AL,63323001094,63323,10,94,2024,2,True,GENTAMICIN,,,,,
FFSU,AL,527328843,527,3288,43,2024,2,False,LEVOTHYROX,896.0,20.0,258.9,258.9,0.0
FFSU,AL,3052411,3,524,11,2024,1,True,SPRYCEL   ,,,,,
FFSU,AL,62332003531,62332,35,31,2024,2,False,ROPINIROLE,876.0,18.0,232.85,232.85,0.0
FFSU,AL,62332034190,62332,341,90,2024,4,True,CANDESARTA,,,,,
FFSU,AL,65862059501,65862,595,1,2024,3,False,DIVALPROEX,5910.0,91.0,1771.52,1700.88,70.64
FFSU,AL,16714070301,16714,703,1,2024,3,True,LAMOTRIGIN,,,,,
FFSU,AL,13668013501,13668,135,1,2024,3,False,ESCITALOPR,3847.0,87.0,1307.69,1013.57,294.12
FFSU,AK,52427067230,52427,672,30,2024,2,True,SERTRALINE,,,,,
FFSU,AK,68001023703,68001,237,3,2024,1,False,CLONIDINE ,2553.0,40.0,633.0,633.0,0.0
FFSU,AL,50228011910,50228,119,10,2024,2,False,ROSUVASTAT,1770.0,25.0,383.69,383.69,0.0
FFSU,AL,13668009590,13668,95,90,2024,2,False,PRAMIPEXOL,1531.0,23.0,322.34,322.34,0.0
FFSU,AK,49884017111,49884,171,11,2024,1,True,COLCHICINE,,,,,
FFSU,AL,68001010603,68001,106,3,2024,2,False,BPL DIVALP,14601.0,229.0,4516.78,4516.78,0.0
FFSU,AL,169320615,169,3206,15,2024,3,True,FIASP PUMP,,,,,
FFSU,AL,27808005901,27808,59,1,2024,2,False,METHYLPHEN,41601.0,149.0,6948.43,6875.06,73.37
FFSU,AK,59651030901,59651,309,1,2024,1,False,FLUOXETINE,2551.0,51.0,1047.57,1047.57,0.0
FFSU,AL,6500701,6,5007,1,2024,2,True,DELSTRIGO ,,,,,
FFSU,AK,68645056690,68645,566,90,2024,2,True,LOVASTATIN,,,,,
FFSU,AK,23155082373,23155,823,73,2024,3,True,CABERGOLIN,,,,,
FFSU,AK,54092038101,54092,381,1,2024,1,False,ADDERALL X,684.0,19.0,2504.2,2504.2,0.0
FFSU,AL,16252051501,16252,515,1,2024,4,True,CIPROFLOXA,,,,,
FFSU,AL,16729015615,16729,156,15,2024,2,True,SIMVASTATI,,,,,
FFSU,AK,65862066130,65862,661,30,2024,1,True,ARIPIPRAZO,,,,,
FFSU,AK,57237015630,57237,156,30,2024,1,True,MOXIFLOXAC,,,,,
FFSU,AL,55513002304,55513,23,4,2024,2,True,ARANESP (D,,,,,
FFSU,AK,29300031216,29300,312,16,2024,2,True,QUETIAPINE,,,,,
FFSU,AL,29300035916,29300,359,16,2024,3,False,AMIODARONE,2456.625,63.0,1236.07,830.21,405.86
FFSU,AL,409116201,409,1162,1,2024,1,True,BUPIVACAIN,,,,,
FFSU,AL,76385013701,76385,137,1,2024,2,False,METOLAZONE,715.0,26.0,455.26,455.26,0.0
FFSU,AK,44567070125,44567,701,25,2024,4,True,CEFTRIAXON,,,,,
FFSU,AK,47335070352,47335,703,52,2024,4,False,ALBUTEROL ,18060.0,150.0,3913.34,3890.53,22.81
FFSU,AK,42806035830,42806,358,30,2024,3,True,LEUCOVORIN,,,,,
FFSU,AL,143988980,143,9889,80,2024,4,False,AMOXICILLI,46000.0,380.0,5120.77,4904.76,216.01
FFSU,AK,409205105,409,2051,5,2024,3,True,KETAMINE H,,,,,
FFSU,AK,169300315,169,3003,15,2024,1,True,NOVOLIN R ,,,,,
FFSU,AL,69238150402,69238,1504,2,2024,2,False,ERYTHROMYC,5700.0,35.0,21527.95,15178.92,6349.03
FFSU,AK,49884014809,49884,148,9,2024,4,False,DEXLANSOPR,510.0,17.0,2520.62,2252.51,268.11
FFSU,AL,51672403301,51672,4033,1,2024,4,False,WARFARIN 6,390.0,12.0,171.86,160.16,11.7
FFSU,AL,173087410,173,874,10,2024,3,False,ARNUITY EL,3210.0,107.0,22618.44,20721.26,1897.18
FFSU,AK,65162076510,65162,765,10,2024,4,True,WARFARIN S,,,,,
FFSU,AL,16714001001,16714,10,1,2024,2,True,ISOSORBID ,,,,,
FFSU,AL,64980029301,64980,293,1,2024,2,True,PERPHENAZI,,,,,
FFSU,AK,67877019790,67877,197,90,2024,1,False,AMLODIPINE,1500.0,25.0,391.97,391.97,0.0
FFSU,AK,143980305,143,9803,5,2024,4,False,DOXYCYCLIN,856.0,31.0,328.71,328.71,0.0
FFSU,AL,487970101,487,9701,1,2024,1,False,BUDESONIDE,5880.0,64.0,5047.05,4702.34,344.71
FFSU,AL,16714014301,16714,143,1,2024,2,False,ARIPIPRAZO,15249.0,498.0,25038.58,6744.55,18294.03
FFSU,AK,955100410,955,1004,10,2024,3,True,ENOXAPARIN,,,,,
FFSU,AL,228207710,228,2077,10,2024,2,False,TEMAZEPAM ,483.0,19.0,235.1,235.1,0.0
FFSU,AK,68180096801,68180,968,1,2024,2,False,LEVOTHYROX,1287.0,27.0,419.67,419.67,0.0
FFSU,AK,832605210,832,6052,10,2024,3,True,DICYCLOMIN,,,,,
FFSU,AK,64850050601,64850,506,1,2024,1,True,DEXTROAMPH,,,,,
FFSU,AL,23155014201,23155,142,1,2024,3,False,DOXY DR 10,529.0,23.0,1105.66,1105.66,0.0
FFSU,AL,83257000111,83257,1,11,2024,3,True,OGIVRI FOR,,,,,
FFSU,AK,591299801,591,2998,1,2024,2,True,URSODIOL  ,,,,,
FFSU,AK,245531701,245,5317,1,2024,2,True,KLOR-CON M,,,,,
FFSU,AL,338361224,338,3612,24,2024,1,False,CLINDAMYCI,456.0,12.0,48.24,48.24,0.0
FFSU,AK,93831018,93,8310,18,2024,2,True,ELETRIPTAN,,,,,
FFSU,AK,16714037501,16714,375,1,2024,4,False,QUETIAPINE,839.0,28.0,466.34,466.34,0.0
FFSU,AK,68001043725,68001,437,25,2024,1,True,ZOLEDRONIC,,,,,
FFSU,AL,16714072203,16714,722,3,2024,4,False,FLUOXETINE,12411.0,195.0,3474.06,2605.74,868.32
FFSU,AK,54040122,54,401,22,2024,2,False,DESVENLAFA,780.0,20.0,570.42,570.42,0.0
FFSU,AK,70700011685,70700,116,85,2024,3,False,ALTAVERA  ,2044.0,36.0,684.0,684.0,0.0
FFSU,AL,47781017901,47781,179,1,2024,2,False,DEXTROAMPH,15333.0,297.0,8066.63,7689.21,377.42
FFSU,AL,57664005288,57664,52,88,2024,2,False,LISDEXAMFE,780.0,26.0,4333.94,4172.25,161.69
FFSU,AK,63402030430,63402,304,30,2024,2,False,LATUDA    ,303.0,14.0,11709.76,11709.76,0.0
FFSU,AL,68382054916,68382,549,16,2024,2,True,MEMANTINE ,,,,,
FFSU,AL,43547034250,43547,342,50,2024,3,False,RISPERIDON,4907.0,104.0,1760.53,1278.41,482.12
FFSU,AL,591533510,591,5335,10,2024,3,True,TRIHEXYPHE,,,,,
FFSU,AL,42543049301,42543,493,1,2024,4,True,AMANTADINE,,,,,
FFSU,AK,42799080601,42799,806,1,2024,2,False,IVERMECTIN,438.0,46.0,2296.17,2296.17,0.0
FFSU,AL,25021019287,25021,192,87,2024,4,True,CIPROFLOXA,,,,,
FFSU,AK,68682010610,68682,106,10,2024,1,True,NIFEDIPINE,,,,,
FFSU,AK,60505056401,60505,564,1,2024,2,True,BRIMONIDIN,,,,,
FFSU,AL,62332070605,62332,706,5,2024,4,True,BRIMONIDIN,,,,,
FFSU,AK,591322001,591,3220,1,2024,1,True,BUTALB-ACE,,,,,
FFSU,AL,65862000501,65862,5,1,2024,4,True,CITALOPRAM,,,,,
FFSU,AL,93736710,93,7367,10,2024,2,True,LOSARTAN P,,,,,
FFSU,AK,50228035690,50228,356,90,2024,4,True,PREGABALIN,,,,,
FFSU,AL,51991081701,51991,817,1,2024,3,False,PROPRANOLO,2550.0,52.0,1066.46,924.16,142.3
FFSU,AL,55150033001,55150,330,1,2024,3,False,MEDROXYPRO,565.205,565.0,25359.61,25241.89,117.72
FFSU,AL,64980021101,64980,211,1,2024,4,False,OXYBUTYNIN,1920.0,55.0,1446.45,704.1,742.35
FFSU,AK,121087332,121,873,32,2024,3,True,LACTULOSE ,,,,,
FFSU,AL,66689000816,66689,8,16,2024,4,True,NYSTATIN S,,,,,
FFSU,AK,68180046509,68180,465,9,2024,3,True,SIMVASTATI,,,,,
FFSU,AL,47781010444,47781,104,44,2024,3,False,ESTRADIOL ,552.5,13.0,343.33,343.33,0.0
FFSU,AL,31722017710,31722,177,10,2024,4,True,LISINOPRIL,,,,,
FFSU,AL,65862001105,65862,11,5,2024,2,False,SERTRALINE,38689.0,854.0,11919.04,9688.83,2230.21
FFSU,AL,51672300302,51672,3003,2,2024,4,False,HYDROCORTI,15651.172,415.0,5814.5,5495.42,319.08
FFSU,AK,68001052431,68001,524,31,2024,2,False,FLUOROURAC,1737.28,23.0,895.63,774.68,120.95
FFSU,AK,338004938,338,49,38,2024,1,False,SODIUM CHL,1399.5,14.0,16475.92,16475.92,0.0
MCOU,AR,68001017803,68001,178,3,2024,2,True,GLIMEPIRID,,,,,
FFSU,AR,72485041210,72485,412,10,2024,2,True,MEROPENEM ,,,,,
FFSU,AR,16729042212,16729,422,12,2024,4,True,TACROLIMUS,,,,,
MCOU,AR,68382002101,68382,21,1,2024,2,False,VENLAFAXIN,630.0,14.0,101.92,101.92,0.0
MCOU,AR,53746057101,53746,571,1,2024,1,True,BETHANECHO,,,,,
FFSU,AR,68180052606,68180,526,6,2024,2,False,PALIPERIDO,674.0,24.0,1561.88,1561.88,0.0
FFSU,AR,407294302,407,2943,2,2024,1,True,CLARISCAN ,,,,,
FFSU,AR,76282057390,76282,573,90,2024,2,True,PREGABALIN,,,,,
MCOU,AR,338004804,338,48,4,2024,2,True,SODIUM CHL,,,,,
FFSU,AR,62135098505,62135,985,5,2024,3,True,DOXYCYCLIN,,,,,
FFSU,AR,62559049001,62559,490,1,2024,4,True,DIPHENOXYL,,,,,
FFSU,AR,16714055901,16714,559,1,2024,3,False,PRAVASTATI,1335.0,46.0,555.56,555.56,0.0
MCOU,AR,42858000401,42858,4,1,2024,3,True,OXYCODONE ,,,,,
FFSU,AR,536100715,536,1007,15,2024,4,True,CAL-GEST  ,,,,,
FFSU,AR,24385037926,24385,379,26,2024,4,False,DIPHEDRYL ,6308.0,49.0,527.51,527.51,0.0
MCOU,AR,24979023201,24979,232,1,2024,1,False,POTASSIUM ,1056.0,29.0,405.22,405.22,0.0
FFSU,AL,13668033001,13668,330,1,2024,1,False,TRAZODONE ,5620.0,98.0,1256.91,1189.81,67.1
FFSU,AL,27241016201,27241,162,1,2024,1,True,CAPTOPRIL ,,,,,
FFSU,AR,781532501,781,5325,1,2024,2,True,BROMOCRIPT,,,,,
FFSU,AR,50228010710,50228,107,10,2024,2,True,METFORMIN ,,,,,
FFSU,AR,16714061206,16714,612,6,2024,2,False,SERTRALINE,8462.5,241.0,2799.84,2799.84,0.0
FFSU,AL,33342048315,33342,483,15,2024,1,False,NYSTATIN &,2295.0,90.0,1464.24,1447.2,17.04
FFSU,AR,72578008901,72578,89,1,2024,2,False,NYSTATIN  ,2835.0,126.0,2011.59,2004.86,6.73
FFSU,AR,16714063403,16714,634,3,2024,4,False,OMEPRAZOLE,20210.0,549.0,6321.93,6310.27,11.66
FFSU,AR,13811053630,13811,536,30,2024,3,True,TARON-C DH,,,,,
MCOU,AR,169450514,169,4505,14,2024,4,True,WEGOVY    ,,,,,
MCOU,AR,24478011001,24478,110,1,2024,1,True,DYANAVEL X,,,,,
MCOU,AR,60505283603,60505,2836,3,2024,1,True,ATOMOXETIN,,,,,
FFSU,AR,51991074890,51991,748,90,2024,1,False,DULOXETINE,3467.0,97.0,1400.29,1400.29,0.0
MCOU,AR,65862020290,65862,202,90,2024,4,True,LOSARTAN P,,,,,
FFSU,AR,70377006112,70377,61,12,2024,2,False,LABETALOL ,6750.0,99.0,2056.16,2056.16,0.0
MCOU,AR,555906458,555,9064,58,2024,1,True,KELNOR 1-3,,,,,
MCOU,AR,555087304,555,873,4,2024,4,True,MEDROXYPRO,,,,,
MCOU,AR,93077110,93,771,10,2024,3,True,PRAVASTATI,,,,,
FFSU,AR,378462226,378,4622,26,2024,4,True,ESTRADIOL ,,,,,
FFSU,AR,64980041309,64980,413,9,2024,4,False,PREGABALIN,1000.0,15.0,199.06,199.06,0.0
MCOU,AR,51672128402,51672,1284,2,2024,2,False,TRIAMCINOL,1680.0,53.0,523.09,523.09,0.0
FFSU,AL,70095002501,70095,25,1,2024,1,True,AZITHROMYC,,,,,
FFSU,AR,65162063709,65162,637,9,2024,1,False,PANTOPRAZO,480.0,13.0,158.13,158.13,0.0
FFSU,AR,409488799,409,4887,99,2024,4,True,WATER     ,,,,,
FFSU,AR,16729020201,16729,202,1,2024,4,True,BUSPIRONE ,,,,,
FFSU,AR,31722070230,31722,702,30,2024,1,True,LOSARTAN P,,,,,
FFSU,AR,713022531,713,225,31,2024,3,True,TRIAMCINOL,,,,,
MCOU,AR,68462025401,68462,254,1,2024,4,False,ROPINIROLE,1020.0,25.0,181.76,181.76,0.0
MCOU,AR,55150030501,55150,305,1,2024,4,True,DEXAMETHAS,,,,,
MCOU,AR,70677003001,70677,30,1,2024,2,True,NICOTINE P,,,,,
FFSU,AR,65649031112,65649,311,12,2024,3,False,DIURIL    ,3361.0,34.0,1233.77,1233.77,0.0
FFSU,AR,67877046705,67877,467,5,2024,2,False,PREGABALIN,1140.0,15.0,232.29,232.29,0.0
FFSU,AL,51862048601,51862,486,1,2024,1,False,TRIMETHOPR,601.0,28.0,1011.43,820.4,191.03
MCOU,AR,591564201,591,5642,1,2024,1,True,MINOXIDIL ,,,,,
FFSU,AR,78206011801,78206,118,1,2024,4,False,CELESTONE ,146.0,53.0,958.64,260.79,697.85
FFSU,AL,71930007412,71930,74,12,2024,1,True,CARBAMAZEP,,,,,
FFSU,AR,76282072301,76282,723,1,2024,4,True,PRAZOSIN H,,,,,
FFSU,AR,55111032101,55111,321,1,2024,2,False,GLIMEPIRID,4485.0,124.0,1426.45,1426.45,0.0
MCOU,AR,68382078501,68382,785,1,2024,3,True,DOXAZOSIN ,,,,,
MCOU,AR,574403110,574,4031,10,2024,3,True,TOBRAMYCIN,,,,,
FFSU,AR,57237022301,57237,223,1,2024,1,True,RAMIPRIL  ,,,,,
FFSU,AR,64380019701,64380,197,1,2024,2,True,AMLODIPINE,,,,,
FFSU,AR,67877028890,67877,288,90,2024,1,False,FINASTERID,630.0,21.0,253.78,253.78,0.0
FFSU,AL,16714020010,16714,200,10,2024,1,True,ONDANS OD ,,,,,
MCOU,AR,527301248,527,3012,48,2024,1,False,MESALAMINE,1080.0,12.0,2829.22,2829.22,0.0
MCOU,AR,480716810,480,7168,10,2024,2,True,AMLODIPINE,,,,,
FFSU,AR,69097016887,69097,168,87,2024,4,True,ARFORMOTER,,,,,
FFSU,AR,93506105,93,5061,5,2024,1,False,HYDROXYZIN,32581.0,687.0,8606.42,8602.59,3.83
MCOU,AR,54008525,54,85,25,2024,3,True,ZALEPLON  ,,,,,
MCOU,AR,69452017213,69452,172,13,2024,2,True,AZITHROMYC,,,,,
MCOU,AR,121476605,121,4766,5,2024,2,True,CALCIUM CA,,,,,
MCOU,AR,45802097426,45802,974,26,2024,3,False,CETIRIZINE,17538.0,87.0,1140.68,1140.68,0.0
FFSU,AR,63323097210,63323,972,10,2024,4,False,FOSAPREPIT,15.0,15.0,2458.35,2375.88,82.47
FFSU,AR,517065001,517,650,1,2024,1,False,INJECTAFER,824.0,55.0,43012.85,41678.09,1334.76
FFSU,AL,16714020130,16714,201,30,2024,1,False,ONDANS OD ,15013.0,822.0,28812.1,11190.65,17621.45
FFSU,AR,68180047301,68180,473,1,2024,4,True,AMLODIPINE,,,,,
FFSU,AR,16571080901,16571,809,1,2024,2,False,QUETIAPINE,1350.0,43.0,2067.86,1989.1,78.76
FFSU,AR,121064616,121,646,16,2024,4,False,AMANTADINE,6376.0,22.0,561.24,551.86,9.38
FFSU,AR,904663561,904,6635,61,2024,4,True,BUPROPION ,,,,,
FFSU,AR,70377006711,70377,67,11,2024,4,False,PRAZOSIN H,1830.0,45.0,707.82,707.82,0.0
MCOU,AR,61874011530,61874,115,30,2024,3,False,VRAYLAR   ,2436.0,83.0,114517.73,114517.73,0.0
MCOU,AR,29300042201,29300,422,1,2024,2,False,AMITRIPTYL,1592.0,48.0,623.44,623.44,0.0
FFSU,AR,68180059102,68180,591,2,2024,1,True,RAMIPRIL  ,,,,,
MCOU,AR,71104098401,71104,984,1,2024,4,True,ALTUVIIIO ,,,,,
FFSU,AR,70748033204,70748,332,4,2024,4,True,PREDNISOLO,,,,,
FFSU,AR,10702000401,10702,4,1,2024,2,True,PROMETHAZI,,,,,
FFSU,AL,50742024930,50742,249,30,2024,1,False,DILTIAZEM ,750.0,16.0,270.94,270.94,0.0
MCOU,AR,50111045001,50111,450,1,2024,2,False,TRAZODONE ,6074.0,156.0,1596.98,1596.98,0.0
FFSU,AR,13107008105,13107,81,5,2024,1,True,TRAZODONE ,,,,,
FFSU,AR,68382012216,68382,122,16,2024,1,True,AMLODIPINE,,,,,
MCOU,AR,68180096803,68180,968,3,2024,3,False,LEVOTHYROX,857.0,30.0,203.53,194.97,8.56
FFSU,AR,16714008212,16714,82,12,2024,1,False,HYDROXYZIN,51772.0,1019.0,11539.29,11534.31,4.98
FFSU,AR,16714083801,16714,838,1,2024,2,False,ZIPRASIDON,1232.0,22.0,627.67,627.67,0.0
MCOU,AR,68084029121,68084,291,21,2024,4,True,NALTREXONE,,,,,
FFSU,AR,59746044890,59746,448,90,2024,3,True,IRBESARTAN,,,,,
MCOU,AR,71288050302,71288,503,2,2024,3,True,HALOPERIDO,,,,,
FFSU,AR,378647097,378,6470,97,2024,4,True,SCOPOLAMIN,,,,,
MCOU,AR,21922001607,21922,16,7,2024,4,True,CLOBETASOL,,,,,
MCOU,AR,50228037905,50228,379,5,2024,1,True,EZETIMIBE ,,,,,
MCOU,AR,50228045705,50228,457,5,2024,1,True,CARBIDOPA-,,,,,
FFSU,AR,23608210,23,6082,10,2024,1,False,INFED     ,823.0,41.0,9971.21,9830.26,140.95
MCOU,AR,69238150301,69238,1503,1,2024,3,True,ERYTHROMYC,,,,,
FFSU,AR,67877014705,67877,147,5,2024,4,False,TEMAZEPAM ,2113.0,71.0,921.77,921.77,0.0
FFSU,AR,57962042028,57962,420,28,2024,2,True,IMBRUVICA ,,,,,
FFSU,AR,66993007996,66993,79,96,2024,3,False,FLUTICASON,16092.0,1340.0,228780.51,225464.32,3316.19
FFSU,AR,23155024801,23155,248,1,2024,1,True,VENLAFAXIN,,,,,
MCOU,AR,93915701,93,9157,1,2024,1,False,VENLAFAXIN,1620.0,23.0,255.24,255.24,0.0
FFSU,AR,16729026129,16729,261,29,2024,2,True,MYCOPHENOL,,,,,
FFSU,AR,93505998,93,5059,98,2024,2,False,ATORVASTAT,9706.0,326.0,3704.72,3704.72,0.0
FFSU,AR,42806015910,42806,159,10,2024,3,True,HYDROXYZIN,,,,,
FFSU,AR,548560400,548,5604,0,2024,3,True,ENOXAPARIN,,,,,
FFSU,AR,93075305,93,753,5,2024,4,False,ATENOLOL  ,826.0,23.0,268.69,268.69,0.0
FFSU,AR,57664044188,57664,441,88,2024,1,True,DIGOXIN   ,,,,,
FFSU,AR,33342033180,33342,331,80,2024,1,False,TRIAMCINOL,990.0,13.0,208.27,208.27,0.0
MCOU,AR,2771459,2,7714,59,2024,1,False,HUMALOG JU,267.0,19.0,3762.65,3483.3,279.35
MCOU,AR,62756018488,62756,184,88,2024,1,False,OXCARBAZEP,1305.0,16.0,405.27,399.73,5.54
MCOU,AR,31722015490,31722,154,90,2024,1,True,VALSARTAN ,,,,,
MCOU,AR,69230032224,69230,322,24,2024,3,True,CHILDREN'S,,,,,
FFSU,AR,63824000834,63824,8,34,2024,2,True,MUCINEX   ,,,,,
MCOU,AR,27808026302,27808,263,2,2024,2,False,LEVETIRACE,1544.0,16.0,177.27,177.27,0.0
MCOU,AR,21922003105,21922,31,5,2024,2,True,NYSTATIN-T,,,,,
FFSU,AR,63323059930,63323,599,30,2024,4,False,DEFEROXAMI,21.0,21.0,863.52,863.52,0.0
FFSU,AR,16714026201,16714,262,1,2024,3,False,AMITRIPTYL,840.0,25.0,458.36,458.36,0.0
MCOU,AR,13668008190,13668,81,90,2024,1,False,MONTELUKAS,688.0,23.0,155.74,155.74,0.0
FFSU,AR,121087332,121,873,32,2024,1,False,LACTULOSE ,126701.0,141.0,2900.57,2889.34,11.23
FFSU,AR,406048301,406,483,1,2024,3,False,ACETAMINOP,259.0,13.0,190.28,190.28,0.0
MCOU,AR,49884025701,49884,257,1,2024,1,True,MINOXIDIL ,,,,,
MCOU,AR,641614501,641,6145,1,2024,2,False,DEXAMETHAS,26.25,21.0,1012.44,1009.25,3.19
FFSU,AR,472033720,472,337,20,2024,1,False,HYDROCORTI,740.0,37.0,449.23,449.23,0.0
FFSU,AR,591569550,591,5695,50,2024,3,False,MINOCYCLIN,4178.0,99.0,2340.12,2338.86,1.26
FFSU,AR,69452027120,69452,271,20,2024,2,False,LOPERAMIDE,356.0,11.0,182.23,178.15,4.08
FFSU,AR,68382097001,68382,970,1,2024,4,True,CHLORTHALI,,,,,
MCOU,AR,172572970,172,5729,70,2024,4,False,FAMOTIDINE,454.0,11.0,89.9,89.9,0.0
MCOU,AR,527328143,527,3281,43,2024,3,False,LEVOTHYROX,747.0,34.0,267.17,267.17,0.0
FFSU,AR,58394001501,58394,15,1,2024,3,True,XYNTHA    ,,,,,
FFSU,AR,378335199,378,3351,99,2024,1,True,ESTRADIOL ,,,,,
FFSU,AR,16571041110,16571,411,10,2024,3,False,CIPROFLOXA,571.0,37.0,436.98,436.98,0.0
MCOU,AR,555902742,555,9027,42,2024,3,True,JUNEL     ,,,,,
FFSU,AR,16729002301,16729,23,1,2024,1,True,BICALUTAMI,,,,,
FFSU,AR,59651078101,59651,781,1,2024,4,False,GLIPIZIDE ,1590.0,40.0,544.36,544.36,0.0
FFSU,AR,42571014301,42571,143,1,2024,2,False,CELECOXIB ,1080.0,20.0,301.95,301.95,0.0
MCOU,AR,67877031905,67877,319,5,2024,1,False,IBUPROFEN ,617.0,16.0,131.94,131.8,0.14
FFSU,AR,62332040931,62332,409,31,2024,1,True,CLOMIPRAMI,,,,,
FFSU,AL,53746051501,53746,515,1,2024,1,False,SPIRONOLAC,6690.0,120.0,2521.51,2373.13,148.38
FFSU,AL,55111056330,55111,563,30,2024,1,False,ATOMOXETIN,4237.0,142.0,6546.89,5208.3,1338.59
MCOU,AR,406012510,406,125,10,2024,4,False,HYDROCODON,16249.0,196.0,4632.1,4615.85,16.25
FFSU,AR,43598043601,43598,436,1,2024,3,True,NITROGLYCE,,,,,
FFSU,AL,76045020400,76045,204,0,2024,1,True,DIAZEPAM I,,,,,
MCOU,AR,70954006110,70954,61,10,2024,4,True,PREDNISONE,,,,,
FFSU,AR,55150011720,55150,117,20,2024,1,True,AMPICILLIN,,,,,
FFSU,AL,55150027101,55150,271,1,2024,1,False,CYCLOPHOSP,138.2,34.0,20755.84,16198.88,4556.96
MCOU,AR,67877058901,67877,589,1,2024,3,True,COLCHICINE,,,,,
MCOU,AR,713022615,713,226,15,2024,2,True,TRIAMCINOL,,,,,
FFSU,AL,65162010111,65162,101,11,2024,1,False,GABAPENTIN,20019.0,248.0,3409.27,2964.27,445.0
MCOU,AR,172392760,172,3927,60,2024,1,False,DIAZEPAM  ,3153.0,62.0,367.89,367.89,0.0
FFSU,AR,43547022115,43547,221,15,2024,1,True,LEVETIRACE,,,,,
MCOU,AR,16714007106,16714,71,6,2024,3,False,BACLOFEN  ,6894.0,69.0,714.28,666.46,47.82
FFSU,AL,16714081302,16714,813,2,2024,1,False,EZETIMIBE ,2280.0,76.0,976.6,976.6,0.0
FFSU,AR,68001024604,68001,246,4,2024,1,False,ONDANSETRO,20541.0,1816.0,22815.82,22770.49,45.33
MCOU,AR,185012201,185,122,1,2024,1,True,NITROFURAN,,,,,
MCOU,AR,93031905,93,319,5,2024,4,True,DILTIAZEM ,,,,,
FFSU,AR,71699010356,71699,103,56,2024,2,True,XCOPRI    ,,,,,
MCOU,AR,68180097903,68180,979,3,2024,4,False,LISINOPRIL,1596.0,54.0,319.46,319.46,0.0
FFSU,AR,78047015,78,470,15,2024,4,True,EXJADE    ,,,,,
FFSU,AR,12496030001,12496,300,1,2024,3,False,SUBLOCADE ,55.5,37.0,74944.24,74944.24,0.0
FFSU,AR,31722023101,31722,231,1,2024,2,True,DEXMETHYLP,,,,,
FFSU,AR,69367013406,69367,134,6,2024,2,True,GABAPENTIN,,,,,
FFSU,AR,51672126901,51672,1269,1,2024,4,False,BETAMETHAS,180.0,12.0,213.91,213.91,0.0
FFSU,AR,47335075652,47335,756,52,2024,4,True,IPRATROPIU,,,,,
FFSU,AR,65862070460,65862,704,60,2024,1,True,ZIPRASIDON,,,,,
FFSU,AR,44206045621,44206,456,21,2024,4,False,HIZENTRA  ,306.0,17.0,41531.34,38797.83,2733.51
FFSU,AL,43598049501,43598,495,1,2024,1,False,NAPROXEN S,7890.0,312.0,5452.37,5030.73,421.64
FFSU,AR,16714036603,16714,366,3,2024,3,False,SETLAKIN  ,1001.0,11.0,276.43,276.43,0.0
MCOU,AR,59746076001,59746,760,1,2024,3,True,CHLORTHALI,,,,,
MCOU,AR,43547030109,43547,301,9,2024,4,True,OLMESARTAN,,,,,
FFSU,AR,31722024330,31722,243,30,2024,4,False,LAMOTRIGIN,570.0,12.0,534.78,534.78,0.0
MCOU,AR,955172901,955,1729,1,2024,1,True,INSULIN GL,,,,,
FFSU,AR,16729043316,16729,433,16,2024,1,True,EZETIMIBE ,,,,,
FFSU,AR,67457086404,67457,864,4,2024,4,False,GRANISETRO,185.0,185.0,22278.53,22020.44,258.09
FFSU,AR,51672400302,51672,4003,2,2024,1,True,NORTRIPTYL,,,,,
MCOU,AR,45802039000,45802,390,0,2024,2,True,TACROLIMUS,,,,,
MCOU,AR,16714016701,16714,167,1,2024,2,True,LIOTHYRONI,,,,,
FFSU,AR,64380017101,64380,171,1,2024,3,False,IMIPRAMINE,1146.0,34.0,477.56,477.56,0.0
MCOU,AR,60505100302,60505,1003,2,2024,4,True,KETOROLAC ,,,,,
MCOU,AR,61874013030,61874,130,30,2024,3,False,VRAYLAR   ,3292.0,110.0,155930.87,155930.87,0.0
MCOU,AR,16729045315,16729,453,15,2024,3,True,LEVOTHYROX,,,,,
MCOU,AR,65862014905,65862,149,5,2024,4,True,FINASTERID,,,,,
MCOU,AR,69238149001,69238,1490,1,2024,3,False,BUMETANIDE,596.0,11.0,209.43,209.43,0.0
FFSU,AR,75826014310,75826,143,10,2024,4,True,PHENOBARBI,,,,,
FFSU,AR,70377004011,70377,40,11,2024,3,True,MYCOPHENOL,,,,,
MCOU,AR,70700016301,70700,163,1,2024,2,True,PROGESTERO,,,,,
FFSU,AL,57237003501,57237,35,1,2024,1,False,CEFPROZIL ,64035.0,495.0,15418.41,15037.39,381.02
FFSU,AR,52536013301,52536,133,1,2024,2,True,MECLIZINE ,,,,,
FFSU,AR,55111072590,55111,725,90,2024,2,False,MONTELUKAS,600.0,20.0,233.3,233.3,0.0
FFSU,AR,70000060302,70000,603,2,2024,3,True,ASPIRIN RE,,,,,
FFSU,AL,71288001695,71288,16,95,2024,1,True,DAPTOMYCIN,,,,,
FFSU,AR,70752010710,70752,107,10,2024,3,False,CYPROHEPTA,3120.0,64.0,930.05,914.45,15.6
MCOU,AR,21922006205,21922,62,5,2024,4,False,TRIAMCINOL,1050.0,35.0,346.54,346.54,0.0
MCOU,AR,49884094499,49884,944,99,2024,2,True,VARENICLIN,,,,,
MCOU,AR,62559029915,62559,299,15,2024,3,True,FLUOCINOLO,,,,,
FFSU,AR,43598021085,43598,210,85,2024,1,False,SSD       ,1870.0,22.0,466.4,466.4,0.0
MCOU,AR,67877052790,67877,527,90,2024,3,False,SOLIFENACI,770.0,30.0,300.46,292.36,8.1
FFSU,AR,68180047803,68180,478,3,2024,4,False,SIMVASTATI,5448.0,183.0,2059.22,2057.01,2.21
FFSU,AR,71921021401,71921,214,1,2024,4,True,GLIMEPIRID,,,,,
FFSU,AZ,76204020030,76204,200,30,2024,2,False,ALBUTEROL ,1711.2,11.0,298.41,298.41,0.0
FFSU,AZ,527495332,527,4953,32,2024,1,True,LEVOTHYROX,,,,,
MCOU,AZ,64764091830,64764,918,30,2024,4,True,ULORIC    ,,,,,
MCOU,AZ,54327099,54,3270,99,2024,1,False,FLUTICASON,530831.9,31348.0,389725.24,386245.04,3480.2
MCOU,AZ,64380088504,64380,885,4,2024,1,True,CINACALCET,,,,,
FFSU,AZ,23066704,23,667,4,2024,1,True,REFRESH P.,,,,,
MCOU,AZ,16729052508,16729,525,8,2024,1,True,ATROPINE S,,,,,
MCOU,AZ,591555610,591,5556,10,2024,1,False,PROPRANOLO,7133.0,95.0,1095.33,959.7,135.63
MCOU,AZ,31722014201,31722,142,1,2024,2,False,CAPTOPRIL ,5610.0,63.0,2545.65,2472.58,73.07
MCOU,AZ,70756065810,70756,658,10,2024,3,True,NALOXONE H,,,,,
MCOU,AZ,6430502,6,4305,2,2024,3,False,RENFLEXIS ,150.5,36.0,30900.01,30900.01,0.0
FFSU,AZ,59762372004,59762,3720,4,2024,3,True,ALPRAZOLAM,,,,,
MCOU,AZ,65862047605,65862,476,5,2024,3,True,RAMIPRIL  ,,,,,
MCOU,AZ,55111073390,55111,733,90,2024,4,True,VALSARTAN ,,,,,
MCOU,AZ,65862001001,65862,10,1,2024,4,False,METFORMIN ,81437.0,862.0,5313.97,5278.77,35.2
MCOU,AZ,51672200202,51672,2002,2,2024,1,False,CLOTRIMAZO,4230.0,110.0,909.13,902.13,7.0
FFSU,AR,68546047156,68546,471,56,2024,1,True,AUSTEDO XR,,,,,
FFSU,AR,70436006001,70436,60,1,2024,1,False,BUPROPION ,1320.0,31.0,484.97,484.97,0.0
MCOU,AZ,49483060201,49483,602,1,2024,2,True,IBUPROFEN ,,,,,
FFSU,AZ,65862006401,65862,64,1,2024,2,True,METOPROLOL,,,,,
MCOU,AZ,54092025602,54092,256,2,2024,2,True,FOSRENOL  ,,,,,
FFSU,AR,71288041083,71288,410,83,2024,1,True,ENOXAPARIN,,,,,
MCOU,AZ,536122522,536,1225,22,2024,1,False,CALCIUM AN,1405.0,25.0,105.65,105.65,0.0
MCOU,AZ,63323016530,63323,165,30,2024,4,False,DEXAMETHAS,1330.175,1186.0,455.31,455.31,0.0
MCOU,AZ,57664034588,57664,345,88,2024,3,False,CLOZAPINE ,156.0,11.0,76.38,76.38,0.0
MCOU,AZ,50111091703,50111,917,3,2024,4,False,TORSEMIDE ,3891.0,41.0,538.03,538.03,0.0
MCOU,AZ,51672130406,51672,1304,6,2024,1,False,TERCONAZOL,12825.0,282.0,6586.55,6375.38,211.17
MCOU,AZ,67877052730,67877,527,30,2024,1,False,SOLIFENACI,690.0,17.0,2020.54,999.88,1020.66
FFSU,AZ,63323096502,63323,965,2,2024,1,True,POTASSIUM ,,,,,
MCOU,AZ,115169701,115,1697,1,2024,3,False,HYDROCORTI,3001.0,44.0,1001.91,1001.91,0.0
MCOU,AZ,378181510,378,1815,10,2024,1,False,LEVOTHYROX,42540.0,872.0,7570.35,7327.06,243.29
MCOU,AZ,29300014005,29300,140,5,2024,1,False,DIVALPROEX,16244.0,233.0,6753.44,6692.09,61.35
MCOU,AZ,57237001206,57237,12,6,2024,4,False,MIRTAZAPIN,840.0,24.0,516.25,516.25,0.0
MCOU,AZ,31722076401,31722,764,1,2024,3,False,QUETIAPINE,2137.0,108.0,324.74,323.98,0.76
FFSU,AZ,51672126705,51672,1267,5,2024,4,True,TRIAMCINOL,,,,,
MCOU,AZ,78109820,78,1098,20,2024,3,False,SCEMBLIX  ,1020.0,13.0,358586.48,358586.48,0.0
MCOU,AZ,66215060806,66215,608,6,2024,2,False,UPTRAVI   ,634.0,14.0,242357.48,242357.48,0.0
MCOU,AZ,23155086710,23155,867,10,2024,4,False,GABAPENTIN,6282.0,58.0,524.52,506.97,17.55
MCOU,AZ,68982084004,68982,840,4,2024,1,False,OCTAGAM   ,6400.0,17.0,8192.64,8192.64,0.0
FFSU,AZ,52817018110,52817,181,10,2024,4,True,CLONIDINE ,,,,,
MCOU,AZ,64380084406,64380,844,6,2024,4,True,URSODIOL  ,,,,,
MCOU,AZ,55111032890,55111,328,90,2024,1,True,NATEGLINID,,,,,
MCOU,AZ,51862061001,51862,610,1,2024,3,True,METHYLPHEN,,,,,
MCOU,AZ,555077702,555,777,2,2024,3,False,DEXTROAMPH,9019.0,198.0,3417.02,3290.63,126.39
MCOU,AZ,70700015001,70700,150,1,2024,4,False,OMEPRAZOLE,2520.0,78.0,352.49,352.49,0.0
MCOU,AZ,378459510,378,4595,10,2024,1,False,METOPROLOL,585.0,13.0,125.07,125.07,0.0
MCOU,AZ,81284015310,81284,153,10,2024,3,False,PIPERACILL,434.0,22.0,1859.32,1859.32,0.0
MCOU,AZ,72888018501,72888,185,1,2024,2,True,MYCOPHENOL,,,,,
FFSU,AZ,93026415,93,264,15,2024,4,True,FLUOCINONI,,,,,
MCOU,AZ,31722015601,31722,156,1,2024,1,True,DEXTROAMPH,,,,,
FFSU,AZ,24979023102,24979,231,2,2024,3,True,POTASSIUM ,,,,,
FFSU,AZ,31722006605,31722,66,5,2024,4,True,BUPROPION ,,,,,
MCOU,AZ,24510011010,24510,110,10,2024,3,False,XTAMPZA ER,21821.0,432.0,133447.63,131138.95,2308.68
MCOU,AZ,68001038103,68001,381,3,2024,2,True,LABETALOL ,,,,,
MCOU,AZ,245021311,245,213,11,2024,2,False,MIDODRINE ,19797.0,249.0,17948.92,17632.8,316.12
FFSU,AZ,51224012250,51224,122,50,2024,3,True,AZITHROMYC,,,,,
MCOU,AZ,65862006299,65862,62,99,2024,1,False,METOPROLOL,41935.0,500.0,1787.97,1759.64,28.33
MCOU,AZ,70377002911,70377,29,11,2024,2,False,ATORVASTAT,1446.0,35.0,245.59,245.59,0.0
MCOU,AZ,70010006509,70010,65,9,2024,1,False,METFORMIN ,1078.0,15.0,91.01,91.01,0.0
FFSU,AR,69230031701,69230,317,1,2024,1,True,ALLERGY RE,,,,,
MCOU,AZ,25021020111,25021,201,11,2024,1,True,MESNA     ,,,,,
MCOU,AZ,43068010102,43068,101,2,2024,2,True,FANAPT    ,,,,,
MCOU,AZ,603254021,603,2540,21,2024,3,False,BUTALBITAL,5955.0,103.0,4101.81,4017.63,84.18
MCOU,AZ,10122082056,10122,820,56,2024,1,False,BETHKIS   ,12304.0,57.0,337219.16,325438.6,11780.56
MCOU,AZ,29300039805,29300,398,5,2024,3,False,AMLODIPINE,65242.0,1361.0,4161.8,4101.48,60.32
FFSU,AZ,173091213,173,912,13,2024,1,True,ZEJULA    ,,,,,
MCOU,AZ,24385059029,24385,590,29,2024,2,True,MICONAZOLE,,,,,
MCOU,AZ,67877051110,67877,511,10,2024,3,False,ATORVASTAT,5532.0,167.0,705.23,705.23,0.0
MCOU,AZ,65081604,65,816,4,2024,3,False,PATADAY ON,240.0,81.0,1441.34,1441.34,0.0
MCOU,AZ,24385036134,24385,361,34,2024,1,True,CHILDREN'S,,,,,
MCOU,AR,69230032212,69230,322,12,2024,1,True,CHILDREN'S,,,,,
MCOU,AZ,409488710,409,4887,10,2024,3,False,WATER     ,1230.0,13.0,112.46,112.46,0.0
FFSU,AZ,51672402301,51672,4023,1,2024,2,True,ACETAZOLAM,,,,,
MCOU,AZ,47781047013,47781,470,13,2024,4,True,OSELTAMIVI,,,,,
FFSU,AZ,60219170601,60219,1706,1,2024,4,True,PREDNISONE,,,,,
MCOU,AZ,13107015490,13107,154,90,2024,3,False,PAROXETINE,16619.0,405.0,1658.5,1638.79,19.71
MCOU,AZ,70752011304,70752,113,4,2024,3,False,LIDOCAINE ,2850.0,44.0,477.42,477.42,0.0
FFSU,AZ,60505015701,60505,157,1,2024,2,False,BUPROPION ,659.0,16.0,103.76,103.76,0.0
MCOU,AZ,70954002120,70954,21,20,2024,1,False,PRAZOSIN H,966.0,24.0,440.13,424.79,15.34
MCOU,AZ,16714026201,16714,262,1,2024,3,False,AMITRIPTYL,1093.0,29.0,762.63,702.61,60.02
MCOU,AZ,16571071601,16571,716,1,2024,3,True,TRAMADOL H,,,,,
FFSU,AZ,50242013601,50242,136,1,2024,2,True,ACTEMRA   ,,,,,
MCOU,AZ,54452725,54,4527,25,2024,4,False,LITHIUM CA,33631.0,497.0,6198.44,6022.65,175.79
FFSU,AZ,65862001001,65862,10,1,2024,2,True,METFORMIN ,,,,,
MCOU,AZ,43547040903,43547,409,3,2024,1,True,PAROXETINE,,,,,
MCOU,AZ,71930006612,71930,66,12,2024,1,False,BACLOFEN  ,1186.0,21.0,173.34,173.34,0.0
MCOU,AZ,168005615,168,56,15,2024,2,True,BETAMETHAS,,,,,
MCOU,AZ,45802097426,45802,974,26,2024,1,False,CETIRIZINE,19004.0,135.0,1341.4,1341.4,0.0
MCOU,AZ,55111034305,55111,343,5,2024,2,False,CITALOPRAM,430.0,13.0,102.06,102.06,0.0
MCOU,AZ,406181001,406,1810,1,2024,3,False,METHYLPHEN,6307.0,215.0,7141.34,6087.41,1053.93
MCOU,AZ,70010078101,70010,781,1,2024,3,False,METOPROLOL,2841.0,73.0,515.79,512.43,3.36
MCOU,AZ,832112142,832,1121,42,2024,2,True,TESTOSTERO,,,,,
MCOU,AZ,51672130901,51672,1309,1,2024,4,True,BETAMETHAS,,,,,
MCOU,AZ,64980034001,64980,340,1,2024,4,False,ALENDRONAT,586.0,15.0,163.91,163.91,0.0
MCOU,AZ,62175061746,62175,617,46,2024,1,True,PANTOPRAZO,,,,,
MCOU,AZ,62332004930,62332,49,30,2024,1,True,LOSARTAN-H,,,,,
MCOU,AZ,781149001,781,1490,1,2024,1,False,AMITRIPTYL,4241.0,84.0,2125.17,2105.08,20.09
MCOU,AZ,409216877,409,2168,77,2024,2,True,MAGNESIUM ,,,,,
FFSU,AZ,228202710,228,2027,10,2024,3,True,ALPRAZOLAM,,,,,
FFSU,AZ,68180097901,68180,979,1,2024,2,False,LISINOPRIL,570.0,19.0,234.04,234.04,0.0
FFSU,AZ,54074287,54,742,87,2024,2,False,ALBUTEROL ,482.4,71.0,1234.33,1234.33,0.0
MCOU,AZ,50742050504,50742,505,4,2024,1,False,SCOPOLAMIN,410.0,60.0,3897.53,3858.25,39.28
MCOU,AZ,12496010001,12496,100,1,2024,1,False,SUBLOCADE ,170.0,336.0,659376.32,634694.43,24681.89
MCOU,AZ,55513088001,55513,880,1,2024,2,False,EVENITY   ,25.441,11.0,11483.25,11483.25,0.0
FFSU,AZ,23155000801,23155,8,1,2024,2,True,HYDROCHLOR,,,,,
MCOU,AZ,65862021150,65862,211,50,2024,3,False,MINOCYCLIN,6592.0,169.0,2907.0,2819.65,87.35
MCOU,AZ,50742024890,50742,248,90,2024,3,False,DILTIAZEM ,12256.0,213.0,3485.28,3299.57,185.71
MCOU,AZ,44206045202,44206,452,2,2024,4,True,HIZENTRA  ,,,,,
FFSU,AZ,65862016899,65862,168,99,2024,1,True,ATENOLOL  ,,,,,
FFSU,AZ,57237000430,57237,4,30,2024,1,True,FLUCONAZOL,,,,,
MCOU,AZ,641605701,641,6057,1,2024,1,True,MIDAZOLAM ,,,,,
MCOU,AZ,68180097501,68180,975,1,2024,1,False,LEVOTHYROX,8931.0,250.0,1352.86,1345.8,7.06
MCOU,AZ,54092070104,54092,701,4,2024,1,True,VPRIV     ,,,,,
MCOU,AZ,407141210,407,1412,10,2024,2,True,OMNIPAQUE ,,,,,
MCOU,AZ,70370106001,70370,1060,1,2024,2,False,INGREZZA  ,1840.0,66.0,489398.06,480291.49,9106.57
MCOU,AZ,59746024601,59746,246,1,2024,2,True,LAMOTRIGIN,,,,,
FFSU,AZ,57237017301,57237,173,1,2024,2,True,VENLAFAXIN,,,,,
FFSU,AZ,54418625,54,4186,25,2024,3,True,DEXAMETHAS,,,,,
FFSU,AZ,59651071999,59651,719,99,2024,3,True,DICYCLOMIN,,,,,
MCOU,AZ,43598036730,43598,367,30,2024,1,False,CINACALCET,270.0,11.0,1156.76,1156.76,0.0
FFSU,AZ,13668013501,13668,135,1,2024,1,False,ESCITALOPR,716.0,28.0,64.76,64.76,0.0
MCOU,AZ,47335070786,47335,707,86,2024,3,True,TOPIRAMATE,,,,,
MCOU,AZ,61314065605,61314,656,5,2024,1,False,CIPROFLOXA,3720.0,617.0,10164.14,10034.35,129.79
MCOU,AZ,46122070071,46122,700,71,2024,2,True,MUCUS RELI,,,,,
MCOU,AZ,23155086610,23155,866,10,2024,1,True,GABAPENTIN,,,,,
MCOU,AZ,51672137002,51672,1370,2,2024,3,False,MUPIROCIN ,3990.0,125.0,9196.6,8956.16,240.44
FFSU,AZ,185012905,185,129,5,2024,1,True,BUMETANIDE,,,,,
MCOU,AZ,536136206,536,1362,6,2024,3,False,NICOTINE G,7743.0,72.0,1958.39,1958.39,0.0
MCOU,AZ,50228017401,50228,174,1,2024,4,False,BUPROPION ,2679.0,71.0,360.16,358.64,1.52
MCOU,AZ,50268067701,50268,677,1,2024,3,True,PRENATAL P,,,,,
FFSU,AZ,69367027216,69367,272,16,2024,3,True,CODEINE-GU,,,,,
MCOU,AZ,16714074302,16714,743,2,2024,1,False,ITRACONAZO,656.0,12.0,683.98,683.98,0.0
MCOU,AZ,58657031016,58657,310,16,2024,3,False,SODIUM CIT,46082.0,41.0,1367.36,1367.36,0.0
FFSU,AZ,50881001060,50881,10,60,2024,3,True,JAKAFI    ,,,,,
MCOU,AZ,50228017901,50228,179,1,2024,1,False,GABAPENTIN,4308.0,32.0,247.33,247.33,0.0
MCOU,AZ,72485061710,72485,617,10,2024,4,False,KETOTIFEN ,1255.0,227.0,1946.72,1946.72,0.0
MCOU,AZ,62332003631,62332,36,31,2024,2,False,ROPINIROLE,1108.0,25.0,110.04,110.04,0.0
MCOU,AZ,70010011101,70010,111,1,2024,1,True,DEXTROAMPH,,,,,
MCOU,AZ,68180052002,68180,520,2,2024,1,False,LISINOPRIL,23588.0,329.0,2930.4,2919.46,10.94
MCOU,AZ,93506201,93,5062,1,2024,4,True,HYDROXYZIN,,,,,
MCOU,AZ,113200562,113,2005,62,2024,4,True,UNKNOWN   ,,,,,
MCOU,AZ,51672400205,51672,4002,5,2024,4,True,NORTRIPTYL,,,,,
MCOU,AZ,66993059402,66993,594,2,2024,3,True,DEXTROAMPH,,,,,
MCOU,AZ,35573046902,35573,469,2,2024,4,False,DEXTROAMPH,9416.0,316.0,11065.88,10787.65,278.23
FFSU,AZ,16714012303,16714,123,3,2024,3,True,OMEPRAZOLE,,,,,
FFSU,AZ,65162019011,65162,190,11,2024,1,False,NAPROXEN  ,935.0,29.0,86.06,86.06,0.0
MCOU,AZ,121065700,121,657,0,2024,4,False,ACETAMINOP,5801.0,27.0,1448.83,1448.83,0.0
MCOU,AZ,78097261,78,972,61,2024,2,True,PROMACTA  ,,,,,
MCOU,AZ,47335068583,47335,685,83,2024,2,True,LURASIDONE,,,,,
MCOU,AZ,591046101,591,461,1,2024,4,False,GLIPIZIDE ,15038.0,189.0,1161.25,1149.67,11.58
MCOU,AZ,16571078750,16571,787,50,2024,1,True,LEVETIRACE,,,,,
FFSU,AZ,59011075804,59011,758,4,2024,1,True,BUTRANS   ,,,,,
MCOU,AZ,59651013830,59651,138,30,2024,3,True,NEBIVOLOL ,,,,,
FFSU,AR,69315011805,69315,118,5,2024,1,False,FUROSEMIDE,3210.0,70.0,896.37,894.64,1.73
MCOU,AZ,70436015541,70436,155,41,2024,1,False,PROMETHAZI,55592.0,415.0,3626.0,3625.18,0.82
FFSU,AZ,16714004801,16714,48,1,2024,1,True,CHLORPROMA,,,,,
FFSU,AZ,44206043710,44206,437,10,2024,4,True,PRIVIGEN  ,,,,,
MCOU,AZ,480095101,480,951,1,2024,1,True,NAPROXEN S,,,,,
FFSU,AZ,480871510,480,8715,10,2024,3,True,LEVOTHYROX,,,,,
MCOU,AZ,43598050930,43598,509,30,2024,4,False,ESOMEPRAZO,727.0,13.0,519.34,508.74,10.6
MCOU,AZ,55513011101,55513,111,1,2024,3,False,ARANESP   ,28.2,47.0,21699.89,21699.89,0.0
MCOU,AZ,60505265901,60505,2659,1,2024,2,False,TRAZODONE ,11189.0,347.0,17971.05,16800.75,1170.3
MCOU,AZ,169770821,169,7708,21,2024,1,False,NORDITROPI,457.5,128.0,698752.3,660997.17,37755.13
MCOU,AZ,69616021103,69616,211,3,2024,4,True,FIRDAPSE  ,,,,,
MCOU,AZ,68682036790,68682,367,90,2024,4,False,DILTIAZEM ,6738.0,134.0,2525.6,2513.0,12.6
MCOU,AZ,69367028302,69367,283,2,2024,1,True,ERGOCALCIF,,,,,
FFSU,AZ,68462017801,68462,178,1,2024,4,True,NAPROXEN S,,,,,
MCOU,AR,72888012101,72888,121,1,2024,1,True,LABETALOL ,,,,,
MCOU,AZ,59746003022,59746,30,22,2024,3,False,RISPERIDON,3132.0,70.0,4172.24,4172.24,0.0
MCOU,AZ,70010078205,70010,782,5,2024,3,False,METOPROLOL,1542.0,44.0,406.87,406.87,0.0
MCOU,AZ,68180098202,68180,982,2,2024,4,False,LISINOPRIL,10564.0,199.0,2103.81,2098.63,5.18
MCOU,AZ,67618000005,67618,0,5,2024,4,True,SLOWMAG   ,,,,,
FFSU,AZ,43547028010,43547,280,10,2024,1,False,ESCITALOPR,933.0,37.0,82.65,82.65,0.0
MCOU,AZ,50419052435,50419,524,35,2024,1,True,BETASERON ,,,,,
MCOU,AZ,187099395,187,993,95,2024,3,False,ZOVIRAX   ,4620.0,155.0,22295.49,22295.49,0.0
MCOU,AZ,63304090590,63304,905,90,2024,1,True,VALACYCLOV,,,,,
FFSU,AZ,64380078706,64380,787,6,2024,2,True,BUSPIRONE ,,,,,
MCOU,AZ,51862087206,51862,872,6,2024,2,False,MICROGESTI,5502.0,174.0,3146.21,2962.44,183.77
MCOU,AZ,72603062030,72603,620,30,2024,3,True,FORMOTEROL,,,,,
MCOU,AZ,72888009801,72888,98,1,2024,4,True,POTASSIUM ,,,,,
MCOU,AZ,70752013114,70752,131,14,2024,3,False,METHYLPHEN,8225.0,32.0,1190.6,822.63,367.97
MCOU,AZ,60923022702,60923,227,2,2024,3,True,AMONDYS-45,,,,,
FFSU,AZ,93929367,93,9293,67,2024,3,True,CLONAZEPAM,,,,,
MCOU,AZ,409175410,409,1754,10,2024,2,False,MAGNESIUM ,96.0,24.0,48.78,48.78,0.0
FFSU,AZ,23155083301,23155,833,1,2024,3,True,HYDRALAZIN,,,,,
MCOU,AZ,574402439,574,4024,39,2024,2,False,ERYTHROMYC,73.5,17.0,335.3,335.3,0.0
MCOU,AZ,378718605,378,7186,5,2024,1,False,METFORMIN ,10871.0,87.0,677.02,677.02,0.0
FFSU,AZ,143902202,143,9022,2,2024,4,True,FULVESTRAN,,,,,
FFSU,AZ,67877026218,67877,262,18,2024,2,True,RIZATRIPTA,,,,,
MCOU,AZ,68001051903,68001,519,3,2024,2,True,BUPROPION ,,,,,
MCOU,AZ,536129801,536,1298,1,2024,2,False,FAMOTIDINE,3666.0,83.0,437.72,437.72,0.0
FFSU,AZ,29300024505,29300,245,5,2024,4,False,BUSPIRONE ,550.0,11.0,27.14,27.14,0.0
MCOU,AZ,703321801,703,3218,1,2024,2,True,PACLITAXEL,,,,,
MCOU,AZ,64980043101,64980,431,1,2024,4,False,OXYBUTYNIN,981.0,15.0,161.26,161.26,0.0
FFSU,AZ,65757040103,65757,401,3,2024,2,True,ARISTADA  ,,,,,
MCOU,AZ,71858002504,71858,25,4,2024,3,False,TIROSINT  ,630.0,15.0,2824.3,2824.3,0.0
MCOU,AZ,59651072001,59651,720,1,2024,1,False,DICYCLOMIN,1511.0,24.0,293.34,293.34,0.0
FFSU,AZ,78068615,78,686,15,2024,2,True,PROMACTA  ,,,,,
MCOU,AZ,409488810,409,4888,10,2024,3,False,SODIUM CHL,2620.0,11.0,215.7,215.7,0.0
MCOU,AZ,16714048401,16714,484,1,2024,3,False,DIVALPROEX,11261.0,189.0,2871.88,2707.1,164.78
FFSU,CA,68462026190,68462,261,90,2024,3,False,ROSUVASTAT,184009.0,3031.0,42445.88,42418.21,27.67
MCOU,CA,71287011901,71287,119,1,2024,3,True,YESCARTA  ,,,,,
FFSU,CA,49884064001,49884,640,1,2024,4,False,METHIMAZOL,1983.0,48.0,702.22,701.2,1.02
FFSU,CA,69230032033,69230,320,33,2024,3,False,ESOMEPRZOL,588.0,17.0,424.0,424.0,0.0
FFSU,CA,904640189,904,6401,89,2024,2,True,TAMSULOSIN,,,,,
MCOU,CA,69097016864,69097,168,64,2024,3,True,ARFORMOTER,,,,,
FFSU,CA,54830125,54,8301,25,2024,2,True,FUROSEMIDE,,,,,
MCOU,CA,72266011801,72266,118,1,2024,3,False,KETOROLAC ,7576.0,3770.0,43466.4,10925.3,32541.1
MCOU,CA,49483070350,49483,703,50,2024,3,False,FLUOXETINE,3001.0,105.0,1581.31,1581.31,0.0
FFSU,CA,603533932,603,5339,32,2024,3,False,PREDNISONE,153.0,15.0,181.23,181.23,0.0
MCOU,CA,62756042790,62756,427,90,2024,4,True,CPRFLXNHCL,,,,,
FFSU,CA,23916360,23,9163,60,2024,3,False,RESTASIS  ,533352.0,17236.0,13978449.87,13902462.92,75986.95
FFSU,CA,168009915,168,99,15,2024,3,False,KETOCONAZO,27292.0,890.0,16784.97,16518.07,266.9
MCOU,CA,36000032201,36000,322,1,2024,4,False,LABETALOL ,60.0,32.0,1301.25,97.92,1203.33
FFSU,CA,50268015211,50268,152,11,2024,4,False,CEPHALEXIN,29.0,29.0,206.35,206.35,0.0
FFSU,CA,407141210,407,1412,10,2024,2,False,OMNIPAQUE ,1532.0,72.0,596.51,596.51,0.0
MCOU,AZ,73562011501,73562,115,1,2024,1,False,ZENPEP    ,5356.0,41.0,10656.37,10559.99,96.38
FFSU,CA,54817625,54,8176,25,2024,4,False,DEXAMETHA ,59.0,21.0,248.22,248.22,0.0
FFSU,CA,51862089406,51862,894,6,2024,3,False,ZOVIA 1/35,6628.846,77.0,3078.73,3067.23,11.5
FFSU,CA,63304073590,63304,735,90,2024,3,True,ESOMEPRAZO,,,,,
MCOU,CA,57664050289,57664,502,89,2024,3,False,TIZANIDINE,588.0,18.0,208.61,208.61,0.0
FFSU,CA,93005301,93,53,1,2024,4,False,BUSPIRONE ,758091.0,9421.0,121440.99,120917.12,523.87
MCOU,CA,71288040231,71288,402,31,2024,3,False,HEPARIN 30,59823.0,12104.0,758663.23,50311.81,708351.42
FFSU,CA,47781067190,47781,671,90,2024,4,True,LEVOTHYROX,,,,,
FFSU,CA,82260010305,82260,103,5,2024,4,True,PHENYLEPHR,,,,,
FFSU,CA,25021040304,25021,403,4,2024,4,False,HEPARIN SO,270.5,179.0,749.63,749.63,0.0
FFSU,CA,406831523,406,8315,23,2024,2,True,MORPHINE S,,,,,
FFSU,CA,16571067621,16571,676,21,2024,2,False,HYDROCORT ,6048.0,287.0,13557.2,13557.2,0.0
FFSU,CA,832604990,832,6049,90,2024,2,False,PITAVASTAT,1590.0,37.0,3805.59,3746.51,59.08
FFSU,CA,64208775301,64208,7753,1,2024,4,True,COAGADEX C,,,,,
FFSU,CA,70677100501,70677,1005,1,2024,3,True,F&T SINUS ,,,,,
MCOU,CA,93226301,93,2263,1,2024,2,True,AMOXICILLI,,,,,
FFSU,CA,42385092690,42385,926,90,2024,4,True,PIRFENIDON,,,,,
FFSU,CA,70010019905,70010,199,5,2024,4,True,GUAIFENESI,,,,,
MCOU,CA,29300047816,29300,478,16,2024,4,True,BUSPIRONE ,,,,,
MCOU,CA,63323048657,63323,486,57,2024,4,False,XYLOCAINE ,1112.55,28.0,56052.06,5892.7,50159.36
FFSU,CA,63323046437,63323,464,37,2024,3,False,SENSORCAIN,529.2,29.0,188.93,188.93,0.0
MCOU,CA,990792261,990,7922,61,2024,4,False,DEXTROSE 5,13.0,13.0,872.31,8.96,863.35
FFSU,CA,23594070050,23594,700,50,2024,2,False,TRI-VI-FLO,8480.0,166.0,60353.13,60353.13,0.0
FFSU,CA,31722076901,31722,769,1,2024,4,True,QUETIAPINE,,,,,
MCOU,CA,49884025601,49884,256,1,2024,4,False,MINOXIDIL ,1883.0,40.0,664.38,664.38,0.0
FFSU,CA,409733521,409,7335,21,2024,2,True,CEFTRIAXON,,,,,
FFSU,CA,72888001005,72888,10,5,2024,4,False,"BACLOFEN, ",235359.0,3556.0,53032.97,52883.34,149.63
FFSU,CA,67877042805,67877,428,5,2024,4,False,GABAPENTIN,18934.0,219.0,3704.12,3676.58,27.54
FFSU,CA,60505325006,60505,3250,6,2024,4,False,LAMIVUDINE,2178.0,53.0,18636.24,18006.57,629.67
FFSU,CA,70677113602,70677,1136,2,2024,3,True,F&T IBUPRO,,,,,
MCOU,CA,904671839,904,6718,39,2024,3,False,GUAIFENESI,32.0,29.0,2.31,2.31,0.0
FFSU,CA,68382080510,68382,805,10,2024,3,False,TRAZODONE ,562053.0,13301.0,182068.65,182054.64,14.01
FFSU,CA,228280111,228,2801,11,2024,4,False,PILOCARPIN,1805.0,20.0,706.36,706.36,0.0
FFSU,CA,93557101,93,5571,1,2024,2,True,ERYTHROMYC,,,,,
FFSU,CA,69367020201,69367,202,1,2024,4,False,LIDOCAINE ,28122.14,645.0,26049.99,25906.93,143.06
FFSU,CA,14789022008,14789,220,8,2024,4,True,LEVETIRACE,,,,,
FFSU,CA,69315090510,69315,905,10,2024,4,False,LORAZEPRAM,212068.5,5807.0,69740.36,69301.43,438.93
FFSU,CA,64380072507,64380,725,7,2024,3,False,MYCOPHENOL,74635.0,612.0,26493.47,26413.78,79.69
FFSU,CA,16714089601,16714,896,1,2024,3,False,GLIPIZIDE ,29432.0,439.0,9799.63,9740.61,59.02
FFSU,CA,72572032001,72572,320,1,2024,4,True,KETAMINE H,,,,,
FFSU,CA,944270004,944,2700,4,2024,2,False,GAMMAGARD ,9202.5,201.0,1349217.29,1343669.43,5547.86
FFSU,CA,68001039700,68001,397,0,2024,3,False,FAMOTIDINE,55899.0,1036.0,13594.22,13585.72,8.5
MCOU,CA,29300039705,29300,397,5,2024,2,False,AMLODIPINE,10035.0,341.0,8179.86,8179.86,0.0
MCOU,AZ,82009006510,82009,65,10,2024,1,True,LISINOPRIL,,,,,
FFSU,CA,78063998,78,639,98,2024,2,False,COSENTYX S,1032.0,355.0,3802991.58,3770105.38,32886.2
FFSU,CA,50419034410,50419,344,10,2024,3,True,ULTRAVIST ,,,,,
FFSU,CA,68001031608,68001,316,8,2024,4,False,LOVASTATIN,7955.0,171.0,2547.58,2547.58,0.0
MCOU,CA,76045021620,76045,216,20,2024,3,False,ONDANSETRO,14.0,14.0,560.41,69.18,491.23
MCOU,CA,70000001202,70000,12,2,2024,4,True,LDR LUB EY,,,,,
MCOU,CA,70121156801,70121,1568,1,2024,3,False,RELEUKO  F,25.5,51.0,6723.03,6723.03,0.0
FFSU,CA,46122039516,46122,395,16,2024,3,False,MINERAL OI,9047.0,13.0,239.4,239.4,0.0
FFSU,CA,310008828,310,88,28,2024,3,True,DALIRESP 2,,,,,
FFSU,CA,63323022915,63323,229,15,2024,4,True,PROTAMINE ,,,,,
MCOU,CA,74706890,74,7068,90,2024,2,True,SYNTHROID ,,,,,
MCOU,AZ,82009008905,82009,89,5,2024,1,True,ARIPIPRAZO,,,,,
FFSU,CA,65862093090,65862,930,90,2024,4,False,SEVELAMER ,9008.0,62.0,14193.03,14098.36,94.67
MCOU,CA,55150043810,55150,438,10,2024,3,False,KETAMINE H,39.0,27.0,324.49,324.49,0.0
MCOU,CA,24385037926,24385,379,26,2024,4,False,DIPHEDRYL ,84.0,55.0,4.98,4.98,0.0
MCOU,CA,43598016630,43598,166,30,2024,4,False,OLANZAPINE,1979.5,70.0,11976.7,11976.7,0.0
FFSU,CA,68180097309,68180,973,9,2024,4,False,LEVOTHYROX,24636.0,567.0,8058.86,8041.35,17.51
FFSU,CA,597036082,597,360,82,2024,3,False,PRADAXA 15,34188.0,365.0,109896.22,106925.21,2971.01
FFSU,CA,60505384801,60505,3848,1,2024,3,False,CELECOXIB ,938.0,15.0,236.79,236.79,0.0
MCOU,CA,39328002008,39328,20,8,2024,2,True,SENNA SYRU,,,,,
FFSU,CA,68462043318,68462,433,18,2024,4,False,COLESEVELA,36846.0,146.0,10225.04,10225.04,0.0
FFSU,CA,68382078201,68382,782,1,2024,4,False,DOXYCYCLIN,17286.0,353.0,7002.59,6995.55,7.04
FFSU,CA,53746055401,53746,554,1,2024,3,True,DEMECLOCYC,,,,,
FFSU,CA,169291115,169,2911,15,2024,4,False,XULTOPHY 1,1326.0,79.0,110969.14,110969.14,0.0
FFSU,CA,63304007610,63304,76,10,2024,3,True,POTASSIUM ,,,,,
FFSU,CA,143998275,143,9982,75,2024,2,False,AMOCLAN 40,42124.0,301.0,6256.73,6079.39,177.34
FFSU,CA,42799012101,42799,121,1,2024,2,False,BUMETANIDE,1192.0,21.0,594.52,594.52,0.0
FFSU,CA,16714030210,16714,302,10,2024,3,True,CYANOCO VL,,,,,
FFSU,CA,245014401,245,144,1,2024,2,True,PACERONE 1,,,,,
FFSU,CA,58657016110,58657,161,10,2024,3,False,SODIUM FLU,20875.0,533.0,6771.24,6767.03,4.21
FFSU,CA,65862060012,65862,600,12,2024,4,False,RIZATRIPTA,18876.0,1696.0,27117.27,27022.93,94.34
MCOU,CA,536132213,536,1322,13,2024,3,False,OMEPRAZOLE,700.0,25.0,450.88,450.88,0.0
MCOU,CA,31722077805,31722,778,5,2024,3,False,ACYCLOVIR ,27.0,27.0,672.51,132.29,540.22
MCOU,CA,31722003232,31722,32,32,2024,4,True,PANTOPRAZO,,,,,
FFSU,CA,50111039801,50111,398,1,2024,4,False,HYDRALAZIN,38362.0,275.0,4081.61,4076.59,5.02
FFSU,CA,703424601,703,4246,1,2024,2,False,CARBOPLATI,1825.0,30.0,2697.35,2697.35,0.0
FFSU,CA,713022680,713,226,80,2024,2,False,TRIAMCINOL,32000.0,378.0,5895.19,5889.22,5.97
FFSU,CA,72603011902,72603,119,2,2024,3,False,MEMANTINE ,6002.0,124.0,1706.81,1706.81,0.0
FFSU,CA,23155083730,23155,837,30,2024,3,False,CYCLOSPORI,33284.0,179.0,16658.33,16333.74,324.59
FFSU,CA,65162052110,65162,521,10,2024,4,False,PROMETHAZI,480.0,13.0,189.54,189.54,0.0
MCOU,CA,65162075009,65162,750,9,2024,3,True,DUTASTERID,,,,,
FFSU,CA,990799009,990,7990,9,2024,3,False,STERILE WA,50839.11,217.0,188261.59,184600.83,3660.76
FFSU,CA,378730753,378,7307,53,2024,2,False,ETHYNODIOL,2856.0,41.0,1297.02,1297.02,0.0
FFSU,CA,76282072101,76282,721,1,2024,3,False,PRAZOSIN 1,9317.0,209.0,3178.81,3178.81,0.0
FFSU,CA,59417010310,59417,103,10,2024,3,False,VYVANSE 30,270582.0,8738.0,3454979.66,3361593.91,93385.75
FFSU,CA,45802011846,45802,118,46,2024,3,False,MOMETASONE,9630.0,137.0,4877.66,4735.37,142.29
MCOU,CA,143980250,143,9802,50,2024,3,True,DOXYCYCLIN,,,,,
FFSU,CA,72266025110,72266,251,10,2024,4,True,CALCITRIOL,,,,,
MCOU,CA,23155016631,23155,166,31,2024,4,True,TRANEXAMIC,,,,,
FFSU,CA,955104190,955,1041,90,2024,2,True,IRBESARTAN,,,,,
FFSU,CA,480315756,480,3157,56,2024,2,True,TERIFLUNOM,,,,,
MCOU,CA,72572026525,72572,265,25,2024,3,True,HYDRALAZIN,,,,,
MCOU,CA,16714089401,16714,894,1,2024,2,True,GLIPIZIDE ,,,,,
MCOU,CA,409491111,409,4911,11,2024,2,True,ATROPINE S,,,,,
FFSU,CA,23155069401,23155,694,1,2024,3,False,ALLOPURINO,1290.0,31.0,488.15,488.15,0.0
MCOU,CA,68001034536,68001,345,36,2024,3,True,DOXORUBICI,,,,,
FFSU,CA,60505010102,60505,101,2,2024,3,True,PAROXETINE,,,,,
MCOU,CA,59651029701,59651,297,1,2024,3,False,NIFEDIPINE,898.0,33.0,977.24,977.24,0.0
FFSU,CA,63323016503,63323,165,3,2024,4,False,DEXAMETHAS,1114.0,186.0,672.85,672.85,0.0
FFSU,CA,9005602,9,56,2,2024,3,True,MEDROL 4MG,,,,,
FFSU,CA,169203711,169,2037,11,2024,2,False,SOGROYA 15,99.0,29.0,276702.6,276702.6,0.0
MCOU,CA,80830236201,80830,2362,1,2024,3,True,CALCIUM GL,,,,,
FFSU,CA,70954039810,70954,398,10,2024,4,False,DEXAMETHAS,3746.0,90.0,1321.43,1321.43,0.0
FFSU,CA,641605110,641,6051,10,2024,2,True,LORAZEPAM ,,,,,
FFSU,CA,51672400202,51672,4002,2,2024,3,False,NORTRIPTYL,53700.0,676.0,9566.54,9407.48,159.06
FFSU,CA,71101568,71,1015,68,2024,2,False,LYRICA  PR,2646.0,32.0,17376.3,16665.67,710.63
MCOU,CA,72578015001,72578,150,1,2024,4,False,ACETAZOLAM,573.0,11.0,777.35,777.35,0.0
MCOU,CA,70121157801,70121,1578,1,2024,3,False,PHENYLEPHR,55.0,11.0,0.0,0.0,0.0
FFSU,CA,67877021620,67877,216,20,2024,4,False,CEFUROXIME,11306.0,669.0,12184.18,11982.03,202.15
MCOU,CA,25021075111,25021,751,11,2024,4,True,PANTOPRAZO,,,,,
FFSU,CA,72205008530,72205,85,30,2024,4,False,TIAGABINE ,7394.0,59.0,20224.53,19469.17,755.36
FFSU,CA,480870198,480,8701,98,2024,3,False,LEVOTHYROX,4840.0,109.0,1615.15,1615.15,0.0
MCOU,CA,24592410,24,5924,10,2024,2,False,ADMELOG VI,200.8,19.0,1997.68,1997.68,0.0
MCOU,CA,2143611,2,1436,11,2024,3,True,EMGALITY  ,,,,,
FFSU,CA,72516001301,72516,13,1,2024,4,False,AMPHETAMIN,912.0,21.0,422.07,422.07,0.0
MCOU,CA,378107693,378,1076,93,2024,2,True,TELMISARTA,,,,,
FFSU,CA,60793085601,60793,856,1,2024,4,False,LEVOXYL TA,3418.0,74.0,1044.81,1044.81,0.0
MCOU,CA,60687073501,60687,735,1,2024,3,True,MISOPROSTO,,,,,
FFSU,CA,29300041005,29300,410,5,2024,2,False,ATENOLOL O,1690.0,35.0,469.34,469.34,0.0
MCOU,CA,16714066101,16714,661,1,2024,2,True,GABAPENTIN,,,,,
MCOU,CA,264786500,264,7865,0,2024,4,False,0.15% KCL ,33105.0,37.0,137.13,137.13,0.0
MCOU,CA,338004938,338,49,38,2024,4,False,SODIUM CHL,2069.0,1852.0,43888.74,3743.12,40145.62
FFSU,CA,31722018701,31722,187,1,2024,4,False,AMPHETAMIN,42719.0,1251.0,38423.14,35409.61,3013.53
FFSU,CA,187581130,187,5811,30,2024,3,False,APLENZIN 3,3059.0,96.0,261657.09,253129.06,8528.03
FFSU,CA,16714034004,16714,340,4,2024,4,False,LEVONEST T,2664.564,32.0,1154.13,1154.13,0.0
FFSU,CA,68462022801,68462,228,1,2024,4,False,LAMOTRIGIN,19328.0,129.0,5162.8,5020.66,142.14
FFSU,CA,904693181,904,6931,81,2024,2,False,PEG 3350 P,186095.0,322.0,15708.62,15700.31,8.31
FFSU,CA,338055318,338,553,18,2024,4,False,0.9% SODIU,2945257.0,3504.0,919268.37,917094.04,2174.33
MCOU,CA,13533063103,13533,631,3,2024,3,True,HYPERRHO S,,,,,
FFSU,CA,51672406301,51672,4063,1,2024,3,False,FLUOROURAC,390.0,27.0,2269.76,2219.71,50.05
FFSU,CA,527329146,527,3291,46,2024,4,True,LEVOTHYROX,,,,,
FFSU,CA,2449108,2,4491,8,2024,2,False,REYVOW    ,565.0,70.0,50927.93,50224.57,703.36
FFSU,CA,527512578,527,5125,78,2024,2,False,LACTULOSE ,313973.0,296.0,6941.68,6895.48,46.2
MCOU,CA,4003822,4,38,22,2024,3,False,VALCYTE 45,134.0,25.0,8863.54,24.97,8838.57
FFSU,CA,3232711,3,2327,11,2024,4,False,YERVOY    ,1370.8,70.0,1188615.13,1188615.13,0.0
FFSU,CA,31722058830,31722,588,30,2024,2,False,NEBIVOLOL ,3258.0,47.0,1012.75,1012.75,0.0
MCOU,CA,3029305,3,293,5,2024,2,False,KENALOG-40,1460.5,1337.0,15980.62,7896.07,8084.55
FFSU,CA,23155013525,23155,135,25,2024,4,False,DOXY MONO ,165781.0,5728.0,106274.07,105148.19,1125.88
FFSU,CA,70860070002,70860,700,2,2024,3,True,KETOROLAC ,,,,,
FFSU,CA,66993008169,66993,81,69,2024,4,False,SUMATRIPTA,1944.0,298.0,59165.45,57279.57,1885.88
FFSU,CA,21922001808,21922,18,8,2024,4,False,DAPSONE 5%,6660.0,74.0,11729.21,11280.96,448.25
FFSU,CA,76329332100,76329,3321,0,2024,4,False,REGADENOSO,180.0,36.0,6678.2,6678.2,0.0
FFSU,CA,60505615201,60505,6152,1,2024,3,False,CEFTRIAXON,106.803,114.0,705.94,705.94,0.0
MCOU,CA,70069027125,70069,271,25,2024,3,True,VERAPAMIL ,,,,,
FFSU,CA,59651034101,59651,341,1,2024,4,False,METHOCARBA,1166.0,18.0,268.48,268.48,0.0
FFSU,CA,57237004330,57237,43,30,2024,4,False,VALACYCLOV,9374.0,366.0,8849.89,8768.08,81.81
MCOU,CA,27241000406,27241,4,6,2024,2,False,RISPERIDON,741.0,21.0,1442.1,1442.1,0.0
MCOU,CA,55150020902,55150,209,2,2024,4,False,DEXMEDETOM,144.0,144.0,1192.87,404.29,788.58
FFSU,CA,113053260,113,532,60,2024,4,True,NICOTINE 4,,,,,
MCOU,CA,9307323,9,3073,23,2024,3,False,DEPO-MEDRO,244.0,186.0,7810.42,1456.43,6353.99
MCOU,CA,536132601,536,1326,1,2024,3,False,PAIN RELIE,693.0,17.0,40.81,40.81,0.0
MCOU,CA,54092054601,54092,546,1,2024,4,True,MOTEGRITY ,,,,,
FFSU,CA,51224012230,51224,122,30,2024,4,False,AZITHROMYC,218.028,100.0,519.01,519.01,0.0
FFSU,CA,143963710,143,9637,10,2024,2,True,VALPROATE ,,,,,
FFSU,CA,378428885,378,4288,85,2024,2,False,ELETRIPTAN,788.0,59.0,2669.09,2669.09,0.0
FFSU,CA,65162043806,65162,438,6,2024,4,True,DICLOFENAC,,,,,
FFSU,CA,781730431,781,7304,31,2024,2,False,RIVASTIGMI,1380.0,34.0,2417.63,2417.63,0.0
FFSU,CA,62332014231,62332,142,31,2024,3,False,CELECOXIB ,171939.0,3331.0,49510.45,49415.32,95.13
FFSU,CA,55513092491,55513,924,91,2024,3,False,NEUPOGEN  ,135.0,48.0,88177.95,88177.95,0.0
FFSU,CA,781717612,781,7176,12,2024,3,False,NALOXONE H,5.4,27.0,2136.38,2136.38,0.0
FFSU,CA,62037056001,62037,560,1,2024,4,False,POTASSIUM ,1205.0,27.0,444.24,444.24,0.0
MCOU,CA,597038013,597,380,13,2024,3,True,TRIJARDY X,,,,,
FFSU,CA,69013601,69,136,1,2024,3,False,BOSULIF BO,690.0,21.0,461788.54,461788.54,0.0
MCOU,CA,63739048310,63739,483,10,2024,4,False,HYDROXYZIN,16.0,11.0,4.99,4.99,0.0
MCOU,CA,23155083410,23155,834,10,2024,3,False,HYDRALAZIN,12622.5,170.0,3545.19,3545.19,0.0
FFSU,CA,69238183707,69238,1837,7,2024,4,False,LEVOTHYROX,3024.0,65.0,858.89,858.89,0.0
MCOU,CA,27808006502,27808,65,2,2024,3,True,PROMETHAZI,,,,,
FFSU,CA,70700015701,70700,157,1,2024,3,False,MIDODRINE ,2820.0,28.0,571.25,571.25,0.0
FFSU,CA,338954304,338,9543,4,2024,4,False,NACL 0.9% ,54320.0,94.0,460314.6,460314.6,0.0
FFSU,CA,63323076316,63323,763,16,2024,3,False,PACLITAXEL,3961.134,48.0,10710.58,10710.58,0.0
MCOU,CA,64380097025,64380,970,25,2024,3,True,HYDROCORTI,,,,,
MCOU,CA,25021046301,25021,463,1,2024,3,True,OCTREOTIDE,,,,,
MCOU,CA,13668026810,13668,268,10,2024,4,False,CARBAMAZEP,2732.0,33.0,1632.91,1632.91,0.0
FFSU,CA,31722012590,31722,125,90,2024,3,False,VENLAFAXIN,776.0,14.0,409.57,409.57,0.0
FFSU,CA,50111078710,50111,787,10,2024,4,False,AZITHROMYC,11826.0,1776.0,25287.35,25127.98,159.37
MCOU,CA,62935030640,62935,306,40,2024,3,True,ELIGARD 30,,,,,
MCOU,CA,703367501,703,3675,1,2024,3,False,METHOTREXA,84.0,35.0,123.78,63.76,60.02
FFSU,CA,555048527,555,485,27,2024,2,True,LEUCOVORIN,,,,,
FFSU,CA,13517011001,13517,110,1,2024,3,True,PHENOBARBI,,,,,
FFSU,CA,65862093630,65862,936,30,2024,4,True,PARICALCIT,,,,,
FFSU,CA,68462068501,68462,685,1,2024,4,False,TACROLIMUS,7274.0,75.0,1945.86,1914.31,31.55
FFSU,CO,45963070996,45963,709,96,2024,4,False,METOPROLOL,13045.0,190.0,2608.85,2608.85,0.0
FFSU,CO,62135020690,62135,206,90,2024,4,True,METHIMAZOL,,,,,
FFSU,CA,70436018102,70436,181,2,2024,2,False,IBUPROFEN ,1252.0,30.0,452.84,452.84,0.0
FFSU,CO,50474080403,50474,804,3,2024,4,True,NEUPRO    ,,,,,
MCOU,CO,527058601,527,586,1,2024,3,True,DICYCLOMIN,,,,,
FFSU,CO,50228045110,50228,451,10,2024,4,True,ATORVASTAT,,,,,
MCOU,CO,68180071160,68180,711,60,2024,4,False,CEFDINIR  ,418.0,26.0,407.81,407.81,0.0
MCOU,CO,63323016225,63323,162,25,2024,4,True,KETOROLAC ,,,,,
MCOU,CA,70121100105,70121,1001,5,2024,1,True,METHYLPRED,,,,,
FFSU,CA,61703030916,61703,309,16,2024,1,False,VINCRISTIN,183.0,95.0,16678.33,1932.26,14746.07
MCOU,CA,185067605,185,676,5,2024,1,True,HYDROXYZIN,,,,,
FFSU,CA,45963043963,45963,439,63,2024,1,False,CONSTULOSE,482551.0,694.0,16343.27,16304.47,38.8
FFSU,CA,51672211602,51672,2116,2,2024,1,False,FEVERALL A,3004.0,206.0,3920.45,3920.45,0.0
FFSU,CA,68382078201,68382,782,1,2024,2,False,DOXYCYCLIN,18326.0,385.0,7423.82,7415.63,8.19
FFSU,CA,70710113801,70710,1138,1,2024,2,False,FLUCONAZOL,1470.0,75.0,1333.2,1333.2,0.0
FFSU,CO,73289006402,73289,64,2,2024,4,True,MOTPOLY XR,,,,,
FFSU,CA,43547039109,43547,391,9,2024,2,False,OLMESARTAN,2415.0,69.0,1316.2,1316.2,0.0
MCOU,CA,47781001101,47781,11,1,2024,2,False,HYOSCYAMIN,15.0,15.0,15.0,15.0,0.0
FFSU,CA,72485010101,72485,101,1,2024,1,False,DIPHENHYDR,134.0,130.0,136344.48,309.07,136035.41
FFSU,CO,591240530,591,2405,30,2024,4,True,AMBRISENTA,,,,,
FFSU,CO,3085222,3,852,22,2024,4,False,SPRYCEL   ,510.0,13.0,297773.41,297773.41,0.0
FFSU,CA,50228010501,50228,105,1,2024,2,False,METFORMIN ,1335.0,12.0,172.28,172.28,0.0
FFSU,CO,62332004430,62332,44,30,2024,4,True,VALSARTAN ,,,,,
FFSU,CA,70069038101,70069,381,1,2024,2,False,HALOPERIDO,100.0,78.0,2950.03,2950.03,0.0
FFSU,CA,43598044771,43598,447,71,2024,1,True,DRL HAB 14,,,,,
MCOU,CA,68001040775,68001,407,75,2024,2,True,VANCOMYCIN,,,,,
MCOU,CO,72888013933,72888,139,33,2024,4,True,NITROGLYCE,,,,,
FFSU,CO,10370017611,10370,176,11,2024,3,True,FLUVOXAMIN,,,,,
MCOU,CO,456046301,456,463,1,2024,3,True,ARMOUR THY,,,,,
MCOU,CA,378612001,378,6120,1,2024,1,True,DILTIAZEM ,,,,,
MCOU,CO,59651042601,59651,426,1,2024,4,True,SPIRONOLAC,,,,,
FFSU,CO,68462047201,68462,472,1,2024,4,True,POTASSIUM ,,,,,
FFSU,CA,68462019030,68462,190,30,2024,2,False,NAPROXEN T,1520.0,43.0,545.86,545.86,0.0
FFSU,CA,16714082101,16714,821,1,2024,1,True,METHYLPHEN,,,,,
FFSU,CA,68094076459,68094,764,59,2024,2,False,MIDAZOLAM ,113.0,113.0,1678.3,1678.3,0.0
MCOU,CA,338100702,338,1007,2,2024,1,False,DOPAMINE H,7600.0,19.0,539.34,539.34,0.0
FFSU,CO,781285931,781,2859,31,2024,4,True,OMEPRAZOLE,,,,,
FFSU,CA,63323087550,63323,875,50,2024,2,True,FOSCARNET ,,,,,
FFSU,CO,23155002305,23155,23,5,2024,3,False,BUSPIRONE ,9706.0,141.0,1769.04,1768.47,0.57
FFSU,CA,68180096901,68180,969,1,2024,2,False,LEVOTHYROX,218927.0,3639.0,54282.64,54193.74,88.9
MCOU,CA,70436003604,70436,36,4,2024,2,True,DESVENLAFA,,,,,
MCOU,CO,24592201,24,5922,1,2024,3,False,KEVZARA   ,63.84,28.0,117476.22,117476.22,0.0
FFSU,CA,42385092060,42385,920,60,2024,1,True,ATAZANAVIR,,,,,
MCOU,CA,574012901,574,129,1,2024,1,True,CLINDAMYCI,,,,,
FFSU,CA,74714811,74,7148,11,2024,1,True,SYNTHROID ,,,,,
FFSU,CO,59651086701,59651,867,1,2024,4,False,CIPROFLOXA,9484.0,610.0,7931.66,7928.56,3.1
FFSU,CA,63323016501,63323,165,1,2024,1,False,DEXAMETHAS,1435.5,983.0,7743.46,7714.74,28.72
FFSU,CO,45802012260,45802,122,60,2024,4,True,LORATADINE,,,,,
FFSU,CA,52796017790,52796,177,90,2024,2,True,FLORIVA 1 ,,,,,
MCOU,CO,68682036890,68682,368,90,2024,4,True,DILTIAZEM ,,,,,
FFSU,CA,16252051501,16252,515,1,2024,1,False,CIPROFLOXA,1408.0,98.0,1156.19,1133.59,22.6
FFSU,CA,65162004750,65162,47,50,2024,2,True,OXYCODONE ,,,,,
FFSU,CA,13811071490,13811,714,90,2024,1,True,VENLAFAXIN,,,,,
MCOU,CO,13107000130,13107,1,30,2024,4,False,MIRTAZAPIN,4386.0,116.0,2414.55,2336.37,78.18
FFSU,CA,65862064264,65862,642,64,2024,1,False,AZITHROMYC,1078.442,308.0,4456.67,4456.67,0.0
MCOU,CA,33342006207,33342,62,7,2024,1,True,VALSARTAN ,,,,,
FFSU,CO,591367005,591,3670,5,2024,3,True,NABUMETONE,,,,,
FFSU,CO,31722056560,31722,565,60,2024,4,False,INDOMETHAC,1326.0,37.0,657.69,657.69,0.0
FFSU,CO,31722015390,31722,153,90,2024,3,False,VALSARTAN ,5035.0,68.0,1466.73,1466.73,0.0
FFSU,CA,43598074101,43598,741,1,2024,2,False,RAMELTEON ,753.0,20.0,826.95,795.28,31.67
MCOU,CO,68382091711,68382,917,11,2024,4,True,METHYLPRED,,,,,
MCOU,CA,70710168400,70710,1684,0,2024,1,False,FAMOTIDINE,4541.0,156.0,6656.84,6656.84,0.0
FFSU,CA,597013830,597,138,30,2024,1,True,GILOTRIF 4,,,,,
FFSU,CO,65862020901,65862,209,1,2024,4,False,MINOCYCLIN,1879.0,40.0,717.85,717.85,0.0
FFSU,CA,16714019701,16714,197,1,2024,1,False,LAMOTRIGIN,82454.0,1527.0,21585.76,21580.49,5.27
FFSU,CO,57237022505,57237,225,5,2024,4,False,RAMIPRIL  ,1110.0,14.0,201.53,201.53,0.0
FFSU,CA,69784000306,69784,3,6,2024,1,True,FLUCONAZOL,,,,,
MCOU,CA,53746064301,53746,643,1,2024,1,True,FLECAINIDE,,,,,
FFSU,CA,264780009,264,7800,9,2024,1,False,0.9% SODIU,6397686.0,5214.0,54186.52,48370.26,5816.26
FFSU,CO,68382052842,68382,528,42,2024,4,False,CHOLESTYRA,5352.0,15.0,458.42,458.42,0.0
FFSU,CA,43598074290,43598,742,90,2024,2,True,EZETIMIBE&,,,,,
MCOU,CA,487990130,487,9901,30,2024,1,False,ALBUTEROL ,12186.0,2539.0,21289.64,2325.73,18963.91
FFSU,CA,76282050710,76282,507,10,2024,1,False,AMLODIPINE,930.0,13.0,149.19,149.19,0.0
FFSU,CA,67877061215,67877,612,15,2024,2,False,TIZANIDINE,4791.0,60.0,1655.53,1655.53,0.0
FFSU,CA,69238117009,69238,1170,9,2024,2,False,DOXEPIN HY,15241.0,259.0,5528.58,5463.98,64.6
FFSU,CA,832111260,832,1112,60,2024,1,False,MEMANTINE ,540.0,13.0,164.94,164.94,0.0
MCOU,CA,61314035501,61314,355,1,2024,1,False,TROPICAMID,35.0,35.0,81.24,81.24,0.0
MCOU,CO,168000415,168,4,15,2024,4,True,TRIAMCINOL,,,,,
MCOU,CO,42858000501,42858,5,1,2024,3,True,OXYCODONE ,,,,,
FFSU,CA,904706151,904,7061,51,2024,1,True,POTASSIUM ,,,,,
FFSU,CA,904657561,904,6575,61,2024,1,False,PHENOBARBI,2248.0,26.0,730.41,730.41,0.0
FFSU,CA,72819015803,72819,158,3,2024,1,False,PALIPERIDO,961.0,20.0,1801.83,1801.83,0.0
FFSU,CA,51672529601,51672,5296,1,2024,2,True,TARO PMZ H,,,,,
FFSU,CO,591034501,591,345,1,2024,4,False,VERAPAMIL ,900.0,11.0,185.35,185.35,0.0
FFSU,CO,70010006599,70010,65,99,2024,4,False,METFORMIN ,58980.0,432.0,6046.89,6046.89,0.0
MCOU,CO,43547042010,43547,420,10,2024,3,True,LISINOPRIL,,,,,
FFSU,CA,65862005330,65862,53,30,2024,1,True,SIMVASTATI,,,,,
FFSU,CO,70710111000,70710,1110,0,2024,4,True,CYPROHEPTA,,,,,
FFSU,CO,23585801,23,5858,1,2024,4,False,LILETTA   ,95.0,127.0,82789.98,81927.98,862.0
FFSU,CA,456402001,456,4020,1,2024,1,True,CELEXA  20,,,,,
MCOU,CA,60687016201,60687,162,1,2024,1,True,METFORMIN ,,,,,
FFSU,CA,68180079802,68180,798,2,2024,1,False,POTASSIUM ,467.0,13.0,229.91,229.91,0.0
MCOU,CA,68180015301,68180,153,1,2024,2,False,DESLORATAD,290.0,11.0,494.1,494.1,0.0
FFSU,CA,70594004601,70594,46,1,2024,2,True,VANCOMYCIN,,,,,
FFSU,CO,378140496,378,1404,96,2024,3,False,RIZATRIPTA,154.0,15.0,230.66,230.66,0.0
MCOU,CO,378182377,378,1823,77,2024,3,True,LEVOTHYROX,,,,,
MCOU,CO,64380091906,64380,919,6,2024,4,True,URSODIOL  ,,,,,
MCOU,CA,67877022001,67877,220,1,2024,1,False,CEPHALEXIN,727.0,26.0,396.57,396.57,0.0
MCOU,CA,409128331,409,1283,31,2024,1,False,HYDROMORPH,16515.0,3007.0,220704.15,33159.64,187544.51
MCOU,CO,16714004601,16714,46,1,2024,4,True,ENOXAPARIN,,,,,
FFSU,CA,63323080811,63323,808,11,2024,1,False,FENTANYL C,74.0,32.0,177.45,177.45,0.0
FFSU,CO,72603017001,72603,170,1,2024,4,False,UNKNOWN   ,4169.0,58.0,1758.44,1723.34,35.1
FFSU,CO,65862052301,65862,523,1,2024,4,False,GABAPENTIN,14427.0,119.0,2435.86,2425.94,9.92
MCOU,CO,54429731,54,4297,31,2024,4,False,FUROSEMIDE,5850.0,100.0,772.41,772.34,0.07
FFSU,CA,69367016304,69367,163,4,2024,1,False,PHENAZOPYR,1868.0,220.0,3078.85,3078.85,0.0
FFSU,CA,51672134708,51672,1347,8,2024,1,False,CLOBETASOL,8496.0,72.0,3227.45,3227.45,0.0
MCOU,CA,31722077701,31722,777,1,2024,1,False,ACYCLOVIR ,1093.0,34.0,690.52,690.52,0.0
FFSU,CA,67457034210,67457,342,10,2024,2,True,VANCOMYCIN,,,,,
FFSU,CO,597007547,597,75,47,2024,3,False,SPIRIVA HA,10710.0,119.0,176305.13,176305.13,0.0
FFSU,CO,69034201,69,342,1,2024,3,False,ZIRABEV   ,1145.2,52.0,21813.71,21813.71,0.0
FFSU,CO,63459091211,63459,912,11,2024,4,True,GRANIX    ,,,,,
MCOU,CO,16714011002,16714,110,2,2024,3,False,HYDROXYCHL,1367.0,12.0,358.43,358.43,0.0
FFSU,CO,6430502,6,4305,2,2024,3,False,RENFLEXIS ,258.6,44.0,72081.19,72081.19,0.0
FFSU,CA,67457085204,67457,852,4,2024,1,True,NOREPINEPH,,,,,
MCOU,CO,31722052201,31722,522,1,2024,4,False,HYDRALAZIN,1272.0,16.0,216.7,216.7,0.0
MCOU,CO,115148801,115,1488,1,2024,4,False,DEXTROAMPH,637.0,21.0,550.89,550.89,0.0
MCOU,CO,74434190,74,4341,90,2024,4,True,SYNTHROID ,,,,,
MCOU,CA,264440054,264,4400,54,2024,1,False,MAGNESIUM ,50.0,24.0,340.54,39.14,301.4
MCOU,CA,45802027603,45802,276,3,2024,1,True,HYDROCORTI,,,,,
MCOU,CO,70069001101,70069,11,1,2024,4,True,GLYCOPYRRO,,,,,
MCOU,CO,65862080630,65862,806,30,2024,4,True,ARMODAFINI,,,,,
FFSU,CA,27241013909,27241,139,9,2024,1,False,OSELTAMIVI,356379.0,3401.0,127562.29,126508.72,1053.57
MCOU,CO,264775000,264,7750,0,2024,3,False,LACTATED R,249000.0,231.0,3660.58,3660.58,0.0
FFSU,CA,71930004212,71930,42,12,2024,1,True,HYDROCODON,,,,,
MCOU,CO,68382011605,68382,116,5,2024,4,True,RISPERIDON,,,,,
FFSU,CA,33342032954,33342,329,54,2024,1,False,TRIAMCINOL,854086.2,1881.0,47956.2,47003.14,953.06
FFSU,CO,57237032201,57237,322,1,2024,4,True,NICOTINE G,,,,,
FFSU,CA,548560400,548,5604,0,2024,1,False,ENOXAPARIN,152.8,13.0,1805.96,1805.96,0.0
MCOU,CA,68001044432,68001,444,32,2024,2,True,CYCLOPHOSP,,,,,
FFSU,CA,31722056224,31722,562,24,2024,1,True,ABACAVIR O,,,,,
FFSU,CA,60505008302,60505,83,2,2024,1,False,PAROXETINE,8244.0,170.0,2675.31,2675.31,0.0
FFSU,CO,68001050555,68001,505,55,2024,4,False,POLYETHYLE,4046.0,13.0,219.64,219.64,0.0
MCOU,CA,43598081112,43598,811,12,2024,1,True,DRL CET 10,,,,,
FFSU,CA,33342002507,33342,25,7,2024,1,False,FAMCICLOVI,1817.0,35.0,1152.64,1114.54,38.1
FFSU,CO,72205004411,72205,44,11,2024,4,False,OSELTAMIVI,1066.0,110.0,2097.84,2084.26,13.58
FFSU,CA,113007471,113,74,71,2024,1,True,IBUPROFEN ,,,,,
MCOU,CO,378064010,378,640,10,2024,4,True,PREDNISONE,,,,,
MCOU,CO,31722018801,31722,188,1,2024,3,True,DEXTROAMPH,,,,,
FFSU,CO,16571074309,16571,743,9,2024,3,False,GLYCOPYRRO,4927.0,52.0,964.54,964.54,0.0
FFSU,CA,54436001204,54436,12,4,2024,2,False,OTREXUP 12,22.4,12.0,10732.52,10732.52,0.0
MCOU,CA,55111032101,55111,321,1,2024,2,False,GLIMEPIRID,1820.0,54.0,858.98,858.98,0.0
FFSU,CA,68180034507,68180,345,7,2024,2,True,DARUNAVIR ,,,,,
FFSU,CA,51991079306,51991,793,6,2024,1,True,RIVASTIGMI,,,,,
FFSU,CA,65862014990,65862,149,90,2024,2,False,FINASTERID,80656.0,1426.0,20856.72,20825.41,31.31
FFSU,CA,904688504,904,6885,4,2024,1,True,CARBAMAZEP,,,,,
FFSU,CO,536589588,536,5895,88,2024,3,False,NICOTINE P,6144.0,264.0,10726.92,10687.07,39.85
FFSU,CA,55111061330,55111,613,30,2024,2,True,PRAMIPEXOL,,,,,
MCOU,CA,64380078206,64380,782,6,2024,1,True,PREDNISONE,,,,,
MCOU,CA,72205001290,72205,12,90,2024,1,True,PREGABALIN,,,,,
MCOU,CA,60505614800,60505,6148,0,2024,2,False,CEFTRIAXON,1197.0,1310.0,32790.79,8401.92,24388.87
MCOU,CO,67618011128,67618,111,28,2024,4,True,COLACE CLE,,,,,
FFSU,CO,93312901,93,3129,1,2024,3,True,DISOPYRAMI,,,,,
FFSU,CA,44567064010,44567,640,10,2024,1,True,NOREPINEPH,,,,,
FFSU,CA,44567080210,44567,802,10,2024,2,True,PIPERACILL,,,,,
FFSU,CO,33342000207,33342,2,7,2024,3,True,LAMIVUDINE,,,,,
FFSU,CO,67877024901,67877,249,1,2024,4,False,QUETIAPINE,42487.0,756.0,9466.7,9455.71,10.99
MCOU,CA,67457032325,67457,323,25,2024,2,True,MOXIFLOXAC,,,,,
FFSU,CO,60758080110,60758,801,10,2024,4,True,TIMOLOL MA,,,,,
MCOU,CA,527169505,527,1695,5,2024,1,True,BUT / APAP,,,,,
FFSU,CA,66993060604,66993,606,4,2024,2,False,MIRTAZAPIN,8050.0,289.0,6874.55,6874.55,0.0
FFSU,CA,43547036050,43547,360,50,2024,1,False,LOSARTAN P,1350.0,33.0,423.99,423.99,0.0
FFSU,CO,169418113,169,4181,13,2024,4,False,OZEMPIC   ,2898.5,859.0,902868.29,884912.35,17955.94
MCOU,CO,57237006290,57237,62,90,2024,4,True,FINASTERID,,,,,
FFSU,CA,23932110,23,9321,10,2024,1,False,ALPHAGAN P,4040.0,369.0,155146.04,155146.04,0.0
FFSU,CA,79378011001,79378,110,1,2024,2,False,LIVMARLI  ,1768.0,62.0,3147663.1,3045570.82,102092.28
FFSU,CO,27241018330,27241,183,30,2024,3,False,LAMOTRIGIN,2820.0,19.0,4086.87,4086.87,0.0
FFSU,CA,75987001003,75987,10,3,2024,2,True,DUEXIS  IB,,,,,
MCOU,CA,50458060901,50458,609,1,2024,2,True,INVEGA TRI,,,,,
FFSU,CA,45802050514,45802,505,14,2024,1,False,BETAMETHAS,660.0,16.0,724.46,724.46,0.0
MCOU,CA,60687016311,60687,163,11,2024,1,False,CEPHALEXIN,70.0,69.0,21.69,21.69,0.0
MCOU,CA,72888001200,72888,12,0,2024,2,True,CYCLOBENZA,,,,,
FFSU,CA,71288041521,71288,415,21,2024,2,True,GLYCOPYRRO,,,,,
FFSU,CO,69680011399,69680,113,99,2024,4,False,CYANOCOBAL,35.0,17.0,53.85,53.85,0.0
MCOU,CO,72578000105,72578,1,5,2024,4,True,DOXYCYCLIN,,,,,
FFSU,CA,409116502,409,1165,2,2024,1,True,BUPIVACAIN,,,,,
FFSU,CO,406895301,406,8953,1,2024,3,False,DEXTROAMPH,3024.0,92.0,2316.65,2313.95,2.7
FFSU,CO,480868710,480,8687,10,2024,4,False,LEVOTHYROX,1140.0,20.0,331.52,326.18,5.34
MCOU,CA,78206016299,78206,162,99,2024,1,True,RENFLEXIS ,,,,,
FFSU,CA,62559016701,62559,167,1,2024,1,False,OXYCODONE ,18657.0,816.0,16816.62,16733.52,83.1
MCOU,CA,121231615,121,2316,15,2024,1,True,HYDROCODON,,,,,
MCOU,CA,61314039601,61314,396,1,2024,1,True,CYCLOPENTO,,,,,
FFSU,CA,47781047013,47781,470,13,2024,1,False,OSELTAMIVI,22952.0,2337.0,51891.73,47311.95,4579.78
MCOU,CA,378456105,378,4561,5,2024,1,True,POTASSIUM ,,,,,
MCOU,CA,67877021620,67877,216,20,2024,1,True,CEFUROXIME,,,,,
FFSU,CA,13668011005,13668,110,5,2024,1,False,DULOXETINE,3666.0,89.0,1340.34,1337.75,2.59
FFSU,CA,68001059308,68001,593,8,2024,1,False,ESCITALOPR,32904.0,926.0,12011.41,12009.68,1.73
FFSU,CO,59762040101,59762,401,1,2024,4,False,SUCRALFATE,56939.0,493.0,14928.34,14900.69,27.65
FFSU,CA,55150017410,55150,174,10,2024,2,False,AZITHROMYC,110.0,110.0,669.92,669.92,0.0
MCOU,CO,904673061,904,6730,61,2024,4,False,ACETAMINOP,96.0,48.0,102.0,102.0,0.0
FFSU,CO,13668004860,13668,48,60,2024,4,False,LAMOTRIGIN,5188.0,50.0,743.62,743.62,0.0
FFSU,CA,68001038200,68001,382,0,2024,1,False,LABETALOL ,22917.0,282.0,6940.82,6849.71,91.11
FFSU,CA,64980028001,64980,280,1,2024,2,False,GLIPIZIDE ,142495.0,1924.0,27637.37,27502.32,135.05
FFSU,CA,68094085362,68094,853,62,2024,1,True,NALTREXONE,,,,,
MCOU,CA,70594012202,70594,122,2,2024,2,True,VANCOMYCIN,,,,,
FFSU,CO,574204230,574,2042,30,2024,4,False,LIDOCAINE-,14921.0,441.0,8990.5,8940.93,49.57
FFSU,CA,62135057305,62135,573,5,2024,1,False,HYDROXYZIN,2120.0,26.0,342.66,342.66,0.0
FFSU,CO,93929167,93,9291,67,2024,3,False,CLONAZEPAM,3905.0,76.0,2452.83,2452.83,0.0
FFSU,CA,64380072406,64380,724,6,2024,1,False,CALCITRIOL,53145.0,814.0,21411.7,21376.68,35.02
FFSU,CA,487990425,487,9904,25,2024,1,False,ALBUTEROL ,20551.8,200.0,6008.13,5977.83,30.3
MCOU,CA,904721761,904,7217,61,2024,1,True,DILTIAZEM ,,,,,
FFSU,CT,67877072930,67877,729,30,2024,4,True,VENLAFAXIN,,,,,
FFSU,CT,2775205,2,7752,5,2024,3,False,INSULIN LI,2610.0,155.0,28304.07,28157.33,146.74
MCOU,CO,13925053601,13925,536,1,2024,2,True,BUTALBITAL,,,,,
FFSU,CT,68462010430,68462,104,30,2024,4,False,FLUCONAZOL,1901.0,105.0,1977.86,1977.86,0.0
FFSU,CT,65862060230,65862,602,30,2024,3,False,MODAFINIL ,7785.0,144.0,4450.72,4446.02,4.7
FFSU,CT,68382002201,68382,22,1,2024,4,True,ATENOLOL T,,,,,
FFSU,CT,832600411,832,6004,11,2024,3,True,FLUPHENAZI,,,,,
FFSU,CT,93075201,93,752,1,2024,3,False,ATENOLOL T,144.0,12.0,7.07,7.07,0.0
FFSU,CO,70954039110,70954,391,10,2024,1,True,ATENOLOL-C,,,,,
FFSU,CO,50742065984,50742,659,84,2024,1,True,DOLISHALE ,,,,,
MCOU,CO,59310041012,59310,410,12,2024,2,True,QNASL     ,,,,,
MCOU,CO,536137234,536,1372,34,2024,1,True,NICOTINE G,,,,,
MCOU,CO,16714062101,16714,621,1,2024,1,False,ZOLPIDEM T,282.0,12.0,155.82,155.82,0.0
FFSU,CO,378729653,378,7296,53,2024,2,True,DESOGESTR-,,,,,
MCOU,CO,16714029303,16714,293,3,2024,2,True,AMOXICILLI,,,,,
FFSU,CT,50474059640,50474,596,40,2024,3,False,KEPPRA 750,2490.0,25.0,31858.25,26374.7,5483.55
FFSU,CO,45963043965,45963,439,65,2024,3,False,CONSTULOSE,96861.0,86.0,2138.5,2138.5,0.0
FFSU,CO,51862054401,51862,544,1,2024,3,True,BUTALBITAL,,,,,
FFSU,CT,93321205,93,3212,5,2024,4,False,CLONAZEPAM,16566.0,308.0,3783.87,3783.87,0.0
FFSU,CT,42571038425,42571,384,25,2024,4,False,ERYTHROMYC,2160.0,35.0,1112.76,1107.47,5.29
FFSU,CT,472080460,472,804,60,2024,4,True,DESONIDE C,,,,,
FFSU,CO,55111068110,55111,681,10,2024,3,True,FONDAPARIN,,,,,
FFSU,CT,8122230,8,1222,30,2024,3,True,PRISTIQ EX,,,,,
FFSU,CO,11534016615,11534,166,15,2024,2,True,SODIUM POL,,,,,
MCOU,CO,406888501,406,8885,1,2024,1,False,DEXTROAMPH,681.0,13.0,308.41,308.41,0.0
FFSU,CO,93414756,93,4147,56,2024,2,True,LEVALBUTER,,,,,
FFSU,CT,50419077701,50419,777,1,2024,3,False,CIPRO ORAL,2000.0,16.0,2672.74,2672.74,0.0
FFSU,CT,68682000650,68682,6,50,2024,3,True,DILTIAZEM ,,,,,
FFSU,CT,65862005090,65862,50,90,2024,3,False,SIMVASTATI,765.0,13.0,166.93,166.93,0.0
FFSU,CO,62064024130,62064,241,30,2024,2,True,EGRIFTA SV,,,,,
FFSU,CT,71699002530,71699,25,30,2024,4,False,XCOPRI CEN,571.0,17.0,22320.01,22320.01,0.0
FFSU,CT,16714015701,16714,157,1,2024,3,False,PROGESTER ,988.0,16.0,424.0,424.0,0.0
FFSU,CO,406144501,406,1445,1,2024,2,True,METHYLPHEN,,,,,
MCOU,CO,72205001390,72205,13,90,2024,2,False,PREGABALIN,2851.0,43.0,666.75,591.51,75.24
FFSU,CO,169369619,169,3696,19,2024,2,False,NOVOLOG MI,2124.0,56.0,19391.47,18003.09,1388.38
MCOU,CO,60505252703,60505,2527,3,2024,2,True,MODAFINIL ,,,,,
FFSU,CT,43598083390,43598,833,90,2024,4,True,ATORVASTAT,,,,,
FFSU,CO,70700011221,70700,112,21,2024,3,False,TESTOSTERO,26325.0,244.0,12319.27,12277.45,41.82
FFSU,CT,71858001704,71858,17,4,2024,3,True,TIROSINT 6,,,,,
FFSU,CO,310461612,310,4616,12,2024,2,False,BREZTRI AE,3252.8,257.0,190958.72,190958.72,0.0
FFSU,CO,13668051501,13668,515,1,2024,2,False,ACYCLOVIR ,825.0,41.0,914.47,914.47,0.0
FFSU,CT,54436002004,54436,20,4,2024,3,False,OTREXUP (M,22.4,12.0,10583.01,10583.01,0.0
MCOU,CO,173064460,173,644,60,2024,1,True,LAMICTAL  ,,,,,
FFSU,CO,66993081530,66993,815,30,2024,2,True,DOXYCYCLIN,,,,,
MCOU,CO,50242007401,50242,74,1,2024,2,True,NUTROPIN A,,,,,
FFSU,CT,72205002390,72205,23,90,2024,4,True,ATORVASTAT,,,,,
FFSU,CO,57237015430,57237,154,30,2024,1,True,MODAFINIL ,,,,,
FFSU,CT,67877021560,67877,215,60,2024,4,False,CEFUROXIME,1954.0,105.0,1714.28,1714.28,0.0
FFSU,CO,62175061743,62175,617,43,2024,3,True,PANTOPRAZO,,,,,
FFSU,CT,16714072103,16714,721,3,2024,3,False,FLUOXETINE,14990.0,375.0,4475.09,4475.09,0.0
MCOU,CO,70436020201,70436,202,1,2024,2,True,METOPROLOL,,,,,
FFSU,CO,72205000390,72205,3,90,2024,3,False,ROSUVASTAT,15641.0,196.0,2702.69,2702.69,0.0
MCOU,CO,70377011412,70377,114,12,2024,2,True,LIOTHYRONI,,,,,
FFSU,CT,50111064844,50111,648,44,2024,4,True,FLUOXETINE,,,,,
MCOU,CO,63323064220,63323,642,20,2024,1,True,MAGNESIUM ,,,,,
FFSU,CO,121065816,121,658,16,2024,1,False,TRIHEXYPHE,10112.0,20.0,627.87,600.52,27.35
FFSU,CT,68001033203,68001,332,3,2024,3,False,LISINOPRIL,2110.0,46.0,512.92,512.92,0.0
FFSU,CT,62332018030,62332,180,30,2024,4,True,TADALAFIL ,,,,,
FFSU,CT,13215036,13,2150,36,2024,2,True,ESTRING VA,,,,,
FFSU,CO,49884025601,49884,256,1,2024,3,False,MINOXIDIL ,24265.0,379.0,5862.3,5847.56,14.74
FFSU,CT,13668072190,13668,721,90,2024,3,False,ROSUVASTAT,2308.0,29.0,409.51,409.51,0.0
MCOU,CO,73070040011,73070,400,11,2024,1,True,INSULIN DE,,,,,
FFSU,CO,67877074601,67877,746,1,2024,2,True,SIROLIMUS ,,,,,
FFSU,CT,378181710,378,1817,10,2024,3,False,LEVOTHYROX,23156.0,328.0,5644.4,5628.11,16.29
MCOU,CO,70860010041,70860,100,41,2024,2,True,AZITHROMYC,,,,,
FFSU,CT,70677117401,70677,1174,1,2024,4,True,F&T NICO P,,,,,
MCOU,CO,70377005613,70377,56,13,2024,1,True,ESOMEPRAZO,,,,,
FFSU,CO,23155069310,23155,693,10,2024,1,False,ALLOPURINO,6857.0,111.0,1570.69,1570.69,0.0
FFSU,CO,59762006801,59762,68,1,2024,2,True,ALPRAZOLAM,,,,,
FFSU,CT,13668003905,13668,39,5,2024,3,True,RISPERIDON,,,,,
MCOU,CO,49884025701,49884,257,1,2024,3,True,MINOXIDIL ,,,,,
FFSU,CO,65862005290,65862,52,90,2024,2,True,SIMVASTATI,,,,,
FFSU,CT,378180710,378,1807,10,2024,4,False,LEVOTHYROX,43363.0,595.0,9034.26,9034.26,0.0
FFSU,CO,78082581,78,825,81,2024,2,False,SANDOSTATI,11.0,11.0,23473.99,23473.99,0.0
FFSU,CO,574206727,574,2067,27,2024,2,True,EVAMIST   ,,,,,
MCOU,CO,68462010530,68462,105,30,2024,2,False,ONDANSETRO,1204.0,62.0,786.1,786.1,0.0
FFSU,CO,50742018101,50742,181,1,2024,1,True,LEUCOVORIN,,,,,
FFSU,CT,13668013701,13668,137,1,2024,4,False,ESCITALOPR,238066.0,4061.0,60324.39,60254.09,70.3
FFSU,CT,115166003,115,1660,3,2024,2,True,PROPRANOLO,,,,,
FFSU,CO,69097081512,69097,815,12,2024,2,True,GABAPENTIN,,,,,
FFSU,CO,68645030059,68645,300,59,2024,2,False,METFORMIN ,4140.0,29.0,398.2,398.2,0.0
FFSU,CT,143983601,143,9836,1,2024,4,False,PENICILLIN,703.0,23.0,313.02,313.02,0.0
FFSU,CO,60631041230,60631,412,30,2024,3,True,EDARBYCLOR,,,,,
FFSU,CT,42571013027,42571,130,27,2024,4,True,TRAVOPROST,,,,,
FFSU,CT,31722013631,31722,136,31,2024,3,False,SILDENAFIL,1344.0,12.0,1052.76,1052.76,0.0
FFSU,CT,173071520,173,715,20,2024,2,False,ADVAIR HFA,4332.0,320.0,90149.38,88857.15,1292.23
FFSU,CO,62559043001,62559,430,1,2024,1,False,HYDROCORTI,1790.4,56.0,1416.8,1416.8,0.0
FFSU,CT,42806015134,42806,151,34,2024,3,False,AZITHROMYC,2685.0,65.0,1339.43,1333.85,5.58
FFSU,CT,527323737,527,3237,37,2024,4,True,LEVORPHANO,,,,,
FFSU,CO,65162067684,65162,676,84,2024,2,False,AZELASTINE,18030.0,461.0,9405.6,9323.15,82.45
FFSU,CO,47781065910,47781,659,10,2024,1,True,LEVOTHYROX,,,,,
FFSU,CO,68180051902,68180,519,2,2024,1,False,LISINOPRIL,41360.0,460.0,6502.59,6486.93,15.66
FFSU,CO,172392570,172,3925,70,2024,2,False,DIAZEPAM  ,9533.0,264.0,2677.24,2677.24,0.0
FFSU,CO,16571066101,16571,661,1,2024,2,False,MECLIZINE ,10943.0,272.0,4430.61,4430.61,0.0
FFSU,CT,63304008913,63304,89,13,2024,3,True,MESALAMINE,,,,,
FFSU,CT,63323001020,63323,10,20,2024,3,False,GENTAMICIN,526.0,139.0,906.94,784.49,122.45
FFSU,CT,115180401,115,1804,1,2024,3,False,HYDROXYZIN,105191.0,1985.0,28748.13,28729.47,18.66
MCOU,CO,65862005299,65862,52,99,2024,1,False,SIMVASTATI,1170.0,17.0,204.31,204.31,0.0
FFSU,CO,63323016200,63323,162,0,2024,2,False,KETOROLAC ,94.5,106.0,102.91,102.35,0.56
FFSU,CT,51672210008,51672,2100,8,2024,4,True,BUTENAFINE,,,,,
MCOU,CO,59746011506,59746,115,6,2024,1,False,PROCHLORPE,587.0,22.0,398.37,388.42,9.95
FFSU,CT,49884054601,49884,546,1,2024,3,True,DEXMETHYLP,,,,,
FFSU,CT,378641001,378,6410,1,2024,3,True,DOXPEIN HC,,,,,
FFSU,CT,555088604,555,886,4,2024,4,True,ESTRADIOL ,,,,,
MCOU,CO,69918056030,69918,560,30,2024,1,True,MESALAMINE,,,,,
MCOU,CO,16714044004,16714,440,4,2024,1,True,DEBLITANE ,,,,,
FFSU,CO,93831018,93,8310,18,2024,1,False,ELETRIPTAN,265.0,45.0,1039.23,1039.23,0.0
FFSU,CO,23921110,23,9211,10,2024,2,False,COMBIGAN  ,360.0,34.0,14490.91,14490.91,0.0
FFSU,CT,68001044998,68001,449,98,2024,3,False,LORATADINE,9071.0,48.0,480.76,480.76,0.0
FFSU,CT,55513050855,55513,508,55,2024,3,True,OTEZLA (AP,,,,,
FFSU,CT,93555101,93,5551,1,2024,3,False,DEXMETHYLP,1638.0,49.0,2401.59,2379.55,22.04
FFSU,CT,70000048501,70000,485,1,2024,3,True,LDR HYDROC,,,,,
FFSU,CT,52817027010,52817,270,10,2024,3,False,BISOPROLOL,1920.0,29.0,724.45,720.54,3.91
FFSU,CO,65649010302,65649,103,2,2024,1,False,APRISO    ,14850.0,85.0,61401.0,61401.0,0.0
FFSU,CT,62332009730,62332,97,30,2024,4,False,ARIPIPRAZO,5831.0,125.0,2048.28,2048.28,0.0
FFSU,CT,955105027,955,1050,27,2024,4,True,SEVELAMER ,,,,,
FFSU,CT,591351004,591,3510,4,2024,4,False,CLONIDINE ,184.0,25.0,2641.21,2641.21,0.0
FFSU,CO,59746017210,59746,172,10,2024,2,False,PREDNISONE,9087.0,254.0,1845.11,1843.95,1.16
FFSU,CO,527163210,527,1632,10,2024,1,True,TRIAMTEREN,,,,,
FFSU,CT,31722066510,31722,665,10,2024,3,True,ESOMEPRAZO,,,,,
FFSU,CT,406995903,406,9959,3,2024,3,True,TEMAZEPAM ,,,,,
FFSU,CO,54458127,54,4581,27,2024,1,True,MERCAPTOPU,,,,,
FFSU,CT,62332046515,62332,465,15,2024,3,True,CLOBETASOL,,,,,
FFSU,CT,71080524,71,805,24,2024,4,True,NEURONTIN ,,,,,
FFSU,CT,11534018901,11534,189,1,2024,3,False,DEXTROAMPH,1345.0,24.0,898.19,898.19,0.0
FFSU,CO,143985375,143,9853,75,2024,1,False,AMOXICILLI,7200.0,70.0,1060.72,1060.72,0.0
FFSU,CT,70677124301,70677,1243,1,2024,4,True,F&T ECO PA,,,,,
FFSU,CO,66220071930,66220,719,30,2024,2,False,KRISTALOSE,10050.0,20.0,9038.56,8888.65,149.91
MCOU,CO,93542088,93,5420,88,2024,2,False,CABERGOLIN,333.0,18.0,640.59,640.59,0.0
MCOU,CO,93415579,93,4155,79,2024,1,True,AMOXICILLI,,,,,
FFSU,CO,44567010401,44567,104,1,2024,1,True,AMPICILLIN,,,,,
FFSU,CT,603506128,603,5061,28,2024,3,True,PHERPHENAZ,,,,,
MCOU,CO,409379619,409,3796,19,2024,1,True,KETOROLAC ,,,,,
FFSU,CO,115169606,115,1696,6,2024,1,False,HYDROCORTI,4592.0,42.0,1250.23,1200.75,49.48
FFSU,CT,45802092596,45802,925,96,2024,3,True,CLOBETASOL,,,,,
FFSU,CO,51991080833,51991,808,33,2024,2,True,L-METHYLFO,,,,,
FFSU,CT,16729003515,16729,35,15,2024,4,False,ANASTROZOL,648.0,14.0,246.31,246.31,0.0
FFSU,CT,23114501,23,1145,1,2024,2,False,BOTOX BOTU,1856.78,1407.0,1078055.86,779989.4,298066.46
FFSU,CT,69452036020,69452,360,20,2024,3,True,ROPINIROLE,,,,,
MCOU,CO,62332060102,62332,601,2,2024,3,False,KETOROLAC ,30.0,19.0,0.0,0.0,0.0
FFSU,CO,62856027830,62856,278,30,2024,3,True,FYCOMPA   ,,,,,
FFSU,CO,173094755,173,947,55,2024,2,True,WELLBUTRIN,,,,,
FFSU,CO,16729030201,16729,302,1,2024,1,True,TRAZODONE ,,,,,
MCOU,CO,72888003301,72888,33,1,2024,3,True,AMANTADINE,,,,,
FFSU,CO,69076047601,69076,476,1,2024,2,True,GLYCOPYRRO,,,,,
FFSU,CT,67457088701,67457,887,1,2024,3,False,MEDROXYPRO,241.0,241.0,8098.98,8098.98,0.0
FFSU,CO,63323008863,63323,88,63,2024,3,False,SODIUM CHL,1614.1,18.0,174.79,174.79,0.0
FFSU,CO,60505257808,60505,2578,8,2024,1,False,ATORVASTAT,26300.0,656.0,8341.14,8340.67,0.47
FFSU,CT,74929619,74,9296,19,2024,4,True,SYNTHROID ,,,,,
FFSU,CO,68001051904,68001,519,4,2024,3,True,BUPROPION ,,,,,
FFSU,CT,527163201,527,1632,1,2024,3,True,TRIAMTERIN,,,,,
FFSU,CT,59353040309,59353,403,9,2024,3,False,MIRCERA 10,83.55,249.0,45099.0,45099.0,0.0
FFSU,CO,480123208,480,1232,8,2024,1,True,RISPERIDON,,,,,
FFSU,CO,50228042360,50228,423,60,2024,3,True,RANOLAZINE,,,,,
FFSU,CT,71101268,71,1012,68,2024,2,True,LYRICA (PR,,,,,
FFSU,CT,527600274,527,6002,74,2024,3,True,LIDOCAINE ,,,,,
FFSU,CO,23650110,23,6501,10,2024,2,False,UBRELVY   ,6994.0,618.0,694877.35,687891.01,6986.34
FFSU,CT,76282021305,76282,213,5,2024,4,False,SERTRALINE,2370.0,45.0,482.28,482.28,0.0
FFSU,CO,65862030612,65862,306,12,2024,2,False,FLUOXETINE,24473.5,126.0,5707.89,5548.72,159.17
FFSU,CO,8010001,8,100,1,2024,2,True,BESPONSA  ,,,,,
MCOU,CO,378609001,378,6090,1,2024,1,True,DILTIAZEM ,,,,,
FFSU,CT,14539067401,14539,674,1,2024,4,False,HYDROXYZIN,8478.0,142.0,2039.25,2039.25,0.0
FFSU,CT,70436022849,70436,228,49,2024,4,True,AZITHROMYC,,,,,
FFSU,CO,45802040109,45802,401,9,2024,2,False,CICLOPIROX,5040.0,41.0,1355.95,1355.95,0.0
MCOU,CO,42806041505,42806,415,5,2024,2,True,BUPROPION ,,,,,
FFSU,CT,75834025501,75834,255,1,2024,3,False,ATORVASTAT,5897.0,98.0,1212.77,1212.77,0.0
FFSU,CO,33342040535,33342,405,35,2024,2,False,LIDOCAINE ,1736.56,36.0,647.9,647.9,0.0
MCOU,CO,59148011480,59148,114,80,2024,3,True,ABILIFY AS,,,,,
MCOU,CO,527411737,527,4117,37,2024,1,False,PROPRANOLO,780.0,18.0,325.4,325.4,0.0
FFSU,CO,47781066590,47781,665,90,2024,1,True,LEVOTHYROX,,,,,
MCOU,CO,31722042505,31722,425,5,2024,2,True,ATORVASTAT,,,,,
MCOU,CO,23155002901,23155,29,1,2024,2,True,FLUOXETINE,,,,,
FFSU,CT,29300016903,29300,169,3,2024,3,False,TIZANIDINE,1018.0,17.0,218.29,218.29,0.0
FFSU,CT,47781040704,47781,407,4,2024,3,True,BUPRENORPH,,,,,
FFSU,CO,63323010405,63323,104,5,2024,2,True,ETOPOSIDE ,,,,,
FFSU,CT,65162004710,65162,47,10,2024,3,False,OXYCODONE ,23572.0,796.0,10327.43,10323.6,3.83
FFSU,CT,29300042110,29300,421,10,2024,4,False,AMITRIPTYL,13651.0,284.0,3866.24,3864.98,1.26
FFSU,CT,378699198,378,6991,98,2024,4,True,ALBUTEROL ,,,,,
FFSU,CO,53746071301,53746,713,1,2024,1,False,GUANFACINE,16578.8,309.0,10072.56,9920.09,152.47
MCOU,CO,55111016730,55111,167,30,2024,2,False,OLANZAPINE,1720.0,50.0,755.43,755.43,0.0
FFSU,CO,50742018224,50742,182,24,2024,1,True,LEUCOVORIN,,,,,
MCOU,CO,603243432,603,2434,32,2024,1,True,BENZTROPIN,,,,,
MCOU,CO,61874014530,61874,145,30,2024,2,False,VRAYLAR   ,1230.0,35.0,57273.84,57273.84,0.0
FFSU,CO,65862002306,65862,23,6,2024,1,False,MIRTAZAPIN,576.0,23.0,438.86,438.86,0.0
FFSU,CO,70069000501,70069,5,1,2024,2,True,CYANOCOBAL,,,,,
FFSU,CO,67877024910,67877,249,10,2024,1,False,QUETIAPINE,53072.5,1034.0,13398.43,13371.24,27.19
FFSU,CT,72305011290,72305,112,90,2024,4,True,EUTHYROX 1,,,,,
FFSU,CO,63323049204,63323,492,4,2024,3,True,XYLOCAINE-,,,,,
FFSU,CT,46122073974,46122,739,74,2024,4,True,GNP OMEPRA,,,,,
FFSU,CT,50228038460,50228,384,60,2024,4,False,QUETIAPINE,7246.0,160.0,4107.53,4092.89,14.64
MCOU,CO,66689000802,66689,8,2,2024,1,True,NYSTATIN  ,,,,,
MCOU,CO,71288041183,71288,411,83,2024,3,True,ENOXAPARIN,,,,,
MCOU,CO,68001040403,68001,404,3,2024,1,True,LEVETIRACE,,,,,
FFSU,CO,16571068701,16571,687,1,2024,2,True,HYDROXYCHL,,,,,
FFSU,CT,42385093412,42385,934,12,2024,4,True,LOPINAVIR ,,,,,
FFSU,CO,51672406301,51672,4063,1,2024,1,True,FLUOROURAC,,,,,
FFSU,CT,59746078301,59746,783,1,2024,3,False,PREDNISONE,97.0,21.0,244.14,244.14,0.0
FFSU,CO,60505081301,60505,813,1,2024,1,True,BUTORPHANO,,,,,
MCOU,CO,65862005390,65862,53,90,2024,2,True,SIMVASTATI,,,,,
FFSU,CO,69238111801,69238,1118,1,2024,2,True,BUSPIRONE ,,,,,
MCOU,DC,54001121,54,11,21,2024,2,True,FLECAINIDE,,,,,
MCOU,DC,781543901,781,5439,1,2024,2,True,CEFPODOXIM,,,,,
FFSU,CT,10147092103,10147,921,3,2024,1,True,HALOPERIDO,,,,,
MCOU,DC,113002562,113,25,62,2024,2,True,GS PAIN RE,,,,,
FFSU,DC,68382012001,68382,120,1,2024,2,True,AZATHIOPRI,,,,,
MCOU,DC,93405953,93,4059,53,2024,2,True,CEFADROXIL,,,,,
MCOU,DC,33342029907,33342,299,7,2024,2,True,ESZOPICLON,,,,,
MCOU,DC,10702000801,10702,8,1,2024,2,False,OXYCODONE ,3539.0,40.0,491.04,347.98,143.06
MCOU,DC,16714077901,16714,779,1,2024,3,True,EZETIMIBE-,,,,,
MCOU,DC,68180085211,68180,852,11,2024,4,True,MY WAY 1.5,,,,,
FFSU,CT,63323069210,63323,692,10,2024,1,True,ACETYLCYST,,,,,
MCOU,DC,42858080201,42858,802,1,2024,4,False,MORPHINE S,926.0,16.0,261.61,202.53,59.08
MCOU,DC,55150027601,55150,276,1,2024,4,True,TESTOSTERO,,,,,
FFSU,CT,93541901,93,5419,1,2024,1,False,CLOZAPINE ,2856.0,28.0,12914.1,12914.1,0.0
FFSU,CT,16571075909,16571,759,9,2024,1,True,NATEGLINID,,,,,
FFSU,DC,60505024901,60505,249,1,2024,2,True,MIRTAZAPIN,,,,,
FFSU,CT,378668877,378,6688,77,2024,2,False,PANTOPRAZO,114806.0,1835.0,24863.96,24859.81,4.15
FFSU,CT,832058111,832,581,11,2024,2,False,CLOBAZAM 2,1141.0,27.0,1001.76,1001.76,0.0
FFSU,DC,43386031214,43386,312,14,2024,3,False,GAVILAX PO,6120.0,12.0,252.81,245.81,7.0
MCOU,DC,65162018950,65162,189,50,2024,3,True,NAPROXEN 3,,,,,
MCOU,DC,50474047066,50474,470,66,2024,3,True,BRIVIACT 2,,,,,
FFSU,CT,15054050001,15054,500,1,2024,2,False,DYSPORT (A,484.8,342.0,397606.75,166666.18,230940.57
FFSU,DC,832003810,832,38,10,2024,2,True,OXYBUTYNIN,,,,,
FFSU,CT,781506101,781,5061,1,2024,1,True,AMOXICILLI,,,,,
FFSU,DC,31722053712,31722,537,12,2024,4,True,LEVETIRACE,,,,,
FFSU,CT,72516003110,72516,31,10,2024,2,False,METOPROLOL,23354.0,380.0,5584.48,5584.48,0.0
FFSU,DC,60505008302,60505,83,2,2024,2,True,PAROXETINE,,,,,
FFSU,DC,70370108001,70370,1080,1,2024,2,False,INGREZZA 8,450.0,15.0,119618.91,119604.91,14.0
FFSU,DC,68180084073,68180,840,73,2024,2,True,NORG-ETHIN,,,,,
FFSU,CT,67877050230,67877,502,30,2024,1,True,AMLODIPINE,,,,,
FFSU,DC,527512570,527,5125,70,2024,2,True,LACTULOSE ,,,,,
FFSU,DC,43598081115,43598,811,15,2024,2,False,CETIRIZINE,3345.0,111.0,1035.98,992.98,43.0
FFSU,CT,115148701,115,1487,1,2024,1,True,MIXED AMPH,,,,,
FFSU,DC,527079037,527,790,37,2024,4,True,DEXTROAMP-,,,,,
FFSU,CT,2327030,2,3270,30,2024,1,False,CYMBALTA  ,1284.0,24.0,11750.78,11750.78,0.0
FFSU,CT,65862046830,65862,468,30,2024,1,True,LOSARTAN H,,,,,
MCOU,DC,65862053375,65862,533,75,2024,3,True,AMOX-CLAV ,,,,,
FFSU,CT,67877088901,67877,889,1,2024,2,False,FAMOTIDINE,13897.0,202.0,2916.73,2916.73,0.0
FFSU,DC,2879859,2,8798,59,2024,1,True,HUMALOG MI,,,,,
FFSU,CT,69043530,69,435,30,2024,1,True,CIBINQO 20,,,,,
FFSU,CT,904791251,904,7912,51,2024,1,True,IBUPROFEN ,,,,,
MCOU,DC,62332025230,62332,252,30,2024,2,False,AZITHROMYC,422.0,53.0,343.55,271.4,72.15
FFSU,DC,17772013130,17772,131,30,2024,4,True,QELBREE ER,,,,,
FFSU,CT,70436001304,70436,13,4,2024,1,False,DESVENLAFA,6325.0,146.0,4919.0,4916.56,2.44
FFSU,CT,55111049704,55111,497,4,2024,1,False,CAPECITABI,4204.0,67.0,9302.11,3648.51,5653.6
MCOU,DC,536128636,536,1286,36,2024,2,True,STOMACH RL,,,,,
FFSU,DC,69547062702,69547,627,2,2024,4,True,NARCAN 4 M,,,,,
FFSU,DC,6308001,6,3080,1,2024,2,True,ISENTRESS ,,,,,
FFSU,CT,42571010301,42571,103,1,2024,2,True,GLIMEPIRID,,,,,
MCOU,DC,45802043262,45802,432,62,2024,2,True,PSEUDOEPHE,,,,,
FFSU,DC,378180377,378,1803,77,2024,4,True,LEVOTHYROX,,,,,
FFSU,CT,68382054706,68382,547,6,2024,2,True,MEMANTINE ,,,,,
MCOU,DC,378040301,378,403,1,2024,4,False,SPIRONOLAC,2356.0,44.0,1069.94,898.19,171.75
FFSU,DC,67877063830,67877,638,30,2024,3,True,LURASIDONE,,,,,
MCOU,DC,9003933,9,39,33,2024,3,True,SOLU-MEDRO,,,,,
MCOU,DC,16714063201,16714,632,1,2024,4,False,ALENDRONAT,147.0,21.0,105.28,84.84,20.44
MCOU,DC,68682070990,68682,709,90,2024,2,True,DILTIAZEM ,,,,,
FFSU,DC,70700027422,70700,274,22,2024,3,True,ESTRADIOL ,,,,,
MCOU,DC,93929467,93,9294,67,2024,1,True,CLONAZEPAM,,,,,
FFSU,CT,480095101,480,951,1,2024,2,True,NAPROXEN S,,,,,
FFSU,DC,43547036009,43547,360,9,2024,2,False,LOSARTAN P,540.0,14.0,172.19,166.19,6.0
MCOU,DC,27241008303,27241,83,3,2024,3,True,AMLODIPINE,,,,,
FFSU,CT,70954056520,70954,565,20,2024,1,True,ESTRADIOL ,,,,,
FFSU,DC,16714098502,16714,985,2,2024,2,True,TRIAMCINOL,,,,,
MCOU,DC,407294302,407,2943,2,2024,4,True,CLARISCAN ,,,,,
MCOU,DC,406912576,406,9125,76,2024,2,True,FENTANYL 2,,,,,
MCOU,DC,16571010510,16571,105,10,2024,3,True,AMITRIPTYL,,,,,
FFSU,DC,59746038510,59746,385,10,2024,4,True,TERAZOSIN ,,,,,
FFSU,CT,65162051210,65162,512,10,2024,1,True,SALSALATE ,,,,,
MCOU,DC,43386028001,43386,280,1,2024,2,False,DIAZEPAM 1,33.0,17.0,4156.74,4156.74,0.0
FFSU,CT,480123208,480,1232,8,2024,2,True,RISPERIDON,,,,,
FFSU,CT,69238183307,69238,1833,7,2024,1,False,LEVOTHYROX,1280.0,23.0,341.9,341.9,0.0
MCOU,DC,49483034110,49483,341,10,2024,3,False,ACETAMINOP,1310.0,15.0,33.67,33.67,0.0
FFSU,CT,71104094401,71104,944,1,2024,2,True,ALPROLIX 3,,,,,
FFSU,CT,378705752,378,7057,52,2024,1,False,ALBUTEROL ,63624.12,570.0,18845.35,18808.26,37.09
MCOU,DC,23963704,23,9637,4,2024,4,True,OXYTROL FO,,,,,
MCOU,DC,68180047801,68180,478,1,2024,4,True,SIMVASTATI,,,,,
MCOU,DC,59353040109,59353,401,9,2024,3,True,MIRCERA 50,,,,,
MCOU,DC,338955524,338,9555,24,2024,1,True,DEXMEDETOM,,,,,
FFSU,DC,93681619,93,6816,19,2024,4,True,BUDESONIDE,,,,,
FFSU,DC,78097912,78,979,12,2024,4,True,MAYZENT 0.,,,,,
MCOU,DC,43598075201,43598,752,1,2024,3,False,BUPROPION ,1424.0,29.0,307.55,269.47,38.08
FFSU,CT,31722057190,31722,571,90,2024,2,False,LANSOPRAZO,808.0,15.0,203.98,203.98,0.0
MCOU,DC,64980056401,64980,564,1,2024,3,False,FUROSEMIDE,5772.0,96.0,756.69,733.94,22.75
FFSU,DC,51224000750,51224,7,50,2024,2,True,METFORMIN ,,,,,
FFSU,DC,378641001,378,6410,1,2024,1,True,DOXEPIN 10,,,,,
MCOU,DC,76282066339,76282,663,39,2024,4,True,DICLOFENAC,,,,,
MCOU,DC,53436016830,53436,168,30,2024,2,True,VELTASSA 1,,,,,
MCOU,DC,51224022230,51224,222,30,2024,3,True,AZITHROMYC,,,,,
FFSU,CT,69097038702,69097,387,2,2024,1,True,AMBRISENTA,,,,,
FFSU,DC,67877019910,67877,199,10,2024,4,False,AMLODIPINE,4043.0,138.0,1606.25,1515.25,91.0
FFSU,DC,407141491,407,1414,91,2024,3,True,OMNIPAQUE ,,,,,
FFSU,CT,3031505,3,315,5,2024,1,False,KENALOG 80,75.75,86.0,1159.29,258.26,901.03
FFSU,CT,11534016615,11534,166,15,2024,1,True,SODIUM POL,,,,,
MCOU,DC,67877044790,67877,447,90,2024,2,True,OLMESARTAN,,,,,
MCOU,DC,67877050330,67877,503,30,2024,2,False,CINACALCET,5190.0,117.0,4515.3,4515.3,0.0
MCOU,DC,13925015901,13925,159,1,2024,2,False,LIDOCAINE ,991.25,21.0,637.75,637.75,0.0
MCOU,DC,93524519,93,5245,19,2024,3,True,OLANZAPINE,,,,,
FFSU,CT,68180096601,68180,966,1,2024,1,False,LEVOTHYROX,17382.0,335.0,4668.06,4668.06,0.0
MCOU,DC,68180083873,68180,838,73,2024,3,True,NORG-EE 0.,,,,,
FFSU,DC,70710111001,70710,1110,1,2024,4,True,CYPROHEPTA,,,,,
FFSU,DC,59746000103,59746,1,3,2024,2,False,METHYLPRED,630.0,30.0,411.89,406.89,5.0
MCOU,DC,16729020101,16729,201,1,2024,2,False,BUSPIRONE ,1200.0,21.0,226.51,147.49,79.02
MCOU,DC,51672402901,51672,4029,1,2024,3,True,WARFARIN S,,,,,
MCOU,DC,10702010201,10702,102,1,2024,3,False,METHYLPHEN,1616.0,30.0,578.46,573.63,4.83
MCOU,DC,55111046905,55111,469,5,2024,4,True,METOPROLOL,,,,,
MCOU,DC,16714030910,16714,309,10,2024,4,True,VANCOMYCIN,,,,,
FFSU,CT,70377010211,70377,102,11,2024,2,True,AMINOCAPRO,,,,,
FFSU,DC,69097015907,69097,159,7,2024,2,False,MELOXICAM ,2441.0,72.0,839.73,808.78,30.95
MCOU,DC,63304083090,63304,830,90,2024,2,True,ATORVASTAT,,,,,
MCOU,DC,13668004905,13668,49,5,2024,2,True,LAMOTRIGIN,,,,,
MCOU,DC,72205001390,72205,13,90,2024,2,False,PREGABALIN,3762.0,44.0,1044.62,735.25,309.37
MCOU,DC,62175045832,62175,458,32,2024,2,True,BUP/NAL 8M,,,,,
MCOU,DC,93342501,93,3425,1,2024,3,True,LORAZEPAM ,,,,,
MCOU,DC,70700011685,70700,116,85,2024,3,False,ALTAVERA-2,3304.0,46.0,1808.51,1808.51,0.0
MCOU,DC,57237012101,57237,121,1,2024,3,True,WARFARIN S,,,,,
MCOU,DC,51991082001,51991,820,1,2024,3,True,PROPRANOLO,,,,,
FFSU,CT,65162010110,65162,101,10,2024,1,False,GABAPENTIN,2321.0,24.0,317.6,317.6,0.0
MCOU,DC,42571023890,42571,238,90,2024,4,True,AMLODIPINE,,,,,
MCOU,DC,51672128101,51672,1281,1,2024,2,False,DESONIDE 0,1110.0,37.0,640.97,565.15,75.82
FFSU,DC,23155000110,23155,1,10,2024,2,True,HYDRALAZIN,,,,,
MCOU,DC,10370082911,10370,829,11,2024,4,True,DILTIAZEM ,,,,,
MCOU,DC,67457034210,67457,342,10,2024,2,True,VANCOMYCIN,,,,,
FFSU,DC,42385092230,42385,922,30,2024,3,True,ATAZANAVIR,,,,,
FFSU,DC,42806041160,42806,411,60,2024,2,True,BUPROPION ,,,,,
MCOU,DC,16714093701,16714,937,1,2024,4,True,ATENOLOL-C,,,,,
FFSU,DC,407222317,407,2223,17,2024,2,False,VISIPAQUE ,2629.0,51.0,170.77,169.81,0.96
FFSU,CT,70069005101,70069,51,1,2024,1,True,DORZOLAMID,,,,,
FFSU,CT,72578010092,72578,100,92,2024,2,False,LEVOFLOXAC,112.0,16.0,204.9,204.9,0.0
FFSU,DC,16714007204,16714,72,4,2024,4,True,BACLOFEN 2,,,,,
FFSU,DC,65862037305,65862,373,5,2024,4,True,ESCITALOPR,,,,,
MCOU,DC,31722028710,31722,287,10,2024,2,True,LEVOTHYROX,,,,,
MCOU,DC,31722074690,31722,746,90,2024,4,True,VALSARTAN ,,,,,
FFSU,DC,16714054801,16714,548,1,2024,4,True,LACOSAMIDE,,,,,
MCOU,DC,57841115002,57841,1150,2,2024,2,True,TALICIA DR,,,,,
FFSU,CT,59762004901,59762,49,1,2024,1,True,METHYLPRED,,,,,
MCOU,DC,60505362906,60505,3629,6,2024,3,True,DASATINIB ,,,,,
MCOU,DC,113005267,113,52,67,2024,1,True,GS SLEEP T,,,,,
FFSU,DC,70954068910,70954,689,10,2024,2,True,PROCHLORPE,,,,,
FFSU,CT,43386009663,43386,96,63,2024,2,True,CLOBETASOL,,,,,
FFSU,CT,43547048710,43547,487,10,2024,2,False,PKGS METHY,2234.0,40.0,741.88,741.88,0.0
FFSU,CT,9069801,9,698,1,2024,1,True,SOLU-MEDRO,,,,,
MCOU,DC,59148008728,59148,87,28,2024,4,True,JYNARQUE 4,,,,,
FFSU,CT,69097052734,69097,527,34,2024,2,True,ESOMEPRAZO,,,,,
MCOU,DC,93321915,93,3219,15,2024,4,False,KETOCONAZO,4265.0,136.0,1674.81,1444.28,230.53
FFSU,DC,68462019001,68462,190,1,2024,2,True,NAPROXEN 5,,,,,
FFSU,CT,43598047990,43598,479,90,2024,2,True,SEVELAMER ,,,,,
FFSU,DC,71288040202,71288,402,2,2024,4,True,HEPARIN SO,,,,,
MCOU,DC,42571023630,42571,236,30,2024,3,False,AMLODIPINE,630.0,13.0,434.58,379.98,54.6
FFSU,CT,58468005001,58468,50,1,2024,2,True,XENPOZYME ,,,,,
FFSU,DC,24385053126,24385,531,26,2024,2,True,ALLERGY RE,,,,,
FFSU,DC,64380088304,64380,883,4,2024,2,True,CINACALCET,,,,,
FFSU,DC,33342032954,33342,329,54,2024,4,True,TRIAMCINOL,,,,,
FFSU,CT,536121388,536,1213,88,2024,2,True,GUAIFENESI,,,,,
FFSU,DC,143988901,143,9889,1,2024,1,True,AMOXICILLI,,,,,
FFSU,DC,25021010167,25021,101,67,2024,2,True,CEFAZOLIN ,,,,,
FFSU,CT,70377006711,70377,67,11,2024,2,False,PRAZOSIN H,18892.0,486.0,7561.49,7561.49,0.0
MCOU,DC,641615101,641,6151,1,2024,2,True,HYDROMORPH,,,,,
FFSU,CT,69367033730,69367,337,30,2024,1,True,PAROXETINE,,,,,
FFSU,CT,70010092710,70010,927,10,2024,2,True,GABAPENTIN,,,,,
MCOU,DC,29300013905,29300,139,5,2024,4,False,DIVALPROEX,9796.0,94.0,1142.55,1038.23,104.32
MCOU,DC,59651027201,59651,272,1,2024,3,True,PRAZOSIN 2,,,,,
MCOU,DC,378967131,378,9671,31,2024,2,True,IPRAT-ALBU,,,,,
FFSU,CT,50742061601,50742,616,1,2024,1,False,METOPROLOL,622.0,11.0,166.97,166.97,0.0
FFSU,CT,45802084778,45802,847,78,2024,1,True,FEXOFENADI,,,,,
MCOU,DC,78087463,78,874,63,2024,1,True,KISQALI 60,,,,,
FFSU,CT,43547044103,43547,441,3,2024,1,True,TELMISARTA,,,,,
FFSU,CT,16729027310,16729,273,10,2024,2,True,PRASUGREL ,,,,,
MCOU,DC,42806014932,42806,149,32,2024,4,False,AZITHROMYC,1996.0,72.0,921.61,921.61,0.0
MCOU,DC,67877021620,67877,216,20,2024,4,True,CEFUROXIME,,,,,
FFSU,CT,42571014301,42571,143,1,2024,1,True,CELECOXIB ,,,,,
FFSU,CT,23155073601,23155,736,1,2024,1,False,TERAZOSIN ,3911.0,77.0,1369.53,1369.53,0.0
FFSU,DC,50458060701,50458,607,1,2024,2,True,INVEGA TRI,,,,,
FFSU,DC,59651005530,59651,55,30,2024,2,True,TERIFLUNOM,,,,,
FFSU,CT,68180087373,68180,873,73,2024,1,True,WYMZYA FE ,,,,,
FFSU,DC,68180031909,68180,319,9,2024,2,False,BUPROPION ,303.0,11.0,154.42,154.42,0.0
MCOU,DC,63323002425,63323,24,25,2024,3,True,MANNITOL 2,,,,,
FFSU,DC,50111033402,50111,334,2,2024,3,True,METRONIDAZ,,,,,
MCOU,DC,68968555303,68968,5553,3,2024,4,True,DAYTRANA 1,,,,,
FFSU,CT,60758011910,60758,119,10,2024,1,False,PREDNISOLO,120.0,12.0,770.46,770.46,0.0
MCOU,DC,68180047901,68180,479,1,2024,4,True,SIMVASTATI,,,,,
MCOU,DC,45802004835,45802,48,35,2024,4,True,NYSTATIN 1,,,,,
FFSU,CT,67877039190,67877,391,90,2024,1,True,NEBIVOLOL ,,,,,
FFSU,DC,93506201,93,5062,1,2024,3,True,HYDROXYZIN,,,,,
MCOU,DC,264958720,264,9587,20,2024,4,True,HEPARIN-D5,,,,,
MCOU,DC,228427011,228,4270,11,2024,3,True,MORPHINE S,,,,,
FFSU,DC,536741551,536,7415,51,2024,2,False,ENEMA     ,10640.0,19.0,276.23,257.23,19.0
FFSU,CT,45802000403,45802,4,3,2024,2,False,HYDROCORTI,65324.0,1831.0,25995.5,25970.05,25.45
MCOU,DC,66993079097,66993,790,97,2024,3,False,FLUTICASON,2580.0,34.0,4045.83,4045.83,0.0
MCOU,DC,68001030900,68001,309,0,2024,3,True,BUPROPION ,,,,,
MCOU,DC,169320515,169,3205,15,2024,3,True,FIASP PENF,,,,,
FFSU,CT,68382000106,68382,1,6,2024,2,False,PAROXETINE,5887.0,95.0,1519.32,1519.32,0.0
FFSU,DC,378381501,378,3815,1,2024,3,True,CLOZAPINE ,,,,,
FFSU,CT,13107000105,13107,1,5,2024,1,False,MIRTAZAPIN,28475.0,876.0,23486.76,23442.61,44.15
MCOU,DC,64980043910,64980,439,10,2024,3,True,ATENOLOL 1,,,,,
MCOU,DC,68382058201,68382,582,1,2024,4,True,LIOTHYRONI,,,,,
MCOU,DC,65162068090,65162,680,90,2024,2,False,PROMETHAZI,3201.0,17.0,164.74,164.74,0.0
MCOU,DC,71093012805,71093,128,5,2024,4,True,DONEPEZIL ,,,,,
FFSU,CT,69238183507,69238,1835,7,2024,1,False,LEVOTHYROX,555.0,13.0,189.07,189.07,0.0
MCOU,DC,93936401,93,9364,1,2024,4,True,GLYBURIDE ,,,,,
MCOU,DE,69238153203,69238,1532,3,2024,1,True,CLOBETASOL,,,,,
FFSU,FL,172392570,172,3925,70,2024,4,False,DIAZEPAM  ,2050.0,40.0,451.68,451.68,0.0
MCOU,DE,574220120,574,2201,20,2024,4,True,TRETINOIN ,,,,,
FFSU,DE,70954002010,70954,20,10,2024,1,True,PRAZOSIN H,,,,,
MCOU,FL,51672134708,51672,1347,8,2024,4,True,CLOBETASOL,,,,,
MCOU,DE,70677004601,70677,46,1,2024,1,True,IBUPROFEN ,,,,,
MCOU,FL,781324664,781,3246,64,2024,4,False,ENOXAPARIN,3412.4,372.0,38848.27,38129.04,719.23
MCOU,FL,338361250,338,3612,50,2024,4,True,CLINDAMYCI,,,,,
MCOU,DE,69911086502,69911,865,2,2024,2,True,IDELVION  ,,,,,
MCOU,DE,536138694,536,1386,94,2024,2,True,CARBOXYMET,,,,,
MCOU,DE,65162062711,65162,627,11,2024,4,True,TRAMADOL H,,,,,
MCOU,DE,62332040931,62332,409,31,2024,3,True,CLOMIPRAMI,,,,,
MCOU,DE,68682037090,68682,370,90,2024,3,True,DILTIAZEM ,,,,,
FFSU,DC,76045000501,76045,5,1,2024,1,True,MORPHINE 4,,,,,
MCOU,DE,832600411,832,6004,11,2024,4,True,FLUPHENAZI,,,,,
MCOU,FL,31722018601,31722,186,1,2024,4,False,DEXTROAMPH,3348.0,112.0,3503.13,3410.69,92.44
MCOU,DC,527079237,527,792,37,2024,1,False,DEXTROAMP-,405.0,14.0,634.1,634.1,0.0
MCOU,DC,904672040,904,6720,40,2024,1,False,ACETAMINOP,21869.0,315.0,464.76,464.76,0.0
FFSU,DE,93321305,93,3213,5,2024,1,True,CLONAZEPAM,,,,,
MCOU,DE,45802004811,45802,48,11,2024,1,False,NYSTATIN 1,4170.0,124.0,1850.19,1826.43,23.76
MCOU,DE,480363298,480,3632,98,2024,1,True,PITAVASTAT,,,,,
MCOU,DC,13925016604,13925,166,4,2024,1,True,PREDNISOLO,,,,,
MCOU,FL,173088710,173,887,10,2024,4,False,TRELEGY EL,53460.0,863.0,561796.18,557548.52,4247.66
MCOU,DE,487950125,487,9501,25,2024,4,False,ALBUTEROL ,2983.2,156.0,165.7,159.71,5.99
MCOU,DE,59651071999,59651,719,99,2024,3,True,DICYCLOMIN,,,,,
MCOU,DC,69584085310,69584,853,10,2024,1,False,SPIRONOLAC,2305.0,26.0,266.38,263.01,3.37
MCOU,FL,31722013001,31722,130,1,2024,4,False,POTASSIUM ,14114.0,209.0,5552.74,5552.74,0.0
MCOU,FL,57664066383,57664,663,83,2024,4,True,CARVEDILOL,,,,,
MCOU,FL,50742065828,50742,658,28,2024,4,False,ESTRADIOL-,448.0,16.0,680.17,680.17,0.0
MCOU,DE,68180086873,68180,868,73,2024,4,False,DROSPIRENO,896.0,18.0,274.28,274.28,0.0
FFSU,FL,93224001,93,2240,1,2024,4,True,CEPHALEXIN,,,,,
MCOU,FL,11534019601,11534,196,1,2024,4,False,DEXTROAMPH,809.0,24.0,380.63,380.63,0.0
MCOU,DC,80610013060,80610,130,60,2024,1,True,ZORYVE 0.3,,,,,
MCOU,DE,16714062501,16714,625,1,2024,3,True,LAMOTRIG E,,,,,
MCOU,DC,70710122501,70710,1225,1,2024,1,False,AMITRIPTYL,7692.0,159.0,893.52,696.5,197.02
MCOU,DE,67877024760,67877,247,60,2024,4,False,QUETIAPINE,4358.0,133.0,1451.77,1356.27,95.5
FFSU,DE,50111056003,50111,560,3,2024,1,True,TRAZODONE ,,,,,
MCOU,DC,65757050003,65757,500,3,2024,1,True,ARISTADA I,,,,,
MCOU,FL,61703015005,61703,150,5,2024,4,True,CARBOPLATI,,,,,
MCOU,DC,72205020132,72205,201,32,2024,1,True,ROFLUMILAS,,,,,
MCOU,DE,555088602,555,886,2,2024,4,False,ESTRADIOL ,3602.0,110.0,820.46,820.46,0.0
MCOU,FL,42023018910,42023,189,10,2024,4,False,NEOSTIGMIN,150.0,16.0,0.0,0.0,0.0
MCOU,DE,51672403501,51672,4035,1,2024,3,False,WARFARIN 1,669.0,18.0,214.19,198.69,15.5
MCOU,DE,72694061760,72694,617,60,2024,4,True,TIBSOVO 25,,,,,
MCOU,DE,55111029209,55111,292,9,2024,4,True,SUMATRIPTA,,,,,
MCOU,FL,93414556,93,4145,56,2024,4,True,LEVALBUTER,,,,,
MCOU,DE,16714019101,16714,191,1,2024,2,False,GUANFACINE,1125.0,37.0,390.06,379.56,10.5
MCOU,DE,69097012512,69097,125,12,2024,1,True,TOPIRAMATE,,,,,
MCOU,DC,31722072830,31722,728,30,2024,1,False,MONTELUKAS,1770.0,55.0,226.84,226.84,0.0
MCOU,FL,13668009390,13668,93,90,2024,4,False,PRAMIPEXOL,5248.0,101.0,879.36,879.36,0.0
MCOU,DE,904641861,904,6418,61,2024,3,True,TIZANIDINE,,,,,
MCOU,DC,67877019890,67877,198,90,2024,1,False,AMLODIPINE,1102.0,32.0,70.94,49.86,21.08
MCOU,DE,832532411,832,5324,11,2024,3,True,KCL M10 TB,,,,,
MCOU,DE,51991075990,51991,759,90,2024,1,True,LETROZOLE ,,,,,
MCOU,DE,47781064010,47781,640,10,2024,2,True,LEVOTHYROX,,,,,
FFSU,DE,50242004062,50242,40,62,2024,3,True,XOLAIR (OL,,,,,
FFSU,FL,53489014301,53489,143,1,2024,4,True,SPIRONOLAC,,,,,
FFSU,DE,65862064169,65862,641,69,2024,1,True,AZITHROMYC,,,,,
MCOU,FL,63323018610,63323,186,10,2024,4,True,SODIUM CHL,,,,,
MCOU,DC,555095302,555,953,2,2024,1,True,DEXTROAMPH,,,,,
FFSU,FL,944251202,944,2512,2,2024,4,True,HYQVIA    ,,,,,
MCOU,DE,72516003050,72516,30,50,2024,2,False,METOPROLOL,2198.0,44.0,355.99,327.99,28.0
MCOU,DE,2481554,2,4815,54,2024,3,False,VERZENIO  ,1008.0,18.0,277444.96,277390.96,54.0
MCOU,FL,456120130,456,1201,30,2024,4,False,LINZESS   ,41290.0,1379.0,715497.11,710009.88,5487.23
MCOU,DE,13811070710,13811,707,10,2024,3,False,METHYLPHEN,7949.0,268.0,7775.81,7043.15,732.66
FFSU,FL,69130701,69,1307,1,2024,4,False,RETACRIT  ,73.0,63.0,4571.48,4571.48,0.0
MCOU,DE,68645055754,68645,557,54,2024,2,False,LISINOPRIL,2400.0,35.0,256.61,236.11,20.5
MCOU,DE,70165010030,70165,100,30,2024,3,True,COTEMPLA X,,,,,
FFSU,DE,65862066430,65862,664,30,2024,4,True,ARIPIPRAZO,,,,,
MCOU,FL,904670461,904,6704,61,2024,4,True,PRAMIPEXOL,,,,,
MCOU,DC,555097202,555,972,2,2024,1,False,DEXTROAMP-,640.0,14.0,244.28,244.28,0.0
MCOU,DE,70677115501,70677,1155,1,2024,4,True,F&T EYE AL,,,,,
MCOU,DE,378416001,378,4160,1,2024,1,True,ATOVAQUONE,,,,,
MCOU,DC,69238173208,69238,1732,8,2024,1,True,CLOBETASOL,,,,,
MCOU,DE,115351101,115,3511,1,2024,4,True,PYRIDOSTIG,,,,,
MCOU,DE,173064460,173,644,60,2024,3,True,LAMICTAL T,,,,,
MCOU,DE,527495132,527,4951,32,2024,2,True,LEVOTHYROX,,,,,
MCOU,DE,16571011401,16571,114,1,2024,1,True,HYDROXYZIN,,,,,
MCOU,FL,64980060612,64980,606,12,2024,4,False,LEVETIRACE,2100.0,29.0,678.64,678.64,0.0
MCOU,DE,407141498,407,1414,98,2024,3,False,OMNIPAQUE ,54020.0,551.0,20537.24,19907.5,629.74
MCOU,DE,378306677,378,3066,77,2024,3,False,FENOFIBRAT,1410.0,47.0,500.5,476.0,24.5
FFSU,DE,143988775,143,9887,75,2024,1,True,AMOXICILLI,,,,,
MCOU,DC,29300012410,29300,124,10,2024,1,False,MELOXICAM ,2876.0,75.0,216.83,195.56,21.27
MCOU,DE,43975035003,43975,350,3,2024,1,True,PALIPERIDO,,,,,
MCOU,FL,16714068401,16714,684,1,2024,4,True,SIMVASTATI,,,,,
MCOU,FL,65862000501,65862,5,1,2024,4,True,CITALOPRAM,,,,,
MCOU,DE,43598083305,43598,833,5,2024,2,False,ATORVASTAT,33626.0,525.0,6346.41,5717.44,628.97
FFSU,FL,21922002705,21922,27,5,2024,4,False,CLINDAMYCI,990.0,31.0,496.45,485.49,10.96
MCOU,DE,527811137,527,8111,37,2024,1,False,DEXMETHYLP,1850.0,62.0,2909.24,2606.82,302.42
MCOU,DE,70010075405,70010,754,5,2024,4,False,METHOCARBA,1652.0,33.0,297.44,275.44,22.0
FFSU,DE,378427693,378,4276,93,2024,2,True,VALACYCLOV,,,,,
MCOU,DE,62332063931,62332,639,31,2024,2,True,DOXEPIN CA,,,,,
MCOU,DC,70710176006,70710,1760,6,2024,1,False,ENOXAPARIN,321.6,14.0,2497.16,2485.84,11.32
MCOU,DE,591391668,591,3916,68,2024,4,True,CLINDAMYCI,,,,,
FFSU,FL,49884043001,49884,430,1,2024,4,True,DEXMETHYLP,,,,,
MCOU,FL,49884094872,49884,948,72,2024,4,False,SAPROPTERI,1080.0,18.0,20982.01,20982.01,0.0
MCOU,FL,378623205,378,6232,5,2024,4,False,CITALOPRAM,5379.0,145.0,807.97,807.97,0.0
MCOU,DE,51991031190,51991,311,90,2024,2,False,DESVENLAFA,360.0,12.0,239.66,230.66,9.0
MCOU,DE,68682010930,68682,109,30,2024,4,False,NIFEDIPINE,480.0,16.0,157.6,146.1,11.5
MCOU,DE,57664037718,57664,377,18,2024,1,True,TRAMADOL H,,,,,
MCOU,DE,24510011660,24510,116,60,2024,2,True,NUCYNTA ER,,,,,
MCOU,FL,29300019110,29300,191,10,2024,4,True,LOSARTAN-H,,,,,
MCOU,FL,480871010,480,8710,10,2024,4,False,LEVOTHYROX,870.0,21.0,161.91,161.91,0.0
MCOU,DE,574402435,574,4024,35,2024,1,False,ERYTHROMYC,1165.5,319.0,4870.67,4661.78,208.89
MCOU,DE,68382051201,68382,512,1,2024,2,False,AMANTADINE,2400.0,38.0,560.73,529.23,31.5
MCOU,DE,68462067960,68462,679,60,2024,3,False,LACOSAMIDE,1160.0,17.0,428.13,413.13,15.0
MCOU,DE,50111056001,50111,560,1,2024,3,False,TRAZODONE ,11382.0,251.0,1487.12,1352.91,134.21
MCOU,DC,68462040601,68462,406,1,2024,1,False,INDOMETHAC,509.0,13.0,80.75,42.73,38.02
MCOU,FL,53746052110,53746,521,10,2024,4,False,PROMETHAZI,6047.0,148.0,724.0,724.0,0.0
FFSU,FL,42806004801,42806,48,1,2024,4,False,GUANFACINE,666.0,13.0,266.33,266.33,0.0
MCOU,FL,378190101,378,1901,1,2024,4,True,MIDODRINE ,,,,,
MCOU,FL,59746032590,59746,325,90,2024,4,True,VALACYCLOV,,,,,
FFSU,FL,33342033354,33342,333,54,2024,4,True,TRIAMCINOL,,,,,
MCOU,DE,51672408301,51672,4083,1,2024,2,True,HYDROCORTI,,,,,
FFSU,DE,65862053502,65862,535,2,2024,1,True,AMOXICILLI,,,,,
MCOU,DE,11527070442,11527,704,42,2024,1,True,SODIUM FLU,,,,,
MCOU,DE,603154258,603,1542,58,2024,1,False,POTASSIUM ,4428.0,11.0,356.17,346.17,10.0
MCOU,DE,65862052899,65862,528,99,2024,4,False,VENLAFAXIN,1365.0,47.0,340.64,315.64,25.0
FFSU,DE,61990012002,61990,120,2,2024,3,True,PIPERACILL,,,,,
FFSU,FL,16714086701,16714,867,1,2024,4,True,PALIPERIDO,,,,,
MCOU,FL,527194947,527,1949,47,2024,4,True,CYPROHEPTA,,,,,
MCOU,DE,43547030303,43547,303,3,2024,3,True,ARIPIPRAZO,,,,,
MCOU,FL,47781066810,47781,668,10,2024,4,False,LEVOTHYROX,3352.0,54.0,723.06,723.06,0.0
MCOU,DE,69029210,69,292,10,2024,1,True,NIVESTYM (,,,,,
FFSU,FL,832602311,832,6023,11,2024,4,False,CARBAMAZEP,634.0,12.0,409.13,409.13,0.0
MCOU,DE,50742026003,50742,260,3,2024,3,False,NIFEDIPINE,754.0,17.0,180.53,168.03,12.5
FFSU,FL,69141501,69,1415,1,2024,4,False,PANZYGA   ,3000.0,12.0,8079.44,8079.44,0.0
MCOU,DE,72578004001,72578,40,1,2024,4,True,ZONISAMIDE,,,,,
MCOU,DC,70000016201,70000,162,1,2024,1,True,ALLERGY RE,,,,,
MCOU,DE,47781035803,47781,358,3,2024,3,False,BUPRENORPH,23046.0,866.0,126700.94,125387.19,1313.75
MCOU,DE,169266015,169,2660,15,2024,2,False,TRESIBA FL,2004.0,135.0,65858.5,61278.51,4579.99
MCOU,FL,641605910,641,6059,10,2024,4,False,MIDAZOLAM ,49.0,14.0,0.0,0.0,0.0
MCOU,DE,60219158606,60219,1586,6,2024,3,True,FLUOROMETH,,,,,
MCOU,DE,50228018101,50228,181,1,2024,3,True,GABAPENTIN,,,,,
FFSU,FL,25021082682,25021,826,82,2024,4,True,ZOLEDRONIC,,,,,
MCOU,DE,60432046400,60432,464,0,2024,4,True,LIDOCAINE ,,,,,
MCOU,DE,21922001605,21922,16,5,2024,1,False,CLOBETASOL,630.0,12.0,198.5,147.44,51.06
MCOU,FL,63323020801,63323,208,1,2024,4,True,LIDOCAINE ,,,,,
FFSU,FL,59651057590,59651,575,90,2024,4,True,FENOFIBRAT,,,,,
MCOU,DC,42023011625,42023,116,25,2024,1,True,PITOCIN 10,,,,,
MCOU,DC,42806034809,42806,348,9,2024,1,True,BUPROPION ,,,,,
FFSU,DC,70954001920,70954,19,20,2024,1,True,PRAZOSIN 1,,,,,
MCOU,DE,69367030951,69367,309,51,2024,3,False,SODIUM FLU,7141.0,131.0,1405.69,1359.19,46.5
FFSU,DC,68180011302,68180,113,2,2024,1,False,LEVETIRACE,768.0,11.0,186.68,182.68,4.0
MCOU,DE,406012301,406,123,1,2024,3,False,HYDROCODON,10269.0,374.0,3236.75,3034.04,202.71
MCOU,FL,51862060901,51862,609,1,2024,4,False,METHYLPHEN,360.0,12.0,850.72,850.72,0.0
FFSU,DC,42858060203,42858,602,3,2024,1,True,BUPRENORPH,,,,,
MCOU,DE,31722006705,31722,67,5,2024,2,True,BUPROPION ,,,,,
MCOU,DE,74357501,74,3575,1,2024,1,True,LUPRON DEP,,,,,
MCOU,DC,55111019890,55111,198,90,2024,1,True,SIMVASTATI,,,,,
MCOU,FL,555905058,555,9050,58,2024,4,False,KARIVA    ,644.0,21.0,178.2,178.2,0.0
FFSU,FL,43547035211,43547,352,11,2024,4,False,LISINOPRIL,2619.0,61.0,636.17,636.12,0.05
MCOU,DE,60505475501,60505,4755,1,2024,3,True,CLORAZEPAT,,,,,
MCOU,DC,591554301,591,5543,1,2024,1,False,ALLOPURINO,870.0,19.0,116.24,99.69,16.55
MCOU,FL,63323081502,63323,815,2,2024,4,True,AMIKACIN S,,,,,
FFSU,FL,591034801,591,348,1,2024,4,True,TRIAMTEREN,,,,,
MCOU,DC,68462039701,68462,397,1,2024,1,False,OMEPRAZOLE,750.0,19.0,123.01,56.94,66.07
MCOU,FL,143980350,143,9803,50,2024,4,False,DOXYCYCLIN,8427.0,368.0,3123.16,3120.31,2.85
MCOU,DE,70756028811,70756,288,11,2024,4,True,BACLOFEN T,,,,,
MCOU,DC,68462018901,68462,189,1,2024,1,False,NAPROXEN 3,419.0,11.0,38.95,38.95,0.0
MCOU,DE,57894003001,57894,30,1,2024,3,False,REMICADE  ,191.2,43.0,124449.45,112939.97,11509.48
MCOU,DE,16714004301,16714,43,1,2024,1,True,VENLAFAX E,,,,,
MCOU,FL,54818125,54,8181,25,2024,4,False,DEXAMETHAS,36.0,11.0,5.61,5.61,0.0
MCOU,DE,50228014610,50228,146,10,2024,4,False,HYDROCHLOR,2790.0,46.0,350.71,319.21,31.5
MCOU,DE,43547035009,43547,350,9,2024,4,True,PAROXETINE,,,,,
FFSU,FL,62559026616,62559,266,16,2024,4,False,VALPROIC A,176614.0,246.0,8606.56,8454.63,151.93
FFSU,DE,33342040535,33342,405,35,2024,4,True,LIDOCAINE ,,,,,
MCOU,DC,16714089801,16714,898,1,2024,1,True,LORATADINE,,,,,
MCOU,DE,62175061846,62175,618,46,2024,3,True,PANTOPRAZO,,,,,
MCOU,DE,378451993,378,4519,93,2024,2,True,AMLODIPINE,,,,,
MCOU,DE,29300042301,29300,423,1,2024,4,False,AMITRIPTYL,2756.0,88.0,897.34,821.48,75.86
MCOU,DE,16714020130,16714,201,30,2024,4,False,ONDANS OD ,968.0,20.0,332.22,317.72,14.5
FFSU,FL,16714045501,16714,455,1,2024,4,True,QUETIAPINE,,,,,
MCOU,FL,27808011401,27808,114,1,2024,4,True,HYDROCODON,,,,,
MCOU,DE,68645058359,68645,583,59,2024,4,True,METFORMIN ,,,,,
MCOU,FL,50458056201,50458,562,1,2024,4,False,INVEGA SUS,145.519,196.0,322481.96,322470.23,11.73
MCOU,DE,33342017807,33342,178,7,2024,1,True,OLMESARTAN,,,,,
MCOU,DE,378967160,378,9671,60,2024,1,True,IPRATROPBR,,,,,
MCOU,DE,904791251,904,7912,51,2024,2,True,IBUPROFEN ,,,,,
MCOU,DE,62175031237,62175,312,37,2024,4,True,METHYLPHEN,,,,,
MCOU,DE,527512570,527,5125,70,2024,2,False,LACTULOSE ,37564.0,62.0,805.69,777.82,27.87
MCOU,DE,64980028105,64980,281,5,2024,3,False,GLIPIZIDE ,3120.0,45.0,768.05,727.05,41.0
FFSU,DE,68180052001,68180,520,1,2024,4,True,LISINOPRIL,,,,,
MCOU,DE,51991029201,51991,292,1,2024,2,False,OXCARBAZEP,674.0,13.0,188.89,179.89,9.0
MCOU,DE,713067815,713,678,15,2024,3,False,NYSTATIN 1,300.0,14.0,140.11,137.44,2.67
MCOU,DE,59651048499,59651,484,99,2024,2,True,PREDNISONE,,,,,
MCOU,FL,93681719,93,6817,19,2024,4,True,BUDESONIDE,,,,,
MCOU,DC,43547034350,43547,343,50,2024,1,True,RISPERIDON,,,,,
MCOU,DE,51079024620,51079,246,20,2024,1,True,LORATADINE,,,,,
MCOU,DE,53489014310,53489,143,10,2024,1,True,SPIRONOLAC,,,,,
MCOU,DE,57664039753,57664,397,53,2024,2,True,METFORMIN ,,,,,
MCOU,DC,66993007896,66993,78,96,2024,1,False,FLUTICASON,15105.4,1368.0,174888.52,172944.12,1944.4
MCOU,DE,60687064201,60687,642,1,2024,2,True,OXYCODONE ,,,,,
FFSU,DE,597010061,597,100,61,2024,4,True,SPIRIVA RE,,,,,
MCOU,DE,43598081115,43598,811,15,2024,1,False,DRL CET 10,127530.0,4249.0,18226.88,16788.73,1438.15
MCOU,DE,603533821,603,5338,21,2024,2,True,PREDNISONE,,,,,
FFSU,FL,43598037201,43598,372,1,2024,4,True,COLCHICINE,,,,,
MCOU,DE,29300046801,29300,468,1,2024,2,False,CLONIDINE ,6301.0,123.0,515.12,484.66,30.46
MCOU,DE,70677118801,70677,1188,1,2024,4,True,F&T LIDOCA,,,,,
MCOU,DE,409592201,409,5922,1,2024,3,True,AMINOPHYLL,,,,,
MCOU,FL,469260130,469,2601,30,2024,1,False,MYRBETRIQ ,3118.0,100.0,44870.79,44870.79,0.0
FFSU,FL,16714063301,16714,633,1,2024,1,False,ALENDRONAT,90.0,22.0,253.23,253.23,0.0
MCOU,FL,31722052001,31722,520,1,2024,3,False,HYDRALAZIN,152934.0,1052.0,12023.24,12013.85,9.39
MCOU,FL,591225879,591,2258,79,2024,1,False,SCOPOLAMIN,170.0,17.0,1573.72,1573.72,0.0
MCOU,FL,64980028105,64980,281,5,2024,1,False,GLIPIZIDE ,24364.0,340.0,6245.97,6202.57,43.4
FFSU,FL,555088702,555,887,2,2024,1,True,ESTRADIOL ,,,,,
FFSU,FL,43547028910,43547,289,10,2024,1,False,BUPROPION ,930.0,22.0,288.93,288.93,0.0
MCOU,FL,16729045615,16729,456,15,2024,1,False,LEVOTHYROX,2536.0,63.0,710.89,710.89,0.0
MCOU,FL,63323073912,63323,739,12,2024,2,True,FAMOTIDINE,,,,,
MCOU,FL,24979000207,24979,2,7,2024,2,True,DEXLANSOPR,,,,,
FFSU,FL,60758080105,60758,801,5,2024,3,True,TIMOLOL MA,,,,,
FFSU,FL,168020230,168,202,30,2024,2,True,CLINDAMYCI,,,,,
FFSU,FL,555087302,555,873,2,2024,2,True,MEDROXYPRO,,,,,
MCOU,FL,16571013810,16571,138,10,2024,3,False,ATORVASTAT,49774.0,762.0,7205.05,7154.28,50.77
MCOU,FL,33342033115,33342,331,15,2024,3,False,TRIAMCINOL,2730.0,99.0,506.06,506.06,0.0
MCOU,FL,57237021905,57237,219,5,2024,1,False,PIOGLITAZO,6858.0,145.0,1261.27,1260.82,0.45
FFSU,FL,65862077728,65862,777,28,2024,4,True,TRI-MILI  ,,,,,
FFSU,FL,68180011707,68180,117,7,2024,4,False,LEVETIRACE,2106.0,32.0,709.74,709.74,0.0
FFSU,FL,67877022001,67877,220,1,2024,2,True,CEPHALEXIN,,,,,
MCOU,FL,72205010107,72205,101,7,2024,2,True,BUMETANIDE,,,,,
MCOU,FL,68382013201,68382,132,1,2024,2,False,TAMSULOSIN,27404.0,810.0,9886.76,9877.23,9.53
MCOU,FL,68382013210,68382,132,10,2024,4,False,TAMSULOSIN,80736.0,2534.0,20002.35,19983.74,18.61
FFSU,FL,16714075601,16714,756,1,2024,1,True,ATOMOXETIN,,,,,
MCOU,FL,29300019219,29300,192,19,2024,3,True,LOSARTAN-H,,,,,
MCOU,FL,93529501,93,5295,1,2024,2,False,METHYLPHEN,1149.0,40.0,1093.27,1093.27,0.0
FFSU,FL,781106110,781,1061,10,2024,3,False,ALPRAZOLAM,966.0,24.0,266.61,266.61,0.0
MCOU,FL,57237014701,57237,147,1,2024,1,False,AMLODIPINE,1770.0,46.0,522.43,522.43,0.0
MCOU,FL,67877024801,67877,248,1,2024,1,False,QUETIAPINE,30569.0,766.0,19172.43,19140.24,32.19
MCOU,FL,64380078407,64380,784,7,2024,1,False,PREDNISONE,2171.0,70.0,317.52,317.52,0.0
MCOU,FL,63323016212,63323,162,12,2024,3,False,KETOROLAC ,102.5,130.0,7.3,0.0,7.3
MCOU,FL,13668011005,13668,110,5,2024,1,False,DULOXETINE,450.0,13.0,97.96,97.96,0.0
MCOU,FL,45802065078,45802,650,78,2024,1,False,LORATADINE,46653.0,1592.0,9017.56,9017.56,0.0
MCOU,FL,16571078001,16571,780,1,2024,3,True,CARISOPROD,,,,,
MCOU,FL,70710102508,70710,1025,8,2024,3,True,ISOTRETINO,,,,,
MCOU,FL,904712561,904,7125,61,2024,3,True,LEVETIRACE,,,,,
MCOU,FL,62332060615,62332,606,15,2024,3,False,NYSTATIN-T,405.0,24.0,260.89,259.43,1.46
FFSU,FL,72888003705,72888,37,5,2024,2,True,CARVEDILOL,,,,,
MCOU,FL,187073130,187,731,30,2024,3,False,WELLBUTRIN,360.0,12.0,30429.52,30429.52,0.0
MCOU,FL,68382071119,68382,711,19,2024,1,False,MESALAMINE,1464.0,14.0,2429.29,1467.3,961.99
FFSU,FL,13517011201,13517,112,1,2024,3,False,PHENOBARBI,811.0,15.0,301.15,301.15,0.0
MCOU,FL,31722023101,31722,231,1,2024,3,True,DEXMETHYLP,,,,,
FFSU,FL,59651072405,59651,724,5,2024,1,False,CLONAZEPAM,999.0,14.0,187.76,187.76,0.0
MCOU,FL,49234045,49,2340,45,2024,2,False,RELPAX    ,362.0,56.0,27987.81,27987.81,0.0
MCOU,FL,67877006830,67877,68,30,2024,3,True,FESOTERODI,,,,,
MCOU,FL,55150024950,55150,249,50,2024,3,True,BUPIVACAIN,,,,,
FFSU,FL,13668034030,13668,340,30,2024,1,True,LAMOTRIGIN,,,,,
MCOU,FL,33342042307,33342,423,7,2024,2,False,LURASIDONE,610.0,22.0,428.57,428.57,0.0
MCOU,FL,409610218,409,6102,18,2024,1,False,FUROSEMIDE,232.0,63.0,97.0,23.7,73.3
FFSU,FL,69584085350,69584,853,50,2024,4,False,SPIRONOLAC,660.0,13.0,199.85,199.85,0.0
MCOU,FL,47335078891,47335,788,91,2024,1,True,DESMOPRESS,,,,,
FFSU,FL,69584061210,69584,612,10,2024,3,True,METHOCARBA,,,,,
MCOU,FL,378410591,378,4105,91,2024,3,True,ABACAVIR  ,,,,,
FFSU,FL,69452035820,69452,358,20,2024,3,True,ROPINIROLE,,,,,
MCOU,FL,82009001790,82009,17,90,2024,2,True,ROSUVASTAT,,,,,
FFSU,FL,50228017910,50228,179,10,2024,2,False,GABAPENTIN,3865.0,53.0,580.73,580.73,0.0
MCOU,FL,2840001,2,8400,1,2024,2,True,FORTEO    ,,,,,
FFSU,FL,65862013399,65862,133,99,2024,1,True,HYDROCHLOR,,,,,
FFSU,FL,185209801,185,2098,1,2024,1,False,DEXTROAMPH,704.0,19.0,397.76,397.76,0.0
MCOU,FL,69097096607,69097,966,7,2024,1,False,NABUMETONE,11266.0,242.0,2803.43,2792.6,10.83
MCOU,FL,67457042010,67457,420,10,2024,4,False,DEXAMETHAS,389.1,651.0,281.77,135.82,145.95
MCOU,FL,43975044410,43975,444,10,2024,1,True,FENOFIBRAT,,,,,
MCOU,FL,65219005409,65219,54,9,2024,2,True,POTASSIUM ,,,,,
MCOU,FL,67919004104,67919,41,4,2024,3,True,SIVEXTRO  ,,,,,
FFSU,FL,29300014701,29300,147,1,2024,1,False,QUETIAPINE,3375.0,74.0,855.95,855.93,0.02
MCOU,FL,70121171909,70121,1719,9,2024,3,False,MAGNESIUM ,1687.5,35.0,130.21,59.77,70.44
MCOU,FL,990713909,990,7139,9,2024,1,False,WATER     ,27430.606,36.0,1480.98,1480.98,0.0
FFSU,FL,62756051813,62756,518,13,2024,2,True,CARBIDOPA-,,,,,
FFSU,FL,642012590,642,125,90,2024,2,False,VITAFOL GU,2880.0,32.0,4084.9,4084.9,0.0
MCOU,FL,62175031037,62175,310,37,2024,3,False,METHYLPHEN,3677.0,124.0,3753.04,3753.04,0.0
FFSU,FL,43598045202,43598,452,2,2024,1,True,ALBENDAZOL,,,,,
MCOU,FL,67457042100,67457,421,0,2024,4,False,DEXAMETHAS,474.5,192.0,210.5,154.79,55.71
MCOU,FL,65862047501,65862,475,1,2024,3,False,RAMIPRIL  ,518.0,13.0,41.43,41.43,0.0
MCOU,FL,68180037809,68180,378,9,2024,2,False,LOSARTAN P,1170.0,30.0,161.94,161.94,0.0
MCOU,FL,641049321,641,493,21,2024,3,True,PHENYTOIN ,,,,,
FFSU,FL,16729022616,16729,226,16,2024,3,True,SPIRONOLAC,,,,,
FFSU,FL,68382013201,68382,132,1,2024,3,False,TAMSULOSIN,2424.0,85.0,989.98,989.98,0.0
MCOU,FL,24208041115,24208,411,15,2024,2,False,BRIMONIDIN,1995.0,130.0,2500.05,2500.05,0.0
MCOU,FL,69315013010,69315,130,10,2024,2,True,HYDROCHLOR,,,,,
FFSU,FL,70010006301,70010,63,1,2024,1,False,METFORMIN ,1143.0,17.0,185.71,185.71,0.0
FFSU,FL,68546047256,68546,472,56,2024,3,False,AUSTEDO XR,397.0,13.0,92770.47,92770.47,0.0
FFSU,FL,68462022690,68462,226,90,2024,3,True,EZETIMIBE ,,,,,
MCOU,FL,68001015400,68001,154,0,2024,2,False,CARVEDILOL,3228.0,46.0,320.47,320.47,0.0
MCOU,FL,69339014819,69339,148,19,2024,4,True,SUCRALFATE,,,,,
MCOU,FL,72205002405,72205,24,5,2024,2,False,ATORVASTAT,50561.0,1616.0,13763.95,13742.59,21.36
MCOU,FL,50742024760,50742,247,60,2024,1,False,CLONIDINE ,1950.0,25.0,1053.13,915.58,137.55
MCOU,FL,70377006012,70377,60,12,2024,1,False,LABETALOL ,65151.0,693.0,11334.58,11146.38,188.2
FFSU,FL,49483060550,49483,605,50,2024,2,False,GABAPENTIN,2641.0,31.0,319.75,319.75,0.0
MCOU,FL,51672424501,51672,4245,1,2024,1,False,ENALAPRIL ,690.0,11.0,89.62,89.62,0.0
MCOU,FL,68382066010,68382,660,10,2024,2,False,SPIRONOLAC,15699.5,351.0,2150.5,2148.99,1.51
FFSU,FL,65862014301,65862,143,1,2024,3,True,CARVEDILOL,,,,,
MCOU,FL,16729017017,16729,170,17,2024,2,False,ESCITALOPR,692.0,19.0,124.35,124.35,0.0
FFSU,FL,57664078486,57664,784,86,2024,2,True,CLONAZEPAM,,,,,
MCOU,FL,944049303,944,493,3,2024,3,True,FLEXBUMIN ,,,,,
MCOU,FL,31722061105,31722,611,5,2024,3,True,PREGABALIN,,,,,
MCOU,FL,63304077205,63304,772,5,2024,1,True,LORAZEPAM ,,,,,
MCOU,FL,63323001211,63323,12,11,2024,1,False,OXYTOCIN  ,42.0,19.0,1.42,0.0,1.42
MCOU,FL,23155083201,23155,832,1,2024,1,False,HYDRALAZIN,8282.0,67.0,980.41,882.51,97.9
MCOU,FL,51672200306,51672,2003,6,2024,2,False,CLOTRIMAZO,1845.0,41.0,263.55,263.55,0.0
MCOU,FL,64679092402,64679,924,2,2024,3,True,ENALAPRIL ,,,,,
FFSU,FL,24515010,24,5150,10,2024,1,True,ELITEK    ,,,,,
MCOU,FL,43547022610,43547,226,10,2024,2,False,METHOCARBA,990.0,15.0,72.46,72.46,0.0
FFSU,FL,55513020601,55513,206,1,2024,1,False,MVASI     ,176.0,12.0,8270.4,8270.4,0.0
MCOU,FL,29300041010,29300,410,10,2024,1,False,ATENOLOL  ,25824.0,451.0,2949.89,2949.12,0.77
MCOU,FL,68462022101,68462,221,1,2024,2,False,LITHIUM CA,67967.0,912.0,7727.28,7695.88,31.4
MCOU,FL,62332020830,62332,208,30,2024,2,False,AMLODIPINE,900.0,26.0,837.61,837.61,0.0
MCOU,FL,536127935,536,1279,35,2024,2,True,CETIRIZINE,,,,,
FFSU,FL,82347050505,82347,505,5,2024,3,False,LIDOCAINE ,317.0,13.0,721.6,721.6,0.0
MCOU,FL,555905058,555,9050,58,2024,3,False,KARIVA    ,308.0,11.0,103.72,103.72,0.0
MCOU,FL,65862019405,65862,194,5,2024,1,False,FLUOXETINE,278843.0,6623.0,63204.67,61943.39,1261.28
FFSU,FL,59762372003,59762,3720,3,2024,1,True,ALPRAZOLAM,,,,,
MCOU,FL,23155022901,23155,229,1,2024,1,False,ACYCLOVIR ,10193.0,223.0,1705.82,1662.8,43.02
MCOU,FL,68084015511,68084,155,11,2024,1,False,PROMETHAZI,18.5,19.0,0.0,0.0,0.0
MCOU,FL,59651029960,59651,299,60,2024,1,False,TAMOXIFEN ,824.0,21.0,317.69,317.69,0.0
FFSU,FL,51672129802,51672,1298,2,2024,2,False,KETOCONAZO,390.0,13.0,213.25,199.75,13.5
MCOU,FL,173090442,173,904,42,2024,1,False,NUCALA    ,9.6,24.0,33529.31,33529.31,0.0
FFSU,FL,69238105103,69238,1051,3,2024,2,True,PHYTONADIO,,,,,
MCOU,FL,68462041984,68462,419,84,2024,2,True,HAILEY FE ,,,,,
MCOU,FL,62135051147,62135,511,47,2024,3,False,HYOSCYAMIN,4675.0,13.0,672.23,672.23,0.0
MCOU,FL,143951901,143,9519,1,2024,2,True,METHOTREXA,,,,,
MCOU,FL,51079005120,51079,51,20,2024,1,True,PANTOPRAZO,,,,,
FFSU,FL,31722052201,31722,522,1,2024,1,False,HYDRALAZIN,5289.0,50.0,916.71,916.69,0.02
FFSU,FL,72888004505,72888,45,5,2024,3,True,PRIMIDONE ,,,,,
MCOU,FL,62756016013,62756,160,13,2024,1,False,TAMSULOSIN,5446.0,163.0,1767.58,1745.08,22.5
MCOU,FL,66794022841,66794,228,41,2024,2,True,ROCURONIUM,,,,,
MCOU,FL,43598009730,43598,97,30,2024,1,True,JAVYGTOR  ,,,,,
MCOU,FL,8103004,8,1030,4,2024,2,True,RAPAMUNE  ,,,,,
MCOU,FL,990798309,990,7983,9,2024,1,False,SODIUM CHL,297000.0,246.0,40.87,10.26,30.61
MCOU,FL,67457022800,67457,228,0,2024,3,False,ROCURONIUM,15.0,14.0,0.0,0.0,0.0
MCOU,FL,781210401,781,2104,1,2024,3,False,TACROLIMUS,6144.9,131.0,17213.09,16300.71,912.38
MCOU,FL,81284015210,81284,152,10,2024,3,False,PIPERACILL,3150.0,13.0,13.29,0.0,13.29
MCOU,FL,16714045302,16714,453,2,2024,2,False,QUETIAPINE,2430.0,59.0,535.26,523.26,12.0
MCOU,FL,42806001101,42806,11,1,2024,1,False,SULINDAC  ,748.0,23.0,312.18,312.18,0.0
MCOU,FL,93816401,93,8164,1,2024,2,False,QUETIAPINE,1725.0,43.0,1257.96,1257.96,0.0
MCOU,FL,2445485,2,4454,85,2024,2,True,ZYPREXA ZY,,,,,
FFSU,FL,55111018015,55111,180,15,2024,1,False,TIZANIDINE,4836.0,73.0,865.12,865.12,0.0
MCOU,FL,59467031801,59467,318,1,2024,3,True,MITIGARE  ,,,,,
MCOU,FL,70010078405,70010,784,5,2024,2,True,BUPROPION ,,,,,
MCOU,FL,69230030001,69230,300,1,2024,1,True,ALLERGY RE,,,,,
FFSU,FL,68001045742,68001,457,42,2024,1,True,ENOXAPARIN,,,,,
FFSU,FL,70010075405,70010,754,5,2024,4,False,METHOCARBA,1768.0,33.0,381.98,381.97,0.01
MCOU,FL,70121250301,70121,2503,1,2024,4,False,LIORESAL I,240.0,12.0,10009.98,8367.51,1642.47
MCOU,FL,990798309,990,7983,9,2024,3,False,SODIUM CHL,247250.0,217.0,21.05,0.0,21.05
FFSU,FL,597010061,597,100,61,2024,2,False,SPIRIVA RE,152.0,38.0,19553.78,19553.78,0.0
MCOU,FL,409258705,409,2587,5,2024,3,False,MIDAZOLAM ,43.0,19.0,6.65,3.27,3.38
MCOU,FL,68462053465,68462,534,65,2024,3,False,TACROLIMUS,5460.0,91.0,8294.95,8294.95,0.0
FFSU,FL,65162068090,65162,680,90,2024,1,True,PROMETHAZI,,,,,
MCOU,FL,70377003012,70377,30,12,2024,4,True,ATORVASTAT,,,,,
MCOU,FL,43598040511,43598,405,11,2024,2,False,PHYTONADIO,61.0,16.0,1910.02,1910.02,0.0
MCOU,FL,66993073051,66993,730,51,2024,2,True,DEXAMETHAS,,,,,
MCOU,FL,76045000996,76045,9,96,2024,4,False,DILAUDID  ,208.7,283.0,2575.52,2445.36,130.16
MCOU,FL,33342004644,33342,46,44,2024,1,True,LOSARTAN P,,,,,
MCOU,FL,60505379309,60505,3793,9,2024,1,False,PREGABALIN,1784.0,29.0,334.4,334.4,0.0
FFSU,FL,121075908,121,759,8,2024,2,False,PREDNISOLO,3274.5,73.0,1092.39,1092.37,0.02
FFSU,FL,67877043003,67877,430,3,2024,4,True,ARIPIPRAZO,,,,,
FFSU,FL,69315013810,69315,138,10,2024,1,False,BENZTROPIN,16509.0,373.0,5636.39,5621.42,14.97
MCOU,FL,33342009341,33342,93,41,2024,1,False,RIZATRIPTA,181.0,19.0,204.41,204.41,0.0
MCOU,FL,555903458,555,9034,58,2024,3,False,BALZIVA   ,644.0,21.0,411.6,411.6,0.0
FFSU,FL,16714025701,16714,257,1,2024,1,True,AMITRIPTYL,,,,,
FFSU,FL,65862069960,65862,699,60,2024,3,True,CEFUROXIME,,,,,
MCOU,FL,548585000,548,5850,0,2024,3,False,GLUCAGON E,1334.0,1030.0,262217.29,259677.92,2539.37
MCOU,FL,93031905,93,319,5,2024,2,True,DILTIAZEM ,,,,,
MCOU,FL,69367013306,69367,133,6,2024,2,True,GABAPENTIN,,,,,
MCOU,FL,904735761,904,7357,61,2024,1,False,LURASIDONE,476.0,16.0,245.91,245.91,0.0
FFSU,FL,51862064330,51862,643,30,2024,3,False,TAMOXIFEN ,840.0,28.0,514.8,514.8,0.0
MCOU,FL,50419039303,50419,393,3,2024,3,False,VITRAKVI  ,1800.0,12.0,297117.04,297117.04,0.0
MCOU,FL,68645055154,68645,551,54,2024,1,False,LISINOPRIL,1830.0,40.0,474.26,474.26,0.0
MCOU,FL,50111033402,50111,334,2,2024,3,False,METRONIDAZ,49447.747,2966.0,19934.91,19934.91,0.0
MCOU,FL,68462063925,68462,639,25,2024,4,True,NITROGLYCE,,,,,
MCOU,FL,143974401,143,9744,1,2024,2,True,GRANISETRO,,,,,
FFSU,FL,16729017217,16729,172,17,2024,2,True,AMITRIPTYL,,,,,
MCOU,FL,47335090488,47335,904,88,2024,3,False,QUETIAPINE,786.0,22.0,127.4,127.4,0.0
MCOU,FL,43547031409,43547,314,9,2024,3,False,VALSARTAN-,2430.0,69.0,1090.63,1090.63,0.0
MCOU,FL,50458030001,50458,300,1,2024,1,True,RISPERDAL ,,,,,
MCOU,FL,55111073130,55111,731,30,2024,1,False,VALSARTAN ,1140.0,21.0,425.05,425.05,0.0
FFSU,FL,64380097025,64380,970,25,2024,3,False,HYDROCORTI,5091.0,31.0,1087.92,1087.92,0.0
MCOU,FL,63323082110,63323,821,10,2024,1,False,BORTEZOMIB,11.6,21.0,1688.51,1284.69,403.82
FFSU,FL,70860077721,70860,777,21,2024,2,True,ONDANSETRO,,,,,
MCOU,FL,68180067306,68180,673,6,2024,2,False,LURASIDONE,960.0,30.0,788.94,788.94,0.0
FFSU,FL,31722015130,31722,151,30,2024,2,False,VALSARTAN ,412.0,13.0,184.24,184.24,0.0
MCOU,FL,59676056501,59676,565,1,2024,3,True,PREZISTA  ,,,,,
MCOU,FL,24208044605,24208,446,5,2024,2,True,BESIVANCE ,,,,,
MCOU,FL,245531915,245,5319,15,2024,2,False,KLOR-CON M,783.0,23.0,204.4,204.4,0.0
MCOU,FL,63323006403,63323,64,3,2024,3,False,MAGNESIUM ,377.0,133.0,208.84,141.49,67.35
MCOU,FL,51672139903,51672,1399,3,2024,2,False,CLINDAMYCI,56100.0,929.0,24840.73,24567.4,273.33
MCOU,FL,69367027216,69367,272,16,2024,3,True,CODEINE-GU,,,,,
MCOU,FL,55111028130,55111,281,30,2024,2,False,LEVOFLOXAC,2541.0,279.0,2548.97,2543.02,5.95
MCOU,FL,13925016420,13925,164,20,2024,1,True,LIDOCAINE-,,,,,
MCOU,FL,70436020201,70436,202,1,2024,4,False,METOPROLOL,1635.0,31.0,268.45,268.45,0.0
MCOU,FL,75987002101,75987,21,1,2024,2,True,RAYOS     ,,,,,
MCOU,FL,82576010030,82576,100,30,2024,2,True,REZDIFFRA ,,,,,
MCOU,FL,53489014601,53489,146,1,2024,2,False,SULFAMETHO,442.0,19.0,61.68,61.68,0.0
FFSU,FL,378114501,378,1145,1,2024,3,True,BUSPIRONE ,,,,,
MCOU,FL,55724021121,55724,211,21,2024,2,False,EUCRISA   ,121380.0,2020.0,1474689.43,1463955.93,10733.5
MCOU,FL,31722066490,31722,664,90,2024,3,False,ESOMEPRAZO,602.0,21.0,327.15,327.15,0.0
MCOU,FL,72205000590,72205,5,90,2024,2,False,ROSUVASTAT,870.0,15.0,236.03,236.03,0.0
FFSU,FL,27241021601,27241,216,1,2024,2,False,CHLORTHALI,1070.0,20.0,255.53,255.53,0.0
FFSU,FL,61314014315,61314,143,15,2024,1,True,BRIMONIDIN,,,,,
FFSU,FL,43598026211,43598,262,11,2024,2,True,FULVESTRAN,,,,,
MCOU,FL,65862047605,65862,476,5,2024,3,True,RAMIPRIL  ,,,,,
MCOU,FL,68682010930,68682,109,30,2024,3,False,NIFEDIPINE,4910.0,69.0,986.4,986.4,0.0
MCOU,GA,16714083601,16714,836,1,2024,2,True,ZIPRASIDON,,,,,
FFSU,GA,45802006436,45802,64,36,2024,2,False,TRIAMCINOL,16480.0,205.0,2833.62,2833.62,0.0
FFSU,GA,55111071930,55111,719,30,2024,4,True,LAMOTRIGIN,,,,,
MCOU,GA,23155083401,23155,834,1,2024,2,False,HYDRALAZIN,10340.0,129.0,366.11,355.63,10.48
FFSU,GA,68462068501,68462,685,1,2024,2,False,TACROLIMUS,3090.0,37.0,755.66,717.43,38.23
FFSU,GA,23155002601,23155,26,1,2024,2,False,VERAPAMIL ,1875.0,35.0,410.07,410.07,0.0
FFSU,GA,55513067001,55513,670,1,2024,2,True,AVSOLA    ,,,,,
FFSU,GA,47781042347,47781,423,47,2024,2,True,FENTANYL  ,,,,,
FFSU,GA,68462053494,68462,534,94,2024,3,False,TACROLIMUS,2510.0,27.0,2727.34,2727.34,0.0
FFSU,GA,50742040102,50742,401,2,2024,3,True,IRINOTECAN,,,,,
FFSU,GA,68180078004,68180,780,4,2024,4,False,ZOLPIDEM T,699.0,41.0,511.09,511.09,0.0
FFSU,GA,13533070501,13533,705,1,2024,3,True,PROLASTIN ,,,,,
FFSU,GA,25021018487,25021,184,87,2024,3,True,FLUCONAZOL,,,,,
FFSU,GA,45802075401,45802,754,1,2024,4,True,TESTOSTERO,,,,,
FFSU,GA,57237023205,57237,232,5,2024,4,False,SULFAMETHO,880.0,32.0,393.48,393.48,0.0
MCOU,GA,64980051405,64980,514,5,2024,2,False,TIMOLOL MA,425.0,81.0,488.33,487.44,0.89
MCOU,FL,70756080790,70756,807,90,2024,1,False,LANSOPRAZO,9357.34,272.0,2303.78,2235.48,68.3
MCOU,FL,73462010101,73462,101,1,2024,1,False,COSELA    ,81.079,69.0,123079.46,79207.14,43872.32
FFSU,GA,70512084025,70512,840,25,2024,3,False,CYANOCOBAL,1149.0,651.0,8783.81,8780.66,3.15
MCOU,GA,264405080,264,4050,80,2024,2,True,ACETAMINOP,,,,,
FFSU,GA,72603011901,72603,119,1,2024,3,False,MEMANTINE ,1050.0,19.0,272.55,272.55,0.0
MCOU,GA,2448354,2,4483,54,2024,4,True,VERZENIO  ,,,,,
FFSU,GA,45802039000,45802,390,0,2024,2,False,TACROLIMUS,930.0,23.0,1065.68,1046.18,19.5
MCOU,GA,53746071101,53746,711,1,2024,4,False,GUANFACINE,8781.0,216.0,3812.3,3812.3,0.0
MCOU,GA,904600960,904,6009,60,2024,3,True,LORAZEPAM ,,,,,
MCOU,GA,42023015901,42023,159,1,2024,4,False,ADRENALIN ,8.0,11.0,86.54,61.91,24.63
MCOU,GA,64980037703,64980,377,3,2024,2,False,ATOMOXETIN,1916.0,65.0,1896.21,1896.21,0.0
FFSU,GA,70069002125,70069,21,25,2024,2,False,DEXAMETHAS,67.7,79.0,87.2,82.4,4.8
FFSU,GA,68462026001,68462,260,1,2024,2,False,VERAPAMIL ,810.0,25.0,325.62,325.62,0.0
MCOU,GA,68982015101,68982,151,1,2024,4,True,NUWIQ     ,,,,,
MCOU,GA,42806016010,42806,160,10,2024,2,False,HYDROXYZIN,1718.0,37.0,310.13,310.13,0.0
FFSU,GA,59651014601,59651,146,1,2024,2,True,CARBIDOPA ,,,,,
MCOU,GA,46122043540,46122,435,40,2024,4,True,MILK OF MA,,,,,
FFSU,GA,169643210,169,6432,10,2024,3,False,LEVEMIR FL,18423.0,1370.0,206536.45,205058.19,1478.26
FFSU,GA,43547030003,43547,300,3,2024,4,True,OLMESARTAN,,,,,
MCOU,GA,68462020130,68462,201,30,2024,4,True,TELMISARTA,,,,,
FFSU,GA,378395105,378,3951,5,2024,2,False,ATORVASTAT,33103.0,1115.0,12319.98,12312.4,7.58
MCOU,GA,16714044402,16714,444,2,2024,4,True,ENALAPRIL ,,,,,
FFSU,GA,72578003601,72578,36,1,2024,2,False,METFORMIN ,3104.0,67.0,876.67,876.67,0.0
FFSU,GA,43598063230,43598,632,30,2024,4,False,FLUOXETINE,2490.0,84.0,1835.13,1835.13,0.0
MCOU,GA,55111053401,55111,534,1,2024,4,False,DIVALPROEX,6241.0,124.0,1939.74,1923.59,16.15
FFSU,GA,65862053375,65862,533,75,2024,2,True,AMOXICILLI,,,,,
MCOU,GA,591569550,591,5695,50,2024,3,True,MINOCYCLIN,,,,,
FFSU,GA,70756061581,70756,615,81,2024,4,False,HALOPERIDO,32.0,15.0,543.13,543.13,0.0
FFSU,GA,65862029699,65862,296,99,2024,4,False,ROSUVASTAT,1155.0,39.0,517.65,517.65,0.0
MCOU,GA,42858000101,42858,1,1,2024,2,False,OXYCODONE ,6221.0,287.0,527.41,526.75,0.66
FFSU,GA,55111061701,55111,617,1,2024,3,False,ESZOPICLON,729.0,42.0,526.41,524.91,1.5
FFSU,GA,16714061305,16714,613,5,2024,2,False,SERTRALINE,29964.0,751.0,9073.34,9040.03,33.31
FFSU,GA,143961910,143,9619,10,2024,4,False,CYANOCOBAL,46.0,43.0,85.46,52.76,32.7
MCOU,GA,59651072401,59651,724,1,2024,2,False,CLONAZEPAM,1200.0,24.0,64.78,64.78,0.0
FFSU,GA,93738698,93,7386,98,2024,3,False,VENLAFAXIN,600.0,18.0,262.52,262.52,0.0
MCOU,GA,17772013130,17772,131,30,2024,4,False,QELBREE   ,14468.0,447.0,164367.13,159240.69,5126.44
MCOU,GA,93719801,93,7198,1,2024,3,False,FLUOXETINE,454.0,16.0,78.4,78.4,0.0
MCOU,GA,409339011,409,3390,11,2024,2,True,PIPERACILL,,,,,
FFSU,GA,61314065605,61314,656,5,2024,3,False,CIPROFLOXA,645.0,116.0,2085.83,2071.45,14.38
MCOU,GA,555105756,555,1057,56,2024,3,True,CLARAVIS  ,,,,,
MCOU,GA,69238120502,69238,1205,2,2024,2,False,BUPRENORPH,60.0,15.0,2515.8,2515.8,0.0
FFSU,GA,990711807,990,7118,7,2024,2,False,WATER     ,40949.4,13.0,107.72,107.72,0.0
FFSU,GA,3085222,3,852,22,2024,1,False,SPRYCEL   ,480.0,16.0,279542.97,279542.97,0.0
MCOU,FL,71288043592,71288,435,92,2024,1,True,ENOXAPARIN,,,,,
FFSU,GA,58657013390,58657,133,90,2024,2,False,THRIVITE R,420.0,14.0,149.0,149.0,0.0
FFSU,GA,69292058201,69292,582,1,2024,3,False,HALOPERIDO,2566.0,53.0,1055.62,1005.19,50.43
FFSU,GA,71770010560,71770,105,60,2024,4,False,SIKLOS    ,1350.0,14.0,8294.69,8294.69,0.0
FFSU,GA,51224002250,51224,22,50,2024,2,True,AZITHROMYC,,,,,
FFSU,GA,143124110,143,1241,10,2024,3,False,DIGOXIN   ,420.0,14.0,209.6,209.6,0.0
MCOU,GA,33342010207,33342,102,7,2024,2,True,MONTELUKAS,,,,,
FFSU,GA,68382011705,68382,117,5,2024,3,True,RISPERIDON,,,,,
FFSU,GA,31722028810,31722,288,10,2024,3,True,LEVOTHYROX,,,,,
MCOU,GA,68382037002,68382,370,2,2024,4,False,NYSTATIN  ,3360.0,93.0,1026.1,1026.1,0.0
FFSU,GA,57664047453,57664,474,53,2024,2,True,METFORMIN ,,,,,
MCOU,FL,71288043691,71288,436,91,2024,1,False,ENOXAPARIN,17.9,23.0,268.2,268.2,0.0
MCOU,GA,70377006112,70377,61,12,2024,4,False,LABETALOL ,8575.0,109.0,1416.37,1366.14,50.23
FFSU,GA,71879013601,71879,136,1,2024,3,True,YUTIQ     ,,,,,
FFSU,GA,33342006207,33342,62,7,2024,4,False,VALSARTAN ,480.0,16.0,233.96,233.96,0.0
FFSU,GA,50242004164,50242,41,64,2024,4,False,CATHFLO AC,25.5,22.0,4384.47,4384.47,0.0
MCOU,GA,76045021600,76045,216,0,2024,4,True,ONDANSETRO,,,,,
MCOU,GA,50474057066,50474,570,66,2024,3,False,BRIVIACT  ,2220.0,33.0,46917.29,46917.29,0.0
FFSU,GA,54062263,54,622,63,2024,2,False,DICYCLOMIN,3114.0,13.0,636.76,553.92,82.84
FFSU,GA,78065967,78,659,67,2024,1,False,ENTRESTO  ,1625.0,33.0,17690.87,17690.87,0.0
MCOU,GA,24591401,24,5914,1,2024,3,False,DUPIXENT S,3706.0,907.0,3382089.17,3341668.57,40420.6
FFSU,GA,2771227,2,7712,27,2024,3,False,HUMALOG KW,561.0,39.0,38385.44,36520.69,1864.75
FFSU,GA,70710164106,70710,1641,6,2024,3,True,LUBIPROSTO,,,,,
MCOU,GA,113037926,113,379,26,2024,4,False,CHILDREN'S,6086.0,108.0,313.99,313.99,0.0
FFSU,GA,245531711,245,5317,11,2024,2,False,KLOR-CON M,5481.0,144.0,1996.01,1996.01,0.0
FFSU,GA,61314065605,61314,656,5,2024,2,False,CIPROFLOXA,775.0,141.0,2505.2,2500.24,4.96
FFSU,GA,93342201,93,3422,1,2024,1,False,CYCLOBENZA,1608.0,36.0,393.45,393.45,0.0
FFSU,GA,60505311308,60505,3113,8,2024,3,False,OLANZAPINE,7575.0,326.0,2817.58,2817.58,0.0
MCOU,GA,62332036606,62332,366,6,2024,2,True,CLONAZEPAM,,,,,
FFSU,GA,72888002600,72888,26,0,2024,3,True,LAMOTRIGIN,,,,,
MCOU,GA,70010078628,70010,786,28,2024,4,True,METHYLERGO,,,,,
MCOU,GA,49483062310,49483,623,10,2024,3,False,METFORMIN ,1170.0,21.0,147.58,145.99,1.59
FFSU,GA,65862021105,65862,211,5,2024,3,True,MINOCYCLIN,,,,,
FFSU,GA,43547034106,43547,341,6,2024,4,False,RISPERIDON,54244.0,1104.0,13692.24,13648.5,43.74
MCOU,GA,55150028220,55150,282,20,2024,4,False,ERTAPENEM ,22.0,16.0,464.24,464.24,0.0
FFSU,GA,68180096601,68180,966,1,2024,2,False,LEVOTHYROX,2675.0,90.0,1018.75,1009.0,9.75
MCOU,GA,68180097303,68180,973,3,2024,2,False,LEVOTHYROX,1650.0,43.0,358.35,358.35,0.0
MCOU,GA,49884064001,49884,640,1,2024,2,True,METHIMAZOL,,,,,
FFSU,GA,62756042790,62756,427,90,2024,3,False,CIPROFLOXA,1657.5,220.0,24130.97,23005.87,1125.1
FFSU,GA,69315090605,69315,906,5,2024,4,False,LORAZEPAM ,4918.0,96.0,1171.49,1171.49,0.0
MCOU,GA,527293243,527,2932,43,2024,2,True,PREDNISONE,,,,,
FFSU,GA,57664068788,57664,687,88,2024,3,True,AMITRIPTYL,,,,,
FFSU,GA,64380076921,64380,769,21,2024,2,False,PEG 3350-E,240000.0,60.0,2233.84,2233.84,0.0
MCOU,GA,51672127501,51672,1275,1,2024,2,False,CLOTRIMAZO,13035.0,490.0,5977.71,5975.13,2.58
FFSU,GA,73562011001,73562,110,1,2024,3,False,ZENPEP    ,6220.0,16.0,24305.07,24305.07,0.0
FFSU,GA,68180067511,68180,675,11,2024,3,True,OSELTAMIVI,,,,,
MCOU,GA,24510013010,24510,130,10,2024,3,True,XTAMPZA ER,,,,,
FFSU,GA,536136707,536,1367,7,2024,3,False,LORATADINE,420.0,14.0,285.14,285.14,0.0
FFSU,GA,31722014805,31722,148,5,2024,4,False,GABAPENTIN,27950.0,354.0,3493.57,3493.57,0.0
FFSU,GA,69238161503,69238,1615,3,2024,2,False,OFLOXACIN ,565.0,93.0,1756.68,1756.68,0.0
MCOU,GA,65862092836,65862,928,36,2024,2,True,SUMATRIPTA,,,,,
MCOU,GA,49483062350,49483,623,50,2024,2,False,METFORMIN ,29748.0,490.0,1229.45,1210.68,18.77
FFSU,GA,70756001912,70756,19,12,2024,2,False,PANTOPRAZO,780.0,26.0,300.9,300.9,0.0
FFSU,GA,65862023060,65862,230,60,2024,2,False,LAMOTRIGIN,20462.0,403.0,5334.48,5318.15,16.33
FFSU,GA,62559044002,62559,440,2,2024,3,True,ERYTHROMYC,,,,,
FFSU,GA,944304510,944,3045,10,2024,2,True,ADVATE    ,,,,,
MCOU,GA,9716601,9,7166,1,2024,2,True,SOMAVERT  ,,,,,
FFSU,GA,76045010210,76045,102,10,2024,3,True,DIPHENHYDR,,,,,
MCOU,GA,68382018001,68382,180,1,2024,4,True,BUSPIRONE ,,,,,
FFSU,GA,10702018901,10702,189,1,2024,3,False,HYDROCODON,327.0,20.0,181.16,181.16,0.0
FFSU,GA,61958290101,61958,2901,1,2024,2,True,REMDESIVIR,,,,,
FFSU,GA,51672400501,51672,4005,1,2024,2,False,CARBAMAZEP,9309.0,118.0,2177.7,2163.93,13.77
MCOU,GA,409337904,409,3379,4,2024,3,True,PIPERACILL,,,,,
FFSU,GA,68180046907,68180,469,7,2024,2,False,LOVASTATIN,1875.0,63.0,727.21,727.21,0.0
FFSU,GA,70069017110,70069,171,10,2024,3,False,CYANOCOBAL,78.0,78.0,100.54,67.86,32.68
FFSU,GA,57237022130,57237,221,30,2024,2,False,PIOGLITAZO,714.0,24.0,321.9,321.9,0.0
FFSU,GA,591037101,591,371,1,2024,3,False,LOXAPINE  ,1103.0,19.0,804.8,760.25,44.55
FFSU,GA,33342011507,33342,115,7,2024,2,True,CANDESARTA,,,,,
MCOU,GA,70752010406,70752,104,6,2024,4,False,CHILDREN'S,1380713.1,10339.0,65710.54,65705.54,5.0
FFSU,GA,42385093412,42385,934,12,2024,4,True,LOPINAVIR-,,,,,
FFSU,GA,527328946,527,3289,46,2024,3,False,LEVOTHYROX,812.0,64.0,400.46,400.46,0.0
MCOU,GA,46122006271,46122,62,71,2024,3,True,8 HOUR ACE,,,,,
FFSU,GA,55111029236,55111,292,36,2024,2,False,SUMATRIPTA,931.0,107.0,1358.35,1358.35,0.0
MCOU,GA,904685289,904,6852,89,2024,3,True,LORATADINE,,,,,
MCOU,GA,555032402,555,324,2,2024,3,False,HYDROXYZIN,5031.0,111.0,2019.31,1987.21,32.1
MCOU,GA,63323040203,63323,402,3,2024,2,True,AZTREONAM ,,,,,
FFSU,GA,67877028660,67877,286,60,2024,4,False,RILUZOLE  ,828.0,14.0,399.28,399.28,0.0
FFSU,GA,93314501,93,3145,1,2024,2,False,CEPHALEXIN,612.0,25.0,205.95,205.95,0.0
MCOU,GA,3161412,3,1614,12,2024,1,True,BARACLUDE ,,,,,
MCOU,GA,70710116101,70710,1161,1,2024,2,True,MECLIZINE ,,,,,
MCOU,GA,169320111,169,3201,11,2024,4,False,FIASP     ,370.0,14.0,9494.55,9494.55,0.0
MCOU,GA,185061505,185,615,5,2024,4,True,HYDROXYZIN,,,,,
FFSU,GA,43547039209,43547,392,9,2024,4,False,OLMESARTAN,1110.0,37.0,610.52,610.52,0.0
MCOU,GA,29300015501,29300,155,1,2024,3,True,ALFUZOSIN ,,,,,
MCOU,GA,24385036126,24385,361,26,2024,4,True,CHILDREN'S,,,,,
MCOU,GA,9004726,9,47,26,2024,3,False,SOLU-MEDRO,9.96,12.0,83.59,76.79,6.8
FFSU,GA,68982085004,68982,850,4,2024,2,True,OCTAGAM   ,,,,,
MCOU,GA,228203196,228,2031,96,2024,4,False,ALPRAZOLAM,11160.0,165.0,1578.37,1573.09,5.28
FFSU,GA,59651025801,59651,258,1,2024,3,True,PROPAFENON,,,,,
FFSU,GA,70121175401,70121,1754,1,2024,3,True,ALYMSYS   ,,,,,
FFSU,GA,574079201,574,792,1,2024,4,True,PILOCARPIN,,,,,
FFSU,GA,51991074890,51991,748,90,2024,2,False,DULOXETINE,6676.0,179.0,2341.59,2339.94,1.65
MCOU,GA,67877025520,67877,255,20,2024,2,False,CEPHALEXIN,276.0,16.0,904.26,904.26,0.0
MCOU,GA,990792209,990,7922,9,2024,3,True,DEXTROSE I,,,,,
MCOU,FL,72205001590,72205,15,90,2024,1,False,PREGABALIN,42298.0,565.0,9460.1,9389.9,70.2
MCOU,GA,49001483,49,14,83,2024,1,True,UNASYN    ,,,,,
FFSU,GA,52536050003,52536,500,3,2024,2,True,DEXTROAMPH,,,,,
MCOU,GA,31722014201,31722,142,1,2024,4,False,CAPTOPRIL ,1387.08,12.0,240.5,240.5,0.0
MCOU,GA,43598063230,43598,632,30,2024,2,False,FLUOXETINE,2100.0,70.0,1154.54,1087.24,67.3
MCOU,GA,70677102601,70677,1026,1,2024,4,True,12-HOUR CO,,,,,
MCOU,GA,29300047705,29300,477,5,2024,4,False,BUSPIRONE ,61190.0,899.0,4530.48,4450.11,80.37
MCOU,GA,781610446,781,6104,46,2024,3,False,AMOXICILLI,1425.0,12.0,165.73,165.73,0.0
FFSU,GA,54981725,54,9817,25,2024,2,True,PREDNISONE,,,,,
FFSU,GA,33342005044,33342,50,44,2024,2,False,LOSARTAN-H,840.0,28.0,352.65,352.65,0.0
FFSU,GA,64764017530,64764,175,30,2024,4,False,DEXILANT  ,5892.0,192.0,59704.9,59704.9,0.0
FFSU,GA,62756045983,62756,459,83,2024,4,True,BUPRENORPH,,,,,
FFSU,GA,76045010610,76045,106,10,2024,2,True,DEXAMETHAS,,,,,
FFSU,GA,62332017160,62332,171,60,2024,4,False,LACOSAMIDE,3201.0,57.0,1076.85,1076.85,0.0
MCOU,GA,69022802,69,228,2,2024,4,True,FRAGMIN   ,,,,,
FFSU,GA,11980017410,11980,174,10,2024,3,True,PRED MILD ,,,,,
MCOU,GA,49483068201,49483,682,1,2024,3,False,ALLERGY RE,1028.0,35.0,227.71,227.71,0.0
MCOU,GA,61703033950,61703,339,50,2024,4,True,CARBOPLATI,,,,,
FFSU,GA,59746012110,59746,121,10,2024,4,False,MECLIZINE ,1756.0,31.0,477.11,477.11,0.0
FFSU,GA,60758088005,60758,880,5,2024,2,False,FLUOROMETH,140.0,27.0,1951.93,1923.66,28.27
FFSU,GA,63402020230,63402,202,30,2024,2,False,APTIOM    ,757.0,20.0,31071.35,27006.26,4065.09
MCOU,GA,69315030730,69315,307,30,2024,4,True,NYSTATIN  ,,,,,
FFSU,GA,68382080505,68382,805,5,2024,2,False,TRAZODONE ,18971.0,739.0,6500.96,6488.86,12.1
FFSU,GA,143988901,143,9889,1,2024,2,False,AMOXICILLI,12600.0,66.0,933.3,933.3,0.0
MCOU,GA,72205003772,72205,37,72,2024,3,False,LEVETIRACE,155290.0,592.0,6684.53,6644.64,39.89
FFSU,GA,52536050003,52536,500,3,2024,3,True,DEXTROAMPH,,,,,
MCOU,GA,68001025204,68001,252,4,2024,4,False,FLUCONAZOL,372.0,76.0,757.69,757.69,0.0
FFSU,GA,50474059540,50474,595,40,2024,3,False,KEPPRA    ,4470.0,36.0,42071.55,42071.55,0.0
MCOU,GA,16571073521,16571,735,21,2024,3,False,METHYLERGO,72.0,11.0,718.11,637.95,80.16
MCOU,GA,68682065220,68682,652,20,2024,4,False,DIAZEPAM  ,420.0,380.0,94281.1,92707.25,1573.85
FFSU,GA,62756025902,62756,259,2,2024,3,True,ZONISAMIDE,,,,,
MCOU,GA,93330416,93,3304,16,2024,3,True,RECLIPSEN ,,,,,
FFSU,GA,64764054311,64764,543,11,2024,3,False,PREVACID  ,3405.0,90.0,46053.42,44943.83,1109.59
MCOU,GA,43386002602,43386,26,2,2024,2,True,FLUOCINONI,,,,,
FFSU,GA,245531615,245,5316,15,2024,4,False,KLOR-CON 1,870.0,21.0,294.02,294.02,0.0
FFSU,GA,406052201,406,522,1,2024,2,False,OXYCODONE-,52871.0,676.0,13241.54,13225.15,16.39
FFSU,GA,409662514,409,6625,14,2024,2,False,SODIUM BIC,233278.32,824.0,45442.02,39416.45,6025.57
FFSU,GA,63459010310,63459,103,10,2024,3,False,TRUXIMA   ,250.0,12.0,9442.85,7414.37,2028.48
FFSU,GA,16729027810,16729,278,10,2024,4,True,ARIPIPRAZO,,,,,
MCOU,GA,65162076611,65162,766,11,2024,3,True,WARFARIN S,,,,,
MCOU,GA,55150043101,55150,431,1,2024,4,True,DACTINOMYC,,,,,
FFSU,GA,245021111,245,211,11,2024,2,False,MIDODRINE ,4878.0,57.0,1029.73,1022.24,7.49
FFSU,GA,51672131802,51672,1318,2,2024,3,False,CICLOPIROX,1590.0,42.0,726.46,726.46,0.0
MCOU,GA,67877075460,67877,754,60,2024,2,True,DRONABINOL,,,,,
MCOU,GA,59651017701,59651,177,1,2024,3,False,DOXEPIN HC,1050.0,24.0,281.57,281.57,0.0
MCOU,GA,70377006212,70377,62,12,2024,4,False,LABETALOL ,3180.0,48.0,818.18,809.66,8.52
MCOU,GA,54005746,54,57,46,2024,3,True,DIGOXIN   ,,,,,
MCOU,HI,33342015911,33342,159,11,2024,1,True,TAMSULOSIN,,,,,
MCOU,HI,65162088103,65162,881,3,2024,1,False,LURASIDONE,660.0,12.0,4041.75,4041.75,0.0
FFSU,GA,62756014686,62756,146,86,2024,1,True,RIVASTIGMI,,,,,
MCOU,HI,46122070434,46122,704,34,2024,1,True,GNP TUSSIN,,,,,
MCOU,IA,42799096301,42799,963,1,2024,4,False,VENLAFAXIN,1020.0,34.0,679.94,679.94,0.0
MCOU,HI,45802025742,45802,257,42,2024,1,True,MOMETASONE,,,,,
MCOU,IA,6302602,6,3026,2,2024,4,False,KEYTRUDA 1,312.0,34.0,431281.06,431281.06,0.0
MCOU,HI,67877039030,67877,390,30,2024,1,True,NEBIVOLOL ,,,,,
MCOU,HI,14539067401,14539,674,1,2024,2,True,HYDROXYZIN,,,,,
MCOU,HI,49884027711,49884,277,11,2024,3,True,OLANZAPINE,,,,,
FFSU,GA,70377000315,70377,3,15,2024,1,False,SIMVASTATI,13469.0,459.0,4846.96,4846.96,0.0
MCOU,HI,69292058801,69292,588,1,2024,4,False,HALOPERIDO,378.0,14.0,79.82,79.82,0.0
MCOU,HI,178033003,178,330,3,2024,3,True,DR. SMITH',,,,,
FFSU,GA,57237010299,57237,102,99,2024,1,False,METOPROLOL,5628.0,174.0,1169.71,1169.71,0.0
MCOU,GA,63323043400,63323,434,0,2024,1,True,ACETAMINOP,,,,,
MCOU,IA,781522401,781,5224,1,2024,4,True,CARVEDILOL,,,,,
MCOU,GA,121058104,121,581,4,2024,1,True,HALOPERIDO,,,,,
MCOU,GA,378181777,378,1817,77,2024,1,True,LEVOTHYROX,,,,,
MCOU,HI,45802089626,45802,896,26,2024,2,True,SULFACETAM,,,,,
MCOU,HI,70010000401,70010,4,1,2024,2,True,DEXMETHYLP,,,,,
MCOU,HI,58406003204,58406,32,4,2024,2,False,ENBREL 50 ,500.0,122.0,620394.26,620394.26,0.0
MCOU,GA,409115909,409,1159,9,2024,1,False,BUPIVACAIN,570.0,17.0,64.16,58.63,5.53
MCOU,HI,65862007850,65862,78,50,2024,1,False,CIPROFLOXA,1136.0,40.0,369.99,369.99,0.0
MCOU,GA,62332009730,62332,97,30,2024,1,False,ARIPIPRAZO,4148.0,127.0,1229.79,1229.79,0.0
MCOU,HI,68180094111,68180,941,11,2024,4,False,TESTOSTERO,2850.0,38.0,820.66,820.66,0.0
FFSU,GA,51672136504,51672,1365,4,2024,1,True,FLUOCINOLO,,,,,
MCOU,IA,781315606,781,3156,6,2024,4,False,ACETAMINOP,7388.0,74.0,40062.12,3532.03,36530.09
MCOU,IA,50419032527,50419,325,27,2024,4,False,GADAVIST  ,85.0,13.0,1889.65,840.19,1049.46
MCOU,IA,35573043451,35573,434,51,2024,4,True,SODIUM FLU,,,,,
FFSU,GA,72205000599,72205,5,99,2024,1,False,ROSUVASTAT,3986.0,133.0,1777.19,1777.19,0.0
MCOU,HI,60687044311,60687,443,11,2024,1,False,TRAZODONE ,20.0,11.0,0.44,0.44,0.0
MCOU,IA,93415579,93,4155,79,2024,4,True,AMOXICILLI,,,,,
MCOU,GA,57664010818,57664,108,18,2024,1,True,PROMETHAZI,,,,,
MCOU,HI,49348007644,49348,76,44,2024,4,True,SM URINARY,,,,,
MCOU,GA,52937000120,52937,1,20,2024,1,True,VASCEPA   ,,,,,
FFSU,GA,70860010010,70860,100,10,2024,1,True,AZITHROMYC,,,,,
MCOU,HI,71093011904,71093,119,4,2024,2,True,TRAMADOL H,,,,,
FFSU,GA,42806064910,42806,649,10,2024,1,True,DIPHENHYDR,,,,,
FFSU,IA,59651000330,59651,3,30,2024,4,True,OMEPRAZOLE,,,,,
MCOU,GA,55111056330,55111,563,30,2024,1,False,ATOMOXETIN,5863.0,197.0,6236.06,6142.21,93.85
FFSU,GA,62559049001,62559,490,1,2024,1,False,DIPHENOXYL,667.0,21.0,334.13,334.13,0.0
MCOU,IA,13668000701,13668,7,1,2024,4,False,ZOLPIDEM 5,12510.0,454.0,412.74,412.74,0.0
MCOU,HI,65862036101,65862,361,1,2024,4,True,LAMOTRIGIN,,,,,
MCOU,HI,173064460,173,644,60,2024,4,True,LAMICTAL 2,,,,,
FFSU,GA,68462026290,68462,262,90,2024,1,False,ROSUVASTAT,6281.0,213.0,2452.64,2452.64,0.0
MCOU,HI,61314063710,61314,637,10,2024,1,False,PREDNISOLO,875.0,89.0,3248.79,3229.32,19.47
MCOU,HI,59651045701,59651,457,1,2024,3,False,CARBIDOPA-,4530.0,14.0,666.83,666.83,0.0
MCOU,HI,31722014301,31722,143,1,2024,1,True,CAPTOPRIL ,,,,,
MCOU,GA,713031853,713,318,53,2024,1,True,CALCIPOTRI,,,,,
MCOU,IA,115136629,115,1366,29,2024,4,True,SEVELAMAR ,,,,,
MCOU,HI,42571022130,42571,221,30,2024,4,True,RASAGILINE,,,,,
MCOU,GA,43598083190,43598,831,90,2024,1,True,ATORVASTAT,,,,,
MCOU,HI,39328053016,39328,530,16,2024,4,True,AMANTADINE,,,,,
MCOU,HI,6008131,6,81,31,2024,1,False,JANUMET XR,3120.0,61.0,38463.15,38463.15,0.0
MCOU,HI,68084009811,68084,98,11,2024,3,False,ATORVASTAT,31.0,12.0,0.86,0.86,0.0
MCOU,HI,64406002003,64406,20,3,2024,4,True,VUMERITY D,,,,,
MCOU,IA,43598083105,43598,831,5,2024,4,False,ATORVASTAT,1721.0,64.0,58.52,58.52,0.0
MCOU,HI,832712311,832,7123,11,2024,1,True,DIVALPROEX,,,,,
MCOU,IA,61958210101,61958,2101,1,2024,4,False,ODEFSEY (E,2070.0,69.0,247598.37,247598.37,0.0
FFSU,GA,168006460,168,64,60,2024,1,True,FLUOCINOLO,,,,,
MCOU,IA,78056751,78,567,51,2024,4,True,AFINITOR T,,,,,
MCOU,HI,25682002801,25682,28,1,2024,2,True,ULTOMIRIS ,,,,,
MCOU,HI,378702393,378,7023,93,2024,4,True,ACITRETIN ,,,,,
MCOU,HI,69097012805,69097,128,5,2024,1,False,AMLODIPINE,20944.0,374.0,863.51,841.87,21.64
MCOU,HI,45802004811,45802,48,11,2024,4,True,NYSTATIN 1,,,,,
MCOU,HI,59572077501,59572,775,1,2024,1,True,REBLOZYL 7,,,,,
MCOU,HI,781185201,781,1852,1,2024,2,False,AMOX-CLAV ,7580.0,433.0,7365.01,7365.01,0.0
MCOU,HI,472178310,472,1783,10,2024,3,True,DICLOFENAC,,,,,
MCOU,GA,70710102308,70710,1023,8,2024,1,True,ISOTRETINO,,,,,
FFSU,IA,69154220,69,1542,20,2024,4,True,DOXORUBICI,,,,,
MCOU,GA,168008016,168,80,16,2024,1,False,HYDROCORTI,50440.0,114.0,5101.66,5043.5,58.16
MCOU,HI,74056114,74,561,14,2024,4,False,VENCLEXTA ,672.0,24.0,359.64,359.64,0.0
MCOU,HI,52536062501,52536,625,1,2024,2,True,TESTOSTERO,,,,,
FFSU,GA,51079020820,51079,208,20,2024,1,True,ATORVASTAT,,,,,
FFSU,GA,59762372103,59762,3721,3,2024,1,False,ALPRAZOLAM,4353.0,69.0,755.8,749.42,6.38
MCOU,HI,904001259,904,12,59,2024,4,False,ALLERGY 4 ,1864.0,28.0,78.33,78.33,0.0
MCOU,HI,47781056301,47781,563,1,2024,3,True,LISDEXAMFE,,,,,
MCOU,HI,64980056210,64980,562,10,2024,2,False,FUROSEMIDE,8940.0,139.0,1086.25,1086.25,0.0
MCOU,IA,63323063110,63323,631,10,2024,4,False,LEUCOVORIN,2710.0,44.0,5223.34,5223.34,0.0
MCOU,HI,16714061301,16714,613,1,2024,4,True,SERTRALINE,,,,,
MCOU,HI,13811000710,13811,7,10,2024,4,True,TRINATAL R,,,,,
MCOU,HI,50228010505,50228,105,5,2024,2,True,METFORMIN ,,,,,
MCOU,GA,597015230,597,152,30,2024,1,False,JARDIANCE ,13694.0,444.0,271323.84,264555.13,6768.71
MCOU,HI,69488000140,69488,1,40,2024,2,True,NETSPOT KI,,,,,
MCOU,IA,378306577,378,3065,77,2024,4,False,FENOFIBRAT,2855.0,103.0,196.37,196.37,0.0
MCOU,IA,64980037703,64980,377,3,2024,4,False,ATOMOXETIN,5857.0,214.0,2436.74,2436.74,0.0
MCOU,HI,67877012405,67877,124,5,2024,3,False,SILVER SUL,4670.0,47.0,323.06,322.67,0.39
MCOU,IA,409357801,409,3578,1,2024,4,True,TOBRAMYCIN,,,,,
MCOU,HI,59651034105,59651,341,5,2024,2,False,METHOCARBA,9810.0,182.0,583.54,557.48,26.06
MCOU,HI,23916330,23,9163,30,2024,4,False,RESTASIS 0,432.0,14.0,1743.12,1743.12,0.0
MCOU,HI,42806065930,42806,659,30,2024,3,False,ENTECAVIR ,3637.0,95.0,17755.15,17755.15,0.0
MCOU,HI,23530105,23,5301,5,2024,2,True,RESTASIS M,,,,,
FFSU,GA,53489047901,53489,479,1,2024,1,True,SULINDAC  ,,,,,
FFSU,GA,62756095601,62756,956,1,2024,1,True,MEXILETINE,,,,,
MCOU,IA,29300017105,29300,171,5,2024,4,True,MEMANTINE ,,,,,
MCOU,IA,29300024705,29300,247,5,2024,4,True,BUSPIRONE ,,,,,
MCOU,HI,68094002259,68094,22,59,2024,1,True,CHILD DIPH,,,,,
MCOU,HI,69097083512,69097,835,12,2024,3,True,SERTRALINE,,,,,
MCOU,GA,72888012101,72888,121,1,2024,1,False,LABETALOL ,1245.0,21.0,501.63,501.63,0.0
FFSU,HI,93412774,93,4127,74,2024,1,True,PENICILLIN,,,,,
MCOU,HI,62332005531,62332,55,31,2024,3,False,CLONIDINE ,1858.0,16.0,98.06,98.06,0.0
MCOU,IA,641605201,641,6052,1,2024,4,False,MEPERIDINE,176.0,39.0,19792.93,214.77,19578.16
MCOU,HI,69238153403,69238,1534,3,2024,1,True,FLUOCINONI,,,,,
MCOU,HI,60505016401,60505,164,1,2024,2,True,FLUVOXAMIN,,,,,
MCOU,HI,555902058,555,9020,58,2024,2,False,PORTIA-28 ,4732.0,56.0,1156.14,1156.14,0.0
MCOU,HI,168041660,168,416,60,2024,3,False,TACROLIMUS,7920.0,131.0,5070.6,5070.6,0.0
MCOU,HI,63323069030,63323,690,30,2024,4,True,ACETYLCYST,,,,,
MCOU,GA,50228017705,50228,177,5,2024,1,False,GABAPENTIN,2224.0,30.0,415.33,411.14,4.19
MCOU,IA,44567024010,44567,240,10,2024,4,True,CEFEPIME F,,,,,
FFSU,IA,16571013709,16571,137,9,2024,4,True,ATORVASTAT,,,,,
MCOU,HI,68001039708,68001,397,8,2024,1,False,FAMOTIDINE,6876.0,126.0,510.6,510.6,0.0
MCOU,IA,53489015610,53489,156,10,2024,4,False,ALLOPURINO,803.0,19.0,46.13,46.13,0.0
MCOU,IA,10702017001,10702,170,1,2024,4,False,DESMOPRESS,4346.0,70.0,1443.92,1443.92,0.0
MCOU,HI,68682071301,68682,713,1,2024,3,True,ENALAPRIL ,,,,,
MCOU,HI,832051200,832,512,0,2024,1,True,BETHANECHO,,,,,
MCOU,HI,63323056210,63323,562,10,2024,2,True,BIVALIRUDI,,,,,
MCOU,HI,60687017311,60687,173,11,2024,2,True,MEMANTINE ,,,,,
MCOU,GA,70700011985,70700,119,85,2024,1,False,ESTARYLLA ,25764.0,920.0,10051.95,10045.38,6.57
MCOU,HI,69097022316,69097,223,16,2024,4,True,ALENDRONAT,,,,,
FFSU,IA,378661493,378,6614,93,2024,4,True,AMNESTEEM ,,,,,
MCOU,HI,69543038190,69543,381,90,2024,1,True,OLANZAPINE,,,,,
MCOU,HI,60505014101,60505,141,1,2024,4,False,GLIPIZIDE ,1920.0,19.0,40.9,40.9,0.0
MCOU,IA,27241011203,27241,112,3,2024,4,True,TADALAFIL ,,,,,
MCOU,HI,43598021055,43598,210,55,2024,2,False,SSD 1% CRE,1900.0,35.0,183.01,183.01,0.0
MCOU,IA,54329863,54,3298,63,2024,4,True,FUROSEM 40,,,,,
MCOU,HI,65162028203,65162,282,3,2024,4,False,PALIPERIDO,803.0,16.0,2995.09,2995.09,0.0
FFSU,HI,59651003247,59651,32,47,2024,1,True,IBUPROFEN ,,,,,
FFSU,HI,143988901,143,9889,1,2024,4,False,AMOXICILLI,6400.0,38.0,606.42,606.42,0.0
MCOU,GA,51672206200,51672,2062,0,2024,1,False,3-DAY VAGI,252.0,12.0,74.63,74.63,0.0
MCOU,HI,62856041030,62856,410,30,2024,4,True,DAYVIGO 10,,,,,
MCOU,HI,29300041910,29300,419,10,2024,3,True,AMITRIPTYL,,,,,
MCOU,HI,72888011105,72888,111,5,2024,1,True,DICLOFENAC,,,,,
MCOU,HI,68382022705,68382,227,5,2024,4,True,AMIODARONE,,,,,
MCOU,HI,64380071307,64380,713,7,2024,4,False,BENZONATAT,34274.0,1190.0,7474.15,7439.21,34.94
MCOU,IA,555099702,555,997,2,2024,4,False,FLUDROCORT,406.0,12.0,113.81,113.81,0.0
MCOU,GA,69238106507,69238,1065,7,2024,1,True,POTASSIUM ,,,,,
MCOU,HI,67877022310,67877,223,10,2024,2,False,GABAPENTIN,3753.0,47.0,159.27,159.27,0.0
MCOU,IA,62011019901,62011,199,1,2024,4,True,HEALTH MAR,,,,,
MCOU,IA,51991034906,51991,349,6,2024,4,False,LACOSAMIDE,1030.0,18.0,203.44,203.44,0.0
FFSU,GA,781329009,781,3290,9,2024,1,True,CLINDAMYCI,,,,,
MCOU,GA,781940485,781,9404,85,2024,1,True,AMPICILLIN,,,,,
MCOU,GA,54092018981,54092,189,81,2024,1,True,PENTASA   ,,,,,
MCOU,HI,378826193,378,8261,93,2024,3,True,METHYLPHEN,,,,,
MCOU,GA,46122042462,46122,424,62,2024,1,True,CHILDREN'S,,,,,
MCOU,HI,16714017501,16714,175,1,2024,4,False,ATORVASTAT,4582.0,139.0,1346.04,1334.21,11.83
MCOU,IA,43547033850,43547,338,50,2024,4,False,BENAZEPRIL,750.0,24.0,79.47,79.47,0.0
MCOU,GA,832125030,832,1250,30,2024,1,True,RAMELTEON ,,,,,
FFSU,HI,63739019861,63739,198,61,2024,3,True,POLYETHYLE,,,,,
MCOU,HI,43598082331,43598,823,31,2024,2,True,FEXOFENADI,,,,,
FFSU,GA,16714089601,16714,896,1,2024,1,False,GLIPIZIDE ,2124.0,61.0,955.64,955.64,0.0
MCOU,HI,70677122101,70677,1221,1,2024,1,True,FT ANTISEP,,,,,
MCOU,IA,16714040002,16714,400,2,2024,4,True,CEFUROXIME,,,,,
MCOU,HI,68462041929,68462,419,29,2024,4,True,HAILEY FE ,,,,,
MCOU,GA,173085910,173,859,10,2024,1,False,BREO ELLIP,780.0,13.0,7169.5,4685.57,2483.93
MCOU,IA,62332060430,62332,604,30,2024,4,True,BISOPROLOL,,,,,
MCOU,HI,70710127503,70710,1275,3,2024,1,True,DEFERASIRO,,,,,
MCOU,GA,50228017501,50228,175,1,2024,1,False,BUPROPION ,16899.0,340.0,1832.81,1809.12,23.69
MCOU,HI,64380075906,64380,759,6,2024,1,False,ACARBOSE 5,1152.0,12.0,317.67,317.67,0.0
MCOU,HI,93317431,93,3174,31,2024,4,False,ALBUTEROL ,4658.0,498.0,8883.16,8810.35,72.81
FFSU,GA,50111056003,50111,560,3,2024,1,False,TRAZODONE ,58674.0,1726.0,15368.8,15354.38,14.42
MCOU,HI,68001059906,68001,599,6,2024,4,False,QUETIAPINE,531.0,14.0,152.65,152.65,0.0
MCOU,HI,65162089709,65162,897,9,2024,2,False,ARIPIPRAZO,510.0,14.0,134.27,134.27,0.0
MCOU,HI,58657016390,58657,163,90,2024,1,True,MULTIVIT-F,,,,,
FFSU,GA,68180072204,68180,722,4,2024,1,False,CEFDINIR  ,1140.0,15.0,233.74,233.74,0.0
MCOU,GA,68001018508,68001,185,8,2024,1,False,QUETIAPINE,2419.0,70.0,352.99,352.99,0.0
MCOU,IA,60505314003,60505,3140,3,2024,4,True,OLANZAPINE,,,,,
FFSU,GA,67877032030,67877,320,30,2024,1,True,IBUPROFEN ,,,,,
FFSU,GA,527122205,527,1222,5,2024,1,True,MEMANTINE ,,,,,
MCOU,HI,69097087067,69097,870,67,2024,4,True,LANREOTIDE,,,,,
MCOU,HI,42806071505,42806,715,5,2024,3,False,BENZONATAT,1444.0,36.0,370.82,367.2,3.62
FFSU,GA,66689003650,66689,36,50,2024,1,True,PHENYTOIN ,,,,,
MCOU,GA,65162017306,65162,173,6,2024,1,True,MEMANTINE ,,,,,
MCOU,IA,338170840,338,1708,40,2024,4,False,MAGNESIUM ,2450.0,58.0,6498.88,780.94,5717.94
MCOU,IA,591386219,591,3862,19,2024,4,True,METHYLPHEN,,,,,
FFSU,GA,72888009201,72888,92,1,2024,1,False,BISOPROLOL,270.0,11.0,189.6,189.6,0.0
MCOU,IA,31722081560,31722,815,60,2024,4,False,LACOSAMIDE,7047.0,126.0,2012.35,2012.35,0.0
MCOU,HI,68462019605,68462,196,5,2024,2,False,PRAVASTATI,12245.0,203.0,1493.35,1493.35,0.0
MCOU,HI,55111029198,55111,291,98,2024,2,False,SUMATRIPTA,326.0,36.0,303.14,303.14,0.0
MCOU,HI,55111016330,55111,163,30,2024,3,False,OLANZAPINE,3511.0,131.0,914.99,914.99,0.0
MCOU,GA,69367018101,69367,181,1,2024,1,True,METFORMIN ,,,,,
MCOU,HI,47781056701,47781,567,1,2024,3,False,LISDEXAMFE,350.0,12.0,2424.12,2424.12,0.0
MCOU,HI,70700014435,70700,144,35,2024,4,False,ESTRADIOL ,1830.0,24.0,271.12,271.12,0.0
MCOU,GA,71930003712,71930,37,12,2024,1,True,LABETALOL ,,,,,
MCOU,HI,69097081312,69097,813,12,2024,3,True,GABAPENTIN,,,,,
MCOU,HI,31722070590,31722,705,90,2024,4,False,VALACYCLOV,1882.0,90.0,1384.83,1384.83,0.0
MCOU,HI,71288014416,71288,144,16,2024,3,True,DOCETAXEL ,,,,,
FFSU,HI,62135050247,62135,502,47,2024,1,True,HYDROXYZIN,,,,,
MCOU,GA,904583348,904,5833,48,2024,1,False,LORATADINE,157.0,11.0,133.46,133.46,0.0
MCOU,HI,72888009201,72888,92,1,2024,2,True,BISOPROLOL,,,,,
MCOU,HI,23715160,23,7151,60,2024,1,True,REFRESH OP,,,,,
MCOU,HI,70677116201,70677,1162,1,2024,3,True,FT LUBRICA,,,,,
FFSU,GA,43598029490,43598,294,90,2024,1,True,PREGABALIN,,,,,
MCOU,HI,75834017002,75834,170,2,2024,3,True,ZINC OXIDE,,,,,
FFSU,GA,62856072430,62856,724,30,2024,1,True,LENVIMA   ,,,,,
FFSU,HI,69452017173,69452,171,73,2024,2,True,AZITHROMYC,,,,,
MCOU,HI,50742065601,50742,656,1,2024,3,False,CARISOPROD,16222.0,237.0,940.62,940.62,0.0
MCOU,IA,16729002116,16729,21,16,2024,4,True,PIOGLITAZO,,,,,
MCOU,HI,63323072910,63323,729,10,2024,3,True,MICAFUNGIN,,,,,
FFSU,HI,74057630,74,576,30,2024,4,True,VENCLEXTA ,,,,,
MCOU,HI,16714097901,16714,979,1,2024,4,True,ESOMEPRAZO,,,,,
FFSU,ID,2753301,2,7533,1,2024,4,False,HUMALOG   ,33.75,38.0,262.36,261.86,0.5
FFSU,ID,17772012101,17772,121,1,2024,4,True,OXTELLAR X,,,,,
MCOU,IA,59651023690,59651,236,90,2024,3,False,ANASTROZOL,547.0,20.0,70.39,70.39,0.0
FFSU,ID,143916201,143,9162,1,2024,4,True,VANCOMYCIN,,,,,
FFSU,ID,527123101,527,1231,1,2024,3,True,PRIMIDONE ,,,,,
FFSU,ID,93506001,93,5060,1,2024,4,False,HYDROXYZIN,10612.0,169.0,2231.92,2211.23,20.69
FFSU,ID,57894005427,57894,54,27,2024,4,True,STELARA   ,,,,,
FFSU,ID,29300039710,29300,397,10,2024,4,False,AMLODIPINE,26775.0,722.0,8679.96,8678.13,1.83
MCOU,IA,24658026060,24658,260,60,2024,1,True,GEMFIBROZI,,,,,
MCOU,IA,69367029360,69367,293,60,2024,2,True,RANOLAZINE,,,,,
MCOU,IA,70752013812,70752,138,12,2024,3,True,PROMETHAZI,,,,,
MCOU,IA,54295030825,54295,308,25,2024,2,True,UREA CREAM,,,,,
MCOU,IA,63323004401,63323,44,1,2024,2,False,CYANOCOBAL,352.0,330.0,3496.12,1812.84,1683.28
FFSU,IA,45802000403,45802,4,3,2024,3,True,HYDROCORTI,,,,,
MCOU,IA,60505083305,60505,833,5,2024,3,False,AZELASTINE,28410.0,947.0,6361.83,6361.83,0.0
FFSU,ID,70000034802,70000,348,2,2024,4,True,NICOTINE G,,,,,
MCOU,IA,65862046999,65862,469,99,2024,4,True,LOSARTAN H,,,,,
MCOU,IA,68180061507,68180,615,7,2024,4,False,QUETIAPINE,2711.0,82.0,663.67,663.67,0.0
MCOU,IA,45802056201,45802,562,1,2024,1,False,CLINDAMYCI,570.0,13.0,85.94,85.94,0.0
MCOU,IA,65162075710,65162,757,10,2024,1,False,DIVALPROEX,16477.0,273.0,2925.19,2925.19,0.0
MCOU,IA,51991082433,51991,824,33,2024,1,True,EVEROLIMUS,,,,,
FFSU,IA,68462026830,68462,268,30,2024,4,True,ATOMOXETIN,,,,,
FFSU,ID,23155036205,23155,362,5,2024,4,True,AMANTADINE,,,,,
MCOU,IA,57237022105,57237,221,5,2024,3,False,PIOGLITAZO,5225.0,176.0,550.37,550.37,0.0
MCOU,IA,51224002160,51224,21,60,2024,2,False,GABAPENTIN,5786.0,49.0,415.3,415.3,0.0
MCOU,IA,29300042401,29300,424,1,2024,3,False,AMITRIPTYL,3245.0,110.0,537.58,537.58,0.0
FFSU,ID,69584011150,69584,111,50,2024,4,True,CARISOPROD,,,,,
FFSU,ID,16714063402,16714,634,2,2024,3,False,OMEPRAZOLE,2168.0,72.0,1081.3,1081.3,0.0
FFSU,ID,409653311,409,6533,11,2024,3,True,VANCOMYCIN,,,,,
MCOU,IA,75834029205,75834,292,5,2024,3,False,METOPROLOL,1225.0,40.0,92.53,92.53,0.0
FFSU,ID,904674740,904,6747,40,2024,4,True,IBUPROFEN ,,,,,
FFSU,ID,62011002303,62011,23,3,2024,4,True,PAIN RELIE,,,,,
MCOU,IA,45802075401,45802,754,1,2024,3,False,TESTOSTERO,1232.0,13.0,426.33,426.33,0.0
MCOU,IA,16714089801,16714,898,1,2024,2,True,LORATADINE,,,,,
MCOU,IA,42023017901,42023,179,1,2024,3,True,BUPRENORPH,,,,,
MCOU,IA,72572005001,72572,50,1,2024,3,True,ACETAMINOP,,,,,
MCOU,IA,65862067705,65862,677,5,2024,1,False,ALPRAZOLAM,7985.0,152.0,220.46,220.46,0.0
MCOU,IA,781237101,781,2371,1,2024,3,True,AMPHETAMIN,,,,,
FFSU,ID,43547042411,43547,424,11,2024,3,False,LOSARTAN-H,264.0,11.0,139.41,139.41,0.0
MCOU,IA,43547033850,43547,338,50,2024,3,False,BENAZEPRIL,2687.0,87.0,623.91,623.91,0.0
MCOU,IA,59651000101,59651,1,1,2024,3,False,OMEPRAZOLE,2313.0,75.0,116.38,116.38,0.0
FFSU,ID,71288071910,71288,719,10,2024,4,True,SUCCINYLCH,,,,,
MCOU,IA,46122035274,46122,352,74,2024,2,False,NICOTINE T,322.0,15.0,423.27,423.27,0.0
FFSU,IA,228315303,228,3153,3,2024,2,True,BUPRENORPH,,,,,
MCOU,IA,68462010130,68462,101,30,2024,3,True,FLUCONAZOL,,,,,
FFSU,ID,10370010150,10370,101,50,2024,4,True,BUPROPION ,,,,,
MCOU,IA,71839011010,71839,110,10,2024,2,True,ENOXAPARIN,,,,,
MCOU,IA,76282073101,76282,731,1,2024,1,True,LISINOPRIL,,,,,
MCOU,IA,70756020311,70756,203,11,2024,4,False,AMITRIPTYL,3321.0,90.0,214.18,214.18,0.0
FFSU,ID,62332058231,62332,582,31,2024,4,False,LIDOCAINE-,450.0,15.0,318.99,318.99,0.0
MCOU,IA,13668060508,13668,605,8,2024,2,True,DAPSONE GE,,,,,
MCOU,IA,11534018901,11534,189,1,2024,3,False,DEXTROAMPH,2212.0,26.0,1453.06,1453.06,0.0
MCOU,IA,13668021905,13668,219,5,2024,2,False,ARIPIPRAZO,17638.0,669.0,2343.55,2343.55,0.0
FFSU,IA,67877073560,67877,735,60,2024,1,True,LACOSAMIDE,,,,,
MCOU,IA,115101101,115,1011,1,2024,1,True,BACLOFEN 5,,,,,
MCOU,IA,43598055530,43598,555,30,2024,2,True,ARIPIPRAZO,,,,,
FFSU,ID,781106110,781,1061,10,2024,3,False,ALPRAZOLAM,1532.0,64.0,663.41,662.64,0.77
MCOU,IA,70436005506,70436,55,6,2024,1,True,MEMANTINE ,,,,,
FFSU,ID,51672137302,51672,1373,2,2024,3,True,TAZAROTENE,,,,,
MCOU,IA,66993019594,66993,195,94,2024,4,True,TOBRAMYCIN,,,,,
FFSU,ID,60505131603,60505,1316,3,2024,4,True,PAROXETINE,,,,,
MCOU,IA,33342006807,33342,68,7,2024,1,False,OLANZAPINE,14333.0,482.0,911.85,911.85,0.0
FFSU,IA,378363501,378,3635,1,2024,2,True,CETIRIZINE,,,,,
FFSU,ID,45802024414,45802,244,14,2024,4,True,NYSTATIN-T,,,,,
FFSU,IA,16714018401,16714,184,1,2024,2,True,PAROXET HC,,,,,
FFSU,ID,591372030,591,3720,30,2024,4,True,TRANEXAMIC,,,,,
MCOU,IA,16729000816,16729,8,16,2024,1,True,PRAVASTATI,,,,,
MCOU,IA,64980056201,64980,562,1,2024,2,False,FUROSEMIDE,1558.0,40.0,65.56,65.56,0.0
MCOU,IA,71770010560,71770,105,60,2024,3,True,SIKLOS 100,,,,,
FFSU,ID,59762372103,59762,3721,3,2024,4,True,ALPRAZOLAM,,,,,
MCOU,IA,66993035957,66993,359,57,2024,4,False,DEXTROAMPH,12953.0,38.0,12511.6,12511.6,0.0
MCOU,IA,113095702,113,957,2,2024,2,True,NICOTINE 4,,,,,
MCOU,IA,50742061501,50742,615,1,2024,1,True,METOPROLOL,,,,,
MCOU,IA,27241015508,27241,155,8,2024,3,False,OXYBUTYNIN,6364.0,211.0,549.24,549.24,0.0
FFSU,IA,50742026001,50742,260,1,2024,3,True,NIFEDIPINE,,,,,
FFSU,IA,536125628,536,1256,28,2024,2,True,BACITRACIN,,,,,
MCOU,IA,69315018201,69315,182,1,2024,2,False,OXYBUTYNIN,2427.0,44.0,107.56,107.56,0.0
MCOU,IA,59762444002,59762,4440,2,2024,1,False,METHYLPRED,378.0,18.0,38.7,38.7,0.0
FFSU,ID,59011041510,59011,415,10,2024,3,False,OXYCONTIN ,1547.0,26.0,11833.5,10833.21,1000.29
MCOU,IA,713063415,713,634,15,2024,2,False,MOMETASONE,2160.0,69.0,580.8,580.8,0.0
FFSU,IA,591555705,591,5557,5,2024,2,True,PROPRANOLO,,,,,
FFSU,IA,49483060710,49483,607,10,2024,1,True,GABAPENTIN,,,,,
MCOU,IA,70512084001,70512,840,1,2024,4,True,CYANOCOBAL,,,,,
MCOU,IA,65162046410,65162,464,10,2024,1,False,IBUPROFEN ,2428.0,52.0,157.4,157.4,0.0
FFSU,ID,65862064130,65862,641,30,2024,4,False,AZITHROMYC,1051.0,126.0,1712.3,1712.3,0.0
FFSU,ID,59762500801,59762,5008,1,2024,3,False,MISOPROSTO,56.0,15.0,178.01,178.01,0.0
MCOU,IA,93171601,93,1716,1,2024,1,False,WARFARIN S,2020.0,66.0,127.52,127.52,0.0
FFSU,ID,68001040100,68001,401,0,2024,4,False,FLUOXETINE,2978.0,80.0,1192.47,1191.4,1.07
MCOU,IA,53746051101,53746,511,1,2024,1,False,SPIRONOLAC,32860.0,944.0,4297.79,4297.79,0.0
MCOU,IA,93417774,93,4177,74,2024,2,False,CEPHALEXIN,85602.0,408.0,4987.95,4987.95,0.0
MCOU,IA,68462060894,68462,608,94,2024,2,True,CLOBETASOL,,,,,
MCOU,IA,574230115,574,2301,15,2024,1,True,TRETINOIN ,,,,,
MCOU,IA,42494041501,42494,415,1,2024,3,True,PHENOBARBI,,,,,
MCOU,IA,59651043701,59651,437,1,2024,3,False,DIGOXIN TA,342.0,12.0,45.95,45.95,0.0
FFSU,ID,186077760,186,777,60,2024,3,False,BRILINTA  ,11330.0,193.0,83873.79,80862.87,3010.92
FFSU,ID,228212810,228,2128,10,2024,3,False,CLONIDINE ,10396.0,239.0,3067.06,3039.16,27.9
FFSU,ID,33342015915,33342,159,15,2024,4,False,TAMSULOSIN,2850.0,72.0,935.17,935.17,0.0
MCOU,IA,310351260,310,3512,60,2024,1,False,CALQUENCE ,930.0,17.0,238205.72,238205.72,0.0
MCOU,IA,24591500,24,5915,0,2024,2,True,DUPIXENT S,,,,,
FFSU,IA,68180052406,68180,524,6,2024,1,True,PALIPERIDO,,,,,
FFSU,IA,72888015205,72888,152,5,2024,2,True,CLONAZEPAM,,,,,
FFSU,ID,69238183101,69238,1831,1,2024,4,True,LEVOTHYROX,,,,,
FFSU,ID,47335047281,47335,472,81,2024,4,True,IMATINIB M,,,,,
FFSU,IA,55111052230,55111,522,30,2024,1,True,ATOMOXETIN,,,,,
MCOU,IA,16714034704,16714,347,4,2024,1,True,PHILITH 0.,,,,,
FFSU,IA,62756079713,62756,797,13,2024,2,True,DIVALPROEX,,,,,
MCOU,IA,43547051109,43547,511,9,2024,2,True,PREGABALIN,,,,,
FFSU,IA,23155029431,23155,294,31,2024,3,True,PROCHLORPE,,,,,
FFSU,ID,781329868,781,3298,68,2024,3,True,ENOXAPARIN,,,,,
FFSU,ID,72572043001,72572,430,1,2024,4,False,MIDAZOLAM ,58.0,30.0,7.59,7.59,0.0
FFSU,ID,31722061790,31722,617,90,2024,4,False,PREGABALIN,2049.0,43.0,603.46,603.46,0.0
FFSU,ID,29300011110,29300,111,10,2024,3,False,LAMOTRIGIN,3428.0,68.0,785.81,785.81,0.0
FFSU,ID,70954005910,70954,59,10,2024,4,True,PREDNISONE,,,,,
MCOU,IA,245531615,245,5316,15,2024,1,True,KLOR-CON 1,,,,,
MCOU,IA,70377007913,70377,79,13,2024,1,False,ATORVASTAT,132697.0,4425.0,6456.25,6456.25,0.0
MCOU,IA,59651036001,59651,360,1,2024,1,False,IBUPROFEN ,6580.0,128.0,926.09,926.09,0.0
MCOU,IA,55513002104,55513,21,4,2024,1,True,ARANESP (D,,,,,
MCOU,IA,71288043894,71288,438,94,2024,3,True,ENOXAPARIN,,,,,
MCOU,IA,52817027130,52817,271,30,2024,2,True,BISOPROLOL,,,,,
FFSU,ID,66215061406,66215,614,6,2024,4,True,UPTRAVI   ,,,,,
FFSU,ID,49884072401,49884,724,1,2024,4,False,HYDROXYURE,3950.0,71.0,1595.68,1595.68,0.0
FFSU,IA,33342007015,33342,70,15,2024,2,True,OLANZAPINE,,,,,
FFSU,ID,143967325,143,9673,25,2024,3,True,LEVETIRACE,,,,,
MCOU,IA,43598050990,43598,509,90,2024,1,False,ESOMEPRAZO,1624.0,57.0,212.26,212.26,0.0
FFSU,ID,59651071999,59651,719,99,2024,4,False,DICYCLOMIN,2721.0,38.0,646.5,646.5,0.0
MCOU,IA,45802004502,45802,45,2,2024,2,True,TRIAMCINOL,,,,,
FFSU,ID,591544301,591,5443,1,2024,4,True,PREDNISONE,,,,,
MCOU,IA,185085301,185,853,1,2024,2,False,AMPHETAMIN,12491.0,292.0,2534.17,2534.17,0.0
MCOU,IA,31722002501,31722,25,1,2024,3,False,OXCARBAZEP,32117.0,507.0,9751.1,9751.1,0.0
FFSU,IA,43547033009,43547,330,9,2024,2,True,IRBESARTAN,,,,,
FFSU,IA,68382009816,68382,98,16,2024,2,True,PAROXETINE,,,,,
FFSU,ID,55111028448,55111,284,48,2024,4,True,FLUOXETINE,,,,,
MCOU,IA,51672137603,51672,1376,3,2024,2,True,NAFTIFINE ,,,,,
MCOU,IA,43598037230,43598,372,30,2024,2,False,COLCHICINE,832.0,23.0,181.48,181.48,0.0
FFSU,ID,68462039429,68462,394,29,2024,4,False,ALYACEN   ,812.0,15.0,313.42,313.42,0.0
MCOU,IA,69292053201,69292,532,1,2024,3,False,PROPRANOLO,8119.0,132.0,483.57,483.57,0.0
MCOU,IA,61874007560,61874,75,60,2024,1,False,VIBERZI (E,1154.0,27.0,29716.0,29716.0,0.0
FFSU,ID,51672139509,51672,1395,9,2024,3,False,TRETINOIN ,2360.0,53.0,3866.19,3822.65,43.54
FFSU,ID,25021019287,25021,192,87,2024,3,True,CIPROFLOXA,,,,,
MCOU,IA,71104098101,71104,981,1,2024,4,True,ALTUVIIIO ,,,,,
MCOU,IA,72060012140,72060,121,40,2024,4,False,CAPLYTA CA,5950.0,201.0,318288.53,318288.53,0.0
MCOU,IA,42799081301,42799,813,1,2024,3,True,PREDNISOLO,,,,,
FFSU,IA,63402020830,63402,208,30,2024,2,True,APTIOM 800,,,,,
FFSU,IA,16571088110,16571,881,10,2024,3,True,FOLIC ACID,,,,,
MCOU,IA,641608325,641,6083,25,2024,2,True,PHENERGAN ,,,,,
FFSU,ID,591256201,591,2562,1,2024,3,True,COLCHICINE,,,,,
MCOU,IA,72205009978,72205,99,78,2024,4,True,SIROLIMUS ,,,,,
MCOU,IA,82625880201,82625,8802,1,2024,2,False,MOVANTIK 2,2419.0,78.0,32250.11,32250.11,0.0
FFSU,IA,43598084858,43598,848,58,2024,1,True,ZIPRASIDON,,,,,
MCOU,IA,115993278,115,9932,78,2024,3,False,LEVALBUTER,2775.0,14.0,724.29,724.29,0.0
FFSU,ID,50742031725,50742,317,25,2024,4,True,FLUNISOLID,,,,,
FFSU,ID,76045000911,76045,9,11,2024,4,False,DILAUDID  ,46.4,23.0,145.81,102.01,43.8
MCOU,IA,51862025801,51862,258,1,2024,2,False,NEXTSTELLI,812.0,25.0,5916.46,5916.46,0.0
MCOU,IA,67877029837,67877,298,37,2024,4,True,CHOLESTYRA,,,,,
FFSU,ID,53746051110,53746,511,10,2024,3,True,SPIRONOLAC,,,,,
FFSU,ID,51672126301,51672,1263,1,2024,4,True,NYSTATIN-T,,,,,
MCOU,IA,23155022901,23155,229,1,2024,3,True,ACYCLOVIR ,,,,,
FFSU,ID,16714063301,16714,633,1,2024,4,False,ALENDRONAT,466.0,110.0,1336.72,1336.72,0.0
MCOU,IA,143312610,143,3126,10,2024,2,True,DICYCLOMIN,,,,,
FFSU,IA,21922001604,21922,16,4,2024,3,True,CLOBETASOL,,,,,
MCOU,IA,50268067911,50268,679,11,2024,2,True,OXCARBAZEP,,,,,
MCOU,IA,60505013400,60505,134,0,2024,1,False,CYCLOSPORI,1214.0,16.0,9590.73,9590.73,0.0
FFSU,ID,574012901,574,129,1,2024,4,True,CLINDAMYCI,,,,,
MCOU,IA,68001053941,68001,539,41,2024,3,True,PEMETREXED,,,,,
MCOU,IA,65862094601,65862,946,1,2024,3,True,DORZOLAMID,,,,,
FFSU,ID,50111056003,50111,560,3,2024,3,False,TRAZODONE ,90456.5,2264.0,27644.56,27537.62,106.94
MCOU,IA,65862020230,65862,202,30,2024,3,False,LOSARTAN P,1395.0,41.0,53.42,53.42,0.0
MCOU,IA,69238184101,69238,1841,1,2024,4,False,LEVOTHYROX,404.0,14.0,35.72,35.72,0.0
MCOU,IA,53436008430,53436,84,30,2024,2,False,VELTASSA P,282.0,12.0,9170.73,9170.73,0.0
MCOU,IA,68462062652,68462,626,52,2024,2,False,AZELAIC AC,600.0,12.0,306.21,306.21,0.0
FFSU,IA,65162003310,65162,33,10,2024,3,True,ACETAMINOP,,,,,
MCOU,IA,62332042450,62332,424,50,2024,3,True,LIDOCAINE ,,,,,
FFSU,ID,65862016099,65862,160,99,2024,4,False,ZOLPIDEM T,4032.0,142.0,1755.26,1755.26,0.0
FFSU,ID,68982085003,68982,850,3,2024,4,True,OCTAGAM   ,,,,,
FFSU,IA,23608201,23,6082,1,2024,2,True,INFED INJE,,,,,
FFSU,ID,406114401,406,1144,1,2024,3,False,METHYLPHEN,3524.0,67.0,1321.67,1295.51,26.16
MCOU,IA,63323048203,63323,482,3,2024,1,True,XYLOCAINE ,,,,,
MCOU,IA,51672128408,51672,1284,8,2024,1,True,TRIAMCINOL,,,,,
MCOU,IA,70700015285,70700,152,85,2024,2,True,GEMMILY NO,,,,,
FFSU,IA,70000016002,70000,160,2,2024,3,True,LDR ALLERG,,,,,
MCOU,IA,69315018210,69315,182,10,2024,2,False,OXYBUTYNIN,12800.0,216.0,529.87,529.87,0.0
MCOU,IA,57237014501,57237,145,1,2024,2,False,AMLODIP BE,660.0,22.0,92.04,92.04,0.0
MCOU,IA,73562011001,73562,110,1,2024,3,False,ZENPEP DR ,3614.0,19.0,14209.55,14209.55,0.0
MCOU,IA,310110530,310,1105,30,2024,1,False,LOKELMA 5G,641.0,30.0,16630.51,16630.51,0.0
FFSU,IA,13107003134,13107,31,34,2024,2,False,MIRTAZAPIN,750.0,22.0,246.99,246.99,0.0
MCOU,IA,409452002,409,4520,2,2024,1,True,HEPARIN D5,,,,,
FFSU,ID,13107015630,13107,156,30,2024,4,False,PAROXETINE,660.0,22.0,334.8,334.8,0.0
MCOU,IA,72485010105,72485,101,5,2024,4,True,DIPHENHYDR,,,,,
MCOU,IA,67457043010,67457,430,10,2024,1,True,PAMIDRONAT,,,,,
MCOU,IA,68001028008,68001,280,8,2024,1,False,DICLOFENAC,746.0,14.0,68.18,68.18,0.0
MCOU,IA,406851062,406,8510,62,2024,1,True,OXYCODONE ,,,,,
MCOU,IA,990792609,990,7926,9,2024,3,True,DEXTROSE 5,,,,,
MCOU,IA,527194868,527,1948,68,2024,1,True,LEVOFLOXAC,,,,,
MCOU,IA,59651050501,59651,505,1,2024,3,True,RAMELTEON ,,,,,
MCOU,IA,65162024709,65162,247,9,2024,1,False,CHLORTHALI,1684.0,67.0,116.75,116.75,0.0
MCOU,IA,70010004301,70010,43,1,2024,2,False,METHYLPHEN,1526.0,45.0,514.47,514.47,0.0
FFSU,ID,6306901,6,3069,1,2024,3,True,PIFELTRO  ,,,,,
MCOU,IA,82009004310,82009,43,10,2024,2,True,LOSARTAN P,,,,,
MCOU,IA,113191990,113,1919,90,2024,2,True,ASPIRIN 32,,,,,
FFSU,IA,781236301,781,2363,1,2024,2,True,METHYLPHEN,,,,,
FFSU,IL,781713883,781,7138,83,2024,3,True,ESTRADIOL ,,,,,
MCOU,IL,27808024601,27808,246,1,2024,3,True,LACOSAMIDE,,,,,
FFSU,ID,72572058025,72572,580,25,2024,2,False,PROCHLORPE,158.0,153.0,422.23,403.68,18.55
MCOU,IL,11527074534,11527,745,34,2024,3,True,SODIUM FLU,,,,,
FFSU,IL,65862076490,65862,764,90,2024,3,True,PREGABALIN,,,,,
FFSU,IL,944304710,944,3047,10,2024,3,True,ADVATE 5ML,,,,,
MCOU,IL,49348070609,49348,706,9,2024,3,True,IBUPROFEN ,,,,,
MCOU,IL,31722058730,31722,587,30,2024,3,True,NEBIVOLOL ,,,,,
MCOU,IL,68001043100,68001,431,0,2024,4,True,RAMIPRIL C,,,,,
MCOU,IL,46122060851,46122,608,51,2024,4,True,GNP GENTLE,,,,,
FFSU,ID,50474078185,50474,781,85,2024,1,True,BIMZELX AU,,,,,
MCOU,IL,781610446,781,6104,46,2024,4,True,AMOX CLAV ,,,,,
MCOU,IL,16729009401,16729,94,1,2024,4,True,MYCOPHENOL,,,,,
FFSU,ID,66993079097,66993,790,97,2024,2,True,FLUTICASON,,,,,
FFSU,ID,81952011101,81952,111,1,2024,2,False,HEPARIN SO,26.0,18.0,14.85,14.85,0.0
MCOU,IL,59762372201,59762,3722,1,2024,3,False,ALPRAZOLAM,2504.0,43.0,415.48,415.48,0.0
FFSU,ID,62332024590,62332,245,90,2024,3,True,FENOFIBRIC,,,,,
FFSU,ID,67877019805,67877,198,5,2024,3,False,AMLODIPINE,11171.0,320.0,4023.76,4023.76,0.0
FFSU,IL,68992301003,68992,3010,3,2024,4,False,ENVARSUS X,5336.0,84.0,35667.4,15953.61,19713.79
FFSU,IL,32120370,32,1203,70,2024,3,True,CREON (PAN,,,,,
MCOU,IL,70069013101,70069,131,1,2024,4,False,TOBRAMYCIN,8265.0,1600.0,17657.26,17651.2,6.06
FFSU,ID,68180088673,68180,886,73,2024,3,False,NIKKI     ,8316.0,148.0,2751.69,2750.78,0.91
FFSU,IL,29300013201,29300,132,1,2024,3,True,ZALEPLON C,,,,,
FFSU,ID,71093011204,71093,112,4,2024,2,True,GABAPENTIN,,,,,
MCOU,IL,591379519,591,3795,19,2024,4,True,SOLIFENACI,,,,,
FFSU,ID,61314063305,61314,633,5,2024,2,False,GENTAMICIN,140.0,28.0,470.34,469.33,1.01
MCOU,IL,59762135101,59762,1351,1,2024,3,True,PREGABALIN,,,,,
MCOU,IL,68180038909,68180,389,9,2024,3,False,FENOFIBRAT,24460.0,359.0,5281.98,5251.04,30.94
FFSU,IL,65862050301,65862,503,1,2024,3,False,AMOXICILLI,1133.0,64.0,809.52,776.38,33.14
FFSU,ID,59651042201,59651,422,1,2024,1,True,CEVIMELINE,,,,,
MCOU,IL,21922001902,21922,19,2,2024,3,False,TESTOSTERO,1650.0,11.0,821.42,821.42,0.0
MCOU,IL,50474050015,50474,500,15,2024,3,False,NAYZILAM 5,177.2,712.0,605146.33,600536.12,4610.21
FFSU,ID,67877041920,67877,419,20,2024,2,False,LINEZOLID ,277.0,13.0,564.33,564.33,0.0
FFSU,IL,93300893,93,3008,93,2024,4,True,LANSOPRAZO,,,,,
FFSU,ID,63323049527,63323,495,27,2024,2,True,XYLOCAINE-,,,,,
FFSU,ID,55111071730,55111,717,30,2024,1,True,LAMOTRIGIN,,,,,
FFSU,IL,74707090,74,7070,90,2024,3,True,SYNTHROID ,,,,,
FFSU,ID,39822200001,39822,2000,1,2024,2,False,CLONIDINE ,230.0,23.0,491.23,324.37,166.86
FFSU,IL,69097017353,69097,173,53,2024,3,False,IPRATROPIU,19444.362,95.0,1350.27,621.25,729.02
FFSU,ID,65162099508,65162,995,8,2024,2,False,DOTTI     ,416.0,52.0,2273.54,2252.04,21.5
FFSU,ID,72511075001,72511,750,1,2024,2,False,REPATHA SY,56.0,28.0,15630.72,15630.72,0.0
MCOU,IL,61314023815,61314,238,15,2024,3,True,CARTEOLOL ,,,,,
MCOU,IL,480366722,480,3667,22,2024,4,False,LIRAGLUTID,10824.0,1096.0,745051.89,742022.66,3029.23
FFSU,ID,67877087920,67877,879,20,2024,1,True,CEFPODOXIM,,,,,
FFSU,ID,23155073801,23155,738,1,2024,1,True,TERAZOSIN ,,,,,
MCOU,IL,23155014201,23155,142,1,2024,3,True,DOXY DR 10,,,,,
FFSU,IL,51224012250,51224,122,50,2024,4,False,AZITHROMYC,37.0,15.0,135.78,135.78,0.0
MCOU,IL,781216460,781,2164,60,2024,3,False,ZIPRASIDON,236.0,11.0,90.11,90.11,0.0
FFSU,ID,72205001490,72205,14,90,2024,3,False,PREGABALIN,24339.0,341.0,4826.22,4820.22,6.0
FFSU,IL,51144002001,51144,20,1,2024,3,False,PADCEV (EN,37.075,17.0,106408.01,45263.9,61144.11
MCOU,IL,54002125,54,21,25,2024,4,False,LITHIUM CA,31114.0,400.0,5008.65,5008.65,0.0
FFSU,ID,45963067711,45963,677,11,2024,2,False,METOPROLOL,4725.0,92.0,1421.16,1421.16,0.0
MCOU,IL,32301613,32,3016,13,2024,4,False,CREON (PAN,176542.0,941.0,1874373.74,1870988.33,3385.41
MCOU,IL,93738456,93,7384,56,2024,3,True,VENLAFAXIN,,,,,
FFSU,IL,59572073007,59572,730,7,2024,4,True,ONUREG (AZ,,,,,
FFSU,IL,407141363,407,1413,63,2024,4,False,OMNIPAQUE ,9851.0,121.0,1340.95,289.65,1051.3
MCOU,IL,67877041301,67877,413,1,2024,3,False,METFORMIN ,1338.0,16.0,135.14,135.14,0.0
FFSU,IL,480869010,480,8690,10,2024,3,False,LEVOTHYROX,452.0,13.0,115.98,115.98,0.0
MCOU,IL,69680012035,69680,120,35,2024,3,True,LIDOCAINE ,,,,,
FFSU,ID,63323040220,63323,402,20,2024,3,True,AZTREONAM ,,,,,
MCOU,IL,50228045705,50228,457,5,2024,3,False,CARBIDOPA-,1221.0,36.0,173.1,173.1,0.0
MCOU,IL,68382000801,68382,8,1,2024,4,False,LAMOTRIGIN,12790.0,215.0,1711.84,1711.84,0.0
FFSU,ID,68180067406,68180,674,6,2024,1,True,LURASIDONE,,,,,
FFSU,IL,43068030402,43068,304,2,2024,3,True,HETLIOZ LQ,,,,,
FFSU,IL,74455290,74,4552,90,2024,4,False,SYNTHROID ,605.0,16.0,1046.61,972.45,74.16
FFSU,IL,16714080901,16714,809,1,2024,3,True,NEW DAY TA,,,,,
MCOU,IL,67877026030,67877,260,30,2024,4,True,RASAGILINE,,,,,
FFSU,IL,24208073506,24208,735,6,2024,4,True,CYCLOPENTO,,,,,
FFSU,ID,51991087833,51991,878,33,2024,1,False,EPLERENONE,690.0,13.0,434.19,434.19,0.0
MCOU,IL,50228014605,50228,146,5,2024,3,False,HYDROCHLOR,33605.0,927.0,6463.62,6463.62,0.0
FFSU,ID,63323041202,63323,412,2,2024,3,True,MIDAZOLAM ,,,,,
FFSU,ID,65219020505,65219,205,5,2024,1,True,TEMSIROLIM,,,,,
MCOU,IL,69452036120,69452,361,20,2024,4,False,ROPINIROLE,3026.0,47.0,535.04,535.04,0.0
FFSU,ID,60219204401,60219,2044,1,2024,2,False,DEXAMETHAS,104.0,21.0,242.88,242.88,0.0
FFSU,ID,68462040201,68462,402,1,2024,2,True,ATOVAQUONE,,,,,
FFSU,ID,70010011701,70010,117,1,2024,1,False,DEXTROAMPH,940.0,17.0,412.3,412.3,0.0
MCOU,IL,45963067611,45963,676,11,2024,4,False,METOPROLOL,99743.0,1260.0,16816.78,16815.95,0.83
MCOU,IL,71921021501,71921,215,1,2024,4,False,GLIMEPIRID,840.0,15.0,227.41,227.41,0.0
MCOU,IL,70677117601,70677,1176,1,2024,3,True,F&T NICOT ,,,,,
FFSU,ID,72205014399,72205,143,99,2024,1,False,LOSARTAN P,626.0,19.0,253.65,253.65,0.0
FFSU,ID,70756042912,70756,429,12,2024,1,False,PRAZOSIN H,890.0,21.0,306.63,306.63,0.0
MCOU,IL,69238149105,69238,1491,5,2024,4,False,BUMETANIDE,15885.0,301.0,6499.99,6499.99,0.0
FFSU,ID,70748030806,70748,308,6,2024,3,True,DOXYCYCLIN,,,,,
MCOU,IL,23923201,23,9232,1,2024,3,True,BOTOX COSM,,,,,
MCOU,IL,53746055548,53746,555,48,2024,3,True,DEMECLOCYC,,,,,
MCOU,IL,70748013006,70748,130,6,2024,3,False,LEFLUNOMID,2726.0,76.0,1646.67,1646.67,0.0
MCOU,IL,57664022988,57664,229,88,2024,4,True,METHYLPHEN,,,,,
MCOU,IL,55513014801,55513,148,1,2024,3,False,EPOGEN (EP,28.0,17.0,969.26,969.26,0.0
MCOU,IL,70377003012,70377,30,12,2024,4,True,ATORVASTAT,,,,,
FFSU,ID,64980021005,64980,210,5,2024,1,False,OXYBUTYNIN,632.0,20.0,279.08,279.08,0.0
FFSU,IL,43598030562,43598,305,62,2024,4,True,AZACITIDIN,,,,,
MCOU,IL,63323001095,63323,10,95,2024,4,True,GENTAMICIN,,,,,
FFSU,ID,63323067321,63323,673,21,2024,2,False,PALONOSETR,540.0,108.0,957.88,899.88,58.0
FFSU,ID,72603014601,72603,146,1,2024,2,True,LABETALOL ,,,,,
MCOU,IL,65162010211,65162,102,11,2024,3,False,GABAPENTIN,68571.0,679.0,6782.65,6766.36,16.29
FFSU,IL,65162025009,65162,250,9,2024,3,True,CHLORTHALI,,,,,
MCOU,IL,33342010311,33342,103,11,2024,3,True,QUETIAPINE,,,,,
FFSU,IL,60505016907,60505,169,7,2024,4,False,PRAVASTATI,408.0,11.0,96.47,96.47,0.0
FFSU,ID,62175048537,62175,485,37,2024,1,False,VERAPAMIL ,453.0,15.0,1802.58,1802.58,0.0
FFSU,IL,143985925,143,9859,25,2024,3,True,CEFTRIAXON,,,,,
FFSU,IL,51991096158,51991,961,58,2024,4,True,POLYETHYLE,,,,,
MCOU,IL,59651058901,59651,589,1,2024,3,True,NADOLOL TA,,,,,
FFSU,IL,43547033703,43547,337,3,2024,3,True,BENAZEPRIL,,,,,
MCOU,IL,70677102001,70677,1020,1,2024,4,True,F&T ALL DA,,,,,
FFSU,IL,66794015702,66794,157,2,2024,4,True,GABLOFEN 2,,,,,
MCOU,IL,16714093601,16714,936,1,2024,4,False,ATENOL+CHL,2230.0,35.0,800.53,800.53,0.0
MCOU,IL,406052201,406,522,1,2024,4,False,OXYCODONE ,37933.0,497.0,7157.19,7156.96,0.23
FFSU,ID,57237015590,57237,155,90,2024,2,True,MODAFINIL ,,,,,
FFSU,IL,67877045747,67877,457,47,2024,3,True,PREGABALIN,,,,,
FFSU,IL,62135030920,62135,309,20,2024,3,True,CIPROFLOXA,,,,,
MCOU,IL,31722081560,31722,815,60,2024,3,False,LACOSAMIDE,20668.0,318.0,9539.7,9498.49,41.21
FFSU,IL,68382077305,68382,773,5,2024,3,True,EZETIMIBE ,,,,,
MCOU,IL,60687057901,60687,579,1,2024,3,True,HYDROMORPH,,,,,
MCOU,IL,60432027504,60432,275,4,2024,4,True,BROMPHENIR,,,,,
MCOU,IL,480235956,480,2359,56,2024,3,False,TOPIRAMATE,1109.0,14.0,18592.33,18592.33,0.0
MCOU,IL,70954066810,70954,668,10,2024,4,False,PENTOXIFYL,23708.0,283.0,5081.01,5069.99,11.02
FFSU,IL,70700015001,70700,150,1,2024,4,True,OMEPRAZOLE,,,,,
FFSU,ID,51862088603,51862,886,3,2024,1,False,ERRIN     ,1260.0,30.0,438.87,438.87,0.0
MCOU,IL,781149101,781,1491,1,2024,4,True,AMITRIPTYL,,,,,
MCOU,IL,54838050140,54838,501,40,2024,3,False,HALOPERIDO,2393.0,25.0,454.23,454.23,0.0
MCOU,IL,43547048810,43547,488,10,2024,3,False,PKGS METHY,25994.0,459.0,7022.7,6920.26,102.44
FFSU,IL,310453530,310,4535,30,2024,4,True,IMJUDO LQD,,,,,
MCOU,IL,64980020612,64980,206,12,2024,3,True,ZILEUTON E,,,,,
MCOU,IL,68462088194,68462,881,94,2024,4,False,TACROLIMUS,5000.0,50.0,5115.5,5115.5,0.0
FFSU,IL,50111045001,50111,450,1,2024,3,False,TRAZODONE ,1758.0,46.0,464.01,464.01,0.0
FFSU,IL,409488717,409,4887,17,2024,4,True,STERILE WA,,,,,
MCOU,IL,16714083501,16714,835,1,2024,3,False,ZIPRASIDON,10376.0,235.0,3960.48,3953.82,6.66
FFSU,ID,67877032005,67877,320,5,2024,1,False,IBUPROFEN ,18212.0,358.0,4906.01,4904.03,1.98
FFSU,ID,61874013030,61874,130,30,2024,2,False,VRAYLAR   ,34708.0,1182.0,1614646.88,1607697.41,6949.47
MCOU,IL,378729453,378,7294,53,2024,4,True,ESTRADIOL ,,,,,
MCOU,IL,42858020001,42858,200,1,2024,4,True,FENOFIBRAT,,,,,
MCOU,IL,46122059848,46122,598,48,2024,3,False,GNP ASPIRI,1916.0,56.0,338.49,338.49,0.0
FFSU,IL,597027533,597,275,33,2024,4,True,JENTADUETO,,,,,
FFSU,IL,406888501,406,8885,1,2024,4,False,DEXTROAMPH,1070.0,21.0,391.85,325.09,66.76
FFSU,IL,59310041012,59310,410,12,2024,3,True,QNASL PLV ,,,,,
FFSU,ID,42543049301,42543,493,1,2024,1,True,AMANTADINE,,,,,
FFSU,IL,72611072201,72611,722,1,2024,4,True,KETOROLAC ,,,,,
FFSU,IL,69751010012,69751,100,12,2024,3,False,PHEXXI (LA,720.0,12.0,4092.39,4092.39,0.0
MCOU,IL,68382025501,68382,255,1,2024,3,False,OXYBUTYNIN,36389.0,601.0,8022.64,8022.64,0.0
FFSU,ID,72603011201,72603,112,1,2024,3,True,CLORAZEPAT,,,,,
FFSU,ID,72888007501,72888,75,1,2024,3,True,POTASSIUM ,,,,,
FFSU,ID,64380072106,64380,721,6,2024,2,True,TACROLIMUS,,,,,
MCOU,IL,23155022701,23155,227,1,2024,4,False,ACYCLOVIR ,31267.0,659.0,3917.42,3914.17,3.25
FFSU,ID,50742024890,50742,248,90,2024,2,False,DILTIAZEM ,2160.0,66.0,996.88,991.85,5.03
FFSU,ID,71288072352,71288,723,52,2024,1,True,BUPIVACAIN,,,,,
MCOU,IL,66993037202,66993,372,2,2024,3,False,PHENYTOIN ,17996.5,198.0,4283.27,4283.27,0.0
FFSU,ID,73683010110,73683,101,10,2024,3,True,HYFTOR    ,,,,,
FFSU,IL,54838050115,54838,501,15,2024,4,True,HALOPERIDO,,,,,
MCOU,IL,68645055654,68645,556,54,2024,4,False,LISINOPRIL,21449.0,323.0,2057.45,2057.45,0.0
FFSU,ID,527130105,527,1301,5,2024,2,False,PRIMIDONE ,1596.0,22.0,374.68,374.58,0.1
FFSU,IL,43975028010,43975,280,10,2024,3,False,MIXED AMPH,1537.0,46.0,1206.67,1100.98,105.69
MCOU,IL,62332054605,62332,546,5,2024,3,False,TIMOLOL MA,510.0,78.0,7923.65,7923.65,0.0
MCOU,IL,703367101,703,3671,1,2024,4,False,METHOTREXA,76.0,16.0,166.6,166.6,0.0
FFSU,ID,64764075030,64764,750,30,2024,3,False,TRINTELLIX,13251.0,424.0,210275.61,209815.23,460.38
MCOU,IL,70010020405,70010,204,5,2024,3,False,SERTRALINE,19491.0,499.0,5676.14,5676.14,0.0
FFSU,IL,44567010310,44567,103,10,2024,3,True,AMPICILLIN,,,,,
FFSU,ID,57237012101,57237,121,1,2024,2,True,WARFARIN S,,,,,
MCOU,IL,25682001612,25682,16,12,2024,3,True,STRENSIQ 4,,,,,
FFSU,ID,65862047099,65862,470,99,2024,1,False,LOSARTAN-H,4552.0,123.0,1932.83,1932.83,0.0
FFSU,ID,55513011101,55513,111,1,2024,2,True,ARANESP   ,,,,,
FFSU,IL,555901858,555,9018,58,2024,4,False,TRI SPRINT,6300.0,118.0,1556.84,1555.68,1.16
FFSU,IL,72205002590,72205,25,90,2024,4,True,ATORVASTAT,,,,,
MCOU,IL,16714068102,16714,681,2,2024,3,False,SIMVASTATI,2107.0,39.0,440.48,440.48,0.0
FFSU,ID,16571040210,16571,402,10,2024,1,False,CETIRIZINE,2578.0,79.0,914.14,906.14,8.0
FFSU,ID,641604225,641,6042,25,2024,1,True,KETOROLAC ,,,,,
FFSU,IL,69315030805,69315,308,5,2024,3,False,CIPROFLOXA,165.0,28.0,344.99,326.5,18.49
FFSU,ID,536123441,536,1234,41,2024,1,False,ASPIRIN EC,4167.0,135.0,1310.47,1310.47,0.0
FFSU,ID,69097052444,69097,524,44,2024,3,False,DICLOFENAC,148736.0,1156.0,25244.4,25242.99,1.41
FFSU,IL,781236101,781,2361,1,2024,4,True,METHYLPHEN,,,,,
MCOU,IL,43598034901,43598,349,1,2024,4,True,PROGESTERO,,,,,
FFSU,ID,409156010,409,1560,10,2024,1,True,MARCAINE  ,,,,,
FFSU,ID,93735556,93,7355,56,2024,1,False,FINASTERID,366.0,12.0,169.93,169.93,0.0
FFSU,IL,52817033110,52817,331,10,2024,3,True,CYCLOBENZA,,,,,
FFSU,IL,59651027001,59651,270,1,2024,3,True,GLIPIZIDE ,,,,,
FFSU,ID,62135035005,62135,350,5,2024,1,True,ONDANSETRO,,,,,
FFSU,IL,65862016999,65862,169,99,2024,3,False,ATENOLOL 5,1201.0,25.0,240.59,240.59,0.0
MCOU,IL,82009001890,82009,18,90,2024,4,False,ROSUVASTAT,1080.0,12.0,149.49,149.49,0.0
FFSU,IL,70000006501,70000,65,1,2024,4,True,LDR MILK O,,,,,
MCOU,IL,50228042790,50228,427,90,2024,4,False,SOLIFENACI,3602.0,111.0,1475.27,1471.01,4.26
FFSU,ID,43598016701,43598,167,1,2024,1,True,CHLORTHALI,,,,,
MCOU,IL,45963067711,45963,677,11,2024,4,False,METOPROLOL,60568.0,736.0,11234.85,11218.78,16.07
FFSU,IL,904701420,904,7014,20,2024,4,False,ACETAMINOP,13316.6,29.0,281.19,281.19,0.0
FFSU,ID,59651014030,59651,140,30,2024,1,True,NEBIVOLOL ,,,,,
MCOU,IL,60505016501,60505,165,1,2024,4,False,FLUVOXAMIN,14025.0,354.0,5200.85,5200.85,0.0
FFSU,IL,9003928,9,39,28,2024,4,True,SOLU MEDRO,,,,,
MCOU,IL,62175027241,62175,272,41,2024,4,True,OXYBUTYNIN,,,,,
MCOU,IL,23155065201,23155,652,1,2024,3,False,METRONIDAZ,448.0,23.0,329.03,329.03,0.0
FFSU,ID,76282070605,76282,706,5,2024,3,False,GABAPENTIN,3552.0,42.0,670.31,670.31,0.0
FFSU,IL,93220301,93,2203,1,2024,3,False,METOCLOPRA,3561.0,64.0,408.57,399.71,8.86
FFSU,IL,93929467,93,9294,67,2024,3,True,CLONAZEPAM,,,,,
FFSU,IL,61314064511,61314,645,11,2024,4,False,NEO/POLY/H,420.0,42.0,2205.36,2048.38,156.98
FFSU,ID,44567062124,44567,621,24,2024,2,True,CALCIUM GL,,,,,
FFSU,IL,62332073831,62332,738,31,2024,4,True,CHLORPROMA,,,,,
FFSU,ID,72603023001,72603,230,1,2024,2,True,HALOPERIDO,,,,,
FFSU,IL,23530105,23,5301,5,2024,3,True,RESTASIS M,,,,,
MCOU,IL,49348068972,49348,689,72,2024,4,True,MICONAZOLE,,,,,
MCOU,IL,62756096888,62756,968,88,2024,3,True,CALCITRIOL,,,,,
FFSU,IL,54123011430,54123,114,30,2024,4,True,ZUBSOLV 11,,,,,
FFSU,ID,65250013304,65250,133,4,2024,1,False,EXPAREL   ,1135.038,87.0,2044.32,1864.8,179.52
FFSU,ID,72572025525,72572,255,25,2024,1,False,HEPARIN SO,14.0,12.0,7.7,7.18,0.52
FFSU,IN,904673059,904,6730,59,2024,4,False,APAP ES 50,1993.0,18.0,223.79,223.79,0.0
FFSU,IN,31722029310,31722,293,10,2024,4,True,LEVOTHYROX,,,,,
MCOU,IL,52817032510,52817,325,10,2024,2,False,MIDODRINE ,6803.0,76.0,2175.9,2175.9,0.0
MCOU,IN,13668022030,13668,220,30,2024,4,False,ARIPIPRAZO,2465.0,70.0,1266.96,1255.84,11.12
FFSU,IN,67877072592,67877,725,92,2024,4,True,SODIUM SUL,,,,,
MCOU,IN,13107007905,13107,79,5,2024,4,False,TRAZODONE ,31686.0,875.0,8362.43,8356.23,6.2
MCOU,IN,50228046001,50228,460,1,2024,4,False,CARBIDOPA ,7042.0,33.0,1367.15,1367.15,0.0
MCOU,IN,33342048330,33342,483,30,2024,4,True,NYSTATIN &,,,,,
MCOU,IL,68001018103,68001,181,3,2024,1,False,QUETIAPINE,1423.0,64.0,500.92,500.92,0.0
FFSU,IL,45802040109,45802,401,9,2024,1,True,CICLOPIROX,,,,,
FFSU,IL,67877056205,67877,562,5,2024,2,True,METFORMIN ,,,,,
MCOU,IL,597005345,597,53,45,2024,1,False,GLUCAGEN 1,18.0,15.0,1973.21,1973.21,0.0
MCOU,IL,16714024801,16714,248,1,2024,1,False,FOSAPREP D,88.33,143.0,1593.24,1527.4,65.84
FFSU,IL,45802006070,45802,60,70,2024,2,True,BACITRACIN,,,,,
FFSU,IL,55111053201,55111,532,1,2024,2,False,DIVALPROEX,21326.0,76.0,4792.07,3973.02,819.05
MCOU,IN,60846080401,60846,804,1,2024,4,False,UNITHROID ,1363.0,23.0,2856.55,2856.55,0.0
FFSU,IL,71699020228,71699,202,28,2024,3,True,XCOPRI CEN,,,,,
MCOU,IL,76282073010,76282,730,10,2024,3,False,LISINOPRIL,1678.0,35.0,159.24,159.24,0.0
MCOU,IL,68645056354,68645,563,54,2024,1,False,IBUPROFEN ,145550.0,3071.0,16761.89,16757.35,4.54
FFSU,IN,69020701,69,207,1,2024,4,False,ABRYSVO   ,28.0,28.0,8595.56,8595.56,0.0
MCOU,IL,70010006401,70010,64,1,2024,1,False,METFORMIN ,7670.0,135.0,911.33,911.33,0.0
MCOU,IL,8121101,8,1211,1,2024,2,True,PRISTIQ EX,,,,,
MCOU,IN,31722056560,31722,565,60,2024,4,False,INDOMETHAC,412.0,11.0,100.6,100.6,0.0
MCOU,IL,51801001230,51801,12,30,2024,2,True,EFFER-K 20,,,,,
MCOU,IL,536111825,536,1118,25,2024,1,False,CAPSAICIN ,2514.0,36.0,167.12,167.12,0.0
MCOU,IL,33342014609,33342,146,9,2024,2,False,ZIPRASIDON,3319.0,120.0,1476.14,1476.14,0.0
MCOU,IN,60687069921,60687,699,21,2024,4,True,CEFDINIR C,,,,,
FFSU,IN,68462012601,68462,126,1,2024,4,True,GABAPENTIN,,,,,
MCOU,IN,67877041401,67877,414,1,2024,4,False,METFORMIN ,38529.0,513.0,6385.75,6385.75,0.0
MCOU,IL,68308015215,68308,152,15,2024,2,False,NYSTATIN T,3600.0,148.0,1352.88,1352.49,0.39
MCOU,IN,24385048478,24385,484,78,2024,4,False,EXTRA STRE,586.0,15.0,32.34,32.34,0.0
FFSU,IN,51672201802,51672,2018,2,2024,4,True,HYDROCORTI,,,,,
MCOU,IL,45802048526,45802,485,26,2024,2,False,FLUOCINOLO,4849.48,41.0,1188.74,1188.74,0.0
MCOU,IL,69015111,69,151,11,2024,1,False,INLYTA (AX,956.0,16.0,313098.72,313098.72,0.0
MCOU,IL,42858000201,42858,2,1,2024,2,False,OXYCODONE ,32477.0,448.0,5719.46,5719.46,0.0
FFSU,IL,68180011807,68180,118,7,2024,2,True,LEVETIRACE,,,,,
MCOU,IN,93226401,93,2264,1,2024,4,True,AMOXICILLI,,,,,
FFSU,IL,16714015801,16714,158,1,2024,2,True,PROGESTER ,,,,,
MCOU,IN,69680015892,69680,158,92,2024,4,False,BUPROPION ,2268.0,54.0,455.66,455.66,0.0
MCOU,IL,43547052709,43547,527,9,2024,2,True,NEBIVOLOL ,,,,,
MCOU,IL,52544069419,52544,694,19,2024,2,True,MATZIM LA ,,,,,
MCOU,IN,62332074631,62332,746,31,2024,4,False,GUANFACINE,17115.0,570.0,7012.67,6923.45,89.22
MCOU,IL,406012701,406,127,1,2024,1,False,METHYLPHEN,986.0,33.0,1141.24,1141.24,0.0
MCOU,IL,69543012510,69543,125,10,2024,2,True,GLIMEPIRAD,,,,,
FFSU,IL,64764080028,64764,800,28,2024,2,True,LIVTENCITY,,,,,
FFSU,IN,24979019801,24979,198,1,2024,4,False,GUANFACINE,6352.0,121.0,2464.51,2299.2,165.31
FFSU,IL,50458059601,50458,596,1,2024,1,False,RISPERIDON,2446.0,20.0,706.07,504.18,201.89
MCOU,IN,832830130,832,8301,30,2024,4,True,ISOTRETINO,,,,,
MCOU,IL,143957001,143,9570,1,2024,2,False,SODIUM FER,370.0,37.0,779.6,779.6,0.0
MCOU,IN,51801000140,51801,1,40,2024,4,False,EFFER-K TA,232.0,26.0,200.09,200.09,0.0
MCOU,IL,83257000412,83257,4,12,2024,2,False,OGIVRI FOR,30.557,27.0,61819.83,61819.83,0.0
MCOU,IL,16729007212,16729,72,12,2024,2,False,CAPECITABI,1228.0,13.0,508.76,508.76,0.0
MCOU,IL,82009012305,82009,123,5,2024,2,True,LEVETIRACE,,,,,
FFSU,IN,121115400,121,1154,0,2024,4,True,LACTULOSE ,,,,,
MCOU,IL,57841130101,57841,1301,1,2024,1,True,MOVANTIK 2,,,,,
MCOU,IL,378292093,378,2920,93,2024,1,True,TELMISARTA,,,,,
MCOU,IN,68094003758,68094,37,58,2024,4,True,CHILDREN'S,,,,,
MCOU,IN,527513762,527,5137,62,2024,4,True,OSELTAMIVI,,,,,
MCOU,IN,70700012184,70700,121,84,2024,4,True,TRI ESTARY,,,,,
MCOU,IL,72305008830,72305,88,30,2024,3,True,EUTHYROX T,,,,,
MCOU,IN,51144000260,51144,2,60,2024,4,True,TUKYSA 150,,,,,
FFSU,IL,68180075501,68180,755,1,2024,1,True,AMLODIPINE,,,,,
FFSU,IL,70010014801,70010,148,1,2024,2,False,POTASSIUM ,1096.0,19.0,237.7,237.7,0.0
MCOU,IN,43598050930,43598,509,30,2024,4,False,ESOMEPRAZO,9429.0,171.0,3845.29,3839.18,6.11
MCOU,IL,23917710,23,9177,10,2024,1,True,ALPHAGAN P,,,,,
FFSU,IN,21922006330,21922,63,30,2024,4,True,TRIAMCINOL,,,,,
FFSU,IL,67112010100,67112,101,0,2024,1,True,TRICARE PR,,,,,
MCOU,IL,16729022716,16729,227,16,2024,1,False,SPIRONOLAC,990.0,18.0,362.07,362.07,0.0
MCOU,IL,68001043725,68001,437,25,2024,2,True,ZOLEDRONIC,,,,,
MCOU,IN,50742025901,50742,259,1,2024,4,True,CARBAMAZEP,,,,,
MCOU,IL,72305010030,72305,100,30,2024,3,True,EUTHYROX T,,,,,
MCOU,IL,69238101703,69238,1017,3,2024,2,False,ISOTRETINO,3000.0,58.0,8335.95,8335.95,0.0
MCOU,IL,69367027204,69367,272,4,2024,1,False,CODEINE - ,18883.0,130.0,1222.83,1222.83,0.0
MCOU,IL,31722066530,31722,665,30,2024,2,False,ESOMEPRAZO,1408.0,33.0,424.61,424.61,0.0
MCOU,IL,50111064802,50111,648,2,2024,2,False,FLUOXETINE,6778.0,145.0,1216.72,1216.72,0.0
MCOU,IL,70954040310,70954,403,10,2024,2,False,DEXAMETHAS,14372.0,1019.0,9673.33,9648.29,25.04
FFSU,IL,45802010196,45802,101,96,2024,1,True,BENZOYL PE,,,,,
MCOU,IL,72064015030,72064,150,30,2024,1,True,AYVAKIT 50,,,,,
FFSU,IN,71894012604,71894,126,4,2024,4,True,ZOLGENSMA ,,,,,
MCOU,IL,72578000818,72578,8,18,2024,2,False,METRONIDAZ,1057.0,74.0,389.75,389.75,0.0
MCOU,IL,72065012112,72065,121,12,2024,2,False,GVOKE HYPO,404.2,985.0,685272.58,682476.2,2796.38
MCOU,IL,69097083207,69097,832,7,2024,1,False,BENZTROPIN,1260.0,30.0,430.91,430.91,0.0
MCOU,IL,113047978,113,479,78,2024,2,True,DIPHENHYDR,,,,,
FFSU,IN,65042637,65,426,37,2024,4,True,GENTEAL TE,,,,,
MCOU,IN,55513081060,55513,810,60,2024,4,True,CORLANOR (,,,,,
MCOU,IN,72319002102,72319,21,2,2024,4,False,RANOLAZINE,4456.0,68.0,954.12,954.12,0.0
MCOU,IL,57237000730,57237,7,30,2024,1,False,MIRTAZAPIN,20824.0,579.0,15461.68,15300.16,161.52
MCOU,IN,59011075204,59011,752,4,2024,4,False,BUTRANS (B,732.0,179.0,94974.98,93603.41,1371.57
FFSU,IL,70121155201,70121,1552,1,2024,1,True,METHYLPRED,,,,,
MCOU,IL,69097032289,69097,322,89,2024,2,True,DIMETHYL F,,,,,
FFSU,IL,43547031509,43547,315,9,2024,1,True,VALSARTAN/,,,,,
MCOU,IL,62584026501,62584,265,1,2024,1,True,METOPROLOL,,,,,
MCOU,IL,42858035340,42858,353,40,2024,2,True,BUPRENORPH,,,,,
FFSU,IL,53489032901,53489,329,1,2024,2,True,SPIRONOLAC,,,,,
MCOU,IN,65862066630,65862,666,30,2024,4,False,ARIPIPRAZO,7999.0,172.0,4732.01,4657.89,74.12
FFSU,IN,65862069960,65862,699,60,2024,4,True,CEFUROXIME,,,,,
MCOU,IN,42806013324,42806,133,24,2024,4,False,LEUCOVORIN,406.0,15.0,1505.67,1505.67,0.0
MCOU,IL,59762136401,59762,1364,1,2024,1,True,PREGABALIN,,,,,
FFSU,IL,68462022201,68462,222,1,2024,2,False,LITHIUM CA,4922.0,103.0,1173.14,1046.73,126.41
MCOU,IN,173086906,173,869,6,2024,4,False,ANORO ELLI,379.0,28.0,3116.56,3116.56,0.0
MCOU,IL,51672403703,51672,4037,3,2024,1,False,ENALAPRIL ,4425.5,85.0,856.33,856.33,0.0
MCOU,IN,60505463203,60505,4632,3,2024,4,True,CYCLOSPORI,,,,,
MCOU,IN,43975044410,43975,444,10,2024,4,True,FENOFIBRAT,,,,,
FFSU,IL,70436016701,70436,167,1,2024,1,True,METOPROLOL,,,,,
FFSU,IL,65862076390,65862,763,90,2024,1,True,PREGABALIN,,,,,
MCOU,IL,16714014401,16714,144,1,2024,1,False,ARIPIPRAZO,10167.0,312.0,4147.31,4147.31,0.0
FFSU,IL,378041501,378,415,1,2024,1,True,DIPHENOXYL,,,,,
MCOU,IL,29300015501,29300,155,1,2024,2,False,ALFUZOSIN ,4684.0,104.0,1111.7,1111.7,0.0
MCOU,IN,68180012201,68180,122,1,2024,4,False,CEPHALEXIN,2702.0,118.0,965.05,959.58,5.47
MCOU,IN,63304045001,63304,450,1,2024,4,False,MORPHINE S,9456.0,174.0,2501.37,2501.37,0.0
FFSU,IN,42543049705,42543,497,5,2024,4,False,AMANTADINE,4875.0,64.0,2022.67,1998.37,24.3
FFSU,IN,69097081307,69097,813,7,2024,4,True,GABAPENTIN,,,,,
FFSU,IN,62332034031,62332,340,31,2024,4,True,MIDODRINE ,,,,,
MCOU,IL,59746070301,59746,703,1,2024,1,True,DOXEPIN HC,,,,,
MCOU,IN,527411637,527,4116,37,2024,4,False,PROPRANOLO,17853.0,463.0,6223.85,6202.43,21.42
FFSU,IL,71104080601,71104,806,1,2024,1,True,ELOCTATE 2,,,,,
MCOU,IL,70700011484,70700,114,84,2024,1,True,LORYNA DRO,,,,,
FFSU,IL,68001040103,68001,401,3,2024,2,False,FLUOXETINE,1327.0,37.0,397.68,382.58,15.1
MCOU,IL,591241101,591,2411,1,2024,1,True,METFORMIN ,,,,,
MCOU,IN,57237005860,57237,58,60,2024,4,True,CEFUROXIME,,,,,
FFSU,IN,45802012801,45802,128,1,2024,4,False,CLINDAMYCI,660.0,11.0,293.12,293.12,0.0
MCOU,IL,169183302,169,1833,2,2024,1,True,NOVOLIN R ,,,,,
MCOU,IN,65862033530,65862,335,30,2024,4,True,ABACAVIR S,,,,,
MCOU,IL,68462033290,68462,332,90,2024,1,False,PRAMIPEXOL,17090.0,168.0,1722.49,1722.24,0.25
FFSU,IN,50458063965,50458,639,65,2024,4,True,TOPAMAX 25,,,,,
MCOU,IL,378581477,378,5814,77,2024,1,False,VALSARTAN ,31444.0,391.0,7142.87,7142.87,0.0
MCOU,IN,23155002301,23155,23,1,2024,4,False,BUSPIRONE ,5661.0,85.0,415.07,415.07,0.0
FFSU,IL,69448000538,69448,5,38,2024,2,True,PARAPLATIN,,,,,
FFSU,IL,33342033180,33342,331,80,2024,2,True,TRIAMCINOL,,,,,
MCOU,IL,338001738,338,17,38,2024,1,False,DEXTROSE 5,17400.0,23.0,78.07,78.07,0.0
MCOU,IL,42571025101,42571,251,1,2024,1,False,CLINDAMYCI,6105.0,149.0,1802.51,1802.51,0.0
FFSU,IN,49884016111,49884,161,11,2024,4,True,CALCITONIN,,,,,
MCOU,IL,536137575,536,1375,75,2024,1,False,MICONAZOLE,1421.0,36.0,348.42,348.42,0.0
MCOU,IL,378180577,378,1805,77,2024,1,True,LEVOTHYROX,,,,,
MCOU,IN,59762500006,59762,5000,6,2024,4,False,SULFASALAZ,11755.0,71.0,1615.39,1605.2,10.19
FFSU,IL,65862020190,65862,201,90,2024,2,False,LOSARTAN P,692.0,18.0,196.97,196.97,0.0
MCOU,IL,72888012005,72888,120,5,2024,1,False,"LABETALOL,",720.0,12.0,201.13,201.13,0.0
MCOU,IN,70700014617,70700,146,17,2024,4,True,FLUOCINONI,,,,,
MCOU,IN,68974087640,68974,876,40,2024,4,True,CHENODAL 2,,,,,
FFSU,IL,169320415,169,3204,15,2024,2,False,FIASP FLEX,426.0,29.0,22545.68,10720.78,11824.9
MCOU,IL,185012201,185,122,1,2024,2,False,NITROFURAN,3578.0,295.0,3082.14,3082.14,0.0
MCOU,IL,43547022610,43547,226,10,2024,2,False,METHOCARBA,766.0,12.0,162.79,162.79,0.0
MCOU,IL,16714079801,16714,798,1,2024,1,False,SUMATRIP T,5621.0,587.0,7807.7,7793.6,14.1
MCOU,IL,23155060701,23155,607,1,2024,2,False,GLYCOPYRRO,15632.0,241.0,4581.42,4485.99,95.43
FFSU,IL,72266025201,72266,252,1,2024,2,True,CISPLATIN ,,,,,
FFSU,IN,68001041103,68001,411,3,2024,4,False,GABAPENTIN,6090.0,55.0,1064.07,1064.07,0.0
MCOU,IL,228145303,228,1453,3,2024,2,True,LAMOTRIGIN,,,,,
FFSU,IL,52652400101,52652,4001,1,2024,1,True,EPANED (EN,,,,,
MCOU,IL,68462043790,68462,437,90,2024,1,True,OLMESARTAN,,,,,
FFSU,IL,555099702,555,997,2,2024,2,False,FLUDROCORT,2423.5,53.0,1064.75,939.44,125.31
MCOU,IN,46122022575,46122,225,75,2024,4,True,GNP ANTACI,,,,,
MCOU,IN,64370037501,64370,375,1,2024,4,False,HEMANGEOL ,49.0,49.0,29059.34,29059.34,0.0
MCOU,IL,562780505,562,7805,5,2024,1,False,RHOGAM ULT,33.0,33.0,2369.23,2369.23,0.0
MCOU,IL,72603013101,72603,131,1,2024,3,True,DOFETILIDE,,,,,
MCOU,IN,70752012905,70752,129,5,2024,4,False,TRIAMCINOL,4020.0,64.0,1711.56,1711.56,0.0
MCOU,IN,46122062662,46122,626,62,2024,4,True,CETIRIZINE,,,,,
MCOU,IL,29300014810,29300,148,10,2024,2,False,QUETIAPINE,20964.0,439.0,4490.48,4337.58,152.9
FFSU,IN,29300041305,29300,413,5,2024,4,False,CYCLOBENZA,1166.0,22.0,217.65,217.65,0.0
MCOU,IL,69238183501,69238,1835,1,2024,2,False,LEVOTHYROX,43789.5,651.0,7858.24,7854.87,3.37
MCOU,IL,29033000101,29033,1,1,2024,2,False,THEOPHLLIN,570.0,18.0,483.71,483.71,0.0
FFSU,IL,517231005,517,2310,5,2024,1,False,VENOFER (I,835.0,85.0,5043.81,2673.69,2370.12
MCOU,IL,72205014299,72205,142,99,2024,1,False,LOSARTAN P,15941.0,205.0,2029.5,2029.28,0.22
MCOU,IN,17433987605,17433,9876,5,2024,4,True,ENEMEEZ MI,,,,,
MCOU,IL,62756042790,62756,427,90,2024,2,False,CPRFLXNHCL,2527.5,336.0,37957.88,37550.96,406.92
MCOU,IL,61703035038,61703,350,38,2024,2,False,METHOTREXA,1191.0,240.0,5296.69,5246.6,50.09
MCOU,IN,70255002501,70255,25,1,2024,4,False,BRAFTOVI 7,3330.0,19.0,294572.56,294572.56,0.0
FFSU,IL,60505618406,60505,6184,6,2024,2,True,POTASSIUM ,,,,,
MCOU,IL,71101768,71,1017,68,2024,2,True,LYRICA (PR,,,,,
MCOU,IL,591333105,591,3331,5,2024,1,False,BUPROPION ,6226.0,136.0,1767.21,1767.21,0.0
MCOU,IL,43547033109,43547,331,9,2024,1,False,IRBESARTAN,5520.0,118.0,2148.18,2148.18,0.0
MCOU,IL,60432046400,60432,464,0,2024,2,False,LIDOCAINE ,6516.667,14.0,339.72,339.72,0.0
FFSU,IL,57894050220,57894,502,20,2024,2,True,DARZALEX (,,,,,
MCOU,IN,55150024747,55150,247,47,2024,4,False,LEVETIRACE,2300.0,21.0,1706.92,66.0,1640.92
FFSU,IN,60505025202,60505,252,2,2024,4,False,TIZANIDINE,6642.0,80.0,1034.51,1034.51,0.0
FFSU,IL,68462019001,68462,190,1,2024,2,False,NAPROXEN T,3178.0,65.0,633.42,583.73,49.69
FFSU,IN,67457048300,67457,483,0,2024,4,True,DEXAMETHAS,,,,,
MCOU,IN,6027782,6,277,82,2024,4,True,JANUVIA 10,,,,,
MCOU,IL,69543012410,69543,124,10,2024,1,False,GLIMEPIRAD,3150.0,66.0,656.32,656.32,0.0
MCOU,IL,49884015676,49884,156,76,2024,1,False,VARENICLIN,27099.5,482.0,77666.56,77666.56,0.0
MCOU,IL,65862075360,65862,753,60,2024,2,False,VALGANCICL,4663.0,83.0,8261.86,8261.86,0.0
FFSU,IL,45802010401,45802,104,1,2024,1,True,OLAPATADIN,,,,,
MCOU,IL,781236801,781,2368,1,2024,1,False,AMPHETAMIN,4128.0,138.0,4106.46,4106.46,0.0
MCOU,IL,68180096809,68180,968,9,2024,2,False,LEVOTHYROX,7029.0,151.0,1752.03,1752.03,0.0
MCOU,IL,59762121103,59762,1211,3,2024,1,True,DESVENLAFA,,,,,
FFSU,IL,76961010101,76961,101,1,2024,2,False,ROLVEDON  ,14.4,24.0,71187.21,14468.91,56718.3
MCOU,IL,61442011701,61442,117,1,2024,1,True,GLIMEPIRID,,,,,
MCOU,IN,25021081530,25021,815,30,2024,4,True,LEUCOVORIN,,,,,
FFSU,IL,245014430,245,144,30,2024,2,True,PACERONE 1,,,,,
MCOU,IN,93770198,93,7701,98,2024,4,False,LEVOCETIRI,2242.0,69.0,858.8,603.06,255.74
MCOU,IN,143301830,143,3018,30,2024,4,False,COLCHICINE,345.0,11.0,1338.43,1338.43,0.0
FFSU,IL,60505622600,60505,6226,0,2024,1,True,ATROPINE S,,,,,
MCOU,IL,16714087801,16714,878,1,2024,2,False,LIDOCAINE ,5067.92,105.0,1298.64,1298.64,0.0
MCOU,IL,62332009631,62332,96,31,2024,1,False,LAMOTRIGIN,3575.0,21.0,552.25,550.49,1.76
MCOU,IL,53746020401,53746,204,1,2024,2,True,OXYCODONE ,,,,,
MCOU,IN,54455025,54,4550,25,2024,4,True,METHOTREX ,,,,,
MCOU,IL,47335005040,47335,50,40,2024,1,True,DOXORUBICI,,,,,
FFSU,IN,64980020905,64980,209,5,2024,4,False,OXYBUTYNIN,936.0,30.0,387.27,387.27,0.0
FFSU,IL,52536013413,52536,134,13,2024,1,True,ERYTHROMYC,,,,,
MCOU,IL,69238105401,69238,1054,1,2024,2,True,CHLORPROMA,,,,,
MCOU,IL,72603011502,72603,115,2,2024,2,False,TAMSULOSIN,18264.0,397.0,4730.76,4730.76,0.0
FFSU,IN,904674770,904,6747,70,2024,1,False,IBUPROFEN ,1784.0,31.0,365.13,365.13,0.0
MCOU,IN,31722053301,31722,533,1,2024,1,False,METHOCARBA,53521.0,904.0,9756.92,9632.39,124.53
MCOU,IN,57664050658,57664,506,58,2024,3,False,METOPROLOL,1329.0,25.0,126.06,126.06,0.0
MCOU,IN,13668013301,13668,133,1,2024,1,False,FELODIPINE,870.0,11.0,348.19,320.14,28.05
FFSU,IN,67457040900,67457,409,0,2024,1,True,HALOPERIDO,,,,,
FFSU,IN,13107003134,13107,31,34,2024,1,False,MIRTAZAPIN,19899.0,566.0,6764.82,6731.16,33.66
FFSU,IN,50228043505,50228,435,5,2024,1,True,NAPROXEN 3,,,,,
MCOU,IN,42227008301,42227,83,1,2024,1,True,CINRYZE 50,,,,,
FFSU,IN,68180061307,68180,613,7,2024,2,False,QUETIAPINE,1201.0,36.0,612.99,612.99,0.0
FFSU,IN,50111056001,50111,560,1,2024,2,False,TRAZODONE ,22681.0,749.0,7206.35,7189.88,16.47
MCOU,IN,68382025016,68382,250,16,2024,3,True,ATORVASTAT,,,,,
FFSU,IN,904698520,904,6985,20,2024,2,False,DIPHENHYDR,3760.0,23.0,158.47,158.47,0.0
FFSU,IN,23155066201,23155,662,1,2024,2,False,CALCITRIOL,885.0,72.0,673.04,673.04,0.0
MCOU,IN,49884048611,49884,486,11,2024,3,False,LAMOTRIGIN,5463.0,79.0,11389.89,11248.73,141.16
MCOU,IN,59651031677,59651,316,77,2024,3,False,TIZANIDINE,3222.0,29.0,889.98,889.98,0.0
MCOU,IN,60505619702,60505,6197,2,2024,1,False,SIROLIMUS ,2070.0,32.0,21190.51,21190.51,0.0
MCOU,IN,72888014330,72888,143,30,2024,4,True,DESVENLAFA,,,,,
MCOU,IN,54032856,54,328,56,2024,3,False,FLUTICASON,37200.0,536.0,80302.5,80152.92,149.58
MCOU,IN,69315015501,69315,155,1,2024,2,False,HYDROCHLOR,131886.0,2112.0,13517.66,13511.87,5.79
MCOU,IN,93007301,93,73,1,2024,1,False,ZOLPIDEM T,636.0,25.0,118.98,118.98,0.0
MCOU,IN,70700015010,70700,150,10,2024,2,False,OMEPRAZOLE,81400.5,2048.0,8822.23,8812.23,10.0
MCOU,IN,93071101,93,711,1,2024,3,False,FLURBIPROF,1110.0,15.0,548.01,548.01,0.0
MCOU,IN,31722062390,31722,623,90,2024,1,True,ROFLUMILAS,,,,,
MCOU,IN,55513084301,55513,843,1,2024,3,False,AIMOVIG (E,1168.0,1091.0,828744.37,819609.76,9134.61
MCOU,IN,781196260,781,1962,60,2024,2,False,CLARITHROM,1120.0,43.0,684.55,684.55,0.0
MCOU,IN,43547048710,43547,487,10,2024,3,False,PKGS METHY,42019.0,882.0,9632.61,9621.57,11.04
MCOU,IN,60505530608,60505,5306,8,2024,1,True,ACYCLOVIR ,,,,,
FFSU,IN,68180099706,68180,997,6,2024,1,True,FLUOXETINE,,,,,
MCOU,IN,66302030201,66302,302,1,2024,1,False,ORENITRAM ,2238.0,16.0,30695.73,30695.73,0.0
FFSU,IN,69238105601,69238,1056,1,2024,3,False,CHLORPROMA,556.0,14.0,394.63,391.91,2.72
FFSU,IN,24208063562,24208,635,62,2024,1,False,NEO/POLY B,510.0,50.0,3124.6,3016.88,107.72
MCOU,IN,51672134003,51672,1340,3,2024,1,True,BETAMETHAS,,,,,
MCOU,IN,50228014605,50228,146,5,2024,3,False,HYDROCHLOR,14950.0,314.0,1997.89,1997.89,0.0
MCOU,IN,143902202,143,9022,2,2024,2,False,FULVESTRAN,300.0,30.0,5872.25,5727.96,144.29
FFSU,IN,45802034405,45802,344,5,2024,3,False,NICOTINE P,1824.0,16.0,688.61,688.61,0.0
MCOU,IN,68645035159,68645,351,59,2024,3,True,CARVEDILOL,,,,,
FFSU,IN,93803501,93,8035,1,2024,1,True,GLYBURIDE ,,,,,
FFSU,IN,17772012201,17772,122,1,2024,3,False,OXTELLAR X,2872.0,39.0,34921.94,34921.94,0.0
MCOU,IN,69238173102,69238,1731,2,2024,1,True,PYRIDOSTIG,,,,,
MCOU,IN,47335075649,47335,756,49,2024,3,True,IPRATROPIU,,,,,
FFSU,IN,57664002397,57664,23,97,2024,3,True,ISOTRETINO,,,,,
MCOU,IN,62332010030,62332,100,30,2024,1,False,ARIPIPRAZO,1548.0,47.0,488.32,471.94,16.38
MCOU,IN,536303023,536,3030,23,2024,2,False,NICOTINE G,43200.0,363.0,10097.74,10097.74,0.0
MCOU,IN,70756065125,70756,651,25,2024,3,True,ATROPINE S,,,,,
MCOU,IN,66658023407,66658,234,7,2024,3,False,KINERET 10,619.08,29.0,181030.77,181030.77,0.0
FFSU,IN,24478032102,24478,321,2,2024,1,False,QUILLIVANT,8760.0,79.0,44887.07,41424.41,3462.66
FFSU,IN,51991035105,51991,351,5,2024,2,False,LACOSAMIDE,675.0,12.0,335.47,332.47,3.0
MCOU,IN,904557720,904,5577,20,2024,1,False,CHILD'S IB,8278.0,31.0,209.31,209.31,0.0
MCOU,IN,338011704,338,117,4,2024,3,False,LACTATED R,962000.0,708.0,46261.91,13454.8,32807.11
FFSU,IN,51672412301,51672,4123,1,2024,1,True,CARBAMAZEP,,,,,
MCOU,IN,93220305,93,2203,5,2024,2,False,METOCLOPRA,75769.0,1399.0,8652.64,8650.8,1.84
MCOU,IN,25021023310,25021,233,10,2024,3,True,OXALIPLATI,,,,,
MCOU,IN,93101042,93,1010,42,2024,2,False,MUPIROCIN ,168925.0,7635.0,64851.99,64696.46,155.53
FFSU,IN,168000680,168,6,80,2024,1,False,TRIAMCINOL,5600.0,62.0,849.89,849.89,0.0
MCOU,IN,60219126601,60219,1266,1,2024,2,False,OSELTAMIVI,973.0,99.0,1557.81,1557.81,0.0
FFSU,IN,527139601,527,1396,1,2024,2,False,LOXAPINE C,1264.0,16.0,810.58,810.58,0.0
MCOU,IN,68001023803,68001,238,3,2024,1,False,CLONIDINE ,14063.5,258.0,1736.87,1736.87,0.0
MCOU,IN,536127912,536,1279,12,2024,1,True,CETIRIZINE,,,,,
FFSU,IN,70010074109,70010,741,9,2024,1,True,LOSARTAN P,,,,,
MCOU,IN,76282064038,76282,640,38,2024,4,True,BUDE INH S,,,,,
MCOU,IN,51079014120,51079,141,20,2024,1,True,CHLORDIAZE,,,,,
MCOU,IN,68462025901,68462,259,1,2024,2,True,ROPINIROLE,,,,,
MCOU,IN,71839011010,71839,110,10,2024,3,True,ENOXAPARIN,,,,,
MCOU,IN,43598094330,43598,943,30,2024,1,False,VENLAFAXIN,3844.0,87.0,2258.09,2258.09,0.0
MCOU,IN,93936401,93,9364,1,2024,2,False,GLYBURIDE ,14989.0,124.0,1618.67,1618.67,0.0
MCOU,IN,16729044915,16729,449,15,2024,1,False,LEVOTHYROX,49406.0,849.0,5709.77,5709.77,0.0
FFSU,IN,68001041504,68001,415,4,2024,2,True,DULOXETINE,,,,,
FFSU,IN,27808022501,27808,225,1,2024,2,False,PALIPERIDO,2249.0,79.0,5028.03,5028.03,0.0
MCOU,IN,68462026190,68462,261,90,2024,3,False,ROSUVASTAT,4420.0,97.0,670.08,670.08,0.0
FFSU,IN,50742018425,50742,184,25,2024,1,False,LEUCOVORIN,5780.0,67.0,11184.86,10950.84,234.02
MCOU,IN,76282070605,76282,706,5,2024,4,False,GABAPENTIN,2500.0,38.0,298.57,298.57,0.0
MCOU,IN,70436019804,70436,198,4,2024,3,True,DILTIAZEM ,,,,,
MCOU,IN,70121165201,70121,1652,1,2024,2,False,TRIAMCINOL,46.0,24.0,287.95,236.81,51.14
MCOU,IN,43386002606,43386,26,6,2024,3,True,FLUOCINONI,,,,,
MCOU,IN,51672208002,51672,2080,2,2024,3,False,TERBINAFIN,10137.0,327.0,3191.71,3191.71,0.0
FFSU,IN,75907007532,75907,75,32,2024,3,True,ERRIN (NOR,,,,,
FFSU,IN,49884033601,49884,336,1,2024,2,False,FLUOXETINE,1770.0,37.0,597.91,581.21,16.7
FFSU,IN,72611072225,72611,722,25,2024,2,True,KETOROLAC ,,,,,
MCOU,IN,70710176306,70710,1763,6,2024,1,False,ENOXAPARIN,970.0,33.0,12483.92,12483.92,0.0
FFSU,IN,6508701,6,5087,1,2024,2,True,WINREVAIR ,,,,,
FFSU,IN,82347002504,82347,25,4,2024,3,True,LEVOTHYROX,,,,,
FFSU,IN,69584061150,69584,611,50,2024,2,False,METHOCARBA,9530.0,120.0,1492.93,1492.93,0.0
MCOU,IN,228207750,228,2077,50,2024,3,False,TEMAZEPAM ,262.0,12.0,72.7,72.7,0.0
MCOU,IN,78094625,78,946,25,2024,1,True,TRAVATAN Z,,,,,
MCOU,IN,55150025220,55150,252,20,2024,1,True,LIDOCAINE ,,,,,
FFSU,IN,70954056510,70954,565,10,2024,1,False,ESTRADIOL ,386.0,13.0,133.15,133.15,0.0
MCOU,IN,59651043701,59651,437,1,2024,2,True,DIGOXIN TA,,,,,
MCOU,IN,57664095288,57664,952,88,2024,1,False,MIXED AMP ,628.0,19.0,3831.52,3831.52,0.0
MCOU,IN,70710134809,70710,1348,9,2024,2,True,VENLAFAXIN,,,,,
MCOU,IN,70199001730,70199,17,30,2024,3,True,THALITONE ,,,,,
MCOU,IN,46122014125,46122,141,25,2024,2,True,COUGH DM E,,,,,
MCOU,IN,64380097025,64380,970,25,2024,2,False,HYDROCORTI,39607.0,363.0,9837.82,9816.37,21.45
MCOU,IN,45802049535,45802,495,35,2024,3,False,DESOXIMETA,525.0,15.0,288.47,282.47,6.0
FFSU,IN,58394001401,58394,14,1,2024,3,True,XYNTHA 100,,,,,
FFSU,IN,65862001401,65862,14,1,2024,1,False,AMOXICILLI,797.0,37.0,469.35,469.35,0.0
FFSU,IN,65862006301,65862,63,1,2024,1,True,METOPROLOL,,,,,
MCOU,IN,42858008045,42858,80,45,2024,1,False,METHYLPHEN,487.0,17.0,1616.71,1616.71,0.0
MCOU,IN,61442010201,61442,102,1,2024,2,False,DICLOFENAC,20137.0,340.0,3292.59,3292.59,0.0
FFSU,IN,69452035092,69452,350,92,2024,3,True,GRANISETRO,,,,,
FFSU,IN,245107430,245,1074,30,2024,1,True,QUDEXY XR ,,,,,
MCOU,IN,55111053301,55111,533,1,2024,2,False,DIVALPROEX,16602.0,211.0,6726.17,6726.17,0.0
FFSU,IN,60505024801,60505,248,1,2024,1,False,MIRTAZAPIN,825.0,19.0,212.14,212.14,0.0
FFSU,IN,45802000403,45802,4,3,2024,1,True,HYDROCORTI,,,,,
MCOU,IN,70756072011,70756,720,11,2024,2,True,ACETAZOLAM,,,,,
MCOU,IN,67877057301,67877,573,1,2024,2,True,BENZONATAT,,,,,
MCOU,IN,23155005601,23155,56,1,2024,2,False,GLYBURIDE ,438.0,12.0,63.6,63.6,0.0
MCOU,IN,486112505,486,1125,5,2024,2,True,K-PHOS NEU,,,,,
MCOU,IN,42023016801,42023,168,1,2024,3,True,ADRENALIN ,,,,,
MCOU,IN,68001033400,68001,334,0,2024,1,False,LISINOPRIL,988.0,15.0,114.38,114.38,0.0
MCOU,IN,62559013807,62559,138,7,2024,1,True,HYDROCORTI,,,,,
MCOU,IN,42806001105,42806,11,5,2024,1,True,SULINDAC 2,,,,,
MCOU,IN,68462041929,68462,419,29,2024,1,False,HAILEY FE ,16016.0,331.0,3886.08,3886.08,0.0
MCOU,IN,62175013637,62175,136,37,2024,1,True,OMEPRAZOLE,,,,,
MCOU,IN,61269073063,61269,730,63,2024,2,False,MICONAZOLE,2493.0,56.0,315.09,315.09,0.0
FFSU,IN,536122922,536,1229,22,2024,1,False,CALCIUM EX,5467.0,62.0,510.93,510.93,0.0
FFSU,IN,72511076002,72511,760,2,2024,2,False,REPATHA (E,186.0,67.0,51256.16,51256.16,0.0
MCOU,IN,70954044310,70954,443,10,2024,2,False,MISOPROSTO,1762.0,47.0,979.2,977.18,2.02
MCOU,IN,68462019001,68462,190,1,2024,3,False,NAPROXEN T,35297.0,764.0,8240.45,6689.76,1550.69
MCOU,IN,904635361,904,6353,61,2024,2,True,LEVOFLOXAC,,,,,
MCOU,IN,55513020701,55513,207,1,2024,1,False,MVASI (BEV,4342.8,190.0,761802.17,757828.77,3973.4
FFSU,IN,45802041926,45802,419,26,2024,1,False,AMMONIUM L,11425.0,28.0,748.63,748.63,0.0
MCOU,IN,378821293,378,8212,93,2024,2,True,ERYTHROMYC,,,,,
MCOU,IN,65162076411,65162,764,11,2024,1,True,WARFARIN S,,,,,
FFSU,IN,69238110002,69238,1100,2,2024,2,True,DOXYCYCLIN,,,,,
FFSU,IN,50458057990,50458,579,90,2024,1,False,XARELTO (R,3904.0,156.0,70628.23,70505.28,122.95
MCOU,IN,527810837,527,8108,37,2024,2,False,DEXMETHYLP,4840.0,163.0,8369.77,8146.9,222.87
MCOU,IN,16729045317,16729,453,17,2024,1,False,LEVOTHYROX,5390.0,137.0,1086.01,1086.01,0.0
MCOU,IN,70752013214,70752,132,14,2024,3,False,METHYLPHEN,29978.0,89.0,4010.9,3914.07,96.83
FFSU,IN,43547068810,43547,688,10,2024,3,True,CIPROFLOXA,,,,,
FFSU,IN,456241060,456,2410,60,2024,2,False,SAPHRIS 10,5275.0,102.0,97180.35,97180.35,0.0
MCOU,IN,44087332201,44087,3322,1,2024,2,True,REBIF REBI,,,,,
FFSU,IN,49884012205,49884,122,5,2024,1,True,LABETALOL ,,,,,
MCOU,IN,781517505,781,5175,5,2024,2,True,MYCOPHENOL,,,,,
MCOU,IN,517930501,517,9305,1,2024,2,True,TRALEMENTT,,,,,
MCOU,IN,59746033810,59746,338,10,2024,1,False,LOSARTAN H,5100.0,96.0,2092.99,2079.33,13.66
MCOU,IN,68001025001,68001,250,1,2024,3,False,ZOLMITRIPT,101.0,14.0,234.71,234.71,0.0
MCOU,IN,78206018401,78206,184,1,2024,2,True,HADLIMA 40,,,,,
MCOU,IN,70010077005,70010,770,5,2024,1,False,METHOCARBA,53744.0,756.0,6349.78,6349.78,0.0
FFSU,IN,68462020030,68462,200,30,2024,1,True,TELMISARTA,,,,,
FFSU,IN,378233078,378,2330,78,2024,3,True,RUFINAMIDE,,,,,
FFSU,IN,378632177,378,6321,77,2024,3,True,VALSARTAN ,,,,,
FFSU,IN,45802091939,45802,919,39,2024,3,True,CETIRIZINE,,,,,
MCOU,IN,24979021104,24979,211,4,2024,2,True,TOPIRAMATE,,,,,
FFSU,IN,29300041101,29300,411,1,2024,3,True,ATENOLOL O,,,,,
MCOU,IN,3052411,3,524,11,2024,2,False,SPRYCEL   ,660.0,19.0,214164.65,214164.65,0.0
FFSU,IN,67877043505,67877,435,5,2024,1,False,ARIPIPRAZO,1278.0,43.0,749.71,749.71,0.0
MCOU,IN,378797052,378,7970,52,2024,3,False,IPRATROPIU,38155.0,266.0,3695.45,3636.36,59.09
FFSU,IN,57237004001,57237,40,1,2024,2,True,PENICILLIN,,,,,
MCOU,IN,69238142301,69238,1423,1,2024,2,False,METHOTREXA,18251.0,644.0,7625.98,7623.9,2.08
MCOU,IN,781202005,781,2020,5,2024,3,False,AMOXICILLI,853.0,49.0,173.76,173.76,0.0
MCOU,IN,46122059602,46122,596,2,2024,1,False,GNP ASPIRI,1374.0,39.0,54.14,54.14,0.0
MCOU,IN,63323011761,63323,117,61,2024,1,False,FLUOROURAC,11030.0,118.0,2928.43,2724.77,203.66
MCOU,IN,832167011,832,1670,11,2024,2,False,FLUVOXAMIN,605.0,21.0,397.26,397.26,0.0
MCOU,IN,82009006090,82009,60,90,2024,4,True,FENOFIBRAT,,,,,
FFSU,IN,70436003901,70436,39,1,2024,1,False,GUANFACINE,2487.0,80.0,1238.84,1238.84,0.0
FFSU,IN,47335017795,47335,177,95,2024,1,True,ILUMYA (TI,,,,,
MCOU,IN,42023011310,42023,113,10,2024,3,True,KETALAR C-,,,,,
MCOU,IN,29300034301,29300,343,1,2024,1,False,BACLOFEN 1,15419.0,205.0,1531.17,1531.17,0.0
MCOU,IN,70677117401,70677,1174,1,2024,3,True,F&T NICO P,,,,,
MCOU,IN,33342040530,33342,405,30,2024,3,False,LIDOCAINE ,1142.0,11.0,329.86,329.86,0.0
FFSU,IN,641149635,641,1496,35,2024,2,True,PROMETHAZI,,,,,
FFSU,IN,72888004213,72888,42,13,2024,2,True,POTASSIUM ,,,,,
MCOU,IN,16729027730,16729,277,30,2024,1,False,METHOTREXA,111.8,21.0,248.54,248.54,0.0
FFSU,IN,65219047910,65219,479,10,2024,3,True,LACTATED R,,,,,
MCOU,IN,63459022530,63459,225,30,2024,3,True,NUVIGIL 25,,,,,
MCOU,IN,69680011201,69680,112,1,2024,1,True,CYANOCOBAL,,,,,
MCOU,IN,63304098710,63304,987,10,2024,3,False,POTASSIUM ,684.0,14.0,119.6,119.6,0.0
MCOU,IN,115169549,115,1695,49,2024,3,False,EPINEPHRIN,342.5,311.0,60877.6,60020.72,856.88
MCOU,IN,904664061,904,6640,61,2024,2,True,QUETIAPINE,,,,,
FFSU,IN,46122017708,46122,177,8,2024,2,True,GNP NICOTI,,,,,
MCOU,IN,62332048231,62332,482,31,2024,3,True,DOXYCYCLIN,,,,,
FFSU,IN,60505327600,60505,3276,0,2024,3,True,OLANZAPINE,,,,,
MCOU,IN,55111056430,55111,564,30,2024,1,False,ATOMOXETIN,2504.0,73.0,2866.14,2866.14,0.0
FFSU,IN,59767000401,59767,4,1,2024,1,True,"PERTZYE 4,",,,,,
MCOU,IN,69452029130,69452,291,30,2024,3,False,ACYCLOVIR ,840.0,19.0,226.53,222.99,3.54
FFSU,IN,65862068890,65862,688,90,2024,1,True,SILDENAFIL,,,,,
MCOU,IN,54027903,54,279,3,2024,1,False,NARATRIPTA,114.0,12.0,201.74,201.74,0.0
MCOU,IN,70436001002,70436,10,2,2024,2,False,BUPROPION ,29002.0,686.0,6084.03,6047.61,36.42
MCOU,IN,51660014290,51660,142,90,2024,2,True,VALSARTAN ,,,,,
MCOU,IN,68025001010,68025,10,10,2024,3,True,OB COMPLET,,,,,
FFSU,IN,49884034701,49884,347,1,2024,2,True,PIMOZIDE T,,,,,
MCOU,IN,11980021110,11980,211,10,2024,2,False,FML SUSPEN,130.0,13.0,3971.75,3971.75,0.0
FFSU,IN,69097097902,69097,979,2,2024,3,True,VILAZODONE,,,,,
FFSU,IN,61314065610,61314,656,10,2024,2,True,CIPROFLOXA,,,,,
MCOU,IN,78060905,78,609,5,2024,2,True,FOCALIN XR,,,,,
MCOU,IN,62756052288,62756,522,88,2024,2,True,SUMATRIPTA,,,,,
MCOU,IN,24979070306,24979,703,6,2024,1,True,DEXLANSOPR,,,,,
MCOU,IN,406037605,406,376,5,2024,3,True,HYDROCODON,,,,,
MCOU,IN,121094216,121,942,16,2024,1,True,PHENOBARBI,,,,,
FFSU,IN,169183702,169,1837,2,2024,1,True,NOVOLIN 70,,,,,
MCOU,IN,62332053431,62332,534,31,2024,2,True,METOLAZONE,,,,,
FFSU,IN,24478007601,24478,76,1,2024,3,False,QUILLICHEW,3593.0,112.0,40866.92,40035.47,831.45
FFSU,IN,63323067321,63323,673,21,2024,2,False,PALONOSETR,310.0,62.0,852.0,390.6,461.4
FFSU,IN,58468042601,58468,426,1,2024,3,True,NEXVIAZYME,,,,,
MCOU,IN,78073461,78,734,61,2024,1,False,ILARIS VIA,48.0,35.0,839899.13,839899.13,0.0
MCOU,IN,50268019115,50268,191,15,2024,2,False,CYCLOBENZA,17.0,17.0,1404.54,145.54,1259.0
MCOU,IN,63323091513,63323,915,13,2024,1,True,HEPARIN SO,,,,,
FFSU,IN,57237001405,57237,14,5,2024,2,False,TAMSULOSIN,8842.0,273.0,3257.05,3236.65,20.4
MCOU,IN,70436020201,70436,202,1,2024,3,False,METOPROLOL,1529.0,38.0,167.55,167.55,0.0
FFSU,IN,9307323,9,3073,23,2024,2,True,DEPO-MEDRO,,,,,
FFSU,KY,13668010501,13668,105,1,2024,4,True,ISMN ER 60,,,,,
MCOU,KY,33342033611,33342,336,11,2024,4,False,METHIMAZOL,1911.0,34.0,496.88,496.88,0.0
MCOU,KS,409189013,409,1890,13,2024,3,True,MORPHINE 2,,,,,
MCOU,KY,16714035601,16714,356,1,2024,4,False,LEVETIRACE,1954.0,28.0,478.35,478.35,0.0
MCOU,KY,66215010106,66215,101,6,2024,4,True,TRACLEER (,,,,,
MCOU,KY,16714008111,16714,81,11,2024,4,False,HYDROXYZIN,24730.0,438.0,4656.67,4656.67,0.0
MCOU,KY,50268075611,50268,756,11,2024,4,False,TORSEMIDE ,23.0,74.0,7.22,7.22,0.0
FFSU,KY,42806071505,42806,715,5,2024,4,False,BENZONATAT,2717.0,82.0,1024.5,1024.5,0.0
MCOU,KS,62332048515,62332,485,15,2024,1,False,DESONIDE T,450.0,21.0,500.13,500.13,0.0
MCOU,KS,2821501,2,8215,1,2024,1,False,HUMULIN R ,592.05,90.0,3061.58,3019.55,42.03
MCOU,KS,61269046090,61269,460,90,2024,3,True,XENICAL (O,,,,,
MCOU,KS,51672403301,51672,4033,1,2024,2,False,WARFARIN 6,848.0,23.0,345.9,345.9,0.0
MCOU,KS,64980051505,64980,515,5,2024,2,False,OFLOXACIN ,560.0,104.0,2093.07,2032.7,60.37
MCOU,KS,71288010120,71288,101,20,2024,4,True,OXALIPLATI,,,,,
MCOU,KS,536124710,536,1247,10,2024,3,False,DOCUSATE S,28551.0,499.0,5418.34,5418.34,0.0
MCOU,KY,60687049711,60687,497,11,2024,4,False,LEVOTHYROX,18.0,28.0,26.43,26.43,0.0
FFSU,IN,72485010125,72485,101,25,2024,1,False,DIPHENHYDR,27.0,11.0,47.24,43.84,3.4
MCOU,KS,54253125,54,2531,25,2024,4,False,LITHIUM CA,2445.0,51.0,1076.3,1066.28,10.02
MCOU,KS,68180029506,68180,295,6,2024,1,False,DULOXETINE,1174.0,30.0,406.03,406.03,0.0
MCOU,KY,143962201,143,9622,1,2024,4,False,LABETALOL ,138.0,112.0,1068.86,784.68,284.18
MCOU,KS,70010013501,70010,135,1,2024,1,False,POTASSIUM ,3878.0,96.0,1564.85,1564.85,0.0
MCOU,KS,143930010,143,9300,10,2024,4,True,PANTOPRAZO,,,,,
MCOU,KY,35573046502,35573,465,2,2024,4,False,MIXED AMPH,2841.0,121.0,2464.88,2464.88,0.0
MCOU,KS,378306677,378,3066,77,2024,3,False,FENOFIBRAT,1613.0,40.0,604.35,604.35,0.0
MCOU,KS,47781091601,47781,916,1,2024,2,False,DEXAMETHAS,66.0,25.0,197.85,197.85,0.0
MCOU,KS,68645052354,68645,523,54,2024,4,False,SERTRALINE,37035.0,964.0,9638.07,9419.58,218.49
MCOU,KY,60687043601,60687,436,1,2024,4,True,CELECOXIB ,,,,,
MCOU,KY,68180023007,68180,230,7,2024,4,False,MEMANTINE ,1996.0,39.0,478.65,478.65,0.0
FFSU,KY,65862066130,65862,661,30,2024,4,False,ARIPIPRAZO,1252.0,38.0,426.77,426.77,0.0
MCOU,KS,65862005299,65862,52,99,2024,3,False,SIMVASTATI,3828.0,69.0,791.13,791.13,0.0
MCOU,KY,29300015116,29300,151,16,2024,4,False,QUETIAPINE,2249.0,63.0,835.92,835.92,0.0
MCOU,KY,51672402701,51672,4027,1,2024,4,False,WARFARIN 1,2039.0,44.0,518.5,518.5,0.0
MCOU,KS,72205005108,72205,51,8,2024,4,False,ALBENDAZOL,102.0,26.0,1245.94,927.24,318.7
MCOU,KS,555087202,555,872,2,2024,2,False,MEDROXYPRO,402.0,11.0,141.99,141.99,0.0
MCOU,KS,69660020291,69660,202,91,2024,4,True,RUBRACA   ,,,,,
MCOU,KS,63323060798,63323,607,98,2024,3,True,ENOXAPARIN,,,,,
MCOU,KY,228202950,228,2029,50,2024,4,False,ALPRAZOLAM,41780.0,727.0,8176.51,8176.51,0.0
MCOU,KS,60687045701,60687,457,1,2024,4,False,IBUPROFEN ,14.0,24.0,0.67,0.67,0.0
MCOU,KY,69097036202,69097,362,2,2024,4,True,ABACAVIR-L,,,,,
MCOU,KS,70677105302,70677,1053,2,2024,4,True,LORATADINE,,,,,
MCOU,KS,407294302,407,2943,2,2024,3,True,CLARISCAN ,,,,,
FFSU,KY,62332003031,62332,30,31,2024,4,False,ROPINIROLE,1724.0,46.0,467.05,467.05,0.0
MCOU,KS,42192060716,42192,607,16,2024,2,False,BROMPHENIR,46073.0,398.0,7568.22,7422.05,146.17
MCOU,KS,69584061110,69584,611,10,2024,3,True,METHOCARBA,,,,,
MCOU,KS,50111078855,50111,788,55,2024,3,True,AZITHROMYC,,,,,
MCOU,KY,29300038005,29300,380,5,2024,4,False,DIVALPROEX,1086.0,18.0,333.94,333.94,0.0
MCOU,KS,338005403,338,54,3,2024,1,True,3% SODIUM ,,,,,
MCOU,KY,13107003234,13107,32,34,2024,4,False,MIRTAZAPIN,12826.0,373.0,5092.55,5092.55,0.0
MCOU,KS,713053612,713,536,12,2024,4,False,PROMETHEGA,148.0,12.0,475.58,475.58,0.0
MCOU,KY,51991000690,51991,6,90,2024,4,False,DESVENLAFZ,750.0,25.0,563.76,563.76,0.0
MCOU,KS,378729953,378,7299,53,2024,2,False,DROSP/ETHI,2772.0,61.0,1151.7,1151.7,0.0
MCOU,KS,63323046557,63323,465,57,2024,4,True,SENSORCAIN,,,,,
MCOU,KS,378470577,378,4705,77,2024,2,True,SAXAGLIPTI,,,,,
MCOU,KY,378210005,378,2100,5,2024,4,False,LOPERAMIDE,725.0,22.0,277.06,277.06,0.0
MCOU,KS,13668018190,13668,181,90,2024,1,True,ROSUVASTAT,,,,,
MCOU,KS,29300047705,29300,477,5,2024,2,False,BUSPIRONE ,11476.5,165.0,2171.81,2127.14,44.67
MCOU,KY,67877050230,67877,502,30,2024,4,True,AMLODIPINE,,,,,
MCOU,KY,713022615,713,226,15,2024,4,False,TRIAMCINOL,1650.0,87.0,870.08,870.08,0.0
MCOU,KY,70000006201,70000,62,1,2024,4,False,LDR ANTACI,4353.634,44.0,302.96,302.96,0.0
FFSU,IN,72888003505,72888,35,5,2024,1,False,CARVEDILOL,2550.0,18.0,107.63,107.63,0.0
MCOU,KY,51660052653,51660,526,53,2024,4,False,LORATADINE,10040.0,340.0,3966.0,3966.0,0.0
MCOU,KS,65162078503,65162,785,3,2024,1,True,MEMANTINE ,,,,,
MCOU,KS,70436006001,70436,60,1,2024,3,True,BUBROPION ,,,,,
MCOU,KY,45802049326,45802,493,26,2024,4,False,AMMONIUM L,45655.0,139.0,4077.47,4077.47,0.0
MCOU,KS,456120130,456,1201,30,2024,2,False,LINZESS 14,7320.0,256.0,129142.56,117455.7,11686.86
FFSU,KY,25021012120,25021,121,20,2024,4,True,CEFEPIME F,,,,,
MCOU,KS,60505006500,60505,65,0,2024,1,True,OMEPRAZOLE,,,,,
MCOU,KS,67877024201,67877,242,1,2024,2,False,QUETIAPINE,19884.0,454.0,4344.92,4164.95,179.97
MCOU,KS,62756014202,62756,142,2,2024,3,True,METFORMIN ,,,,,
MCOU,KY,51079068501,51079,685,1,2024,4,True,ATENOLOL 1,,,,,
MCOU,IN,72888003601,72888,36,1,2024,1,True,CARVEDILOL,,,,,
MCOU,KS,68462035705,68462,357,5,2024,3,True,POTASSIUM ,,,,,
MCOU,KS,69238117503,69238,1175,3,2024,1,True,ISOTRETINO,,,,,
MCOU,KS,68382060816,68382,608,16,2024,4,True,GABAPENTIN,,,,,
MCOU,KS,32121201,32,1212,1,2024,3,False,"CREON 12,0",787.0,14.0,3220.45,2901.35,319.1
MCOU,KS,76045000906,76045,9,6,2024,3,False,DILAUDID I,232.0,44.0,186.87,170.67,16.2
MCOU,KS,81284041100,81284,411,0,2024,2,True,DIHYDROERG,,,,,
FFSU,KY,2150680,2,1506,80,2024,4,False,MOUNJARO 2,93.0,52.0,47459.45,47459.45,0.0
MCOU,KY,70594008902,70594,89,2,2024,4,True,CEFEPIME H,,,,,
MCOU,KS,93081005,93,810,5,2024,2,False,NORTRIPTYL,720.0,14.0,173.23,173.23,0.0
MCOU,KS,46087221,46,872,21,2024,2,False,PREMARIN V,2160.0,74.0,31838.41,30394.8,1443.61
MCOU,KS,68382059716,68382,597,16,2024,1,True,DILTIAZEM ,,,,,
MCOU,KS,555901858,555,9018,58,2024,4,False,TRI SPRINT,14784.0,291.0,4534.2,4472.47,61.73
MCOU,KY,143939110,143,9391,10,2024,4,True,REMIFENTAN,,,,,
MCOU,KY,57237001990,57237,19,90,2024,4,False,DULOXETINE,3964.0,88.0,1246.31,1246.31,0.0
MCOU,KY,70700016406,70700,164,6,2024,4,False,LEVONORGES,10.0,12.0,114.88,114.88,0.0
FFSU,KS,904674817,904,6748,17,2024,1,True,BISACODYL ,,,,,
FFSU,KY,59310058020,59310,580,20,2024,4,False,PROAIR INH,14.3,22.0,1644.8,1644.8,0.0
MCOU,KS,70377006212,70377,62,12,2024,1,False,LABETALOL ,2121.0,21.0,672.95,668.83,4.12
MCOU,KS,68382038306,68382,383,6,2024,3,True,EXEMESTANE,,,,,
MCOU,KS,71930001913,71930,19,13,2024,2,False,HYDROCODON,2786.0,113.0,1475.19,1470.26,4.93
MCOU,KS,44567070195,44567,701,95,2024,1,True,CEFTRIAXON,,,,,
MCOU,KS,70000021801,70000,218,1,2024,4,False,LDR ADULT ,425.0,13.0,142.18,142.18,0.0
FFSU,KS,409475901,409,4759,1,2024,3,True,ONDANSETRO,,,,,
MCOU,KY,65162069179,65162,691,79,2024,4,False,ONDANSETRO,112651.02,3788.0,64369.93,61973.4,2396.53
FFSU,KY,65162076710,65162,767,10,2024,4,True,WARFARIN S,,,,,
MCOU,KY,43547039910,43547,399,10,2024,4,False,CYCLOBENZA,1388.0,36.0,278.61,278.61,0.0
MCOU,KS,21922001606,21922,16,6,2024,1,False,CLOBETASOL,405.0,11.0,164.96,164.96,0.0
FFSU,KS,67877054360,67877,543,60,2024,3,True,CEFDINIR 3,,,,,
MCOU,KY,407141612,407,1416,12,2024,4,True,OMNIPAQUE ,,,,,
FFSU,KS,409710102,409,7101,2,2024,1,True,SODIUM CL ,,,,,
FFSU,KY,60505530601,60505,5306,1,2024,4,True,ACYCLOVIR ,,,,,
FFSU,KY,45963043963,45963,439,63,2024,4,False,CONSTULOSE,31908.0,50.0,820.33,820.33,0.0
MCOU,KS,70710116506,70710,1165,6,2024,1,False,OSELTAMIVI,60975.0,714.0,21489.92,20939.11,550.81
MCOU,KS,59467067901,59467,679,1,2024,1,True,KLOXXADO (,,,,,
FFSU,KS,64406000801,64406,8,1,2024,2,True,TYSABRI (N,,,,,
MCOU,KS,29300011110,29300,111,10,2024,2,True,LAMOTRIGIN,,,,,
MCOU,KS,68001052005,68001,520,5,2024,4,True,BUPROPION ,,,,,
MCOU,KY,67877057130,67877,571,30,2024,4,True,ESOMEPRAZO,,,,,
MCOU,KY,62332050503,62332,505,3,2024,4,False,MOXIFLOXAC,69.0,23.0,402.99,402.99,0.0
FFSU,KY,43547027603,43547,276,3,2024,4,True,DONEPEZIL ,,,,,
MCOU,KY,68382070718,68382,707,18,2024,4,False,DOXYCYCLIN,48445.0,2631.0,34887.83,34887.83,0.0
MCOU,KY,62037060005,62037,600,5,2024,4,True,CARTIA XT(,,,,,
MCOU,KS,16729031716,16729,317,16,2024,1,True,OXYBUTYNIN,,,,,
MCOU,KY,641625301,641,6253,1,2024,4,False,REGADENOSO,28.0,22.0,174.62,174.62,0.0
MCOU,KS,75826014110,75826,141,10,2024,1,True,PHENOBARBI,,,,,
MCOU,KS,70954000530,70954,5,30,2024,1,False,OXYBUTYNIN,8067.0,119.0,1565.34,1555.78,9.56
MCOU,KS,62332079290,62332,792,90,2024,3,True,VENLAFAXIN,,,,,
MCOU,KS,51224012209,51224,122,9,2024,2,True,AZITHROMYC,,,,,
MCOU,KY,57237015035,57237,150,35,2024,4,False,FLUCONAZOL,1541.0,52.0,1232.32,1232.32,0.0
MCOU,KY,46122066515,46122,665,15,2024,4,True,GNP NICOTI,,,,,
MCOU,KS,16714061305,16714,613,5,2024,2,False,SERTRALINE,14967.0,442.0,4764.94,4744.29,20.65
MCOU,KY,64980051501,64980,515,1,2024,4,False,OFLOXACIN ,535.0,64.0,1206.18,1206.18,0.0
MCOU,KS,68001015508,68001,155,8,2024,1,True,ANASTROZOL,,,,,
MCOU,KY,50742061505,50742,615,5,2024,4,False,METOPROLOL,390.0,11.0,139.83,139.83,0.0
MCOU,KS,31722067632,31722,676,32,2024,2,False,ROFLUMILAS,494.0,13.0,1318.25,1318.25,0.0
FFSU,KY,25021017304,25021,173,4,2024,4,True,AMIKACIN S,,,,,
MCOU,KS,69367023601,69367,236,1,2024,3,True,FLUOXETINE,,,,,
MCOU,KS,68682065220,68682,652,20,2024,4,False,DIAZEPAM R,64.0,60.0,16250.01,14732.67,1517.34
MCOU,KS,25021031104,25021,311,4,2024,2,False,FUROSEMIDE,66.0,21.0,20.98,14.88,6.1
MCOU,KS,70677101501,70677,1015,1,2024,2,True,ALLERGY RE,,,,,
FFSU,KY,50228035390,50228,353,90,2024,4,True,PREGABALIN,,,,,
MCOU,KS,49884033601,49884,336,1,2024,2,False,FLUOXETINE,1230.0,28.0,529.9,355.36,174.54
MCOU,KS,29300031016,29300,310,16,2024,2,False,QUETIAPINE,1435.0,63.0,856.64,854.46,2.18
MCOU,KY,60219126601,60219,1266,1,2024,4,False,OSELTAMIVI,10592.0,1208.0,19388.58,19388.58,0.0
MCOU,KS,55111014601,55111,146,1,2024,3,True,FLUCONAZOL,,,,,
FFSU,KY,54982825,54,9828,25,2024,4,True,PREDNISONE,,,,,
MCOU,KY,70000009201,70000,92,1,2024,4,True,LDR ACETAM,,,,,
MCOU,KY,68382013805,68382,138,5,2024,4,False,TOPIRAMATE,136160.0,2683.0,29133.44,29133.44,0.0
MCOU,KS,832151011,832,1510,11,2024,4,True,HALOPERIDO,,,,,
MCOU,KS,904772512,904,7725,12,2024,4,False,ANTI-DIARR,528.0,22.0,271.86,271.86,0.0
FFSU,KS,70010011301,70010,113,1,2024,4,True,DEXTROAMPH,,,,,
MCOU,KS,65862064130,65862,641,30,2024,2,False,AZITHROMYC,433.0,66.0,857.71,854.63,3.08
FFSU,KS,65862000899,65862,8,99,2024,4,True,METFORMIN ,,,,,
MCOU,KS,74210001,74,2100,1,2024,2,True,SKYRIZI 15,,,,,
MCOU,KY,67457044220,67457,442,20,2024,4,False,OXALIPLATI,268.3,18.0,4873.16,4873.16,0.0
MCOU,KS,10702000109,10702,1,9,2024,4,False,LOMAIRA 8 ,585.0,23.0,465.68,465.68,0.0
MCOU,KS,536137223,536,1372,23,2024,1,True,NICOTINE G,,,,,
MCOU,KS,68001036400,68001,364,0,2024,1,True,METRONIDAZ,,,,,
FFSU,KS,43066002310,43066,23,10,2024,4,True,ROPIVACAIN,,,,,
FFSU,KY,49230053401,49230,534,1,2024,4,True,VENOFER   ,,,,,
MCOU,KY,63323001020,63323,10,20,2024,4,False,GENTAMICIN,451.8,46.0,362.52,362.52,0.0
MCOU,KS,50242086001,50242,860,1,2024,2,True,XOFLUZA 40,,,,,
MCOU,IN,75826016320,75826,163,20,2024,1,True,SODIUM FLU,,,,,
FFSU,KY,70010013801,70010,138,1,2024,4,True,NAPROXEN T,,,,,
FFSU,KY,49348079072,49348,790,72,2024,4,True,ATHLETE'S ,,,,,
MCOU,KS,68001050300,68001,503,0,2024,4,True,METOPROLOL,,,,,
MCOU,KY,31722095301,31722,953,1,2024,4,True,METHYLPHEN,,,,,
MCOU,KS,68727015001,68727,150,1,2024,3,False,XYWAV (CAL,11430.0,28.0,409563.23,279572.67,129990.56
MCOU,KS,68001028103,68001,281,3,2024,4,False,DICLOFENAC,2830.0,41.0,653.87,650.55,3.32
MCOU,KS,45802042335,45802,423,35,2024,2,False,DESONIDE .,465.0,28.0,510.9,500.36,10.54
FFSU,KY,3089470,3,894,70,2024,4,False,ELIQUIS   ,619.0,33.0,6026.2,6026.2,0.0
MCOU,KY,24510005010,24510,50,10,2024,4,False,NUCYNTA IR,2330.0,30.0,23962.4,23962.4,0.0
MCOU,KS,43547039209,43547,392,9,2024,3,True,OLMESARTAN,,,,,
MCOU,KS,29300038905,29300,389,5,2024,3,True,METFORMIN ,,,,,
FFSU,KY,69367018804,69367,188,4,2024,4,True,ZINC OXIDE,,,,,
MCOU,KS,24385000934,24385,9,34,2024,3,True,GNP IBUPRO,,,,,
MCOU,KS,378459301,378,4593,1,2024,4,True,METOPROLOL,,,,,
MCOU,KS,51672128902,51672,1289,2,2024,2,False,NYSTATIN C,1380.0,36.0,581.89,554.08,27.81
MCOU,KS,71930005412,71930,54,12,2024,2,True,ACETAMINOP,,,,,
MCOU,KS,16714088501,16714,885,1,2024,3,True,ACYCLOVIR ,,,,,
MCOU,KS,832712415,832,7124,15,2024,3,False,DIVALPROEX,2250.0,45.0,836.2,836.2,0.0
FFSU,KY,55150030501,55150,305,1,2024,4,True,DEXAMETHAS,,,,,
FFSU,KY,60505082601,60505,826,1,2024,4,True,IPRATROPIU,,,,,
MCOU,KS,67877046790,67877,467,90,2024,3,True,PREGABALIN,,,,,
MCOU,KY,65862032904,65862,329,4,2024,4,False,ALENDRONAT,556.0,87.0,882.26,882.26,0.0
MCOU,KY,93811756,93,8117,56,2024,4,True,FAMCICLOVI,,,,,
MCOU,KS,69315090505,69315,905,5,2024,1,False,LORAZEPRAM,8044.0,168.0,2054.98,2053.17,1.81
MCOU,KS,115993078,115,9930,78,2024,1,True,LEVALBUTER,,,,,
MCOU,KS,57237030416,57237,304,16,2024,3,False,ACETAMINOP,20738.0,31.0,488.72,488.72,0.0
MCOU,KS,81298578105,81298,5781,5,2024,2,False,TRIAMCINOL,11.25,24.0,43.43,43.43,0.0
MCOU,KS,55150016910,55150,169,10,2024,2,False,BUPIVACAIN,50.3,23.0,12.42,12.42,0.0
FFSU,KS,65219047905,65219,479,5,2024,3,True,LACTATED R,,,,,
MCOU,KS,21922000201,21922,2,1,2024,1,False,CLINDAMYCI,6030.0,106.0,2241.45,2204.83,36.62
MCOU,KS,338042418,338,424,18,2024,2,True,HEPARIN SO,,,,,
MCOU,KS,33342005507,33342,55,7,2024,1,True,PIOGLITAZO,,,,,
FFSU,KY,31722001647,31722,16,47,2024,4,False,GLYCOPYRRO,7593.0,35.0,3113.56,3113.56,0.0
MCOU,KS,13107015699,13107,156,99,2024,4,True,PAROXETINE,,,,,
FFSU,KY,338004802,338,48,2,2024,4,True,0.9% SODIU,,,,,
FFSU,KY,378439177,378,4391,77,2024,4,False,FENOFIBRAT,316.0,18.0,5346.84,5346.84,0.0
MCOU,KS,29300034310,29300,343,10,2024,1,False,BACLOFEN 1,8630.0,89.0,1241.76,1197.48,44.28
MCOU,KS,63323010425,63323,104,25,2024,4,False,ETOPOSIDE ,352.0,45.0,1955.95,828.94,1127.01
MCOU,KS,43547022115,43547,221,15,2024,1,True,LEVETIRACE,,,,,
MCOU,KS,409653112,409,6531,12,2024,3,True,VANCOMYCIN,,,,,
MCOU,KY,143925110,143,9251,10,2024,4,False,ROCURONIUM,31.0,53.0,205.93,205.93,0.0
FFSU,KS,69130701,69,1307,1,2024,1,True,RETACRIT 4,,,,,
FFSU,KY,63323042605,63323,426,5,2024,4,True,ROCURONIUM,,,,,
MCOU,KS,536125628,536,1256,28,2024,1,False,BACITRACIN,418.0,18.0,154.71,154.71,0.0
MCOU,KS,68462038160,68462,381,60,2024,3,True,RILUZOLE T,,,,,
MCOU,KS,93354456,93,3544,56,2024,2,False,ATOMOXETIN,367.0,15.0,451.7,277.11,174.59
MCOU,KY,172409660,172,4096,60,2024,1,False,BACLOFEN T,17878.0,270.0,3414.82,3414.82,0.0
MCOU,KY,713086330,713,863,30,2024,1,True,BENICAR HC,,,,,
FFSU,KY,50881000705,50881,7,5,2024,3,True,OPZELURA 1,,,,,
FFSU,KY,378087399,378,873,99,2024,1,True,CLONIDINE ,,,,,
MCOU,KY,55513095601,55513,956,1,2024,1,True,VECTIBIX (,,,,,
FFSU,KY,338011704,338,117,4,2024,1,False,LACTATED R,66035.0,81.0,1041.83,1041.83,0.0
MCOU,KY,16729029805,16729,298,5,2024,1,False,ONDANSETRO,41.0,30.0,9.24,9.24,0.0
MCOU,KY,904632946,904,6329,46,2024,1,True,LUBRICATIN,,,,,
MCOU,KY,62756079688,62756,796,88,2024,2,False,DIVALPROEX,1860.0,43.0,472.83,472.83,0.0
MCOU,KY,31722001330,31722,13,30,2024,2,True,DEFERASIRO,,,,,
FFSU,KY,65862021901,65862,219,1,2024,3,False,CEFDINIR O,3500.0,31.0,659.83,659.83,0.0
MCOU,KY,407270718,407,2707,18,2024,2,False,OPTISON VI,15.0,19.0,2328.44,2328.44,0.0
MCOU,KY,832112142,832,1121,42,2024,2,True,TESTOSTERO,,,,,
FFSU,KY,43386005019,43386,50,19,2024,3,True,GAVILYTE -,,,,,
MCOU,KY,51672402701,51672,4027,1,2024,3,False,WARFARIN 1,3956.0,73.0,729.36,729.36,0.0
FFSU,KY,45963055550,45963,555,50,2024,1,False,GABAPENTIN,4794.0,55.0,622.68,622.68,0.0
MCOU,KY,70954021110,70954,211,10,2024,4,False,TRIHEXYPHE,2636.0,44.0,663.84,663.84,0.0
MCOU,KY,72888018230,72888,182,30,2024,4,True,BUPRENORPH,,,,,
MCOU,KY,65862053650,65862,536,50,2024,2,False,LEVOFLOXAC,164.0,22.0,212.72,212.72,0.0
MCOU,KY,70121147907,70121,1479,7,2024,2,True,NEOSTIGMIN,,,,,
FFSU,KY,68001052192,68001,521,92,2024,2,True,IBUPROFEN ,,,,,
MCOU,KY,83257000311,83257,3,11,2024,4,True,OGIVRI FOR,,,,,
FFSU,KY,781236301,781,2363,1,2024,1,True,METHYLPHEN,,,,,
MCOU,KY,50268054015,50268,540,15,2024,3,True,METOPROLOL,,,,,
FFSU,KY,378064010,378,640,10,2024,2,True,PREDNISONE,,,,,
FFSU,KY,29300041510,29300,415,10,2024,3,False,CYCLOBENZA,2669.0,51.0,560.55,560.55,0.0
FFSU,KY,45802088855,45802,888,55,2024,1,True,OMEPRAZOLE,,,,,
FFSU,KY,60505311403,60505,3114,3,2024,1,True,OLANZAPINE,,,,,
FFSU,KY,55111076260,55111,762,60,2024,1,True,VALGANCICL,,,,,
FFSU,KY,67877074957,67877,749,57,2024,3,True,FOSFOMYCIN,,,,,
FFSU,KY,548560800,548,5608,0,2024,1,True,ENOXAPARIN,,,,,
FFSU,KY,24979001101,24979,11,1,2024,1,True,NIFEDIPINE,,,,,
FFSU,KY,43547034506,43547,345,6,2024,3,True,LEVETIRACE,,,,,
FFSU,KY,72888015200,72888,152,0,2024,3,False,CLONAZEPAM,2435.0,49.0,510.06,510.06,0.0
MCOU,KY,33342006707,33342,67,7,2024,3,False,OLANZAPINE,6559.0,280.0,2567.02,2567.02,0.0
FFSU,KY,67457034001,67457,340,1,2024,3,True,VANCOMYCIN,,,,,
FFSU,KY,70677122101,70677,1221,1,2024,2,True,F&T ANTISE,,,,,
FFSU,KY,13668010401,13668,104,1,2024,3,False,ISMN ER 30,990.0,18.0,159.1,159.1,0.0
MCOU,KY,62756024064,62756,240,64,2024,1,False,ONDANSETRO,16476.25,986.0,11551.69,11551.69,0.0
MCOU,KY,42571010301,42571,103,1,2024,3,False,GLIMEPIRID,1890.0,33.0,355.28,355.28,0.0
MCOU,KY,50742029909,50742,299,9,2024,3,False,FROVATRIPT,158.0,20.0,898.57,898.57,0.0
FFSU,KY,49502039475,49502,394,75,2024,1,True,INSULIN GL,,,,,
MCOU,KY,143988980,143,9889,80,2024,2,False,AMOXICILLI,13133.0,118.0,1322.73,1322.73,0.0
MCOU,KY,68645057559,68645,575,59,2024,3,False,GLIPIZIDE ,38430.0,347.0,2270.76,2270.76,0.0
MCOU,KY,62332063731,62332,637,31,2024,3,False,DOXEPIN CA,7405.0,190.0,2541.99,2541.99,0.0
MCOU,KY,555904579,555,9045,79,2024,1,True,AVIANE TAB,,,,,
FFSU,KY,43068030406,43068,304,6,2024,2,True,HETLIOZ LQ,,,,,
FFSU,KY,168000580,168,5,80,2024,1,True,TRIAMCINOL,,,,,
MCOU,KY,121077516,121,775,16,2024,3,False,GUAIFENESI,18092.0,108.0,1597.65,1597.65,0.0
MCOU,KY,27241005308,27241,53,8,2024,1,False,ARIPIPRAZO,17627.0,511.0,6418.22,6418.22,0.0
FFSU,KY,72205002305,72205,23,5,2024,3,True,ATORVASTAT,,,,,
MCOU,KY,16714018204,16714,182,4,2024,3,False,PAROXET HC,14721.0,458.0,5469.2,5469.2,0.0
FFSU,KY,71930007312,71930,73,12,2024,3,True,CARBAMAZEP,,,,,
FFSU,KY,70954056620,70954,566,20,2024,2,False,ESTRADIOL ,965.0,18.0,273.46,273.46,0.0
FFSU,KY,50242010040,50242,100,40,2024,2,False,PULMOZYME ,4050.0,52.0,201397.99,201397.99,0.0
MCOU,KY,116400508,116,4005,8,2024,2,False,LACTULOSE ,5739.0,23.0,239.72,239.72,0.0
FFSU,KY,59148007280,59148,72,80,2024,1,False,ABILIFY MA,34.0,46.0,86024.89,86024.89,0.0
MCOU,KY,71101368,71,1013,68,2024,1,True,LYRICA (PR,,,,,
FFSU,KY,64380099704,64380,997,4,2024,1,True,IBUPROFEN ,,,,,
MCOU,KY,71921021450,71921,214,50,2024,4,False,GLIMEPIRID,1290.0,18.0,201.69,201.69,0.0
FFSU,KY,23155084205,23155,842,5,2024,1,True,METFORMIN ,,,,,
FFSU,KY,64380074318,64380,743,18,2024,2,True,BUSPIRONE ,,,,,
FFSU,KY,69230030405,69230,304,5,2024,3,False,CETIRIZINE,1590.0,55.0,616.48,616.48,0.0
MCOU,KY,13668017990,13668,179,90,2024,1,False,ROSUVASTAT,3001.0,81.0,946.94,946.94,0.0
MCOU,KY,72578012908,72578,129,8,2024,3,False,METRONIDAZ,6660.0,164.0,3600.79,3600.79,0.0
FFSU,KY,517970201,517,9702,1,2024,1,True,DROPERIDOL,,,,,
MCOU,KY,62175045232,62175,452,32,2024,2,False,BUP/NAL 2M,19930.0,775.0,13267.75,13267.75,0.0
MCOU,KY,990707726,990,7077,26,2024,2,False,POTASSIUM ,1105.0,24.0,770.64,770.64,0.0
MCOU,KY,65862084605,65862,846,5,2024,3,False,CLOZAPINE ,10038.0,127.0,6588.26,6588.26,0.0
MCOU,KY,23155054731,23155,547,31,2024,1,False,ONDANSETRO,616.0,284.0,587.0,587.0,0.0
FFSU,KY,71921021550,71921,215,50,2024,4,False,GLIMEPIRID,510.0,12.0,122.36,122.36,0.0
FFSU,KY,68382056401,68382,564,1,2024,3,True,METOPROLOL,,,,,
MCOU,KY,67877063930,67877,639,30,2024,2,False,LURASIDONE,5138.0,210.0,3252.87,3252.87,0.0
MCOU,KY,27808015503,27808,155,3,2024,3,False,ROSUVASTAT,31046.0,911.0,10079.83,10079.83,0.0
FFSU,KY,45963053830,45963,538,30,2024,3,True,ONDANSETRO,,,,,
FFSU,KY,70010004301,70010,43,1,2024,3,True,METHYLPHEN,,,,,
MCOU,KY,29300038101,29300,381,1,2024,2,False,DIVALPROEX,960.0,12.0,292.52,292.52,0.0
MCOU,KY,68462022101,68462,221,1,2024,2,False,LITHIUM CA,35260.0,577.0,6597.36,6597.36,0.0
MCOU,KY,65862019499,65862,194,99,2024,1,False,FLUOXETINE,8867.0,230.0,2905.15,2905.15,0.0
MCOU,KY,70677111901,70677,1119,1,2024,3,False,F&T PAIN R,2177.0,38.0,382.65,382.65,0.0
MCOU,KY,70436001104,70436,11,4,2024,3,True,BUPROPION ,,,,,
MCOU,KY,66993000210,66993,2,10,2024,2,False,ESTRADIOL ,15257.5,401.0,10616.63,10616.63,0.0
MCOU,KY,93729601,93,7296,1,2024,3,False,CARVEDILOL,722.0,14.0,148.59,148.59,0.0
MCOU,KY,70069017110,70069,171,10,2024,2,True,CYANOCOBAL,,,,,
MCOU,KY,33342007107,33342,71,7,2024,1,False,OLANZAPINE,7445.0,254.0,3128.94,3128.94,0.0
MCOU,KY,65862069299,65862,692,99,2024,1,False,PHENYTOIN ,13098.0,110.0,2597.32,2597.32,0.0
MCOU,KY,49884033501,49884,335,1,2024,2,False,FLUOXETINE,450.0,12.0,185.64,185.64,0.0
FFSU,KY,42806002110,42806,21,10,2024,1,True,CITALOPRAM,,,,,
MCOU,KY,68084028201,68084,282,1,2024,2,True,CARBIDOPA/,,,,,
FFSU,KY,68382009301,68382,93,1,2024,3,True,CARVEDILOL,,,,,
MCOU,KY,24478032406,24478,324,6,2024,2,False,QUILLIVANT,4500.0,24.0,8357.74,8357.74,0.0
FFSU,KY,57237015701,57237,157,1,2024,2,True,REPAGLINID,,,,,
FFSU,KY,33342010215,33342,102,15,2024,3,False,MONTELUKAS,2068.0,70.0,826.65,826.65,0.0
MCOU,KY,51079075901,51079,759,1,2024,3,True,ATENOLOL 2,,,,,
MCOU,KY,52427057530,52427,575,30,2024,1,False,FORFIVO XL,510.0,15.0,7668.11,7668.11,0.0
FFSU,KY,52536062501,52536,625,1,2024,1,True,TESTOSTERO,,,,,
MCOU,KY,904713470,904,7134,70,2024,1,True,GUAIFENESI,,,,,
MCOU,KY,51672130009,51672,1300,9,2024,2,False,AMMONIUM L,38000.0,104.0,3066.46,3066.46,0.0
MCOU,KY,68084034601,68084,346,1,2024,3,True,LOSARTAN P,,,,,
MCOU,KY,72305002530,72305,25,30,2024,2,True,EUTHYROX T,,,,,
MCOU,KY,44087400007,44087,4000,7,2024,2,True,MAVENCLAD ,,,,,
MCOU,KY,45802006405,45802,64,5,2024,1,False,TRIAMCINOL,103856.6,299.0,5866.82,5866.82,0.0
MCOU,KY,13811009132,13811,91,32,2024,1,True,ESTRADIOL ,,,,,
FFSU,KY,68180022907,68180,229,7,2024,2,True,MEMANTINE ,,,,,
MCOU,KY,61314064175,61314,641,75,2024,2,True,NEO/POLY/H,,,,,
MCOU,KY,781712254,781,7122,54,2024,2,True,ESTRADIOL ,,,,,
FFSU,KY,113057826,113,578,26,2024,2,True,TUSSIN DM ,,,,,
MCOU,KY,24385002868,24385,28,68,2024,3,False,CHILDREN'S,3699.0,113.0,1249.73,1249.73,0.0
FFSU,KY,59417011601,59417,116,1,2024,1,True,VYVANSE CH,,,,,
FFSU,KY,50228010705,50228,107,5,2024,1,True,METFORMIN ,,,,,
FFSU,KY,904677361,904,6773,61,2024,1,False,MAPAP 325M,3159.0,64.0,449.19,449.19,0.0
FFSU,KY,61442014301,61442,143,1,2024,1,True,LOVASTATIN,,,,,
MCOU,KY,49348043030,49348,430,30,2024,1,True,SM INF PAI,,,,,
MCOU,KY,51660099628,51660,996,28,2024,2,True,COLESEVELA,,,,,
MCOU,KY,69419068,69,4190,68,2024,1,False,REVATIO (S,992.0,13.0,60599.95,60599.95,0.0
FFSU,KY,68382066010,68382,660,10,2024,2,False,SPIRONOLAC,3486.0,74.0,902.2,902.2,0.0
MCOU,KY,68180046903,68180,469,3,2024,2,False,LOVASTATIN,1549.0,34.0,428.15,428.15,0.0
FFSU,KY,65862076090,65862,760,90,2024,3,True,PREGABALIN,,,,,
FFSU,KY,406012562,406,125,62,2024,2,True,HYDROCODON,,,,,
FFSU,KY,33342030011,33342,300,11,2024,1,True,ESZOPICLON,,,,,
MCOU,KY,16571071601,16571,716,1,2024,1,False,TRAMADOL H,2674.0,44.0,470.66,470.66,0.0
FFSU,KY,74929690,74,9296,90,2024,2,True,SYNTHROID ,,,,,
MCOU,KY,51862032801,51862,328,1,2024,1,False,DILTIAZEM ,1020.0,13.0,2319.36,2319.36,0.0
MCOU,KY,65862012801,65862,128,1,2024,2,False,TORSEMIDE ,1282.0,27.0,473.16,473.16,0.0
MCOU,KY,23155005801,23155,58,1,2024,1,False,GLYBURIDE ,6618.0,82.0,1225.35,1225.35,0.0
MCOU,KY,121482740,121,4827,40,2024,2,True,OXYCODONE ,,,,,
MCOU,KY,527079037,527,790,37,2024,1,False,DEXTROAMPH,630.0,19.0,385.06,385.06,0.0
MCOU,KY,68462072084,68462,720,84,2024,3,True,DROSPIRENO,,,,,
FFSU,KY,31722000530,31722,5,30,2024,3,True,MESALAMINE,,,,,
FFSU,KY,93738598,93,7385,98,2024,2,True,VENLAFAXIN,,,,,
FFSU,KY,23155002305,23155,23,5,2024,2,False,BUSPIRONE ,9080.0,110.0,1266.86,1266.86,0.0
FFSU,KY,16714085302,16714,853,2,2024,1,True,METOPROL S,,,,,
MCOU,KY,378292293,378,2922,93,2024,2,False,TELMISARTA,540.0,12.0,219.09,219.09,0.0
MCOU,KY,115174501,115,1745,1,2024,2,False,METAXALONE,1416.0,25.0,6232.0,6232.0,0.0
MCOU,KY,43598029490,43598,294,90,2024,1,False,PREGABALIN,5027.0,72.0,1000.44,1000.44,0.0
MCOU,KY,63323075101,63323,751,1,2024,3,True,PHENYLEPHR,,,,,
MCOU,KY,69097042003,69097,420,3,2024,2,False,CELECOXIB ,900.0,22.0,516.29,516.29,0.0
MCOU,KY,64679001202,64679,12,2,2024,1,True,PIPERACILL,,,,,
MCOU,KY,60793070204,60793,702,4,2024,1,False,BICILLIN L,176.0,20.0,4095.99,4095.99,0.0
FFSU,KY,143953201,143,9532,1,2024,3,True,DEXMEDETOM,,,,,
MCOU,KY,168005515,168,55,15,2024,3,True,BETAMETH D,,,,,
MCOU,KY,33342033511,33342,335,11,2024,3,False,METHIMAZOL,856.0,24.0,244.55,244.55,0.0
MCOU,KY,904679430,904,6794,30,2024,2,False,ASPIRIN 81,233.0,29.0,26.51,26.51,0.0
FFSU,KY,16714095502,16714,955,2,2024,3,True,KETOCONAZO,,,,,
MCOU,KY,70677014901,70677,149,1,2024,3,True,SM ALL DAY,,,,,
MCOU,KY,57664002297,57664,22,97,2024,1,True,ISOTRETINO,,,,,
FFSU,KY,169266015,169,2660,15,2024,3,False,TRESIBA FL,216.0,11.0,7148.26,7148.26,0.0
MCOU,KY,45802089726,45802,897,26,2024,2,False,CHILDREN'S,111102.5,866.0,6486.6,6486.6,0.0
MCOU,KY,65862019301,65862,193,1,2024,2,False,FLUOXETINE,22874.0,577.0,6188.81,6188.81,0.0
FFSU,KY,527130101,527,1301,1,2024,3,False,PRIMIDONE ,2062.0,24.0,480.94,480.94,0.0
FFSU,KY,16714017101,16714,171,1,2024,1,False,TIZANIDINE,1312.0,17.0,214.54,214.54,0.0
MCOU,KY,50268064515,50268,645,15,2024,1,True,OXYCODONE ,,,,,
MCOU,KY,378685977,378,6859,77,2024,2,False,LISDEXAMFE,650.0,24.0,2656.85,2656.85,0.0
FFSU,KY,72241002310,72241,23,10,2024,4,True,CELECOXIB ,,,,,
FFSU,KY,65162010350,65162,103,50,2024,1,False,GABAPENTIN,9352.0,130.0,1694.66,1694.66,0.0
FFSU,KY,16714023501,16714,235,1,2024,1,True,PENICILLIN,,,,,
FFSU,KY,24385000926,24385,9,26,2024,3,True,GNP IBUPRO,,,,,
MCOU,KY,641604501,641,6045,1,2024,1,True,LORAZEPAM ,,,,,
MCOU,KY,68462011944,68462,119,44,2024,3,False,FLUCONAZOL,634.0,283.0,2792.85,2792.85,0.0
FFSU,KY,23155088001,23155,880,1,2024,3,True,LISINOPRIL,,,,,
MCOU,KY,310610030,310,6100,30,2024,2,True,ONGLYZA 2.,,,,,
FFSU,KY,68462033701,68462,337,1,2024,2,True,FLUPHENAZI,,,,,
MCOU,KY,486112501,486,1125,1,2024,1,True,K-PHOS NEU,,,,,
MCOU,KY,60793070210,60793,702,10,2024,3,False,BICILLIN L,203.626,48.0,32977.6,32977.6,0.0
FFSU,KY,60219204401,60219,2044,1,2024,3,True,DEXAMETHAS,,,,,
FFSU,KY,63323058282,63323,582,82,2024,1,True,GLUCAGON E,,,,,
FFSU,KY,59651059901,59651,599,1,2024,3,True,DEFLAZACOR,,,,,
FFSU,KY,54252625,54,2526,25,2024,3,False,LITHIUM CA,1367.0,19.0,313.59,313.59,0.0
FFSU,KY,406123601,406,1236,1,2024,2,True,DIPHENOXYL,,,,,
MCOU,KY,24510010010,24510,100,10,2024,2,False,NUCYNTA IR,1560.0,17.0,23427.51,23427.51,0.0
MCOU,KY,59137053004,59137,530,4,2024,3,True,RASUVO 20 ,,,,,
MCOU,KY,55111014330,55111,143,30,2024,3,True,FLUCONAZOL,,,,,
MCOU,KY,31722074920,31722,749,20,2024,1,False,LINEZOLID ,580.0,26.0,1311.99,1311.99,0.0
MCOU,KY,43598096830,43598,968,30,2024,1,False,ARIPIPRAZO,1467.0,54.0,715.36,715.36,0.0
FFSU,KY,68084022001,68084,220,1,2024,3,True,ONDANSETRO,,,,,
MCOU,KY,55111019805,55111,198,5,2024,1,False,SIMVASTATI,420.0,12.0,139.71,139.71,0.0
MCOU,KY,69584036110,69584,361,10,2024,2,False,HYDROCHLOR,540.0,18.0,197.52,197.52,0.0
FFSU,KY,68001018400,68001,184,0,2024,2,False,QUETIAPINE,1951.0,31.0,401.24,401.24,0.0
MCOU,KY,42023014625,42023,146,25,2024,2,True,DEXMEDETOM,,,,,
MCOU,KY,64850091101,64850,911,1,2024,3,True,ISRADIPINE,,,,,
FFSU,KY,29300039605,29300,396,5,2024,2,True,AMLODIPINE,,,,,
MCOU,KY,472011720,472,117,20,2024,2,False,TRETINOIN ,720.0,36.0,436.38,436.38,0.0
MCOU,KY,67877061015,67877,610,15,2024,3,True,TIZANIDINE,,,,,
MCOU,KY,51672129801,51672,1298,1,2024,2,False,KETOCONAZO,225.0,14.0,200.67,200.67,0.0
MCOU,KY,71288043586,71288,435,86,2024,3,False,ENOXAPARIN,38.7,11.0,25.99,25.99,0.0
FFSU,KY,53746073590,53746,735,90,2024,2,True,FELBAMATE ,,,,,
MCOU,KY,574703412,574,7034,12,2024,1,True,ASPIRIN SU,,,,,
FFSU,KY,173071620,173,716,20,2024,3,False,ADVAIR HFA,576.0,50.0,14131.44,14131.44,0.0
MCOU,KY,70752011304,70752,113,4,2024,2,False,LIDOCAINE ,600.0,15.0,218.06,218.06,0.0
MCOU,KY,71288020050,71288,200,50,2024,2,True,MILRINONE ,,,,,
FFSU,KY,52427080690,52427,806,90,2024,2,True,GRALISE TA,,,,,
MCOU,KY,16714004701,16714,47,1,2024,3,True,CHLORPROMA,,,,,
MCOU,KY,55150011420,55150,114,20,2024,2,True,AMPICILLIN,,,,,
MCOU,KY,51167044601,51167,446,1,2024,3,False,TRIKAFTA (,1904.0,36.0,823245.2,823245.2,0.0
MCOU,KY,70069000510,70069,5,10,2024,2,False,CYANOCOBAL,654.0,541.0,5674.09,5674.09,0.0
MCOU,KY,31722070530,31722,705,30,2024,2,False,VALACYCLOV,39072.0,1640.0,30929.07,30929.07,0.0
MCOU,KY,50742033130,50742,331,30,2024,1,True,PRAMIPEXOL,,,,,
FFSU,KY,45802073230,45802,732,30,2024,2,True,ACETAMINOP,,,,,
FFSU,KY,68382056501,68382,565,1,2024,3,True,METOPROLOL,,,,,
MCOU,KY,70700011985,70700,119,85,2024,3,False,ESTARYLLA ,112168.0,3069.0,37381.52,37381.52,0.0
FFSU,LA,43547036809,43547,368,9,2024,2,False,VALSARTAN ,744.0,20.0,335.56,335.56,0.0
MCOU,LA,59467067901,59467,679,1,2024,2,True,KLOXXADO  ,,,,,
MCOU,LA,42806016105,42806,161,5,2024,4,False,HYDROXYZIN,50284.0,881.0,13073.02,12822.18,250.84
MCOU,LA,47335068583,47335,685,83,2024,2,False,LURASIDONE,780.0,26.0,678.66,678.66,0.0
FFSU,LA,93171201,93,1712,1,2024,1,False,WARFARIN S,904.0,25.0,376.62,376.62,0.0
FFSU,LA,45802049696,45802,496,96,2024,2,True,DESOXIMETA,,,,,
MCOU,LA,65862017001,65862,170,1,2024,2,False,ATENOLOL  ,1989.0,48.0,693.97,693.97,0.0
MCOU,LA,60505001408,60505,14,8,2024,2,True,DILT-XR   ,,,,,
MCOU,LA,69452034313,69452,343,13,2024,3,False,MODAFINIL ,3952.0,99.0,2517.01,2517.01,0.0
MCOU,LA,50742037504,50742,375,4,2024,3,True,BUPRENORPH,,,,,
MCOU,LA,64842102003,64842,1020,3,2024,4,True,LONSURF   ,,,,,
MCOU,LA,781320785,781,3207,85,2024,3,False,CEFTRIAXON,170.5,168.0,557.86,525.1,32.76
MCOU,LA,23155047342,23155,473,42,2024,3,False,FUROSEMIDE,128.0,26.0,251.03,242.86,8.17
MCOU,LA,16714075601,16714,756,1,2024,4,False,ATOMOXETIN,6922.0,226.0,7691.82,7387.21,304.61
FFSU,LA,43547042509,43547,425,9,2024,4,True,LOSARTAN-H,,,,,
MCOU,LA,70000047301,70000,473,1,2024,2,True,CHILDREN'S,,,,,
MCOU,KY,67877014705,67877,147,5,2024,1,False,TEMAZEPAM ,3400.0,121.0,1522.81,1522.81,0.0
MCOU,KY,68180044002,68180,440,2,2024,1,False,CEPHALEXIN,3800.0,20.0,330.98,330.98,0.0
FFSU,LA,72578013606,72578,136,6,2024,3,True,FEBUXOSTAT,,,,,
MCOU,LA,591369330,591,3693,30,2024,2,True,PALIPERIDO,,,,,
FFSU,LA,69034405,69,344,5,2024,2,True,ABRYSVO   ,,,,,
FFSU,KY,68382050010,68382,500,10,2024,1,False,OMEPRAZOLE,8128.5,220.0,2492.16,2492.16,0.0
MCOU,LA,59651021690,59651,216,90,2024,2,True,FENOFIBRIC,,,,,
MCOU,LA,35573042880,35573,428,80,2024,4,True,PANTOPRAZO,,,,,
MCOU,LA,591046010,591,460,10,2024,3,False,GLIPIZIDE ,10597.0,204.0,1752.94,1690.11,62.83
MCOU,LA,904708206,904,7082,6,2024,4,True,NIFEDIPINE,,,,,
FFSU,LA,69680011201,69680,112,1,2024,2,False,CYANOCOBAL,15.0,15.0,4613.78,6.69,4607.09
MCOU,LA,338954004,338,9540,4,2024,1,False,CLINOLIPID,2350.0,11.0,515.54,515.54,0.0
MCOU,LA,78038105,78,381,5,2024,1,True,FOCALIN   ,,,,,
MCOU,LA,66758025201,66758,252,1,2024,4,True,FOCALIN   ,,,,,
MCOU,LA,55111012850,55111,128,50,2024,2,True,CIPROFLOXA,,,,,
MCOU,LA,67877019890,67877,198,90,2024,2,False,AMLODIPINE,10767.0,275.0,3720.25,3432.36,287.89
MCOU,LA,16729003410,16729,34,10,2024,4,False,LETROZOLE ,5333.0,201.0,2780.72,2779.22,1.5
FFSU,LA,9004727,9,47,27,2024,3,True,SOLU-MEDRO,,,,,
FFSU,LA,13811001490,13811,14,90,2024,4,True,COMPLETENA,,,,,
MCOU,LA,65862022701,65862,227,1,2024,4,False,LAMOTRIGIN,32775.0,528.0,2689.71,2672.21,17.5
MCOU,LA,781148801,781,1488,1,2024,2,False,AMITRIPTYL,476.0,12.0,184.08,145.29,38.79
FFSU,LA,228306111,228,3061,11,2024,4,True,DEXTROAMPH,,,,,
FFSU,LA,555097102,555,971,2,2024,1,False,DEXTROAMPH,424.0,13.0,280.09,244.71,35.38
MCOU,LA,16714011202,16714,112,2,2024,4,True,FLUOXETINE,,,,,
MCOU,LA,42799092201,42799,922,1,2024,4,False,BISOPROLOL,1080.0,29.0,563.26,530.99,32.27
MCOU,LA,70710135103,70710,1351,3,2024,2,False,COLCHICINE,651.0,25.0,414.64,390.03,24.61
MCOU,LA,407294301,407,2943,1,2024,3,False,CLARISCAN ,11.7,18.0,16.24,16.24,0.0
MCOU,LA,68462089504,68462,895,4,2024,4,False,VARENICLIN,10388.0,196.0,23691.81,23691.71,0.1
MCOU,LA,59922063101,59922,631,1,2024,4,False,AURYXIA   ,13401.0,76.0,98586.12,98586.12,0.0
MCOU,LA,55111039830,55111,398,30,2024,2,False,LANSOPRAZO,537.0,15.0,303.18,303.18,0.0
FFSU,LA,55513011201,55513,112,1,2024,3,True,TEZSPIRE  ,,,,,
MCOU,LA,43386031208,43386,312,8,2024,2,False,GAVILAX   ,16218.0,63.0,1022.98,1015.74,7.24
FFSU,KY,69584009150,69584,91,50,2024,1,False,BUSPIRONE ,1595.0,23.0,231.18,231.18,0.0
FFSU,LA,67877051205,67877,512,5,2024,2,False,ATORVASTAT,688.0,22.0,276.26,276.26,0.0
MCOU,LA,72888011605,72888,116,5,2024,4,False,GLIPIZIDE ,1350.0,22.0,279.26,279.26,0.0
MCOU,LA,378876058,378,8760,58,2024,4,False,CYCLOSPORI,1290.0,23.0,3357.07,3357.07,0.0
FFSU,LA,72888004801,72888,48,1,2024,4,True,ACETAZOLAM,,,,,
FFSU,LA,10702001401,10702,14,1,2024,2,True,BETAXOLOL ,,,,,
MCOU,LA,62332048712,62332,487,12,2024,3,True,DICLOFENAC,,,,,
FFSU,LA,378456077,378,4560,77,2024,3,True,POTASSIUM ,,,,,
FFSU,LA,121072104,121,721,4,2024,1,True,FLUOXETINE,,,,,
MCOU,LA,27808026501,27808,265,1,2024,2,False,LEVETIRACE,14928.0,170.0,3713.84,3466.29,247.55
MCOU,LA,781569092,781,5690,92,2024,1,True,EZETIMIBE ,,,,,
FFSU,KY,67877072031,67877,720,31,2024,1,True,EVEROLIMUS,,,,,
MCOU,LA,66220028422,66220,284,22,2024,2,True,CALDOLOR  ,,,,,
MCOU,LA,70710116701,70710,1167,1,2024,3,False,ATENOLOL-C,4578.0,144.0,2871.04,2751.99,119.05
MCOU,LA,69097096607,69097,966,7,2024,4,False,NABUMETONE,4265.0,88.0,1165.92,1163.49,2.43
FFSU,LA,62332067808,62332,678,8,2024,2,True,DOCETAXEL ,,,,,
MCOU,LA,78206012501,78206,125,1,2024,4,False,DULERA    ,1456.0,112.0,36203.0,35193.97,1009.03
MCOU,LA,51991000690,51991,6,90,2024,2,False,DESVENLAFA,540.0,18.0,411.05,411.05,0.0
FFSU,LA,69097094605,69097,946,5,2024,3,True,ATORVASTAT,,,,,
FFSU,LA,29300011105,29300,111,5,2024,3,False,LAMOTRIGIN,5414.0,56.0,817.6,780.46,37.14
FFSU,LA,65162089709,65162,897,9,2024,4,True,ARIPIPRAZO,,,,,
MCOU,LA,65862076630,65862,766,30,2024,2,False,FESOTERODI,630.0,17.0,817.67,817.67,0.0
MCOU,KY,67877072630,67877,726,30,2024,1,False,VENLAFAXIN,715.0,18.0,751.23,751.23,0.0
FFSU,LA,68382009605,68382,96,5,2024,4,False,HYDROXYCHL,1050.0,21.0,427.9,413.07,14.83
FFSU,LA,3161112,3,1611,12,2024,2,True,BARACLUDE ,,,,,
FFSU,LA,781627043,781,6270,43,2024,4,True,OXCARBAZEP,,,,,
FFSU,LA,27241005108,27241,51,8,2024,4,True,ARIPIPRAZO,,,,,
MCOU,LA,70377000414,70377,4,14,2024,4,False,SIMVASTATI,480.0,16.0,143.98,143.98,0.0
FFSU,LA,50474059966,50474,599,66,2024,3,False,KEPPRA XR ,1260.0,12.0,16203.49,16203.49,0.0
MCOU,LA,185023601,185,236,1,2024,2,True,BENAZEPRIL,,,,,
FFSU,LA,13668003505,13668,35,5,2024,1,True,RISPERIDON,,,,,
FFSU,LA,70954005820,70954,58,20,2024,4,True,PREDNISONE,,,,,
MCOU,LA,70710128901,70710,1289,1,2024,4,False,TRIAZOLAM ,983.0,131.0,1667.22,1505.13,162.09
MCOU,LA,73336007530,73336,75,30,2024,3,False,GEMTESA   ,20396.0,643.0,322847.73,308988.3,13859.43
FFSU,KY,69315018210,69315,182,10,2024,1,False,OXYBUTYNIN,2423.0,55.0,512.07,512.07,0.0
MCOU,LA,591272060,591,2720,60,2024,2,True,METFORMIN ,,,,,
MCOU,LA,68382000301,68382,3,1,2024,2,False,AZATHIOPRI,11798.0,152.0,5894.85,5835.78,59.07
MCOU,LA,15370013010,15370,130,10,2024,1,False,RYVENT    ,56494.0,1055.0,430684.42,406640.28,24044.14
MCOU,LA,61958110101,61958,1101,1,2024,3,False,COMPLERA  ,690.0,21.0,81189.5,81189.5,0.0
MCOU,LA,68462029017,68462,290,17,2024,2,True,BETAMETHAS,,,,,
MCOU,LA,78034442,78,344,42,2024,2,True,VIVELLE-DO,,,,,
FFSU,LA,68180084473,68180,844,73,2024,4,False,KURVELO   ,308.0,11.0,166.98,166.98,0.0
FFSU,LA,49483006310,49483,63,10,2024,3,False,FERROUS SU,1710.0,40.0,461.65,461.65,0.0
MCOU,LA,67877026601,67877,266,1,2024,3,False,MYCOPHENOL,3208.0,21.0,1095.99,1087.23,8.76
MCOU,LA,14789070007,14789,700,7,2024,4,True,PROCHLORPE,,,,,
MCOU,LA,42806060230,42806,602,30,2024,4,False,VENLAFAXIN,630.0,17.0,256.84,256.84,0.0
MCOU,LA,6007861,6,78,61,2024,1,False,JANUMET XR,2561.0,44.0,23686.08,22568.52,1117.56
MCOU,LA,6306100,6,3061,0,2024,1,True,EMEND     ,,,,,
MCOU,LA,60505622602,60505,6226,2,2024,2,True,ATROPINE S,,,,,
FFSU,LA,64380079508,64380,795,8,2024,3,True,CYPROHEPTA,,,,,
FFSU,LA,68001015300,68001,153,0,2024,4,True,CARVEDILOL,,,,,
MCOU,LA,16571011501,16571,115,1,2024,2,False,HYDROXYZIN,39406.0,720.0,16351.51,15732.83,618.68
MCOU,LA,59651000130,59651,1,30,2024,3,False,OMEPRAZOLE,1035.0,35.0,275.7,258.68,17.02
MCOU,LA,69367026309,69367,263,9,2024,2,False,VALACYCLOV,5256.0,211.0,4585.55,4473.18,112.37
MCOU,LA,62756018413,62756,184,13,2024,2,False,OXCARBAZEP,4079.0,90.0,1795.72,1755.09,40.63
MCOU,LA,93172110,93,1721,10,2024,2,False,WARFARIN S,1710.0,40.0,723.3,671.56,51.74
MCOU,LA,68645058054,68645,580,54,2024,3,False,AMLODIPINE,325057.0,9104.0,51486.03,48863.72,2622.31
FFSU,LA,21922006205,21922,62,5,2024,3,False,TRIAMCINOL,570.0,18.0,257.82,257.36,0.46
MCOU,LA,378140496,378,1404,96,2024,3,True,RIZATRIPTA,,,,,
MCOU,LA,597029578,597,295,78,2024,4,False,SYNJARDY X,444.0,15.0,8225.65,6704.62,1521.03
FFSU,LA,131541072,131,5410,72,2024,1,False,VIMPAT    ,14400.0,13.0,30747.73,30747.73,0.0
MCOU,LA,70954005910,70954,59,10,2024,2,False,PREDNISONE,101.0,11.0,129.07,117.83,11.24
MCOU,LA,60505265901,60505,2659,1,2024,2,False,TRAZODONE ,11995.0,277.0,17578.74,16615.55,963.19
MCOU,LA,409100520,409,1005,20,2024,1,True,HEPARIN SO,,,,,
FFSU,LA,70700012487,70700,124,87,2024,2,True,LOJAIMIESS,,,,,
FFSU,LA,64380017101,64380,171,1,2024,3,True,IMIPRAMINE,,,,,
MCOU,LA,27808009301,27808,93,1,2024,2,False,DEXMETHYLP,7502.0,174.0,4769.69,4421.62,348.07
MCOU,LA,168008031,168,80,31,2024,2,False,HYDROCORTI,137013.9,4038.0,40286.58,37397.72,2888.86
MCOU,LA,93414856,93,4148,56,2024,2,True,LEVALBUTER,,,,,
MCOU,LA,65162075009,65162,750,9,2024,4,False,DUTASTERID,600.0,14.0,195.14,147.72,47.42
MCOU,LA,713022815,713,228,15,2024,3,False,TRIAMCINOL,525.0,18.0,51.3,51.3,0.0
FFSU,LA,68382011605,68382,116,5,2024,2,False,RISPERIDON,640.0,21.0,290.08,290.08,0.0
FFSU,LA,63323001002,63323,10,2,2024,2,True,GENTAMICIN,,,,,
MCOU,LA,168016315,168,163,15,2024,3,True,CLOBETASOL,,,,,
MCOU,LA,81964020501,81964,205,1,2024,2,False,AMOXICILLI,275.0,11.0,80.72,56.7,24.02
FFSU,LA,72241000811,72241,8,11,2024,3,False,FLUOXETINE,615.0,15.0,178.18,174.16,4.02
FFSU,LA,65862064163,65862,641,63,2024,2,False,AZITHROMYC,146.0,25.0,337.34,334.27,3.07
MCOU,LA,378797052,378,7970,52,2024,3,False,IPRATROPIU,2037.5,19.0,568.19,568.19,0.0
FFSU,LA,51991031190,51991,311,90,2024,2,True,DESVENLAFA,,,,,
FFSU,LA,68462043630,68462,436,30,2024,4,True,OLMESARTAN,,,,,
FFSU,LA,944285001,944,2850,1,2024,4,True,CUVITRU   ,,,,,
FFSU,LA,338012612,338,126,12,2024,3,True,MYXREDLIN ,,,,,
FFSU,LA,45802006436,45802,64,36,2024,3,True,TRIAMCINOL,,,,,
MCOU,LA,65162057310,65162,573,10,2024,2,True,BETHANECHO,,,,,
FFSU,LA,591410201,591,4102,1,2024,3,True,PERPHENAZI,,,,,
MCOU,LA,378336199,378,3361,99,2024,3,True,ESTRADIOL ,,,,,
MCOU,LA,69238112509,69238,1125,9,2024,2,True,NADOLOL   ,,,,,
MCOU,LA,62175027141,62175,271,41,2024,4,False,OXYBUTYNIN,756.0,24.0,349.17,349.17,0.0
MCOU,LA,378451793,378,4517,93,2024,2,True,AMLODIPINE,,,,,
FFSU,LA,781604146,781,6041,46,2024,1,True,AMOXICILLI,,,,,
MCOU,LA,406037601,406,376,1,2024,1,False,HYDROCODON,141.0,11.0,103.84,103.84,0.0
MCOU,KY,70000033201,70000,332,1,2024,1,True,LDR CORN/C,,,,,
FFSU,KY,70010001201,70010,12,1,2024,1,True,METHYLPHEN,,,,,
MCOU,LA,16571020206,16571,202,6,2024,4,False,DICLOFENAC,7575.0,174.0,2407.29,2383.13,24.16
MCOU,LA,25021010110,25021,101,10,2024,3,False,CEFAZOLIN ,32.0,16.0,76.36,76.36,0.0
MCOU,LA,472023516,472,235,16,2024,4,True,LEVETIRACE,,,,,
MCOU,LA,70756029190,70756,291,90,2024,4,True,NEBIVOLOL ,,,,,
MCOU,LA,93590786,93,5907,86,2024,1,False,MESALAMINE,2460.0,13.0,4332.93,4332.93,0.0
MCOU,KY,70010016101,70010,161,1,2024,1,False,APAP ES TA,86712.0,2752.0,21757.27,21757.27,0.0
MCOU,LA,59746070401,59746,704,1,2024,3,False,DOXEPIN HC,2509.0,64.0,1627.21,1530.63,96.58
MCOU,LA,72305005030,72305,50,30,2024,3,False,EUTHYROX  ,960.0,30.0,260.73,248.14,12.59
MCOU,KY,72888003405,72888,34,5,2024,1,False,CARVEDILOL,50204.0,518.0,5074.44,5074.44,0.0
MCOU,LA,63739016056,63739,160,56,2024,2,False,NYSTATIN  ,2012.0,22.0,519.5,509.79,9.71
MCOU,LA,72205000399,72205,3,99,2024,2,False,ROSUVASTAT,17526.0,448.0,6143.16,5957.77,185.39
MCOU,LA,603548421,603,5484,21,2024,3,False,PROPRANOLO,1248.0,23.0,354.92,354.92,0.0
MCOU,KY,68001036503,68001,365,3,2024,1,False,METRONIDAZ,577.0,30.0,391.6,391.6,0.0
MCOU,LA,904655161,904,6551,61,2024,1,True,ONDANSETRO,,,,,
MCOU,LA,64380072206,64380,722,6,2024,2,True,TACROLIMUS,,,,,
FFSU,LA,597016860,597,168,60,2024,4,True,SYNJARDY  ,,,,,
MCOU,LA,57664069188,57664,691,88,2024,2,True,AMITRIPTYL,,,,,
FFSU,LA,68382054916,68382,549,16,2024,4,True,MEMANTINE ,,,,,
MCOU,LA,591379783,591,3797,83,2024,4,True,ALBUTEROL ,,,,,
MCOU,LA,527512170,527,5121,70,2024,3,True,NYSTATIN  ,,,,,
MCOU,LA,228255196,228,2551,96,2024,2,True,DICLOFENAC,,,,,
MCOU,LA,51672422708,51672,4227,8,2024,2,True,CLOBAZAM  ,,,,,
MCOU,LA,57664095288,57664,952,88,2024,4,False,DEXTROAMPH,780.0,26.0,6057.98,5352.55,705.43
FFSU,LA,53746083153,53746,831,53,2024,4,False,CIPROFLOXA,142.5,19.0,2274.21,2187.06,87.15
MCOU,LA,641604325,641,6043,25,2024,1,False,KETOROLAC ,94.0,47.0,53.93,53.93,0.0
FFSU,LA,51991029405,51991,294,5,2024,4,False,OXCARBAZEP,7647.0,113.0,3998.2,3928.2,70.0
MCOU,KY,68462085229,68462,852,29,2024,1,False,CHARLOTTET,1540.0,32.0,653.58,653.58,0.0
MCOU,LA,713067831,713,678,31,2024,3,False,NYSTATIN  ,14580.0,444.0,6185.31,5681.22,504.09
MCOU,LA,49483038712,49483,387,12,2024,3,False,ASPIRIN EC,1380.0,45.0,543.33,505.92,37.41
MCOU,LA,51660052605,51660,526,5,2024,4,False,ALLERGY RE,7533.0,260.0,2842.67,2842.57,0.1
MCOU,LA,47335091886,47335,918,86,2024,4,True,LACOSAMIDE,,,,,
FFSU,LA,68180079902,68180,799,2,2024,2,True,POTASSIUM ,,,,,
FFSU,LA,69292058201,69292,582,1,2024,2,True,HALOPERIDO,,,,,
FFSU,LA,68001000501,68001,5,1,2024,4,True,METHYLPRED,,,,,
MCOU,LA,65414727,65,4147,27,2024,1,False,SIMBRINZA ,1816.0,220.0,45443.47,43014.73,2428.74
MCOU,LA,517003125,517,31,25,2024,2,False,CYANOCOBAL,329.0,181.0,1851.03,1800.55,50.48
MCOU,LA,9737611,9,7376,11,2024,2,False,DEPO-PROVE,363.339,440.0,18811.15,17244.6,1566.55
MCOU,LA,52817039250,52817,392,50,2024,3,True,CARBIDOPA-,,,,,
MCOU,LA,62559016001,62559,160,1,2024,4,False,FLUVOXAMIN,13251.0,273.0,6132.42,6010.18,122.24
MCOU,LA,50474070062,50474,700,62,2024,3,True,CIMZIA    ,,,,,
MCOU,LA,990797208,990,7972,8,2024,3,True,SODIUM CHL,,,,,
MCOU,LA,66215023256,66215,232,56,2024,4,False,TRACLEER  ,615.0,17.0,104148.58,102688.24,1460.34
FFSU,LA,64380078508,64380,785,8,2024,3,True,PREDNISONE,,,,,
FFSU,LA,72603015701,72603,157,1,2024,4,True,OLANZAPINE,,,,,
MCOU,LA,65862035790,65862,357,90,2024,3,False,CLOPIDOGRE,540.2,19.0,187.11,159.71,27.4
MCOU,LA,55111072530,55111,725,30,2024,2,False,MONTELUKAS,600.0,18.0,240.44,240.44,0.0
MCOU,KY,70095002501,70095,25,1,2024,1,False,AZITHROMYC,14.0,16.0,79.87,79.87,0.0
FFSU,LA,832600411,832,6004,11,2024,2,True,FLUPHENAZI,,,,,
FFSU,LA,12496121203,12496,1212,3,2024,2,True,SUBOXONE  ,,,,,
MCOU,LA,65757040203,65757,402,3,2024,3,False,ARISTADA  ,379.2,158.0,353281.27,337887.82,15393.45
FFSU,LA,378581577,378,5815,77,2024,4,True,VALSARTAN ,,,,,
FFSU,LA,66220072930,66220,729,30,2024,3,True,KRISTALOSE,,,,,
FFSU,LA,42858010201,42858,102,1,2024,4,True,OXYCODONE-,,,,,
MCOU,LA,591212712,591,2127,12,2024,2,True,BRINZOLAMI,,,,,
MCOU,LA,51672300805,51672,3008,5,2024,3,False,LIDOCAINE ,5650.0,79.0,2090.07,1973.69,116.38
MCOU,LA,72578004101,72578,41,1,2024,2,False,ZONISAMIDE,5105.0,80.0,1969.45,1790.73,178.72
MCOU,LA,59746017710,59746,177,10,2024,3,False,CYCLOBENZA,1901.0,40.0,359.07,359.07,0.0
FFSU,LA,68382009706,68382,97,6,2024,4,True,PAROXETINE,,,,,
MCOU,LA,70954068910,70954,689,10,2024,4,False,PROCHLORPE,2707.0,105.0,1159.59,1159.59,0.0
FFSU,MA,50242022701,50242,227,1,2024,3,False,XOLAIR 300,78.0,29.0,97817.05,68236.56,29580.49
FFSU,MA,60432006500,60432,65,0,2024,3,True,AMOX-CLAV ,,,,,
FFSU,LA,71288041082,71288,410,82,2024,1,True,ENOXAPARIN,,,,,
FFSU,MA,51672131808,51672,1318,8,2024,3,False,CICLOPIROX,4230.0,47.0,951.9,918.19,33.71
FFSU,MA,72578008801,72578,88,1,2024,3,False,NYSTATIN-T,810.0,31.0,489.51,476.62,12.89
MCOU,MA,51224022070,51224,220,70,2024,3,True,METFORMIN ,,,,,
MCOU,MA,65162037110,65162,371,10,2024,3,True,OXYBUTYNIN,,,,,
MCOU,MA,60687059511,60687,595,11,2024,3,False,FAMOTIDINE,30.0,29.0,1.86,1.86,0.0
FFSU,MA,143985316,143,9853,16,2024,3,False,AMOX-CLAV ,31625.0,219.0,4133.64,3986.45,147.19
MCOU,MA,68001060755,68001,607,55,2024,4,False,POLYETHYLE,59.0,57.0,272.72,272.72,0.0
MCOU,MA,527076237,527,762,37,2024,4,False,DEXTROAMP-,6797.0,156.0,1964.88,1964.88,0.0
MCOU,MA,57237017105,57237,171,5,2024,4,False,ROSUVASTAT,1620.0,18.0,387.89,387.89,0.0
FFSU,MA,62332001131,62332,11,31,2024,4,False,VENLAFAXIN,591.0,14.0,154.16,154.16,0.0
MCOU,LA,68462030529,68462,305,29,2024,1,False,NORETHINDR,2800.0,74.0,1128.23,1095.02,33.21
MCOU,LA,72572036001,72572,360,1,2024,1,True,LEVETIRACE,,,,,
MCOU,MA,68645051654,68645,516,54,2024,3,False,AMLODIPINE,20874.0,237.0,2601.77,2601.77,0.0
MCOU,LA,16714037702,16714,377,2,2024,1,False,QUETIAPINE,945.0,28.0,382.92,355.39,27.53
MCOU,LA,24979010207,24979,102,7,2024,1,False,BUPROPION ,1230.0,33.0,562.6,562.6,0.0
MCOU,MA,409116209,409,1162,9,2024,3,False,BUPIVACAIN,8000.0,35.0,4.87,0.99,3.88
FFSU,MA,16714069102,16714,691,2,2024,3,True,FLUCONAZOL,,,,,
FFSU,MA,574200815,574,2008,15,2024,3,False,NYSTOP 100,1095.0,46.0,799.57,796.14,3.43
FFSU,LA,29300042110,29300,421,10,2024,1,False,AMITRIPTYL,2985.0,73.0,1116.57,1093.91,22.66
FFSU,MA,60505017009,60505,170,9,2024,3,False,PRAVASTATI,1080.0,12.0,203.16,203.16,0.0
FFSU,LA,70756028811,70756,288,11,2024,1,True,BACLOFEN  ,,,,,
FFSU,MA,55111015701,55111,157,1,2024,4,True,OMEPRAZOLE,,,,,
MCOU,LA,68001023703,68001,237,3,2024,1,False,CLONIDINE ,25506.0,658.0,8194.06,7994.96,199.1
FFSU,MA,68462086501,68462,865,1,2024,3,True,CHLORPROMA,,,,,
FFSU,MA,23923201,23,9232,1,2024,2,True,BOTOX COSM,,,,,
MCOU,MA,72237010401,72237,104,1,2024,3,True,XPOVIO 60 ,,,,,
MCOU,MA,641040037,641,400,37,2024,4,False,HEPARIN SO,76.4,51.0,448.2,448.2,0.0
MCOU,MA,58151012593,58151,125,93,2024,3,True,EFFEXOR XR,,,,,
MCOU,MA,65862065401,65862,654,1,2024,3,False,ENTACAPONE,2278.0,17.0,2975.31,2975.31,0.0
MCOU,LA,68462060994,68462,609,94,2024,1,True,PIMECROLIM,,,,,
FFSU,MA,43547027210,43547,272,10,2024,4,False,ROPINIROLE,2034.0,33.0,470.83,470.83,0.0
FFSU,LA,68180052001,68180,520,1,2024,1,False,LISINOPRIL,420.0,14.0,186.49,186.49,0.0
MCOU,MA,574082010,574,820,10,2024,4,True,TESTOSTERO,,,,,
MCOU,MA,16729045517,16729,455,17,2024,3,False,LEVOTHYROX,1473.0,21.0,271.46,271.46,0.0
MCOU,LA,62559039120,62559,391,20,2024,1,True,VANCOMYCIN,,,,,
FFSU,MA,115991801,115,9918,1,2024,2,False,DEXMETHYLP,560.0,18.0,504.66,336.87,167.79
MCOU,LA,68382018205,68382,182,5,2024,1,False,BUSPIRONE ,7519.0,119.0,1915.61,1811.36,104.25
FFSU,LA,71093016105,71093,161,5,2024,1,True,GABAPENTIN,,,,,
MCOU,MA,69292058601,69292,586,1,2024,3,False,HALOPERIDO,1388.0,25.0,621.74,621.74,0.0
FFSU,MA,51672129303,51672,1293,3,2024,4,False,CLOBETASOL,1850.0,37.0,771.83,771.0,0.83
FFSU,MA,16571013610,16571,136,10,2024,4,True,ATORVASTAT,,,,,
FFSU,MA,264319511,264,3195,11,2024,4,True,CEFEPIME-D,,,,,
MCOU,MA,58657067501,58657,675,1,2024,3,True,CIPROFLOXA,,,,,
MCOU,MA,68462026630,68462,266,30,2024,4,False,ATOMOXETIN,750.0,19.0,1161.21,1161.21,0.0
MCOU,MA,50228018105,50228,181,5,2024,3,False,GABAPENTIN,14104.0,126.0,1220.81,1220.81,0.0
MCOU,LA,43975034903,43975,349,3,2024,1,False,PALIPERIDO,630.0,19.0,1028.46,913.17,115.29
MCOU,MA,65862094760,65862,947,60,2024,3,True,DORZOLAMID,,,,,
FFSU,MA,33342015711,33342,157,11,2024,4,True,CELECOXIB ,,,,,
MCOU,LA,64380019701,64380,197,1,2024,1,True,AMLODIPINE,,,,,
FFSU,MA,33342008741,33342,87,41,2024,4,False,RIZATRIPTA,217.0,18.0,276.16,276.16,0.0
FFSU,MA,24385055010,24385,550,10,2024,3,True,INFANT IBU,,,,,
MCOU,MA,70436001102,70436,11,2,2024,4,False,BUPROPION ,3802.0,76.0,980.61,980.61,0.0
MCOU,MA,50742017701,50742,177,1,2024,4,True,ISOSORBIDE,,,,,
MCOU,MA,75834024230,75834,242,30,2024,3,True,ERYTHROMYC,,,,,
MCOU,MA,43598058230,43598,582,30,2024,3,False,BUPRENORPH,1388.0,39.0,6056.52,6056.52,0.0
FFSU,MA,228257111,228,2571,11,2024,2,True,INDAPAMIDE,,,,,
MCOU,LA,16714085501,16714,855,1,2024,1,False,METOPROLOL,2905.0,67.0,1318.94,1318.94,0.0
MCOU,MA,65862020901,65862,209,1,2024,3,True,MINOCYCLIN,,,,,
MCOU,MA,310067912,310,679,12,2024,3,False,LYNPARZA 1,2580.0,22.0,373317.68,373317.68,0.0
FFSU,MA,16714017501,16714,175,1,2024,4,False,ATORVASTAT,414.0,11.0,131.32,131.32,0.0
MCOU,MA,62559063101,62559,631,1,2024,3,True,ERYTHROMYC,,,,,
FFSU,MA,42747020301,42747,203,1,2024,4,True,CRYSVITA 2,,,,,
FFSU,MA,55513095401,55513,954,1,2024,3,False,VECTIBIX 1,70.0,11.0,55861.35,50697.69,5163.66
FFSU,MA,93821062,93,8210,62,2024,3,True,FINZALA 1-,,,,,
MCOU,MA,63304092501,63304,925,1,2024,4,False,GUANFACINE,623.0,20.0,167.29,167.29,0.0
FFSU,MA,536135301,536,1353,1,2024,4,False,VITAMIN D3,442558.0,5763.0,37601.89,37600.6,1.29
MCOU,MA,65862007701,65862,77,1,2024,3,False,CIPROFLOXA,3591.0,247.0,707.2,707.2,0.0
FFSU,LA,16714085701,16714,857,1,2024,1,True,CYCLOPHOSP,,,,,
FFSU,MA,10370083105,10370,831,5,2024,4,True,DILTIAZEM ,,,,,
MCOU,MA,527810937,527,8109,37,2024,3,True,DEXMETHYLP,,,,,
FFSU,LA,67877044290,67877,442,90,2024,1,True,ROSUVASTAT,,,,,
FFSU,LA,69339017441,69339,174,41,2024,1,True,NITROGLYCE,,,,,
MCOU,MA,23155052341,23155,523,41,2024,4,False,PROCHLORPE,108.0,41.0,0.0,0.0,0.0
FFSU,MA,68001050569,68001,505,69,2024,4,False,POLYETHYLE,116654.0,187.0,3407.7,3407.7,0.0
MCOU,MA,904546335,904,5463,35,2024,3,True,INFANT IBU,,,,,
FFSU,MA,378561778,378,5617,78,2024,2,True,LEVETIRACE,,,,,
MCOU,MA,27241009810,27241,98,10,2024,4,False,DULOXETINE,30392.0,566.0,6072.93,6072.93,0.0
FFSU,MA,24385060485,24385,604,85,2024,4,True,IBUPROFEN ,,,,,
MCOU,MA,409781124,409,7811,24,2024,3,False,METRONIDAZ,27600.0,63.0,0.0,0.0,0.0
MCOU,LA,43547039209,43547,392,9,2024,1,False,OLMESARTAN,2790.0,81.0,1621.07,1524.35,96.72
FFSU,MA,16714063301,16714,633,1,2024,3,False,ALENDRONAT,256.0,27.0,317.52,317.52,0.0
MCOU,MA,68001040203,68001,402,3,2024,3,False,LEVETIRACE,1065.0,36.0,106.09,106.09,0.0
MCOU,MA,406324401,406,3244,1,2024,2,False,HYDROMORPH,24550.0,453.0,3940.48,3940.48,0.0
FFSU,MA,70010016201,70010,162,1,2024,4,False,LORATADINE,19943.0,301.0,3755.14,3755.14,0.0
MCOU,MA,68180035209,68180,352,9,2024,3,False,SERTRALINE,2629.0,70.0,358.64,358.64,0.0
MCOU,MA,591292754,591,2927,54,2024,3,False,LEVALBUTER,12870.0,747.0,42318.71,42318.71,0.0
MCOU,MA,904734661,904,7346,61,2024,4,False,FLUOXETINE,104.0,53.0,0.0,0.0,0.0
MCOU,MA,67877025520,67877,255,20,2024,4,False,CEPHALEXIN,412.0,15.0,2312.6,2312.6,0.0
MCOU,MA,75907007601,75907,76,1,2024,4,True,ERYTHROMYC,,,,,
MCOU,LA,68180063709,68180,637,9,2024,1,True,ATORVASTAT,,,,,
MCOU,LA,71839011110,71839,111,10,2024,1,True,ENOXAPARIN,,,,,
MCOU,MA,70860077602,70860,776,2,2024,3,False,ONDANSETRO,412.0,199.0,230.4,0.0,230.4
MCOU,MA,70954005830,70954,58,30,2024,3,True,PREDNISONE,,,,,
MCOU,MA,61874011520,61874,115,20,2024,3,False,VRAYLAR 1.,357.0,13.0,16226.7,16226.7,0.0
MCOU,MA,70860030141,70860,301,41,2024,4,True,DILTIAZEM ,,,,,
MCOU,MA,781751787,781,7517,87,2024,4,True,BUDESONIDE,,,,,
FFSU,MA,29300013201,29300,132,1,2024,3,False,ZALEPLON 1,443.0,15.0,224.32,224.32,0.0
MCOU,MA,69097072044,69097,720,44,2024,4,False,DICLOFENAC,428800.0,2808.0,58511.57,58511.57,0.0
FFSU,MA,68462030529,68462,305,29,2024,3,False,NORETHINDR,52920.0,632.0,11322.71,11322.4,0.31
MCOU,MA,62856038901,62856,389,1,2024,3,True,HALAVEN 1 ,,,,,
MCOU,MA,597029588,597,295,88,2024,3,False,SYNJARDY X,780.0,22.0,15161.99,15161.99,0.0
MCOU,MA,93300256,93,3002,56,2024,3,True,QUININE SU,,,,,
MCOU,MA,62135013277,62135,132,77,2024,4,True,FLUCONAZOL,,,,,
FFSU,MA,50458014190,50458,141,90,2024,4,True,INVOKANA 3,,,,,
MCOU,LA,65862096901,65862,969,1,2024,1,False,ESZOPICLON,1487.0,64.0,609.57,609.57,0.0
MCOU,MA,75907009540,75907,95,40,2024,3,True,FLUOROURAC,,,,,
MCOU,MA,69367039505,69367,395,5,2024,3,True,IBUPROFEN ,,,,,
FFSU,MA,61269091060,61269,910,60,2024,3,True,IRON CHEWS,,,,,
MCOU,MA,78049305,78,493,5,2024,2,False,FOCALIN XR,57038.0,1847.0,286492.2,286492.2,0.0
FFSU,MA,69238153203,69238,1532,3,2024,3,True,CLOBETASOL,,,,,
MCOU,MA,70756042911,70756,429,11,2024,4,False,PRAZOSIN 1,23399.0,427.0,3831.6,3831.6,0.0
MCOU,MA,43598048672,43598,486,72,2024,3,False,NICOTINE 2,17392.0,149.0,4828.35,4828.35,0.0
FFSU,MA,832030300,832,303,0,2024,3,True,CHLORPROMA,,,,,
FFSU,MA,641602201,641,6022,1,2024,3,True,FAMOTIDINE,,,,,
FFSU,MA,536129801,536,1298,1,2024,4,True,FAMOTIDINE,,,,,
FFSU,MA,57237000730,57237,7,30,2024,4,False,MIRTAZAPIN,3338.0,99.0,2359.13,2341.14,17.99
FFSU,MA,68001048500,68001,485,0,2024,3,True,METAXALONE,,,,,
FFSU,MA,63323011761,63323,117,61,2024,3,True,FLUOROURAC,,,,,
FFSU,MA,49401008801,49401,88,1,2024,4,True,BENLYSTA 2,,,,,
FFSU,MA,70748026160,70748,261,60,2024,3,False,FORMOTEROL,1320.0,21.0,1213.33,1213.33,0.0
MCOU,MA,378969152,378,9691,52,2024,3,True,LEVALBUTER,,,,,
FFSU,MA,65757050003,65757,500,3,2024,3,True,ARISTADA I,,,,,
MCOU,MA,51079044001,51079,440,1,2024,4,True,LEVOTHYROX,,,,,
MCOU,MA,55724021121,55724,211,21,2024,3,False,EUCRISA 2%,13260.0,220.0,162225.11,162225.11,0.0
FFSU,MA,13668060730,13668,607,30,2024,4,True,ERYTHROMYC,,,,,
FFSU,LA,68001033408,68001,334,8,2024,1,False,LISINOPRIL,1268.0,43.0,520.37,518.83,1.54
FFSU,MA,50268012615,50268,126,15,2024,4,True,LUBRICANT ,,,,,
MCOU,MA,65862095530,65862,955,30,2024,4,True,LURASIDONE,,,,,
MCOU,MA,64842102503,64842,1025,3,2024,3,True,LONSURF 15,,,,,
MCOU,MA,55111052701,55111,527,1,2024,4,True,TACROLIMUS,,,,,
MCOU,MA,50474047066,50474,470,66,2024,4,False,BRIVIACT 2,1249.0,30.0,27603.58,27603.58,0.0
FFSU,MA,68382053601,68382,536,1,2024,3,True,POTASSIUM ,,,,,
MCOU,MA,378730053,378,7300,53,2024,4,False,DROSPIRENO,1204.0,15.0,801.55,801.55,0.0
MCOU,MA,10572030201,10572,302,1,2024,3,False,PEG 3350-E,304000.0,52.0,1764.21,1764.21,0.0
FFSU,MA,228277911,228,2779,11,2024,2,False,PROPRANOLO,3450.0,42.0,1123.52,1123.52,0.0
MCOU,MA,74057630,74,576,30,2024,2,True,VENCLEXTA ,,,,,
FFSU,LA,45802049326,45802,493,26,2024,1,True,AMMONIUM L,,,,,
MCOU,LA,46122071960,46122,719,60,2024,1,True,NICOTINE G,,,,,
FFSU,LA,68180087773,68180,877,73,2024,1,True,JENCYCLA  ,,,,,
FFSU,MA,62542020030,62542,200,30,2024,4,True,MULTIVIT-F,,,,,
MCOU,LA,65162067684,65162,676,84,2024,1,False,AZELASTINE,60510.0,1934.0,29147.34,27801.99,1345.35
MCOU,MA,25021040010,25021,400,10,2024,4,False,HEPARIN 10,131.0,22.0,0.0,0.0,0.0
MCOU,MA,72888003001,72888,30,1,2024,3,True,OXYBUTYNIN,,,,,
FFSU,LA,47335072183,47335,721,83,2024,1,True,FEBUXOSTAT,,,,,
MCOU,MA,69315011805,69315,118,5,2024,4,False,FUROSEMIDE,2119.0,29.0,214.24,214.24,0.0
FFSU,MA,406123610,406,1236,10,2024,3,True,DIPHENOXYL,,,,,
MCOU,LA,55111036031,55111,360,31,2024,1,True,DESLORATAD,,,,,
FFSU,MA,63323049509,63323,495,9,2024,3,True,XYLOCAINE-,,,,,
FFSU,MA,70000046101,70000,461,1,2024,3,True,ANTI-DIARR,,,,,
MCOU,MA,55150030001,55150,300,1,2024,4,False,PHENYLEPHR,3171.0,15.0,0.0,0.0,0.0
MCOU,LA,16729018401,16729,184,1,2024,1,False,HYDROCHLOR,390.0,11.0,131.39,131.39,0.0
MCOU,MA,338000404,338,4,4,2024,2,False,STERILE WA,5046.0,31.0,16.31,16.31,0.0
MCOU,MA,63323061416,63323,614,16,2024,3,True,HYDRALAZIN,,,,,
MCOU,LA,65862095430,65862,954,30,2024,1,False,LURASIDONE,5009.0,157.0,2582.4,2523.2,59.2
MCOU,MA,59746033990,59746,339,90,2024,3,True,LOSARTAN-H,,,,,
MCOU,MA,11994001101,11994,11,1,2024,4,False,DEFINITY 1,89.0,47.0,1015.86,928.1,87.76
MCOU,LA,65862075990,65862,759,90,2024,1,False,PREGABALIN,5517.0,81.0,1430.19,1317.03,113.16
MCOU,MA,52817038110,52817,381,10,2024,4,False,NAPROXEN D,5355.0,121.0,15340.79,15340.79,0.0
MCOU,MA,904637361,904,6373,61,2024,3,True,ROPINIROLE,,,,,
MCOU,MA,55292041005,55292,410,5,2024,3,True,CYSTADROPS,,,,,
FFSU,MA,143967801,143,9678,1,2024,4,True,CEFTRIAXON,,,,,
MCOU,MA,93342701,93,3427,1,2024,4,False,LORAZEPAM ,4779.0,92.0,536.09,536.09,0.0
FFSU,MA,168042446,168,424,46,2024,2,False,ADAPALENE ,585.0,13.0,1260.7,741.13,519.57
MCOU,MA,78068515,78,685,15,2024,4,True,PROMACTA 2,,,,,
FFSU,LA,33342018010,33342,180,10,2024,1,True,OLMESARTAN,,,,,
MCOU,MA,57237003750,57237,37,50,2024,4,True,CEFPROZIL ,,,,,
MCOU,MA,67877026118,67877,261,18,2024,4,False,RIZATRIPTA,2161.0,196.0,1724.42,1724.42,0.0
FFSU,MA,54982831,54,9828,31,2024,4,False,PREDNISONE,2149.0,64.0,549.69,474.56,75.13
MCOU,LA,76385011901,76385,119,1,2024,1,True,ETODOLAC  ,,,,,
MCOU,MA,68001018008,68001,180,8,2024,3,False,QUETIAPINE,8478.0,183.0,897.82,897.82,0.0
MCOU,MA,68462010530,68462,105,30,2024,3,False,ONDANSETRO,134585.0,5061.0,16667.78,16667.78,0.0
FFSU,MA,781710454,781,7104,54,2024,4,False,ESTRADIOL ,256.0,20.0,3245.81,2990.46,255.35
MCOU,MA,71921018150,71921,181,50,2024,3,True,IBUPROFEN ,,,,,
MCOU,MA,16571077809,16571,778,9,2024,3,True,DONEPEZIL ,,,,,
FFSU,MA,536132594,536,1325,94,2024,3,False,POLYVINYL ,240.0,15.0,209.58,209.58,0.0
MCOU,MA,68382003610,68382,36,10,2024,4,False,VENLAFAXIN,1065.0,29.0,259.13,259.13,0.0
FFSU,MA,409116202,409,1162,2,2024,4,True,BUPIVACAIN,,,,,
FFSU,MA,68001051800,68001,518,0,2024,4,True,POTASSIUM ,,,,,
MCOU,MA,59338077501,59338,775,1,2024,4,False,FERAHEME 5,4759.991,280.0,95481.18,79681.53,15799.65
MCOU,MA,603254021,603,2540,21,2024,4,True,BUTALBITAL,,,,,
MCOU,MA,70860012641,70860,126,41,2024,4,True,PENICILLIN,,,,,
FFSU,MA,31722076501,31722,765,1,2024,4,False,QUETIAPINE,4774.0,105.0,1255.59,1255.59,0.0
MCOU,MA,72578000305,72578,3,5,2024,4,True,MEMANTINE ,,,,,
MCOU,MA,59310030240,59310,302,40,2024,3,False,QVAR REDIH,1706.6,158.0,31415.36,31415.36,0.0
FFSU,LA,47781056601,47781,566,1,2024,1,True,LISDEXAMFE,,,,,
MCOU,MA,23155065205,23155,652,5,2024,3,True,METRONIDAZ,,,,,
FFSU,MA,24979016144,24979,161,44,2024,3,True,MYCOPHENOL,,,,,
FFSU,MA,72205002590,72205,25,90,2024,4,True,ATORVASTAT,,,,,
MCOU,LA,63323069210,63323,692,10,2024,1,True,ACETYLCYST,,,,,
MCOU,MA,72888005990,72888,59,90,2024,4,True,RABEPRAZOL,,,,,
FFSU,LA,71858012005,71858,120,5,2024,1,True,TIROSINT-S,,,,,
FFSU,MA,16714061204,16714,612,4,2024,3,True,SERTRALINE,,,,,
FFSU,MA,68180034606,68180,346,6,2024,4,True,DARUNAVIR ,,,,,
MCOU,MA,70069006201,70069,62,1,2024,3,False,ROPIVACAIN,2450.0,19.0,158.89,158.89,0.0
MCOU,MA,69292053201,69292,532,1,2024,4,False,PROPRANOLO,4096.0,30.0,642.49,642.49,0.0
FFSU,MA,10542001010,10542,10,10,2024,4,True,DIALYVITE ,,,,,
FFSU,MA,27808003301,27808,33,1,2024,4,True,THEOPHYLLI,,,,,
MCOU,MD,16714007205,16714,72,5,2024,4,False,BACLOFEN 2,1476.0,19.0,128.73,84.91,43.82
FFSU,MD,43598003401,43598,34,1,2024,4,True,FLUPHENAZI,,,,,
MCOU,MA,63739099210,63739,992,10,2024,2,True,METHOCARBA,,,,,
FFSU,MD,16729044917,16729,449,17,2024,4,False,LEVOTHYROX,1635.0,52.0,649.88,614.88,35.0
FFSU,MD,69097051403,69097,514,3,2024,4,True,ABACAVIR 3,,,,,
FFSU,MD,16729000417,16729,4,17,2024,4,True,SIMVASTATI,,,,,
FFSU,MD,55111078430,55111,784,30,2024,4,False,FEXOFENADI,360.0,12.0,217.13,211.13,6.0
MCOU,MD,45802092596,45802,925,96,2024,4,False,CLOBETASOL,900.0,15.0,358.37,345.37,13.0
MCOU,MA,68180097209,68180,972,9,2024,1,True,LEVOTHYROX,,,,,
MCOU,MA,51672406301,51672,4063,1,2024,1,True,FLUOROURAC,,,,,
MCOU,MA,70510232102,70510,2321,2,2024,2,True,RADICAVA O,,,,,
MCOU,MA,16714076001,16714,760,1,2024,1,True,ATOMOXETIN,,,,,
FFSU,MA,33342015001,33342,150,1,2024,1,True,IBANDRONAT,,,,,
MCOU,MA,59762201206,59762,2012,6,2024,2,True,ASENAPINE ,,,,,
FFSU,MA,64980051505,64980,515,5,2024,2,False,OFLOXACIN ,225.0,42.0,818.48,793.36,25.12
FFSU,MD,64980051405,64980,514,5,2024,4,False,TIMOLOL MA,175.0,35.0,492.16,474.16,18.0
MCOU,MA,409733711,409,7337,11,2024,2,True,CEFTRIAXON,,,,,
MCOU,MA,591387045,591,3870,45,2024,2,True,MEMANTINE ,,,,,
FFSU,MA,69367020005,69367,200,5,2024,1,True,CLOPIDOGRE,,,,,
MCOU,MD,115143613,115,1436,13,2024,4,True,CYCLOBENZA,,,,,
FFSU,MA,70710146002,70710,1460,2,2024,1,False,AZITHROMYC,2300.0,62.0,1086.57,1063.4,23.17
MCOU,MA,713086130,713,861,30,2024,2,True,BENICAR 20,,,,,
MCOU,MD,43598043611,43598,436,11,2024,4,False,NITROGLYCE,5405.0,153.0,1071.7,908.97,162.73
MCOU,MA,63323042102,63323,421,2,2024,2,True,DEXMEDETOM,,,,,
MCOU,MA,16571077450,16571,774,50,2024,1,True,GLIMEPIRID,,,,,
MCOU,MA,55150028209,55150,282,9,2024,2,False,ERTAPENEM ,37.0,32.0,860.62,468.41,392.21
FFSU,MD,64980034214,64980,342,14,2024,4,False,ALENDRONAT,462.0,117.0,1359.11,1298.11,61.0
MCOU,MD,70677016701,70677,167,1,2024,4,True,SENNA-S 8.,,,,,
MCOU,MD,68682001004,68682,10,4,2024,4,True,SODIUM SUL,,,,,
MCOU,MA,72205002799,72205,27,99,2024,2,False,ROSUVASTAT,1491.0,21.0,195.96,195.96,0.0
MCOU,MD,33342027707,33342,277,7,2024,4,True,DARIFENACI,,,,,
FFSU,MD,59651000715,59651,7,15,2024,4,True,AZITHROMYC,,,,,
MCOU,MA,60219551109,60219,5511,9,2024,2,True,FENOFIBRAT,,,,,
MCOU,MA,487020101,487,201,1,2024,1,False,IPRAT-ALBU,3379.0,906.0,1155.33,1122.67,32.66
MCOU,MA,57844012001,57844,120,1,2024,2,False,ADDERALL 2,5225.0,89.0,54142.66,54142.66,0.0
MCOU,MA,70954015830,70954,158,30,2024,2,True,CLORAZEPAT,,,,,
MCOU,MD,168026850,168,268,50,2024,4,False,BETAMETHAS,1550.0,28.0,1468.13,1441.13,27.0
MCOU,MA,47781041060,47781,410,60,2024,2,True,HYDROCODON,,,,,
MCOU,MD,72888008001,72888,80,1,2024,4,False,TRAMADOL H,14963.0,260.0,785.47,591.22,194.25
MCOU,MA,59651023299,59651,232,99,2024,2,False,CLONIDINE ,2164.0,34.0,146.46,146.46,0.0
MCOU,MA,63459034804,63459,348,4,2024,2,False,BENDEKA 10,373.68,60.0,170753.54,137665.13,33088.41
MCOU,MD,65862056090,65862,560,90,2024,4,False,PANTOPRAZO,91206.0,2379.0,13809.45,11428.57,2380.88
MCOU,MA,944305202,944,3052,2,2024,1,True,ADVATE 401,,,,,
MCOU,MA,69050230,69,502,30,2024,1,True,XELJANZ XR,,,,,
MCOU,MA,68645059090,68645,590,90,2024,2,False,CLOPIDOGRE,5808.0,85.0,1611.08,1611.08,0.0
FFSU,MD,36000000924,36000,9,24,2024,4,True,CIPROFLOXA,,,,,
MCOU,MA,57237004330,57237,43,30,2024,1,False,VALACYCLOV,4950.0,195.0,4433.71,4433.71,0.0
FFSU,MD,16571067621,16571,676,21,2024,4,True,HYDROCORTI,,,,,
MCOU,MA,13668072105,13668,721,5,2024,2,True,ROSUVASTAT,,,,,
FFSU,MD,59651049901,59651,499,1,2024,4,True,HYDROXYZIN,,,,,
FFSU,MA,406184001,406,1840,1,2024,1,False,METHYLPHEN,988.0,29.0,1403.04,1018.96,384.08
MCOU,MA,50242008203,50242,82,3,2024,2,False,LUCENTIS 0,2.383,39.0,33624.0,21872.06,11751.94
FFSU,MA,406012410,406,124,10,2024,1,True,HYDROCODON,,,,,
FFSU,MD,338381450,338,3814,50,2024,4,True,CLINDAMYCI,,,,,
FFSU,MA,61314063710,61314,637,10,2024,1,False,PREDNISOLO,980.0,98.0,6149.18,5823.44,325.74
MCOU,MA,904657561,904,6575,61,2024,1,True,PHENOBARBI,,,,,
MCOU,MD,69367033805,69367,338,5,2024,4,True,CARBIDOPA-,,,,,
MCOU,MD,713072015,713,720,15,2024,4,True,HYDROCORTI,,,,,
MCOU,MD,9041702,9,417,2,2024,3,True,DEPO-TESTO,,,,,
MCOU,MA,517090125,517,901,25,2024,2,True,HYDRALAZIN,,,,,
MCOU,MD,57664080818,57664,808,18,2024,4,False,PHENYTOIN ,1503.0,14.0,229.36,208.19,21.17
FFSU,MA,68462044718,68462,447,18,2024,1,True,SEVELAMER ,,,,,
FFSU,MA,88210224,88,2102,24,2024,1,True,PRIFTIN 15,,,,,
FFSU,MD,50458014090,50458,140,90,2024,4,True,INVOKANA 1,,,,,
MCOU,MA,409610237,409,6102,37,2024,1,True,FUROSEMIDE,,,,,
FFSU,MD,31722052101,31722,521,1,2024,4,False,HYDRALAZIN,5019.0,48.0,612.34,593.34,19.0
MCOU,MA,68084051101,68084,511,1,2024,1,True,SIMVASTATI,,,,,
MCOU,MA,43376032236,43376,322,36,2024,1,False,FINTEPLA 2,9972.0,31.0,553703.96,553703.96,0.0
MCOU,MA,70710168400,70710,1684,0,2024,2,False,FAMOTIDINE,5622.0,62.0,1290.18,1290.18,0.0
FFSU,MD,57237022005,57237,220,5,2024,4,True,PIOGLITAZO,,,,,
MCOU,MA,517100101,517,1001,1,2024,2,True,ATROPINE 1,,,,,
FFSU,MA,6057561,6,575,61,2024,1,False,JANUMET 50,2208.0,38.0,20260.71,20260.71,0.0
FFSU,MA,70377002713,70377,27,13,2024,1,False,ATORVASTAT,3510.0,41.0,548.66,487.0,61.66
FFSU,MA,55111018015,55111,180,15,2024,2,False,TIZANIDINE,20117.0,279.0,3469.4,3432.83,36.57
MCOU,MA,61442014210,61442,142,10,2024,2,True,LOVASTATIN,,,,,
MCOU,MA,143980305,143,9803,5,2024,1,False,DOXYCYCLIN,13062.0,518.0,2851.28,2851.28,0.0
MCOU,MA,51672400105,51672,4001,5,2024,1,False,NORTRIPTYL,1950.0,25.0,153.12,153.12,0.0
FFSU,MA,72888015200,72888,152,0,2024,1,False,CLONAZEPAM,560.5,11.0,104.83,104.8,0.03
MCOU,MD,93324201,93,3242,1,2024,3,False,BISOPROLOL,1551.0,34.0,327.47,293.47,34.0
FFSU,MA,228315603,228,3156,3,2024,1,False,BUPRENORPH,1235.0,29.0,781.14,730.61,50.53
MCOU,MA,173077602,173,776,2,2024,1,True,LAMICTAL O,,,,,
MCOU,MA,70000004801,70000,48,1,2024,1,True,ACID REDUC,,,,,
FFSU,MA,13107015430,13107,154,30,2024,2,False,PAROXETINE,438.0,15.0,177.45,177.45,0.0
MCOU,MD,113061246,113,612,46,2024,4,True,GS ALLERGY,,,,,
MCOU,MD,61269098135,61269,981,35,2024,4,True,DOCOSANOL ,,,,,
MCOU,MD,93936405,93,9364,5,2024,3,True,GLYBURIDE ,,,,,
FFSU,MA,60687021501,60687,215,1,2024,1,True,PROPRANOLO,,,,,
FFSU,MD,62332019831,62332,198,31,2024,4,True,ASENAPINE ,,,,,
MCOU,MA,70756044011,70756,440,11,2024,1,False,PRAZOSIN 5,6370.0,80.0,3656.67,3656.67,0.0
FFSU,MA,2237711,2,2377,11,2024,1,False,EMGALITY 1,45.0,39.0,30097.03,19349.89,10747.14
MCOU,MA,50742022415,50742,224,15,2024,1,True,TIZANIDINE,,,,,
MCOU,MA,65162055610,65162,556,10,2024,1,True,TEMAZEPAM ,,,,,
FFSU,MA,58284022801,58284,228,1,2024,2,False,BRIXADI MO,11.88,33.0,56655.6,56655.6,0.0
MCOU,MA,64380072406,64380,724,6,2024,2,False,CALCITRIOL,6856.0,2699.0,3518.1,2283.59,1234.51
FFSU,MD,68382025501,68382,255,1,2024,4,False,OXYBUTYNIN,498.0,16.0,220.84,213.84,7.0
FFSU,MD,68382043528,68382,435,28,2024,4,True,MESALAMINE,,,,,
MCOU,MD,47781065490,47781,654,90,2024,4,False,LEVOTHYROX,2700.0,47.0,187.67,146.67,41.0
FFSU,MA,62559043130,62559,431,30,2024,1,False,HYDROCORTI,20662.35,619.0,11613.36,11519.02,94.34
FFSU,MA,72888010020,72888,100,20,2024,2,False,ARIPIPRAZO,5007.0,27.0,3307.67,2769.41,538.26
MCOU,MD,378905516,378,9055,16,2024,4,False,LIDOCAINE ,330.0,11.0,609.73,598.73,11.0
MCOU,MA,59385002260,59385,22,60,2024,1,False,BELBUCA 15,1982.0,34.0,13556.17,13556.17,0.0
MCOU,MD,64380072606,64380,726,6,2024,4,False,MYCOPHENOL,4590.0,23.0,1362.25,1340.25,22.0
FFSU,MD,50742027901,50742,279,1,2024,4,True,DICLOFENAC,,,,,
FFSU,MA,70954054110,70954,541,10,2024,1,True,TRIMETHOPR,,,,,
MCOU,MA,68001040000,68001,400,0,2024,1,False,FLUOXETINE,1620.0,23.0,182.41,182.41,0.0
FFSU,MA,33342005507,33342,55,7,2024,1,True,PIOGLITAZO,,,,,
MCOU,MA,904585460,904,5854,60,2024,1,True,IBUPROFEN ,,,,,
MCOU,MA,51991087733,51991,877,33,2024,2,True,EPLERENONE,,,,,
MCOU,MD,69452017113,69452,171,13,2024,4,False,AZITHROMYC,488.0,61.0,218.65,169.34,49.31
FFSU,MD,65862095630,65862,956,30,2024,4,False,LURASIDONE,1676.0,55.0,1330.01,1284.01,46.0
MCOU,MD,47335034483,47335,344,83,2024,4,False,CHILD CETI,978.0,33.0,1421.8,1418.8,3.0
FFSU,MD,71093013003,71093,130,3,2024,4,True,SERTRALINE,,,,,
FFSU,MD,65862029390,65862,293,90,2024,4,True,ROSUVASTAT,,,,,
FFSU,MA,62332064531,62332,645,31,2024,1,False,DOXEPIN 50,978.0,30.0,522.34,522.34,0.0
MCOU,MD,713063831,713,638,31,2024,4,False,CICLOPIROX,600.0,15.0,66.73,52.73,14.0
FFSU,MA,72603013501,72603,135,1,2024,1,True,SPIRONOLAC,,,,,
MCOU,MA,71288043292,71288,432,92,2024,1,True,ENOXAPARIN,,,,,
MCOU,MA,70710128600,70710,1286,0,2024,2,False,BACLOFEN 2,5593.0,67.0,656.52,656.52,0.0
FFSU,MA,16714055701,16714,557,1,2024,1,False,METRONIDAZ,840.0,12.0,403.75,403.75,0.0
MCOU,MD,61442012210,61442,122,10,2024,4,False,FAMOTIDINE,11309.0,309.0,1093.46,802.62,290.84
MCOU,MD,51660012312,51660,123,12,2024,4,True,ANTI-DIARR,,,,,
FFSU,MA,713055593,713,555,93,2024,1,True,DOXYCYCLIN,,,,,
FFSU,MD,68180097303,68180,973,3,2024,4,False,LEVOTHYROX,1131.0,39.0,496.33,481.77,14.56
FFSU,MA,69238161503,69238,1615,3,2024,1,False,OFLOXACIN ,710.0,109.0,2132.08,2095.47,36.61
MCOU,MD,57237007550,57237,75,50,2024,4,False,ONDANSETRO,1433.0,60.0,226.84,183.46,43.38
FFSU,MA,904693181,904,6931,81,2024,1,False,POLYETHYLE,19770.0,535.0,28858.15,28815.43,42.72
MCOU,MD,31722053301,31722,533,1,2024,4,False,METHOCARBA,32106.0,590.0,2685.59,2167.91,517.68
FFSU,MA,54458111,54,4581,11,2024,1,False,MERCAPTOPU,1672.0,28.0,1644.28,1614.45,29.83
MCOU,MA,55513000204,55513,2,4,2024,2,True,ARANESP 25,,,,,
FFSU,MA,904001224,904,12,24,2024,1,True,ALLERGY 4 ,,,,,
FFSU,MA,50228038460,50228,384,60,2024,1,False,QUETIAPINE,3022.0,66.0,1749.79,1613.49,136.3
FFSU,MD,53746052201,53746,522,1,2024,4,False,PROMETHAZI,1138.0,21.0,319.97,304.97,15.0
MCOU,MA,16714005203,16714,52,3,2024,1,False,CLOPIDOGRE,1210.0,27.0,319.41,319.41,0.0
FFSU,MA,904640180,904,6401,80,2024,1,True,TAMSULOSIN,,,,,
FFSU,MD,63323031801,63323,318,1,2024,4,True,GRANISETRO,,,,,
FFSU,MA,69315090605,69315,906,5,2024,2,False,LORAZEPAM ,3895.0,69.0,857.73,857.73,0.0
MCOU,MD,2771227,2,7712,27,2024,4,False,HUMALOG 20,3852.0,269.0,259821.09,259549.09,272.0
MCOU,MD,9090218,9,902,18,2024,3,True,CLEOCIN PH,,,,,
MCOU,MD,70860070103,70860,701,3,2024,4,True,KETOROLAC ,,,,,
FFSU,MA,16571077803,16571,778,3,2024,2,True,DONEPEZIL ,,,,,
FFSU,MA,16714009901,16714,99,1,2024,2,True,TACROLIMUS,,,,,
FFSU,MA,58657067601,58657,676,1,2024,2,True,CIPROFLOXA,,,,,
FFSU,MA,42571038425,42571,384,25,2024,1,True,ERYTHROMYC,,,,,
MCOU,MA,51079017220,51079,172,20,2024,2,True,METFORMIN ,,,,,
MCOU,MA,187581030,187,5810,30,2024,1,True,APLENZIN E,,,,,
FFSU,MD,69238165601,69238,1656,1,2024,4,True,SUCRALFATE,,,,,
FFSU,MA,16714017603,16714,176,3,2024,2,False,ATORVASTAT,578.0,16.0,214.65,214.65,0.0
FFSU,MA,59746000106,59746,1,6,2024,1,False,METHYLPRED,895.0,27.0,398.77,398.77,0.0
FFSU,MA,69238199201,69238,1992,1,2024,1,True,DIGOXIN 25,,,,,
MCOU,MA,29300041910,29300,419,10,2024,2,False,AMITRIPTYL,31400.0,459.0,2610.71,2610.71,0.0
MCOU,MD,51672402703,51672,4027,3,2024,4,True,WARFARIN S,,,,,
MCOU,MD,67877041790,67877,417,90,2024,4,True,VALSARTAN ,,,,,
MCOU,MA,16714025901,16714,259,1,2024,1,False,AMITRIPTYL,720.0,11.0,120.59,120.59,0.0
MCOU,MA,527811037,527,8110,37,2024,2,True,DEXMETHYLP,,,,,
MCOU,MD,54417925,54,4179,25,2024,3,True,DEXAMETHAS,,,,,
FFSU,MD,51672417005,51672,4170,5,2024,4,True,SOD SUL-PO,,,,,
MCOU,MA,51991081801,51991,818,1,2024,2,False,PROPRANOLO,27545.0,310.0,20380.93,20380.93,0.0
MCOU,MD,43547031309,43547,313,9,2024,4,False,VALSARTAN-,6910.0,154.0,2163.96,1883.86,280.1
MCOU,MA,23649810,23,6498,10,2024,1,False,UBRELVY 50,1891.0,169.0,190578.33,190578.33,0.0
MCOU,MA,51862089406,51862,894,6,2024,2,True,ZOVIA 1-35,,,,,
MCOU,MA,13668035330,13668,353,30,2024,1,True,NEBIVOLOL ,,,,,
FFSU,MA,73604091404,73604,914,4,2024,1,True,ARCALYST 2,,,,,
FFSU,MD,31722014901,31722,149,1,2024,4,True,GABAPENTIN,,,,,
MCOU,MA,68382018201,68382,182,1,2024,2,False,BUSPIRONE ,492.0,13.0,55.72,55.72,0.0
MCOU,MA,68084064501,68084,645,1,2024,2,True,TIZANIDINE,,,,,
MCOU,MD,81033010251,81033,102,51,2024,4,True,GUAIFENESI,,,,,
MCOU,MA,68001039708,68001,397,8,2024,2,False,FAMOTIDINE,43647.0,550.0,4874.32,4874.32,0.0
MCOU,MA,904578561,904,5785,61,2024,2,False,FLUOXETINE,89.0,54.0,120.0,6.0,114.0
MCOU,MA,16714062202,16714,622,2,2024,1,False,ZOLPIDEM T,3089.0,101.0,465.73,465.73,0.0
MCOU,MA,50742023901,50742,239,1,2024,1,True,MEXILETINE,,,,,
FFSU,MA,67877044730,67877,447,30,2024,2,True,OLMESARTAN,,,,,
MCOU,MA,65862045460,65862,454,60,2024,2,False,ALPRAZOLAM,1873.0,56.0,729.81,729.81,0.0
MCOU,MD,60687039579,60687,395,79,2024,4,False,ALBUTEROL ,519.5,149.0,30.94,30.94,0.0
FFSU,MD,63323072910,63323,729,10,2024,4,True,MICAFUNGIN,,,,,
FFSU,MA,72888006660,72888,66,60,2024,2,True,BUSPIRONE ,,,,,
FFSU,MD,68462046160,68462,461,60,2024,4,True,TROSPIUM C,,,,,
MCOU,MD,93031101,93,311,1,2024,4,False,LOPERAMIDE,13600.0,338.0,3510.62,3233.98,276.64
MCOU,MA,70512010130,70512,101,30,2024,1,True,HYDROCORTI,,,,,
MCOU,MA,55111015801,55111,158,1,2024,1,False,OMEPRAZOLE,16114.0,178.0,2099.24,2099.24,0.0
MCOU,MA,69784023020,69784,230,20,2024,2,True,SODIUM ACE,,,,,
FFSU,MA,51672400202,51672,4002,2,2024,1,False,NORTRIPTYL,860.0,23.0,299.93,296.76,3.17
FFSU,MA,16729044310,16729,443,10,2024,1,False,BUPROPION ,3179.0,71.0,1020.5,992.6,27.9
FFSU,MA,72065000301,72065,3,1,2024,2,True,RECORLEV 1,,,,,
MCOU,MA,62559042007,62559,420,7,2024,1,True,MESALAMINE,,,,,
MCOU,MA,378700110,378,7001,10,2024,1,True,PAROXETINE,,,,,
MCOU,MA,63402020230,63402,202,30,2024,1,False,APTIOM 200,943.0,21.0,38301.57,38301.57,0.0
FFSU,MD,42192061705,42192,617,5,2024,4,False,BENZONATAT,845.0,30.0,385.66,376.66,9.0
FFSU,MA,16714035701,16714,357,1,2024,2,False,LEVETIRACE,880.0,15.0,303.48,303.48,0.0
FFSU,MD,228284903,228,2849,3,2024,4,False,FLUVOXAMIN,2530.0,65.0,13931.49,13802.04,129.45
FFSU,MD,378050101,378,501,1,2024,4,True,BISOPROLOL,,,,,
MCOU,MA,63323041110,63323,411,10,2024,1,False,MIDAZOLAM ,373.0,117.0,0.0,0.0,0.0
MCOU,MA,50228017805,50228,178,5,2024,2,False,GABAPENTIN,3682.0,35.0,675.01,675.01,0.0
MCOU,MA,64896066301,64896,663,1,2024,1,True,RYTARY ER ,,,,,
MCOU,MA,64380075005,64380,750,5,2024,2,False,PRAMIPEXOL,2625.0,29.0,530.72,530.72,0.0
MCOU,MD,113030602,113,306,2,2024,4,False,GS CLEARLA,5032.0,18.0,89.15,78.15,11.0
MCOU,MA,52244020010,52244,200,10,2024,1,True,THEO-24 ER,,,,,
FFSU,MD,68001016200,68001,162,0,2024,4,False,PROMETHAZI,237.0,11.0,105.22,104.22,1.0
FFSU,MA,59676004056,59676,40,56,2024,1,True,BALVERSA 4,,,,,
MCOU,MA,6057762,6,577,62,2024,1,True,JANUMET 50,,,,,
MCOU,MA,264312511,264,3125,11,2024,1,True,CEFOXITIN ,,,,,
MCOU,MD,58657048701,58657,487,1,2024,1,True,UREA 40% C,,,,,
MCOU,MD,65862001005,65862,10,5,2024,1,False,METFORMIN ,33620.0,418.0,1065.86,906.74,159.12
MCOU,MD,65862021001,65862,210,1,2024,3,True,MINOCYCLIN,,,,,
MCOU,MD,60505001406,60505,14,6,2024,1,False,DILT XR 12,1730.0,37.0,580.18,568.18,12.0
FFSU,ME,24478010801,24478,108,1,2024,4,True,DYANAVEL X,,,,,
MCOU,MD,59762015801,59762,158,1,2024,1,False,ATORVASTAT,570.0,15.0,101.27,93.27,8.0
FFSU,MD,69097012403,69097,124,3,2024,1,False,TOPIRAMATE,86413.0,1637.0,22552.83,21053.04,1499.79
FFSU,MD,65862094760,65862,947,60,2024,1,True,DORZOLAMID,,,,,
FFSU,MD,168020230,168,202,30,2024,1,True,CLINDAMYCI,,,,,
MCOU,MD,65862008701,65862,87,1,2024,2,True,BISOPROLOL,,,,,
MCOU,MD,75987015003,75987,150,3,2024,3,True,UPLIZNA 10,,,,,
MCOU,MD,47781064690,47781,646,90,2024,2,False,LEVOTHYROX,450.0,15.0,39.58,32.58,7.0
FFSU,MD,57237001106,57237,11,6,2024,2,False,MIRTAZAPIN,1082.0,36.0,746.71,719.71,27.0
MCOU,MD,60505620202,60505,6202,2,2024,3,False,CYCLOSPORI,10824.0,443.0,91206.31,90467.11,739.2
FFSU,MD,66685101101,66685,1011,1,2024,3,True,AMOX-CLAV ,,,,,
FFSU,ME,54017613,54,176,13,2024,4,False,BUPRENORPH,2903.0,74.0,1706.13,1623.57,82.56
MCOU,MD,168006460,168,64,60,2024,3,False,FLUOCINOLO,1860.0,28.0,1401.01,1259.62,141.39
MCOU,MD,406037805,406,378,5,2024,3,True,HYDROCODON,,,,,
FFSU,MD,480123208,480,1232,8,2024,1,False,RISPERIDON,184.0,123.0,98908.96,98803.96,105.0
MCOU,MD,29300022601,29300,226,1,2024,1,False,METRONIDAZ,1753.8,56.0,239.38,225.38,14.0
MCOU,MD,781183201,781,1832,1,2024,1,False,PROMETHAZI,1230.0,19.0,162.26,157.26,5.0
MCOU,MD,480124621,480,1246,21,2024,3,False,LENALIDOMI,420.0,22.0,286582.42,286560.42,22.0
FFSU,MD,65862010701,65862,107,1,2024,1,True,ZIDOVUDINE,,,,,
FFSU,MD,65162075710,65162,757,10,2024,3,False,DIVALPROEX,52947.0,860.0,18718.3,17952.41,765.89
MCOU,MD,44567070725,44567,707,25,2024,2,True,CEFAZOLIN ,,,,,
MCOU,MD,57237015035,57237,150,35,2024,3,False,FLUCONAZOL,9695.0,189.0,5561.67,5105.05,456.62
FFSU,ME,25152031,25,1520,31,2024,4,True,CELEBREX  ,,,,,
FFSU,ME,49884014811,49884,148,11,2024,4,True,DEXLANSOPR,,,,,
FFSU,ME,21922006330,21922,63,30,2024,4,False,TRIAMCINOL,9563.6,22.0,525.31,495.79,29.52
MCOU,MD,74310832,74,3108,32,2024,2,True,GENGRAF 25,,,,,
MCOU,MD,63323048927,63323,489,27,2024,1,True,XYLOCAINE ,,,,,
MCOU,MD,69452034572,69452,345,72,2024,1,False,SUMATRIPTA,6725.0,719.0,2814.65,2542.85,271.8
MCOU,MD,60793070001,60793,700,1,2024,3,True,BICILLIN L,,,,,
FFSU,MD,16714014201,16714,142,1,2024,2,False,ARIPIPRAZO,14033.0,465.0,6397.36,6032.36,365.0
FFSU,MD,59651039105,59651,391,5,2024,3,True,BUSPIRONE ,,,,,
MCOU,MD,9307301,9,3073,1,2024,2,False,DEPO-MEDRO,419.0,292.0,1875.68,1857.66,18.02
MCOU,MD,31722095105,31722,951,5,2024,1,True,OXYCODONE-,,,,,
FFSU,MD,45802095301,45802,953,1,2024,3,False,DICLOFENAC,2700.0,26.0,408.76,406.76,2.0
FFSU,ME,60505014102,60505,141,2,2024,4,False,GLIPIZIDE ,9660.0,59.0,779.75,779.75,0.0
FFSU,MD,60219158503,60219,1585,3,2024,3,True,FLUOROMETH,,,,,
FFSU,MD,65862015530,65862,155,30,2024,3,True,PAROXETINE,,,,,
FFSU,ME,168042446,168,424,46,2024,4,True,ADAPALENE ,,,,,
FFSU,MD,42571012290,42571,122,90,2024,2,False,LEVOCETIRI,1352.0,43.0,550.93,545.93,5.0
FFSU,MD,378306605,378,3066,5,2024,2,False,FENOFIBRAT,456.0,15.0,218.22,215.22,3.0
MCOU,MD,70436019101,70436,191,1,2024,3,False,DILTIAZEM ,1080.0,23.0,344.03,321.03,23.0
MCOU,MD,63323080612,63323,806,12,2024,1,False,FENTANYL 1,30.782,17.0,91.23,83.48,7.75
FFSU,MD,68001038500,68001,385,0,2024,2,True,NITROFURAN,,,,,
FFSU,MD,57664008388,57664,83,88,2024,1,False,LISDEXAMFE,2781.0,76.0,24520.3,24430.3,90.0
MCOU,MD,904541501,904,5415,1,2024,3,True,MICONAZOLE,,,,,
MCOU,MD,70000021306,70000,213,6,2024,1,False,ALLERGY RE,10109.0,328.0,343.11,308.11,35.0
MCOU,MD,10702018750,10702,187,50,2024,2,False,OXYCODONE-,8575.0,84.0,1570.37,1496.37,74.0
FFSU,MD,50111091501,50111,915,1,2024,3,True,TORSEMIDE ,,,,,
MCOU,MD,10572030201,10572,302,1,2024,2,False,PEG 3350-E,492000.0,121.0,2464.28,2370.28,94.0
FFSU,MD,42806050301,42806,503,1,2024,1,True,URSODIOL 3,,,,,
MCOU,MD,69315011701,69315,117,1,2024,2,False,FUROSEMIDE,3428.0,79.0,141.52,83.86,57.66
MCOU,MD,33342005144,33342,51,44,2024,2,False,LOSARTAN-H,421.0,11.0,127.83,120.83,7.0
FFSU,ME,33342013709,33342,137,9,2024,4,False,QUETIAPINE,645.0,11.0,284.94,284.94,0.0
MCOU,MD,51672131603,51672,1316,3,2024,1,True,ALCLOMETAS,,,,,
FFSU,ME,65162070588,65162,705,88,2024,4,False,ESCITALOPR,13625.0,48.0,2766.3,2766.3,0.0
MCOU,MD,228255096,228,2550,96,2024,3,True,DICLOFENAC,,,,,
FFSU,MD,69292058801,69292,588,1,2024,1,False,HALOPERIDO,13078.0,314.0,8129.37,7843.55,285.82
MCOU,MD,378107593,378,1075,93,2024,1,False,TELMISARTA,330.0,11.0,934.42,926.42,8.0
MCOU,MD,406052262,406,522,62,2024,2,True,OXYCODONE-,,,,,
MCOU,MD,68084097501,68084,975,1,2024,1,True,OXYCODONE ,,,,,
FFSU,MD,13811071910,13811,719,10,2024,2,False,NITROFURAN,938.0,63.0,1096.84,1080.53,16.31
FFSU,MD,62756020403,62756,204,3,2024,1,False,GABAPENTIN,9400.0,115.0,2385.54,2271.54,114.0
MCOU,MD,93874101,93,8741,1,2024,1,True,MEXILETINE,,,,,
FFSU,MD,59651037901,59651,379,1,2024,2,True,ZONISAMIDE,,,,,
MCOU,MD,82584000105,82584,1,5,2024,3,True,BETIMOL 0.,,,,,
MCOU,MD,69238162706,69238,1627,6,2024,1,True,DAPSONE 7.,,,,,
MCOU,MD,228255196,228,2551,96,2024,3,True,DICLOFENAC,,,,,
FFSU,MD,186037228,186,372,28,2024,2,True,SYMBICORT ,,,,,
MCOU,MD,591544210,591,5442,10,2024,1,False,PREDNISONE,24121.0,707.0,1438.65,1214.51,224.14
MCOU,MD,55150017705,55150,177,5,2024,3,True,LEVETIRACE,,,,,
MCOU,MD,62559082101,62559,821,1,2024,3,True,MEXILETINE,,,,,
MCOU,MD,548540025,548,5400,25,2024,2,False,MEDROXYPRO,54.0,54.0,1211.48,1211.48,0.0
MCOU,MD,65862000801,65862,8,1,2024,2,False,METFORMIN ,110269.0,1304.0,2504.14,1739.7,764.44
MCOU,MD,16571067310,16571,673,10,2024,1,False,PHENOBARBI,2279.0,22.0,365.49,357.49,8.0
FFSU,ME,68001050569,68001,505,69,2024,4,False,POLYETHYLE,22440.0,38.0,826.34,826.34,0.0
MCOU,MD,641614201,641,6142,1,2024,2,True,PHENYLEPHR,,,,,
FFSU,MD,591386919,591,3869,19,2024,2,False,METHYLPHEN,390.0,13.0,2305.45,2297.45,8.0
MCOU,MD,536109311,536,1093,11,2024,1,True,ALL DAY RE,,,,,
FFSU,MD,781309895,781,3098,95,2024,3,False,MEROPENEM ,462.0,53.0,3967.25,3967.25,0.0
FFSU,MD,29300014810,29300,148,10,2024,1,False,QUETIAPINE,37097.5,968.0,11951.87,11033.24,918.63
MCOU,MD,70756001112,70756,11,12,2024,1,False,CHLORTHALI,854.0,22.0,188.56,183.56,5.0
FFSU,ME,68382009205,68382,92,5,2024,4,False,CARVEDILOL,7766.0,57.0,613.02,613.02,0.0
FFSU,MD,69097080232,69097,802,32,2024,2,True,TESTOSTERO,,,,,
MCOU,MD,72205004411,72205,44,11,2024,1,False,OSELTAMIVI,24504.0,2472.0,41223.74,39597.18,1626.56
MCOU,MD,781603958,781,6039,58,2024,1,True,AMOXICILLI,,,,,
FFSU,MD,169183711,169,1837,11,2024,2,True,NOVOLIN 70,,,,,
FFSU,MD,64380074318,64380,743,18,2024,2,True,BUSPIRONE ,,,,,
MCOU,MD,72603012901,72603,129,1,2024,2,False,ICOSAPENT ,1936.0,17.0,2175.39,2162.39,13.0
FFSU,MD,59651045705,59651,457,5,2024,3,False,CARBIDOPA-,2820.0,33.0,750.96,750.96,0.0
FFSU,MD,65862046899,65862,468,99,2024,3,True,LOSARTAN-H,,,,,
FFSU,ME,13533080025,13533,800,25,2024,4,True,GAMUNEX-C ,,,,,
FFSU,ME,13668010290,13668,102,90,2024,4,True,DONEPEZIL ,,,,,
FFSU,MD,67877024760,67877,247,60,2024,1,False,QUETIAPINE,25407.0,708.0,11949.32,11274.91,674.41
FFSU,MD,70069010125,70069,101,25,2024,2,True,METHOCARBA,,,,,
MCOU,MD,93738756,93,7387,56,2024,2,False,MOXIFLOXAC,97.0,13.0,241.1,231.1,10.0
FFSU,MD,43598050990,43598,509,90,2024,1,True,ESOMEPRAZO,,,,,
MCOU,MD,68180095402,68180,954,2,2024,2,False,HYDROCORTI,630.0,14.0,247.4,242.4,5.0
FFSU,MD,82009009005,82009,90,5,2024,1,True,ARIPIPRAZO,,,,,
MCOU,MD,68180037703,68180,377,3,2024,1,False,LOSARTAN P,4894.0,125.0,257.95,222.19,35.76
MCOU,MD,904078816,904,788,16,2024,1,False,MILK OF MA,7768.0,18.0,36.34,36.34,0.0
FFSU,MD,93317431,93,3174,31,2024,1,False,ALBUTEROL ,11288.0,1212.0,43321.06,43113.06,208.0
FFSU,MD,55292020111,55292,201,11,2024,2,True,CHEMET 100,,,,,
FFSU,MD,31722072630,31722,726,30,2024,2,True,MONTELUKAS,,,,,
FFSU,MD,52817036200,52817,362,0,2024,3,True,METOPROLOL,,,,,
FFSU,ME,35573046902,35573,469,2,2024,4,False,AMPHETAMIN,4620.0,151.0,4415.32,4410.41,4.91
FFSU,ME,310652401,310,6524,1,2024,4,True,BYETTA    ,,,,,
MCOU,MD,67386013051,67386,130,51,2024,1,False,VYEPTI 100,49.0,23.0,93888.53,93888.53,0.0
FFSU,ME,53746071301,53746,713,1,2024,4,False,GUANFACINE,2849.0,43.0,1593.23,1472.27,120.96
FFSU,ME,121067816,121,678,16,2024,4,True,NORTRIPTYL,,,,,
FFSU,MD,70010014805,70010,148,5,2024,2,True,POTASSIUM ,,,,,
MCOU,MD,51672129402,51672,1294,2,2024,1,True,CLOBETASOL,,,,,
MCOU,MD,13668014130,13668,141,30,2024,1,True,CLOPIDOGRE,,,,,
MCOU,MD,904673361,904,6733,61,2024,1,True,HALOPERIDO,,,,,
FFSU,MD,82009009710,82009,97,10,2024,3,True,QUETIAPINE,,,,,
MCOU,MD,47335023683,47335,236,83,2024,2,True,AMBRISENTA,,,,,
MCOU,MD,70860078310,70860,783,10,2024,1,True,FOSAPREPIT,,,,,
MCOU,MD,68180075501,68180,755,1,2024,1,False,AMLODIPINE,644.0,19.0,56.52,50.52,6.0
FFSU,MD,25021082682,25021,826,82,2024,2,True,ZOLEDRONIC,,,,,
FFSU,ME,904699880,904,6998,80,2024,4,False,DOCUSATE S,6608.0,85.0,796.07,796.07,0.0
FFSU,MD,409428301,409,4283,1,2024,1,True,LIDOCAINE ,,,,,
FFSU,MD,69238111801,69238,1118,1,2024,1,False,BUSPIRONE ,1110.0,16.0,226.31,211.31,15.0
MCOU,MD,33342032980,33342,329,80,2024,2,False,TRIAMCINOL,39204.0,482.0,2929.03,2726.93,202.1
FFSU,MD,62756043288,62756,432,88,2024,1,True,PHENYTOIN ,,,,,
FFSU,MD,378097201,378,972,1,2024,2,False,CLOZAPINE ,2575.0,47.0,1716.39,1551.73,164.66
FFSU,MD,57237021990,57237,219,90,2024,3,True,PIOGLITAZO,,,,,
MCOU,MD,31722052110,31722,521,10,2024,2,False,HYDRALAZIN,13381.0,129.0,785.17,687.62,97.55
FFSU,MD,63323018730,63323,187,30,2024,2,True,SODIUM CHL,,,,,
MCOU,MD,68462047301,68462,473,1,2024,1,False,URSODIOL 2,3561.0,46.0,2162.14,2157.14,5.0
MCOU,MD,45802021172,45802,211,72,2024,2,False,ALOGLIPTIN,23060.0,260.0,59122.25,58853.59,268.66
MCOU,MD,31722094901,31722,949,1,2024,2,False,OXYCODONE-,949.0,16.0,121.7,110.7,11.0
MCOU,MD,75834023705,75834,237,5,2024,1,False,CELECOXIB ,990.0,17.0,77.45,67.45,10.0
MCOU,MD,71093013405,71093,134,5,2024,3,True,METFORMIN ,,,,,
MCOU,MD,16714079501,16714,795,1,2024,1,False,TERBINAFIN,1747.0,67.0,214.27,197.27,17.0
FFSU,ME,65162076410,65162,764,10,2024,4,True,WARFARIN S,,,,,
FFSU,ME,51862064310,51862,643,10,2024,4,True,TAMOXIFEN ,,,,,
MCOU,MD,904715361,904,7153,61,2024,3,True,BENZONATAT,,,,,
FFSU,MD,10094021060,10094,210,60,2024,3,True,SYMPAZAN 1,,,,,
MCOU,MD,59676031002,59676,310,2,2024,3,True,PROCRIT 10,,,,,
MCOU,MD,58657032650,58657,326,50,2024,2,True,MULTIVIT-F,,,,,
FFSU,MD,50742063660,50742,636,60,2024,3,False,QUETIAPINE,305.0,11.0,175.58,164.58,11.0
FFSU,MD,603254021,603,2540,21,2024,2,True,BUTALBITAL,,,,,
FFSU,ME,29300039605,29300,396,5,2024,4,False,AMLODIPINE,5540.0,59.0,602.57,602.57,0.0
MCOU,MD,10702005601,10702,56,1,2024,3,False,OXYCODONE ,613925.0,7258.0,68414.42,60948.91,7465.51
MCOU,MD,68382066105,68382,661,5,2024,2,False,SPIRONOLAC,7127.0,130.0,684.73,594.72,90.01
FFSU,MD,409610235,409,6102,35,2024,1,True,FUROSEMIDE,,,,,
MCOU,MD,24979001012,24979,10,12,2024,3,False,NIFEDIPINE,1214.0,31.0,278.5,247.5,31.0
FFSU,MD,68382014114,68382,141,14,2024,1,False,TOPIRAMATE,14269.64,280.0,4635.01,4353.88,281.13
FFSU,ME,409115902,409,1159,2,2024,4,True,BUPIVACAIN,,,,,
FFSU,MD,45802097426,45802,974,26,2024,2,False,CETIRIZINE,5742.0,28.0,472.6,472.6,0.0
MCOU,MD,338001304,338,13,4,2024,3,False,STERILE WA,4366.7,67.0,55.67,0.67,55.0
FFSU,ME,65862067901,65862,679,1,2024,4,False,ALPRAZOLAM,1370.0,27.0,309.01,309.01,0.0
MCOU,MD,68382044106,68382,441,6,2024,1,False,ESOMEPRAZO,1898.0,54.0,544.72,544.72,0.0
FFSU,MD,52817035910,52817,359,10,2024,3,False,METOPROLOL,578.0,11.0,194.44,194.44,0.0
MCOU,MD,65162037310,65162,373,10,2024,1,False,OXYBUTYNIN,3420.0,85.0,794.93,756.93,38.0
MCOU,MD,264180031,264,1800,31,2024,2,False,SODIUM CHL,1226.0,25.0,167.63,167.63,0.0
FFSU,MD,52427063230,52427,632,30,2024,3,True,VENLAFAXIN,,,,,
MCOU,MD,43547063901,43547,639,1,2024,2,True,GLYCOPYRRO,,,,,
MCOU,MD,16571081560,16571,815,60,2024,1,False,DENTAGEL 1,6888.0,123.0,605.9,550.9,55.0
MCOU,MD,62559038001,62559,380,1,2024,1,False,FLECAINIDE,5061.6,57.0,737.8,702.8,35.0
FFSU,MD,69452034713,69452,347,13,2024,3,True,ESZOPICLON,,,,,
MCOU,MD,68982085005,68982,850,5,2024,3,True,OCTAGAM 10,,,,,
FFSU,ME,63304077201,63304,772,1,2024,4,True,LORAZEPAM ,,,,,
MCOU,MD,68462039730,68462,397,30,2024,3,False,OMEPRAZOLE,2382.0,77.0,248.11,184.11,64.0
FFSU,MD,555901658,555,9016,58,2024,3,False,SPRINTEC 2,1148.0,16.0,298.82,298.82,0.0
FFSU,MD,47335073788,47335,737,88,2024,2,False,BUPROPION ,601.0,11.0,164.58,153.58,11.0
MCOU,MD,64380075216,64380,752,16,2024,2,True,METHOXSALE,,,,,
MCOU,MD,68382044216,68382,442,16,2024,3,True,ESOMEPRAZO,,,,,
FFSU,MD,68001036103,68001,361,3,2024,3,False,MONTELUKAS,505.0,18.0,218.67,217.67,1.0
FFSU,MD,70710116506,70710,1165,6,2024,1,False,OSELTAMIVI,660.0,11.0,289.22,289.22,0.0
FFSU,MD,76282073010,76282,730,10,2024,1,True,LISINOPRIL,,,,,
MCOU,MD,93735156,93,7351,56,2024,2,False,LANSOPRAZO,362.0,22.0,285.66,208.17,77.49
FFSU,ME,16714073301,16714,733,1,2024,4,False,CELECOXIB ,2502.0,27.0,503.63,503.63,0.0
MCOU,MD,24208029510,24208,295,10,2024,1,True,TOBRAMYCIN,,,,,
MCOU,MD,603459321,603,4593,21,2024,1,False,METHYLPRED,4804.0,144.0,713.27,669.83,43.44
MCOU,MD,67457086301,67457,863,1,2024,2,False,GRANISETRO,14.0,14.0,53.2,53.2,0.0
FFSU,MD,72241005011,72241,50,11,2024,3,True,FOLIC ACID,,,,,
MCOU,MD,65862000899,65862,8,99,2024,2,False,METFORMIN ,48927.0,660.0,1287.91,892.92,394.99
FFSU,MD,50228035390,50228,353,90,2024,2,False,PREGABALIN,18741.0,268.0,3837.54,3571.54,266.0
FFSU,MD,69130710,69,1307,10,2024,2,True,RETACRIT 4,,,,,
FFSU,MD,70069003003,70069,30,3,2024,2,True,HALOPERIDO,,,,,
MCOU,MD,904722061,904,7220,61,2024,2,True,DILTIAZEM ,,,,,
MCOU,MD,70756081230,70756,812,30,2024,2,True,OLMESARTAN,,,,,
FFSU,MD,63833061502,63833,615,2,2024,1,True,HUMATE-P 6,,,,,
FFSU,MD,13107003130,13107,31,30,2024,3,True,MIRTAZAPIN,,,,,
MCOU,MD,42192013316,42192,133,16,2024,1,True,SULFACETAM,,,,,
FFSU,MD,42858072101,42858,721,1,2024,1,True,DEXTROAMP-,,,,,
MCOU,MD,70710115101,70710,1151,1,2024,2,False,ISOSORBIDE,870.0,12.0,323.63,315.63,8.0
MCOU,MD,49884016111,49884,161,11,2024,3,True,CALCITONIN,,,,,
MCOU,MD,72205000390,72205,3,90,2024,2,False,ROSUVASTAT,2010.0,35.0,620.9,595.9,25.0
FFSU,MD,65862050130,65862,501,30,2024,3,True,AMOX-CLAV ,,,,,
FFSU,MD,29300012701,29300,127,1,2024,1,True,BISOPROLOL,,,,,
FFSU,MD,65862059602,65862,596,2,2024,2,True,CLINDAMYCI,,,,,
FFSU,ME,527328946,527,3289,46,2024,4,True,LEVOTHYROX,,,,,
MCOU,MD,68382056510,68382,565,10,2024,2,False,METOPROLOL,41116.0,888.0,4940.27,4222.29,717.98
MCOU,MD,186077739,186,777,39,2024,2,False,BRILINTA 9,900.0,13.0,6656.84,6623.84,33.0
MCOU,MD,713033986,713,339,86,2024,2,False,HALOBETASO,5300.0,105.0,3927.94,3871.94,56.0
MCOU,MI,72511076001,72511,760,1,2024,4,True,REPATHA SU,,,,,
FFSU,MI,172409660,172,4096,60,2024,3,False,BACLOFEN  ,3897.0,50.0,503.98,503.98,0.0
FFSU,ME,781315401,781,3154,1,2024,2,True,FERUMOXYTO,,,,,
MCOU,MI,75987013015,75987,130,15,2024,4,False,TEPEZZA   ,100.02,66.0,1846448.42,1711645.5,134802.92
MCOU,MI,50242010040,50242,100,40,2024,3,False,PULMOZYME ,29700.0,368.0,1497887.28,1497887.28,0.0
FFSU,MI,73292001101,73292,11,1,2024,4,True,VILTEPSO  ,,,,,
MCOU,MI,781187431,781,1874,31,2024,3,False,AMOXICILLI,231.0,12.0,388.24,388.24,0.0
FFSU,MI,378061401,378,614,1,2024,3,True,THIORIDAZI,,,,,
FFSU,MI,51167044501,51167,445,1,2024,4,False,TRIKAFTA  ,1736.0,31.0,769815.38,638268.0,131547.38
MCOU,MI,536126526,536,1265,26,2024,4,False,CLOTRIMAZO,7511.0,159.0,0.01,0.01,0.0
FFSU,ME,65862053475,65862,534,75,2024,2,False,AMOXICILLI,9975.0,71.0,1355.2,1351.68,3.52
FFSU,ME,68180046807,68180,468,7,2024,1,False,LOVASTATIN,990.0,13.0,193.18,193.18,0.0
MCOU,MI,23040350,23,403,50,2024,4,False,REFRESH PL,784.0,37.0,541.11,541.11,0.0
FFSU,ME,23320503,23,3205,3,2024,2,False,LUMIGAN   ,452.5,143.0,45350.72,45138.82,211.9
FFSU,ME,11980018005,11980,180,5,2024,2,True,PRED FORTE,,,,,
FFSU,MI,29300038001,29300,380,1,2024,3,False,DIVALPROEX,11086.0,147.0,3079.11,3079.11,0.0
FFSU,ME,69238106201,69238,1062,1,2024,4,True,CHLORPROMA,,,,,
FFSU,ME,72888008005,72888,80,5,2024,4,False,TRAMADOL H,3005.0,45.0,490.12,490.12,0.0
MCOU,MI,58284029601,58284,296,1,2024,4,False,BRIXADI   ,11.88,44.0,156401.52,156401.52,0.0
MCOU,MI,67877070490,67877,704,90,2024,4,True,DROXIDOPA ,,,,,
FFSU,MI,60687067167,60687,671,67,2024,4,True,PHENOBARBI,,,,,
FFSU,ME,54356699,54,3566,99,2024,3,True,MIDAZOLAM ,,,,,
MCOU,MI,173093308,173,933,8,2024,3,True,VALTREX   ,,,,,
FFSU,ME,591090030,591,900,30,2024,2,False,GLIPIZIDE ,2197.0,23.0,460.14,460.14,0.0
FFSU,ME,65862067705,65862,677,5,2024,1,False,ALPRAZOLAM,9699.0,206.0,2476.47,2467.59,8.88
FFSU,ME,70000052102,70000,521,2,2024,3,True,OMEPRAZOLE,,,,,
FFSU,MI,29300022019,29300,220,19,2024,3,False,MONTELUKAS,8354.0,170.0,1791.0,1791.0,0.0
FFSU,MI,55111013781,55111,137,81,2024,3,True,ZENATANE  ,,,,,
FFSU,MI,50222034602,50222,346,2,2024,3,True,ADBRY     ,,,,,
FFSU,ME,68382098306,68382,983,6,2024,2,True,LAMOTRIGIN,,,,,
MCOU,MI,93416073,93,4160,73,2024,3,False,AMOXICILLI,6900.0,41.0,344.76,344.76,0.0
MCOU,MI,944251102,944,2511,2,2024,3,False,HYQVIA    ,2409.5,12.0,41335.87,41335.87,0.0
FFSU,ME,54317757,54,3177,57,2024,2,True,DEXAMETHAS,,,,,
FFSU,ME,31722066860,31722,668,60,2024,1,True,RANOLAZINE,,,,,
FFSU,ME,71288001715,71288,17,15,2024,3,False,DAPTOMYCIN,65.997,33.0,195065.31,195065.31,0.0
FFSU,ME,68001059505,68001,595,5,2024,2,True,DULOXETINE,,,,,
FFSU,MI,68001059508,68001,595,8,2024,4,False,DULOXETINE,26655.0,541.0,7190.12,7145.18,44.94
FFSU,ME,62332005531,62332,55,31,2024,3,False,CLONIDINE ,7581.0,63.0,949.11,949.11,0.0
MCOU,MI,59762054202,59762,542,2,2024,3,False,GLIPIZIDE ,365.0,12.0,55.76,55.76,0.0
FFSU,ME,72888015301,72888,153,1,2024,3,False,CLONAZEPAM,716.0,15.0,191.45,191.45,0.0
FFSU,ME,713080499,713,804,99,2024,2,True,TAZAROTENE,,,,,
MCOU,MI,33342033315,33342,333,15,2024,3,False,TRIAMCINOL,10485.0,305.0,1286.55,1286.55,0.0
FFSU,ME,62037059705,62037,597,5,2024,1,True,CARTIA XT ,,,,,
FFSU,ME,2803101,2,8031,1,2024,1,True,GLUCAGON E,,,,,
FFSU,ME,57664044188,57664,441,88,2024,2,True,DIGOXIN   ,,,,,
MCOU,MI,93720210,93,7202,10,2024,3,False,PRAVASTATI,26814.0,749.0,4344.97,4344.97,0.0
MCOU,MI,832105515,832,1055,15,2024,4,False,BACLOFEN  ,36041.5,425.0,3466.34,3466.34,0.0
MCOU,MI,72205007630,72205,76,30,2024,4,True,DEFERASIRO,,,,,
FFSU,ME,536589688,536,5896,88,2024,3,False,NICOTINE T,12214.0,518.0,23034.93,23034.93,0.0
FFSU,MI,10702018910,10702,189,10,2024,3,True,HYDROCODON,,,,,
FFSU,ME,16714072901,16714,729,1,2024,1,True,DESONIDE  ,,,,,
FFSU,ME,65162089023,65162,890,23,2024,3,True,OLOPATADIN,,,,,
FFSU,ME,16714056701,16714,567,1,2024,1,True,DEXMETHYLP,,,,,
FFSU,MI,68382009816,68382,98,16,2024,4,False,PAROXETINE,10419.0,239.0,4492.57,4482.71,9.86
MCOU,MI,16729029410,16729,294,10,2024,4,True,EPLERENONE,,,,,
FFSU,ME,59762011701,59762,117,1,2024,1,True,MESALAMINE,,,,,
MCOU,MI,51672127401,51672,1274,1,2024,3,False,BETAMETHAS,8610.0,253.0,6296.17,6296.17,0.0
MCOU,MI,70377000415,70377,4,15,2024,4,False,SIMVASTATI,13750.0,376.0,888.74,888.74,0.0
MCOU,MI,62011014201,62011,142,1,2024,3,False,FAMOTIDINE,586.0,14.0,120.3,120.3,0.0
FFSU,ME,70000022101,70000,221,1,2024,4,True,GENTLE LAX,,,,,
FFSU,MI,904647461,904,6474,61,2024,3,True,PANTOPRAZO,,,,,
MCOU,MI,52817039210,52817,392,10,2024,4,True,CARBIDOPA-,,,,,
FFSU,ME,78034642,78,346,42,2024,1,True,VIVELLE-DO,,,,,
FFSU,MI,480366722,480,3667,22,2024,3,True,LIRAGLUTID,,,,,
FFSU,ME,24478032305,24478,323,5,2024,1,False,QUILLIVANT,2700.0,14.0,6003.86,6003.86,0.0
MCOU,MI,74379902,74,3799,2,2024,3,False,HUMIRA    ,214.0,89.0,710003.16,710003.16,0.0
MCOU,MI,50228015701,50228,157,1,2024,4,False,CELECOXIB ,6388.0,135.0,792.69,792.69,0.0
MCOU,MI,78084101,78,841,1,2024,4,True,CILOXAN   ,,,,,
FFSU,ME,67877046405,67877,464,5,2024,2,False,PREGABALIN,1202.0,23.0,344.49,344.49,0.0
MCOU,MI,832830330,832,8303,30,2024,3,True,ISOTRETINO,,,,,
FFSU,ME,70000025302,70000,253,2,2024,4,True,ASPIRIN   ,,,,,
FFSU,ME,71399004006,71399,40,6,2024,2,True,ONE VITE F,,,,,
MCOU,MI,60219234807,60219,2348,7,2024,4,False,TRAMADOL H,107260.0,1667.0,2863.03,2863.03,0.0
FFSU,ME,69292053410,69292,534,10,2024,3,True,PROPRANOLO,,,,,
FFSU,ME,186077739,186,777,39,2024,2,False,BRILINTA  ,720.0,12.0,5336.91,5336.91,0.0
FFSU,ME,406055201,406,552,1,2024,1,False,OXYCODONE ,49415.0,1291.0,16853.82,16821.35,32.47
MCOU,MI,536100601,536,1006,1,2024,4,True,ALLER-CHLO,,,,,
MCOU,MI,63323058282,63323,582,82,2024,4,True,GLUCAGON E,,,,,
MCOU,MI,63304001760,63304,17,60,2024,3,False,RANOLAZINE,906.0,16.0,207.24,207.24,0.0
FFSU,ME,597015337,597,153,37,2024,1,True,JARDIANCE ,,,,,
FFSU,ME,527810837,527,8108,37,2024,1,False,DEXMETHYLP,464.0,19.0,536.75,534.62,2.13
FFSU,MI,59651027001,59651,270,1,2024,4,True,GLIPIZIDE ,,,,,
FFSU,ME,409672755,409,6727,55,2024,3,True,MAGNESIUM ,,,,,
MCOU,MI,67877056205,67877,562,5,2024,4,False,METFORMIN ,2281.0,40.0,54.24,54.24,0.0
MCOU,MI,16714039501,16714,395,1,2024,3,True,CEFPODOXIM,,,,,
FFSU,MI,63323082320,63323,823,20,2024,3,True,ERTAPENEM ,,,,,
MCOU,MI,16714068502,16714,685,2,2024,4,False,SIMVASTATI,1007.0,32.0,89.5,89.5,0.0
FFSU,MI,16729021516,16729,215,16,2024,3,False,SERTRALINE,1857.0,49.0,519.85,519.85,0.0
FFSU,MI,61314031801,61314,318,1,2024,4,True,ZARXIO    ,,,,,
FFSU,ME,70748026160,70748,261,60,2024,2,True,FORMOTEROL,,,,,
MCOU,MI,409234732,409,2347,32,2024,4,True,DOBUTAMINE,,,,,
MCOU,MI,42571016030,42571,160,30,2024,4,True,AMOXICILLI,,,,,
FFSU,ME,71699015030,71699,150,30,2024,3,False,XCOPRI    ,841.0,23.0,31890.12,28639.14,3250.98
FFSU,ME,832003800,832,38,0,2024,2,False,OXYBUTYNIN,2828.0,29.0,508.23,508.23,0.0
FFSU,MI,46122075253,46122,752,53,2024,3,True,DICLOFENAC,,,,,
MCOU,MI,47335032286,47335,322,86,2024,3,True,MEMANTINE ,,,,,
MCOU,MI,378702093,378,7020,93,2024,3,True,ACITRETIN ,,,,,
FFSU,MI,24979018646,24979,186,46,2024,4,True,SEVELAMER ,,,,,
FFSU,ME,69315018201,69315,182,1,2024,2,False,OXYBUTYNIN,1884.0,12.0,251.21,251.21,0.0
FFSU,MI,68462043830,68462,438,30,2024,4,False,OLMESARTAN,480.0,12.0,175.9,175.9,0.0
MCOU,MI,10702000950,10702,9,50,2024,4,False,OXYCODONE ,1662.0,19.0,556.93,556.93,0.0
FFSU,MI,27241018530,27241,185,30,2024,3,False,LAMOTRIGIN,2385.0,37.0,4908.13,4908.13,0.0
MCOU,MI,527058610,527,586,10,2024,3,False,DICYCLOMIN,30773.0,530.0,2850.48,2850.48,0.0
MCOU,MI,62011034501,62011,345,1,2024,4,True,MOTION SIC,,,,,
FFSU,MI,49483001101,49483,11,1,2024,4,True,ASPIRIN   ,,,,,
FFSU,MI,9001103,9,11,3,2024,4,False,SOLU-CORTE,20.0,13.0,477.31,477.31,0.0
FFSU,ME,59651018030,59651,180,30,2024,1,True,LETROZOLE ,,,,,
FFSU,ME,68462016305,68462,163,5,2024,3,False,CARVEDILOL,4601.0,42.0,582.88,582.88,0.0
MCOU,MI,51672131603,51672,1316,3,2024,3,True,ALCLOMETAS,,,,,
MCOU,MI,42543097106,42543,971,6,2024,3,True,HYDROCORTI,,,,,
FFSU,MI,378395277,378,3952,77,2024,3,False,ATORVASTAT,2430.0,43.0,363.22,363.22,0.0
FFSU,MI,57664050083,57664,500,83,2024,3,False,MIRTAZAPIN,1315.0,35.0,274.87,274.87,0.0
FFSU,MI,33342005328,33342,53,28,2024,3,False,ESCITALOPR,5760.0,18.0,849.06,849.06,0.0
FFSU,MI,24385099865,24385,998,65,2024,4,False,ALL DAY AL,358.0,12.0,82.94,82.84,0.1
FFSU,MI,70121250202,70121,2502,2,2024,4,True,LIORESAL I,,,,,
MCOU,MI,63304007605,63304,76,5,2024,4,False,POTASSIUM ,510.0,11.0,63.99,63.99,0.0
FFSU,MI,62175031037,62175,310,37,2024,4,False,METHYLPHEN,16370.0,558.0,16993.79,16732.42,261.37
FFSU,ME,67877026601,67877,266,1,2024,2,False,MYCOPHENOL,1260.0,15.0,262.38,53.36,209.02
FFSU,ME,68001043290,68001,432,90,2024,1,True,NICOTINE T,,,,,
MCOU,MI,16714059002,16714,590,2,2024,3,True,DIGOXIN   ,,,,,
MCOU,MI,527496232,527,4962,32,2024,3,True,LEVOTHYROX,,,,,
FFSU,ME,51672406301,51672,4063,1,2024,1,True,FLUOROURAC,,,,,
FFSU,MI,46122001471,46122,14,71,2024,3,False,CLEARLAX  ,17357.0,33.0,571.59,571.59,0.0
FFSU,MI,57237014601,57237,146,1,2024,4,False,AMLODIPINE,540.0,14.0,165.33,163.22,2.11
MCOU,MI,832105415,832,1054,15,2024,3,False,BACLOFEN  ,27221.0,380.0,2794.29,2794.29,0.0
FFSU,ME,60505100302,60505,1003,2,2024,1,False,KETOROLAC ,105.0,11.0,272.9,272.9,0.0
FFSU,MI,74659490,74,6594,90,2024,3,False,SYNTHROID ,878.0,30.0,1000.44,1000.44,0.0
FFSU,ME,76385010617,76385,106,17,2024,2,False,KETOTIFEN ,370.0,62.0,992.52,992.52,0.0
FFSU,ME,70010011101,70010,111,1,2024,3,True,AMPHETAMIN,,,,,
FFSU,ME,57664080818,57664,808,18,2024,1,True,PHENYTOIN ,,,,,
MCOU,MI,378563259,378,5632,59,2024,4,False,SUMATRIPTA,1488.0,141.0,647.13,647.13,0.0
FFSU,MI,603154258,603,1542,58,2024,3,True,POTASSIUM ,,,,,
FFSU,ME,66993013597,66993,135,97,2024,1,True,FLUTICASON,,,,,
FFSU,ME,59676057530,59676,575,30,2024,1,False,PREZCOBIX ,630.0,21.0,48329.19,48329.19,0.0
MCOU,MI,24338009790,24338,97,90,2024,3,True,ADTHYZA   ,,,,,
FFSU,ME,61314066505,61314,665,5,2024,2,True,APRACLONID,,,,,
FFSU,MI,65162028203,65162,282,3,2024,4,False,PALIPERIDO,15307.0,433.0,26826.19,26723.12,103.07
MCOU,MI,62011022901,62011,229,1,2024,3,True,CALCIUM AN,,,,,
MCOU,MI,57237015630,57237,156,30,2024,3,False,MOXIFLOXAC,249.0,27.0,800.46,800.46,0.0
FFSU,ME,603243321,603,2433,21,2024,3,False,BENZTROPIN,4263.0,49.0,848.7,845.04,3.66
FFSU,ME,781214501,781,2145,1,2024,3,False,AMPICILLIN,320.0,12.0,160.91,160.91,0.0
FFSU,ME,72205008630,72205,86,30,2024,3,True,TIAGABINE ,,,,,
MCOU,MI,65143206,65,1432,6,2024,4,True,SYSTANE UL,,,,,
FFSU,ME,67877022001,67877,220,1,2024,3,False,CEPHALEXIN,1810.0,55.0,626.52,624.26,2.26
FFSU,ME,574220520,574,2205,20,2024,1,False,TRETINOIN ,320.0,12.0,473.99,448.23,25.76
FFSU,MI,50742023901,50742,239,1,2024,3,True,MEXILETINE,,,,,
FFSU,ME,781808931,781,8089,31,2024,3,False,AZITHROMYC,729.0,83.0,1113.98,1113.98,0.0
MCOU,MI,13668048750,13668,487,50,2024,4,True,MINOCYCLIN,,,,,
FFSU,MI,57237022030,57237,220,30,2024,4,True,PIOGLITAZO,,,,,
FFSU,ME,43068010602,43068,106,2,2024,3,True,FANAPT    ,,,,,
FFSU,MI,555003302,555,33,2,2024,3,False,CHLORDIAZE,7556.0,241.0,3142.51,3142.51,0.0
MCOU,MI,42858086806,42858,868,6,2024,3,True,DRONABINOL,,,,,
FFSU,ME,67877048430,67877,484,30,2024,1,True,TELMISARTA,,,,,
FFSU,ME,70377007713,70377,77,13,2024,4,False,ATORVASTAT,8700.0,99.0,1160.22,1160.22,0.0
FFSU,MI,62332005631,62332,56,31,2024,3,False,CLONIDINE ,4681.0,95.0,563.0,563.0,0.0
FFSU,MI,555902058,555,9020,58,2024,3,True,PORTIA    ,,,,,
FFSU,ME,68462013901,68462,139,1,2024,3,False,OXCARBAZEP,13996.0,104.0,4907.85,4773.26,134.59
FFSU,MI,143988775,143,9887,75,2024,3,False,AMOXICILLI,58225.0,400.0,3559.46,3559.46,0.0
FFSU,ME,72495040128,72495,401,28,2024,2,True,INTRAROSA ,,,,,
FFSU,ME,68382052860,68382,528,60,2024,3,True,CHOLESTYRA,,,,,
FFSU,ME,65162076510,65162,765,10,2024,1,True,WARFARIN S,,,,,
FFSU,MI,63833061502,63833,615,2,2024,4,True,HUMATE-P  ,,,,,
FFSU,MI,69131810,69,1318,10,2024,3,True,RETACRIT  ,,,,,
FFSU,ME,51672131808,51672,1318,8,2024,2,True,CICLOPIROX,,,,,
FFSU,ME,45802090094,45802,900,94,2024,2,True,CLINDAMYCI,,,,,
MCOU,MI,60505624604,60505,6246,4,2024,3,False,CEFEPIME H,183.0,11.0,2369.84,2369.84,0.0
FFSU,ME,43547042403,43547,424,3,2024,2,False,LOSARTAN P,1170.0,15.0,311.61,311.61,0.0
FFSU,ME,143124101,143,1241,1,2024,3,True,DIGOXIN   ,,,,,
FFSU,ME,68001056703,68001,567,3,2024,1,False,POTASSIUM ,2687.0,20.0,611.93,590.41,21.52
MCOU,MI,409272301,409,2723,1,2024,4,False,HEPARIN SO,205.0,11.0,351.24,351.24,0.0
FFSU,ME,35573045002,35573,450,2,2024,2,True,KETOROLAC ,,,,,
FFSU,ME,16729029917,16729,299,17,2024,2,True,TRAZODONE ,,,,,
MCOU,MI,16714017303,16714,173,3,2024,3,False,ATORVASTAT,54531.0,1720.0,1901.02,1901.02,0.0
FFSU,MI,24979053801,24979,538,1,2024,3,False,GUANFACINE,13571.0,376.0,5291.04,5291.04,0.0
FFSU,ME,69292053401,69292,534,1,2024,2,False,PROPRANOLO,2730.0,22.0,482.71,482.71,0.0
FFSU,MI,49702025018,49702,250,18,2024,3,False,RUKOBIA   ,1560.0,26.0,201798.59,201798.59,0.0
MCOU,MI,66215060606,66215,606,6,2024,4,True,UPTRAVI   ,,,,,
FFSU,MI,60505082601,60505,826,1,2024,4,True,IPRATROPIU,,,,,
FFSU,MI,641036725,641,367,25,2024,4,False,DEXAMETHAS,186.4,195.0,195.64,97.7,97.94
FFSU,ME,62856071430,62856,714,30,2024,2,True,LENVIMA 14,,,,,
FFSU,MI,536100715,536,1007,15,2024,4,False,CAL-GEST  ,6598.0,90.0,939.55,939.55,0.0
FFSU,ME,68462063729,68462,637,29,2024,1,True,LEVONORGES,,,,,
FFSU,ME,68382065906,68382,659,6,2024,2,False,PYRIDOSTIG,3345.0,22.0,1043.66,1043.66,0.0
MCOU,MI,24979016044,24979,160,44,2024,4,True,MYCOPHENOL,,,,,
FFSU,ME,16571074024,16571,740,24,2024,1,True,NITROFURAN,,,,,
FFSU,MI,31722054401,31722,544,1,2024,4,True,LITHIUM CA,,,,,
MCOU,MI,93834398,93,8343,98,2024,3,True,GLYBURIDE ,,,,,
FFSU,ME,904641292,904,6412,92,2024,3,False,CALCIUM AN,14195.0,141.0,1545.81,1545.81,0.0
MCOU,MI,68180051703,68180,517,3,2024,4,True,LISINOPRIL,,,,,
FFSU,MI,68382035101,68382,351,1,2024,4,True,SIROLIMUS ,,,,,
FFSU,MI,29300046805,29300,468,5,2024,4,False,CLONIDINE ,4633.0,96.0,718.09,715.35,2.74
FFSU,ME,64980041509,64980,415,9,2024,3,True,PREGABALIN,,,,,
FFSU,MI,33342015715,33342,157,15,2024,4,True,CELECOXIB ,,,,,
FFSU,ME,832112005,832,1120,5,2024,2,True,TESTOSTERO,,,,,
MCOU,MI,67877053907,67877,539,7,2024,4,True,TEMOZOLOMI,,,,,
FFSU,MI,574030216,574,302,16,2024,4,True,ORA-SWEET-,,,,,
MCOU,MI,43547041911,43547,419,11,2024,3,False,LISINOPRIL,870.0,27.0,74.76,74.76,0.0
FFSU,MI,13668033001,13668,330,1,2024,4,False,TRAZODONE ,6274.0,150.0,1746.68,1746.68,0.0
FFSU,ME,71399740105,71399,7401,5,2024,2,False,D-VITE PED,20680.0,307.0,2039.69,2039.69,0.0
FFSU,ME,641623101,641,6231,1,2024,1,True,HYDRALAZIN,,,,,
MCOU,MI,76388088025,76388,880,25,2024,1,True,TABLOID   ,,,,,
FFSU,MN,378728053,378,7280,53,2024,4,True,NORETHINDR,,,,,
FFSU,MI,16714098603,16714,986,3,2024,2,False,TRIAMCINOL,3870.0,49.0,404.38,404.38,0.0
MCOU,MN,54042523,54,425,23,2024,4,True,RUFINAMIDE,,,,,
FFSU,MN,51672139400,51672,1394,0,2024,4,True,TRETINOIN ,,,,,
FFSU,MN,23649810,23,6498,10,2024,4,True,UBRELVY   ,,,,,
MCOU,MN,944049303,944,493,3,2024,4,False,FLEXBUMIN ,4200.0,30.0,5574.26,2137.67,3436.59
MCOU,MN,409471375,409,4713,75,2024,4,False,LIDOCAINE ,108.0,13.0,0.0,0.0,0.0
MCOU,MI,54092018981,54092,189,81,2024,1,True,PENTASA   ,,,,,
FFSU,MI,781531501,781,5315,1,2024,1,True,ZOLPIDEM T,,,,,
MCOU,MI,53746052101,53746,521,1,2024,2,False,PROMETHAZI,23571.0,485.0,2369.12,2369.12,0.0
FFSU,MI,72888012001,72888,120,1,2024,2,False,LABETALOL ,2860.0,38.0,496.37,496.37,0.0
MCOU,MI,113002971,113,29,71,2024,1,True,NICOTINE G,,,,,
FFSU,MI,641604201,641,6042,1,2024,2,True,KETOROLAC ,,,,,
FFSU,MI,23155005801,23155,58,1,2024,2,True,GLYBURIDE ,,,,,
FFSU,MN,33342002710,33342,27,10,2024,4,True,DONEPEZIL ,,,,,
MCOU,MI,65162011511,65162,115,11,2024,3,False,HYDROCODON,16220.0,245.0,2395.05,2395.05,0.0
MCOU,MI,67877041920,67877,419,20,2024,3,False,LINEZOLID ,5090.0,257.0,13595.89,13595.89,0.0
MCOU,MI,60432015016,60432,150,16,2024,1,False,HYDROXYZIN,65875.5,319.0,5976.78,5976.78,0.0
FFSU,MI,68180046807,68180,468,7,2024,1,True,LOVASTATIN,,,,,
FFSU,MI,62332063731,62332,637,31,2024,1,False,DOXEPIN HC,10976.0,255.0,3418.45,3418.45,0.0
MCOU,MI,68001050300,68001,503,0,2024,3,False,METOPROLOL,990.0,25.0,244.98,244.98,0.0
MCOU,MN,378911293,378,9112,93,2024,4,True,NITROGLYCE,,,,,
MCOU,MI,16714046404,16714,464,4,2024,2,False,JULEBER   ,980.0,19.0,134.98,134.98,0.0
MCOU,MI,72205000530,72205,5,30,2024,2,False,ROSUVASTAT,540.0,18.0,53.92,53.92,0.0
MCOU,MI,456060010,456,600,10,2024,2,True,TEFLARO   ,,,,,
MCOU,MN,31722088390,31722,883,90,2024,4,False,ROSUVASTAT,21092.0,210.0,3892.55,3892.55,0.0
MCOU,MN,57664068988,57664,689,88,2024,4,True,AMITRIPTYL,,,,,
MCOU,MN,51285020401,51285,204,1,2024,4,True,PARAGARD T,,,,,
MCOU,MI,59088066016,59088,660,16,2024,2,True,LIVITA FOR,,,,,
FFSU,MN,173086910,173,869,10,2024,4,False,ANORO ELLI,3000.0,50.0,22916.8,22916.8,0.0
MCOU,MN,16571013650,16571,136,50,2024,4,False,ATORVASTAT,1106.0,21.0,251.79,251.79,0.0
MCOU,MI,713063415,713,634,15,2024,2,False,MOMETASONE,9255.0,291.0,4330.67,4330.67,0.0
MCOU,MI,68382056610,68382,566,10,2024,2,False,METOPROLOL,41227.0,636.0,10940.75,10940.75,0.0
MCOU,MI,536124810,536,1248,10,2024,2,False,STIMULANT ,49020.0,946.0,1047.38,1047.38,0.0
MCOU,MI,57237007630,57237,76,30,2024,2,False,ONDANSETRO,33902.0,1282.0,3427.47,3427.47,0.0
FFSU,MI,68382050001,68382,500,1,2024,1,True,OMEPRAZOLE,,,,,
FFSU,MI,88222033,88,2220,33,2024,2,False,LANTUS    ,9090.0,756.0,55333.51,55333.51,0.0
FFSU,MN,61314064710,61314,647,10,2024,4,True,TOBRAMYCIN,,,,,
FFSU,MI,591046105,591,461,5,2024,2,False,GLIPIZIDE ,1950.0,16.0,210.95,210.95,0.0
FFSU,MI,16714088701,16714,887,1,2024,2,False,CLOBAZAM  ,8567.5,143.0,5060.31,5060.31,0.0
MCOU,MN,42858016101,42858,161,1,2024,4,False,LISDEXAMFE,3604.0,117.0,22906.02,22906.02,0.0
MCOU,MI,70677122201,70677,1222,1,2024,2,True,MICONAZOLE,,,,,
FFSU,MI,62332050503,62332,505,3,2024,2,True,MOXIFLOXAC,,,,,
MCOU,MI,49401008835,49401,88,35,2024,2,False,BENLYSTA  ,592.0,147.0,692908.31,692908.31,0.0
FFSU,MN,187517015,187,5170,15,2024,4,True,RETIN-A   ,,,,,
FFSU,MI,13668057410,13668,574,10,2024,1,True,LACTULOSE ,,,,,
MCOU,MI,76045000401,76045,4,1,2024,1,True,MORPHINE S,,,,,
FFSU,MI,69097082607,69097,826,7,2024,3,False,BENZTROPIN,2468.0,50.0,636.82,636.82,0.0
MCOU,MN,16571086901,16571,869,1,2024,4,True,GABAPENTIN,,,,,
MCOU,MI,68025005930,68025,59,30,2024,2,True,OB COMPLET,,,,,
MCOU,MI,115168974,115,1689,74,2024,2,True,BUDESONIDE,,,,,
MCOU,MI,68001054641,68001,546,41,2024,2,True,PEMETREXED,,,,,
MCOU,MI,68645035159,68645,351,59,2024,1,False,CARVEDILOL,5936.0,57.0,228.32,228.32,0.0
MCOU,MI,27241011603,27241,116,3,2024,1,False,FENOFIBRAT,19287.0,518.0,3898.11,3898.11,0.0
MCOU,MI,70377002911,70377,29,11,2024,2,False,ATORVASTAT,750.0,19.0,40.36,40.36,0.0
MCOU,MN,53489032801,53489,328,1,2024,4,False,SPIRONOLAC,1170.0,18.0,290.66,290.66,0.0
MCOU,MI,70752011303,70752,113,3,2024,1,False,LIDOCAINE ,12185.04,281.0,2558.81,2558.81,0.0
FFSU,MN,63323016505,63323,165,5,2024,4,True,DEXAMETHAS,,,,,
FFSU,MI,65862007101,65862,71,1,2024,3,False,AMOXICILLI,36398.0,197.0,7811.5,7811.5,0.0
FFSU,MN,13668010510,13668,105,10,2024,4,True,ISOSORBIDE,,,,,
FFSU,MI,57664007110,57664,71,10,2024,1,True,FERROUS SU,,,,,
FFSU,MI,63304082890,63304,828,90,2024,2,True,ATORVASTAT,,,,,
FFSU,MN,574082701,574,827,1,2024,4,False,TESTOSTERO,55.0,18.0,690.42,628.88,61.54
MCOU,MI,68180086873,68180,868,73,2024,2,False,DROSPIRENO,19852.0,401.0,6097.2,6097.2,0.0
MCOU,MN,143150005,143,1500,5,2024,4,False,PHENOBARBI,944.0,11.0,132.7,132.7,0.0
FFSU,MI,51672417406,51672,4174,6,2024,1,True,IMIQUIMOD ,,,,,
MCOU,MI,172208980,172,2089,80,2024,1,False,HYDROCHLOR,1553.6,41.0,204.76,204.76,0.0
MCOU,MI,55150011420,55150,114,20,2024,2,True,AMPICILLIN,,,,,
MCOU,MN,13107015690,13107,156,90,2024,4,False,PAROXETINE,1260.0,18.0,264.91,264.91,0.0
FFSU,MI,65862007150,65862,71,50,2024,3,False,AMOXICILLI,6225.0,48.0,399.3,399.3,0.0
FFSU,MI,61442010301,61442,103,1,2024,2,False,DICLOFENAC,2680.0,51.0,572.09,572.09,0.0
MCOU,MI,62037059705,62037,597,5,2024,1,True,CARTIA XT ,,,,,
FFSU,MI,407069020,407,690,20,2024,2,True,OMNISCAN  ,,,,,
MCOU,MI,944281501,944,2815,1,2024,2,False,ARALAST NP,131670.0,17.0,63734.36,63734.36,0.0
FFSU,MI,65862000899,65862,8,99,2024,2,False,METFORMIN ,13625.0,213.0,8960.42,8960.42,0.0
FFSU,MI,781216760,781,2167,60,2024,1,True,ZIPRASIDON,,,,,
FFSU,MI,65162095603,65162,956,3,2024,1,False,LAMOTRIGIN,6954.0,120.0,7742.54,7742.54,0.0
FFSU,MN,64980041709,64980,417,9,2024,4,True,PREGABALIN,,,,,
FFSU,MI,66689030708,66689,307,8,2024,2,False,MYCOPHENOL,3253.25,24.0,1760.33,1635.96,124.37
FFSU,MI,65862059505,65862,595,5,2024,2,False,DIVALPROEX,65271.0,954.0,20362.82,20362.82,0.0
FFSU,MI,60505615204,60505,6152,4,2024,1,False,CEFTRIAXON,29.5,30.0,27.43,18.0,9.43
MCOU,MI,68645019059,68645,190,59,2024,3,False,METOPROLOL,40897.0,367.0,1632.7,1632.7,0.0
MCOU,MI,68180039901,68180,399,1,2024,1,True,CELECOXIB ,,,,,
FFSU,MN,21922000221,21922,2,21,2024,4,True,CLINDAMYCI,,,,,
MCOU,MN,65162089603,65162,896,3,2024,4,False,ARIPIPRAZO,1754.0,34.0,776.47,776.47,0.0
MCOU,MI,24208063110,24208,631,10,2024,1,False,NEOMYCIN-P,12260.0,1220.0,58459.5,58459.5,0.0
MCOU,MN,24385030789,24385,307,89,2024,4,True,GAS RELIEF,,,,,
MCOU,MI,62756016013,62756,160,13,2024,1,False,TAMSULOSIN,1400.0,43.0,85.7,85.7,0.0
FFSU,MI,60687072321,60687,723,21,2024,2,True,DULOXETINE,,,,,
FFSU,MI,591256230,591,2562,30,2024,1,True,COLCHICINE,,,,,
MCOU,MI,45802017453,45802,174,53,2024,1,True,MUSCLE RUB,,,,,
MCOU,MI,536130723,536,1307,23,2024,2,False,OLOPATADIN,1101.667,387.0,3815.32,3815.32,0.0
FFSU,MI,16729008101,16729,81,1,2024,2,False,NALTREXONE,2168.7,83.0,2587.44,2587.44,0.0
FFSU,MN,50228010705,50228,107,5,2024,4,True,METFORMIN ,,,,,
MCOU,MN,50228012410,50228,124,10,2024,4,False,CLOPIDOGRE,1602.0,62.0,443.32,443.32,0.0
FFSU,MN,480872210,480,8722,10,2024,4,True,LEVOTHYROX,,,,,
MCOU,MI,31722099601,31722,996,1,2024,1,False,HYDROCODON,501.0,17.0,68.35,68.35,0.0
FFSU,MI,59762121003,59762,1210,3,2024,2,False,DESVENLAFA,516.0,15.0,388.12,388.12,0.0
MCOU,MI,69238115409,69238,1154,9,2024,1,False,EZETIMIBE ,42334.0,1081.0,16166.92,16166.92,0.0
FFSU,MI,16714040102,16714,401,2,2024,1,True,CEFUROXIME,,,,,
MCOU,MN,31722053960,31722,539,60,2024,4,False,LEVETIRACE,70992.5,669.0,22353.65,22327.73,25.92
MCOU,MN,591288401,591,2884,1,2024,4,True,VERAPAMIL ,,,,,
MCOU,MI,63323001301,63323,13,1,2024,1,False,THIAMINE H,19.0,19.0,45.42,45.42,0.0
MCOU,MI,51660072469,51660,724,69,2024,1,True,ALLERGY RE,,,,,
MCOU,MI,93736898,93,7368,98,2024,1,False,LOSARTAN-H,1710.0,43.0,255.37,255.37,0.0
FFSU,MI,70069038310,70069,383,10,2024,2,True,HALOPERIDO,,,,,
FFSU,MI,378351501,378,3515,1,2024,2,True,MIRTAZAPIN,,,,,
FFSU,MN,53746061701,53746,617,1,2024,4,True,TRAMADOL H,,,,,
MCOU,MN,43547035411,43547,354,11,2024,4,False,LISINOPRIL,38558.0,573.0,4969.53,4969.53,0.0
FFSU,MN,456151260,456,1512,60,2024,4,True,SAVELLA   ,,,,,
MCOU,MN,59746076001,59746,760,1,2024,4,True,CHLORTHALI,,,,,
MCOU,MN,42806014731,42806,147,31,2024,4,False,AZITHROMYC,6496.0,231.0,4645.52,4645.52,0.0
FFSU,MI,31722072730,31722,727,30,2024,1,False,MONTELUKAS,420.0,12.0,114.39,114.39,0.0
FFSU,MI,70710176006,70710,1760,6,2024,1,True,ENOXAPARIN,,,,,
MCOU,MI,65162000203,65162,2,3,2024,1,True,PRASUGREL ,,,,,
FFSU,MI,63323050601,63323,506,1,2024,1,False,DEXAMETHAS,132.9,117.0,160.67,49.5,111.17
MCOU,MI,55111068010,55111,680,10,2024,2,True,FONDAPARIN,,,,,
FFSU,MI,72819016203,72819,162,3,2024,2,True,DOXEPIN HC,,,,,
MCOU,MN,23155005519,23155,55,19,2024,4,False,NARATRIPTA,290.0,33.0,821.79,821.79,0.0
MCOU,MN,603211521,603,2115,21,2024,4,False,ALLOPURINO,996.5,70.0,656.88,656.88,0.0
MCOU,MI,69367028705,69367,287,5,2024,2,False,MONTELUKAS,6142.0,138.0,472.6,472.6,0.0
FFSU,MN,49702023803,49702,238,3,2024,4,True,APRETUDE  ,,,,,
FFSU,MI,59746070201,59746,702,1,2024,1,False,DOXEPIN HC,1074.0,31.0,428.79,419.96,8.83
FFSU,MN,11534016503,11534,165,3,2024,4,False,FOLIC ACID,31153.0,905.0,32076.18,31986.92,89.26
MCOU,MI,70512010610,70512,106,10,2024,2,True,DICLOFENAC,,,,,
MCOU,MN,143908701,143,9087,1,2024,4,True,DOXORUBICI,,,,,
MCOU,MI,62332014990,62332,149,90,2024,2,False,OLMESARTAN,2670.0,37.0,837.62,837.62,0.0
FFSU,MI,469072560,469,725,60,2024,2,True,XTANDI    ,,,,,
FFSU,MI,70010004001,70010,40,1,2024,2,True,AMPHETAMIN,,,,,
FFSU,MI,536127211,536,1272,11,2024,1,True,ANTIFUNGAL,,,,,
FFSU,MN,904584709,904,5847,9,2024,4,True,MAPAP     ,,,,,
FFSU,MI,72241005011,72241,50,11,2024,2,True,FOLIC ACID,,,,,
MCOU,MI,70255002503,70255,25,3,2024,2,True,BRAFTOVI  ,,,,,
FFSU,MN,29300030916,29300,309,16,2024,4,True,QUETIAPINE,,,,,
FFSU,MI,50742025290,50742,252,90,2024,2,True,DILTIAZEM ,,,,,
MCOU,MI,65862092205,65862,922,5,2024,1,False,TRAMADOL H,2365.0,61.0,332.36,332.36,0.0
FFSU,MN,63323018510,63323,185,10,2024,4,True,WATER     ,,,,,
FFSU,MN,59651054101,59651,541,1,2024,4,True,ISOSORBIDE,,,,,
MCOU,MI,69238162603,69238,1626,3,2024,3,True,DIMETHYL F,,,,,
FFSU,MI,69315018403,69315,184,3,2024,3,True,LEUCOVORIN,,,,,
MCOU,MI,536589571,536,5895,71,2024,2,False,NICOTINE P,5380.0,200.0,6886.37,6886.37,0.0
MCOU,MI,143933010,143,9330,10,2024,1,True,BUPIVACAIN,,,,,
MCOU,MI,169413001,169,4130,1,2024,2,True,OZEMPIC   ,,,,,
MCOU,MI,65862089578,65862,895,78,2024,2,True,LANSOPRAZO,,,,,
FFSU,MN,51862064310,51862,643,10,2024,4,True,TAMOXIFEN ,,,,,
FFSU,MI,69367013406,69367,134,6,2024,3,True,GABAPENTIN,,,,,
FFSU,MI,16714095501,16714,955,1,2024,1,False,KETOCONAZO,720.0,30.0,365.92,365.92,0.0
MCOU,MI,59762054101,59762,541,1,2024,1,True,GLIPIZIDE ,,,,,
MCOU,MI,71351001101,71351,11,1,2024,3,True,PHOSPHOROU,,,,,
FFSU,MN,713068331,713,683,31,2024,4,True,GENTAMICIN,,,,,
MCOU,MN,43598096930,43598,969,30,2024,4,True,ARIPIPRAZO,,,,,
MCOU,MI,72578009301,72578,93,1,2024,2,False,BETAMETHAS,5640.0,168.0,5528.47,5528.47,0.0
FFSU,MI,65862050301,65862,503,1,2024,3,False,AMOXICILLI,2423.0,142.0,2284.6,2284.6,0.0
MCOU,MN,63323059613,63323,596,13,2024,4,True,GLUCAGON H,,,,,
MCOU,MN,781210301,781,2103,1,2024,4,False,TACROLIMUS,48569.0,319.0,19371.83,19371.83,0.0
FFSU,MI,378335099,378,3350,99,2024,2,True,ESTRADIOL ,,,,,
MCOU,MN,378230210,378,2302,10,2024,4,False,PRAZOSIN H,904.0,14.0,298.18,298.18,0.0
MCOU,MI,62011031001,62011,310,1,2024,2,True,ALLERGY RE,,,,,
FFSU,MI,378163191,378,1631,91,2024,2,False,FORMOTEROL,4440.0,38.0,8369.52,2124.15,6245.37
FFSU,MI,71288010110,71288,101,10,2024,2,True,OXALIPLATI,,,,,
FFSU,MI,65862002206,65862,22,6,2024,1,False,MIRTAZAPIN,1402.0,45.0,1000.71,1000.71,0.0
MCOU,MN,121093516,121,935,16,2024,4,False,DOCUSATE S,7078.0,23.0,166.65,166.65,0.0
FFSU,MI,45802049383,45802,493,83,2024,2,False,AMMONIUM L,4120.0,23.0,328.09,328.09,0.0
FFSU,MI,43547027210,43547,272,10,2024,2,True,ROPINIROLE,,,,,
FFSU,MN,62332065560,62332,655,60,2024,4,True,FORMOTEROL,,,,,
MCOU,MI,42799092102,42799,921,2,2024,2,True,BISOPROLOL,,,,,
MCOU,MI,68180097109,68180,971,9,2024,3,False,LEVOTHYROX,12045.0,302.0,1179.2,1179.2,0.0
FFSU,MI,72888002705,72888,27,5,2024,2,False,LAMOTRIGIN,1900.0,35.0,448.09,448.09,0.0
MCOU,MI,591264001,591,2640,1,2024,1,True,BUTALBITAL,,,,,
MCOU,MI,33342032715,33342,327,15,2024,2,False,TRIAMCINOL,1089.6,35.0,126.6,126.6,0.0
MCOU,MI,27241016201,27241,162,1,2024,2,True,CAPTOPRIL ,,,,,
MCOU,MN,16729022616,16729,226,16,2024,4,False,SPIRONOLAC,991.0,15.0,211.0,211.0,0.0
MCOU,MN,31722010530,31722,105,30,2024,4,True,CINACALCET,,,,,
FFSU,MI,59762013105,59762,131,5,2024,2,True,SILVER SUL,,,,,
MCOU,MN,50742011750,50742,117,50,2024,4,True,DESIPRAMIN,,,,,
MCOU,MI,68001028006,68001,280,6,2024,1,False,DICLOFENAC,2312.0,40.0,236.65,236.65,0.0
FFSU,MI,62175031137,62175,311,37,2024,1,True,METHYLPHEN,,,,,
MCOU,MI,955102208,955,1022,8,2024,1,True,DOCETAXEL ,,,,,
MCOU,MI,51672129403,51672,1294,3,2024,2,True,CLOBETASOL,,,,,
MCOU,MI,781223410,781,2234,10,2024,1,False,OMEPRAZOLE,9417.0,255.0,1316.13,1316.13,0.0
MCOU,MI,78206015001,78206,150,1,2024,2,True,PREGNYL   ,,,,,
MCOU,MI,58657064801,58657,648,1,2024,2,False,CLONIDINE ,720.0,12.0,24.06,24.06,0.0
MCOU,MI,31722094801,31722,948,1,2024,1,True,OXYCODONE-,,,,,
FFSU,MI,68001041838,68001,418,38,2024,2,False,LEUCOVORIN,41.285,19.0,1038.43,326.6,711.83
MCOU,MI,43386031214,43386,312,14,2024,1,False,GAVILAX   ,205018.0,405.0,4571.73,4571.73,0.0
MCOU,MN,228315303,228,3153,3,2024,4,False,BUPRENORPH,11094.0,193.0,10011.51,10011.51,0.0
FFSU,MI,69367031401,69367,314,1,2024,3,False,WESCAPS   ,3879.0,118.0,1684.9,1684.9,0.0
MCOU,MI,68462026430,68462,264,30,2024,1,False,ROSUVASTAT,18574.0,495.0,3981.51,3981.51,0.0
MCOU,MI,68682011102,68682,111,2,2024,1,True,PIMECROLIM,,,,,
MCOU,MI,42806005510,42806,55,10,2024,1,False,AMLODIPINE,1140.0,33.0,20.03,20.03,0.0
MCOU,MI,113007471,113,74,71,2024,2,True,IBUPROFEN ,,,,,
FFSU,MI,43598044101,43598,441,1,2024,1,True,METHYLPHEN,,,,,
FFSU,MI,16729013516,16729,135,16,2024,2,True,ALLOPURINO,,,,,
MCOU,MI,68180033707,68180,337,7,2024,1,False,METFORMIN ,2639.0,31.0,9076.4,9076.4,0.0
MCOU,MI,904530909,904,5309,9,2024,1,False,CHILDREN'S,308567.0,1368.0,7275.86,7275.86,0.0
FFSU,MN,45802040109,45802,401,9,2024,4,True,CICLOPIROX,,,,,
MCOU,MI,16714088910,16714,889,10,2024,1,False,ERTAPENEM ,75.0,13.0,1922.64,1922.64,0.0
MCOU,MI,61442010310,61442,103,10,2024,2,False,DICLOFENAC,52075.0,946.0,5205.97,5205.97,0.0
FFSU,MI,66993059702,66993,597,2,2024,2,False,DEXTROAMPH,690.0,18.0,495.17,495.17,0.0
MCOU,MN,11534019201,11534,192,1,2024,1,False,DEXTROAMPH,794.0,21.0,306.57,306.57,0.0
MCOU,MN,33342040550,33342,405,50,2024,1,True,LIDOCAINE ,,,,,
MCOU,MN,16714089803,16714,898,3,2024,3,False,LORATADINE,9312.0,291.0,1136.37,1136.37,0.0
FFSU,MN,16714011002,16714,110,2,2024,1,True,HYDROXYCHL,,,,,
MCOU,MN,67877022410,67877,224,10,2024,1,False,GABAPENTIN,17921.0,174.0,2445.63,2445.63,0.0
MCOU,MN,16571070810,16571,708,10,2024,1,True,TOPIRAMATE,,,,,
MCOU,MN,50742017505,50742,175,5,2024,1,False,ISOSORBIDE,8484.0,163.0,2011.57,2011.57,0.0
MCOU,MN,43068011202,43068,112,2,2024,1,True,FANAPT    ,,,,,
MCOU,MN,67877012405,67877,124,5,2024,2,True,SILVER SUL,,,,,
MCOU,MN,16571086203,16571,862,3,2024,2,False,BUPROPION ,73440.0,1397.0,32557.03,32469.99,87.04
FFSU,MN,53489011802,53489,118,2,2024,3,False,DOXYCYCLIN,970.0,23.0,395.43,371.01,24.42
FFSU,MN,72888003500,72888,35,0,2024,3,True,CARVEDILOL,,,,,
FFSU,MN,143988701,143,9887,1,2024,2,False,AMOXICILLI,131102.0,646.0,64133.53,62764.54,1368.99
MCOU,MN,781331275,781,3312,75,2024,3,False,PALONOSETR,100.0,20.0,19.59,19.59,0.0
MCOU,MN,23155010410,23155,104,10,2024,3,True,METFORMIN ,,,,,
FFSU,MN,61442011501,61442,115,1,2024,1,True,GLIMEPIRID,,,,,
FFSU,MN,65862060130,65862,601,30,2024,4,True,MODAFINIL ,,,,,
MCOU,MN,68084084701,68084,847,1,2024,4,True,HYDROXYZIN,,,,,
MCOU,MN,69315020906,69315,209,6,2024,2,True,NU-MAG    ,,,,,
MCOU,MN,168033260,168,332,60,2024,1,True,FLUTICASON,,,,,
MCOU,MN,71093012703,71093,127,3,2024,2,True,DONEPEZIL ,,,,,
FFSU,MN,68382009816,68382,98,16,2024,4,True,PAROXETINE,,,,,
MCOU,MN,39328005750,39328,57,50,2024,1,True,CHILDREN'S,,,,,
MCOU,MN,16714040803,16714,408,3,2024,3,False,LARIN     ,5166.0,82.0,2802.26,2802.26,0.0
FFSU,MN,71930005612,71930,56,12,2024,3,True,ACETAMINOP,,,,,
FFSU,MN,527150137,527,1501,37,2024,3,True,DEXTROAMPH,,,,,
MCOU,MN,61314035501,61314,355,1,2024,1,True,TROPICAMID,,,,,
FFSU,MN,68382056701,68382,567,1,2024,1,True,METOPROLOL,,,,,
FFSU,MN,67457016302,67457,163,2,2024,1,True,SOTRADECOL,,,,,
FFSU,MN,58657070501,58657,705,1,2024,3,True,HALOPERIDO,,,,,
MCOU,MN,27241019190,27241,191,90,2024,1,False,TOLTERODIN,581.0,20.0,565.22,565.22,0.0
FFSU,MN,51672530200,51672,5302,0,2024,1,True,CICLOPIROX,,,,,
FFSU,MN,832027411,832,274,11,2024,3,True,MORPHINE S,,,,,
MCOU,MN,68382050010,68382,500,10,2024,3,False,OMEPRAZOLE,228328.0,3133.0,38444.02,38020.85,423.17
FFSU,MN,574014704,574,147,4,2024,3,True,FAMOTIDINE,,,,,
MCOU,MN,57237001830,57237,18,30,2024,3,False,DULOXETINE,5552.0,124.0,1524.96,1524.96,0.0
FFSU,MN,245531915,245,5319,15,2024,1,False,KLOR-CON M,4515.0,66.0,1417.08,1363.95,53.13
MCOU,MN,115165903,115,1659,3,2024,3,True,PROPRANOLO,,,,,
MCOU,MN,69452027520,69452,275,20,2024,1,False,KETOROLAC ,4918.0,278.0,5277.72,5251.86,25.86
FFSU,MN,603548421,603,5484,21,2024,3,True,PROPRANOLO,,,,,
MCOU,MN,16714081303,16714,813,3,2024,3,False,EZETIMIBE ,9771.0,176.0,1925.75,1925.75,0.0
MCOU,MN,62584026611,62584,266,11,2024,1,True,METOPROLOL,,,,,
FFSU,MN,70677113301,70677,1133,1,2024,3,True,F&T MIGRAI,,,,,
MCOU,MN,62756029488,62756,294,88,2024,3,True,CEPHALEXIN,,,,,
FFSU,MN,49348057308,49348,573,8,2024,3,True,NICOTINE G,,,,,
FFSU,MN,29300011101,29300,111,1,2024,1,False,LAMOTRIGIN,20674.0,163.0,2012.48,1811.69,200.79
FFSU,MN,27808005901,27808,59,1,2024,2,False,METHYLPHEN,14111.5,53.0,2301.82,2163.65,138.17
FFSU,MN,10019055390,10019,553,90,2024,1,True,TRANSDERM-,,,,,
MCOU,MN,69584068450,69584,684,50,2024,4,True,PRIMIDONE ,,,,,
FFSU,MN,51991082001,51991,820,1,2024,1,False,PROPRANOLO,1038.0,35.0,715.51,697.7,17.81
MCOU,MN,68084053401,68084,534,1,2024,3,True,QUETIAPINE,,,,,
FFSU,MN,172572960,172,5729,60,2024,3,False,FAMOTIDINE,6619.0,106.0,1503.66,1468.05,35.61
FFSU,MN,68001060400,68001,604,0,2024,3,True,NITROFURAN,,,,,
MCOU,MN,378551093,378,5510,93,2024,1,True,OLANZAPINE,,,,,
MCOU,MN,49502025175,49502,251,75,2024,2,True,SEMGLEE (Y,,,,,
MCOU,MN,70377001611,70377,16,11,2024,3,False,TACROLIMUS,1334.0,22.0,2554.99,2168.1,386.89
MCOU,MN,68001047745,68001,477,45,2024,1,True,BACITRACIN,,,,,
MCOU,MN,641624701,641,6247,1,2024,1,True,FENTANYL C,,,,,
FFSU,MN,70512010230,70512,102,30,2024,1,True,TRIPLE ANT,,,,,
MCOU,MN,66993023630,66993,236,30,2024,4,True,DASATINIB ,,,,,
MCOU,MN,51672131606,51672,1316,6,2024,1,True,ALCLOMETAS,,,,,
MCOU,MN,68180096503,68180,965,3,2024,2,False,LEVOTHYROX,7857.0,205.0,1365.37,1361.73,3.64
MCOU,MN,63323036601,63323,366,1,2024,3,False,DIMENHYDRI,12.0,12.0,0.0,0.0,0.0
MCOU,MN,45963067711,45963,677,11,2024,1,False,METOPROLOL,51092.0,587.0,14128.17,14113.93,14.24
MCOU,MN,68180086211,68180,862,11,2024,3,False,AZITHROMYC,223.0,70.0,342.31,342.31,0.0
MCOU,MN,24208050402,24208,504,2,2024,1,False,VYZULTA   ,77.5,31.0,7662.08,7662.08,0.0
MCOU,MN,65862010290,65862,102,90,2024,2,True,AMLODIPINE,,,,,
MCOU,MN,378081001,378,810,1,2024,2,True,HYDROCHLOR,,,,,
MCOU,MN,55111061701,55111,617,1,2024,3,False,ESZOPICLON,5288.0,197.0,1775.86,1756.06,19.8
MCOU,MN,51660094024,51660,940,24,2024,1,False,ALLERGY RE,858.0,24.0,523.35,523.35,0.0
MCOU,MN,66993023830,66993,238,30,2024,4,True,DASATINIB ,,,,,
FFSU,MN,61874013030,61874,130,30,2024,3,False,VRAYLAR   ,2384.0,84.0,113245.52,100634.66,12610.86
MCOU,MN,70677105801,70677,1058,1,2024,2,True,F&T LORATA,,,,,
MCOU,MN,469068773,469,687,73,2024,3,True,ASTAGRAF X,,,,,
FFSU,MN,990798413,990,7984,13,2024,3,True,SODIUM CHL,,,,,
MCOU,MN,65250026604,65250,266,4,2024,3,True,EXPAREL   ,,,,,
MCOU,MN,16571041305,16571,413,5,2024,2,True,CIPROFLOXA,,,,,
FFSU,MN,23324015,23,3240,15,2024,1,False,REFRESH OP,1890.0,108.0,2236.56,2203.56,33.0
MCOU,MN,70954054110,70954,541,10,2024,1,False,TRIMETHOPR,418.0,14.0,662.57,662.57,0.0
FFSU,MN,65862096801,65862,968,1,2024,3,True,ESZOPICLON,,,,,
MCOU,MN,65862049730,65862,497,30,2024,3,False,EFAVIRENZ-,660.0,22.0,11099.36,11099.36,0.0
MCOU,MN,70000033101,70000,331,1,2024,2,True,WART REMOV,,,,,
FFSU,MN,69315030660,69315,306,60,2024,4,False,NYSTATIN  ,2100.0,32.0,891.08,845.58,45.5
MCOU,MN,168009930,168,99,30,2024,1,False,KETOCONAZO,10140.0,288.0,5914.98,5902.84,12.14
MCOU,MN,57237010001,57237,100,1,2024,1,False,METOPROLOL,941.0,15.0,59.64,59.64,0.0
FFSU,MN,72205001490,72205,14,90,2024,1,False,PREGABALIN,7476.0,103.0,1570.69,1499.71,70.98
MCOU,MN,46122062962,46122,629,62,2024,2,True,GNP PAIN R,,,,,
MCOU,MN,59572041521,59572,415,21,2024,1,True,REVLIMID  ,,,,,
MCOU,MN,72028004503,72028,45,3,2024,2,True,WAKIX     ,,,,,
MCOU,MN,60793070204,60793,702,4,2024,3,False,BICILLIN L,72.0,18.0,10432.3,9294.68,1137.62
MCOU,MN,904722359,904,7223,59,2024,2,True,ROBAFEN DM,,,,,
MCOU,MN,59746038506,59746,385,6,2024,2,False,TERAZOSIN ,1651.0,25.0,394.55,394.55,0.0
MCOU,MN,574220520,574,2205,20,2024,3,True,TRETINOIN ,,,,,
FFSU,MN,16729004101,16729,41,1,2024,3,False,TACROLIMUS,1200.0,19.0,195.45,94.3,101.15
MCOU,MN,65862021150,65862,211,50,2024,1,False,MINOCYCLIN,6798.0,146.0,3599.73,3582.59,17.14
MCOU,MN,65862029399,65862,293,99,2024,1,True,ROSUVASTAT,,,,,
FFSU,MN,43598003601,43598,36,1,2024,1,True,FLUPHENAZI,,,,,
FFSU,MN,51672129303,51672,1293,3,2024,2,False,CLOBETASOL,1100.0,22.0,466.86,420.92,45.94
MCOU,MN,59762080002,59762,800,2,2024,3,True,TOLTERODIN,,,,,
MCOU,MN,409131611,409,1316,11,2024,1,True,HEPARIN SO,,,,,
MCOU,MN,35573046602,35573,466,2,2024,2,False,MIXED AMPH,5042.0,163.0,5454.16,5451.35,2.81
MCOU,MN,60505622904,60505,6229,4,2024,1,False,DAPTOMYCIN,87.003,18.0,2461.35,2461.35,0.0
MCOU,MN,46122053551,46122,535,51,2024,1,True,MOTION SIC,,,,,
MCOU,MN,72578004001,72578,40,1,2024,2,False,ZONISAMIDE,1593.0,15.0,206.43,206.43,0.0
MCOU,MN,64980051110,64980,511,10,2024,2,False,CLINDAMYCI,7900.0,25.0,2131.4,2131.4,0.0
MCOU,MN,143932001,143,9320,1,2024,2,True,LABETALOL ,,,,,
FFSU,MN,70069012101,70069,121,1,2024,3,False,TROPICAMID,195.0,11.0,189.3,189.3,0.0
MCOU,MN,407222317,407,2223,17,2024,3,False,VISIPAQUE ,1839.0,18.0,1139.75,1020.62,119.13
MCOU,MN,68001056700,68001,567,0,2024,1,False,POTASSIUM ,1035.0,26.0,275.06,272.82,2.24
FFSU,MN,63323006421,63323,64,21,2024,1,True,MAGNESIUM ,,,,,
MCOU,MN,43547035610,43547,356,10,2024,1,False,LISINOPRIL,1470.0,23.0,238.49,238.49,0.0
MCOU,MN,68968345008,68968,3450,8,2024,1,False,ESTRADIOL ,112.0,11.0,1180.05,1180.05,0.0
FFSU,MN,62332058631,62332,586,31,2024,1,False,AMANTADINE,1659.0,36.0,1116.28,1101.82,14.46
FFSU,MN,51645085110,51645,851,10,2024,2,True,SENNA     ,,,,,
MCOU,MN,641613701,641,6137,1,2024,1,True,FOSPHENYTO,,,,,
MCOU,MN,2879959,2,8799,59,2024,1,False,HUMALOG KW,10221.6,451.0,108634.06,105607.46,3026.6
FFSU,MN,72888001001,72888,10,1,2024,2,False,BACLOFEN  ,19852.0,151.0,2382.98,2195.32,187.66
MCOU,MN,55111041930,55111,419,30,2024,3,False,LAMOTRIGIN,1204.0,33.0,6817.54,6817.54,0.0
MCOU,MN,72603015501,72603,155,1,2024,3,False,OLANZAPINE,4783.0,135.0,1438.62,1438.62,0.0
MCOU,MN,57237022401,57237,224,1,2024,1,True,RAMIPRIL  ,,,,,
MCOU,MN,47335074483,47335,744,83,2024,1,False,PALIPERIDO,602.0,21.0,2248.78,2248.78,0.0
MCOU,MN,69452014430,69452,144,30,2024,3,False,BENZONATAT,5871.0,194.0,2090.56,2090.56,0.0
MCOU,MN,65862001001,65862,10,1,2024,1,False,METFORMIN ,1290.0,11.0,85.44,85.44,0.0
MCOU,MN,69097082407,69097,824,7,2024,2,True,CITALOPRAM,,,,,
FFSU,MN,51645073110,51645,731,10,2024,1,True,CALCIUM 60,,,,,
MCOU,MN,70512084001,70512,840,1,2024,3,False,CYANOCOBAL,14.0,14.0,18.86,13.15,5.71
FFSU,MN,24208063110,24208,631,10,2024,1,False,NEOMYCIN-P,460.0,46.0,2423.28,2211.61,211.67
FFSU,MN,62559026530,62559,265,30,2024,3,False,TRANEXAMIC,315.0,11.0,503.23,459.86,43.37
FFSU,MN,527328543,527,3285,43,2024,3,True,LEVOTHYROX,,,,,
FFSU,MN,70010006405,70010,64,5,2024,3,False,METFORMIN ,768.0,13.0,157.57,150.33,7.24
MCOU,MN,832107530,832,1075,30,2024,2,True,TOPIRAMATE,,,,,
MCOU,MN,50228045310,50228,453,10,2024,1,True,ATORVASTAT,,,,,
FFSU,MN,72205014390,72205,143,90,2024,3,False,LOSARTAN P,2594.0,33.0,497.09,470.01,27.08
MCOU,MN,70121175501,70121,1755,1,2024,3,True,ALYMSYS   ,,,,,
FFSU,MN,60505014101,60505,141,1,2024,1,False,GLIPIZIDE ,3698.0,41.0,13044.28,13042.28,2.0
FFSU,MN,50458060901,50458,609,1,2024,3,True,INVEGA TRI,,,,,
MCOU,MN,74714819,74,7148,19,2024,1,True,SYNTHROID ,,,,,
FFSU,MN,70515000202,70515,2,2,2024,1,True,TUDORZA PR,,,,,
MCOU,MN,68546032512,68546,325,12,2024,1,False,COPAXONE  ,288.0,24.0,136113.59,136113.59,0.0
MCOU,MN,70000041502,70000,415,2,2024,4,False,CLEARLAX  ,27982.0,204.0,1577.06,1577.06,0.0
MCOU,MN,70010006409,70010,64,9,2024,4,True,METFORMIN ,,,,,
MCOU,MN,591213680,591,2136,80,2024,3,True,PROPOFOL  ,,,,,
MCOU,MN,228308306,228,3083,6,2024,2,True,ALPRAZOLAM,,,,,
FFSU,MN,338004948,338,49,48,2024,3,False,SODIUM CHL,14253.0,29.0,392.47,266.73,125.74
MCOU,MN,65862073260,65862,732,60,2024,3,False,AMIODARONE,7926.5,115.0,2183.47,2183.47,0.0
MCOU,MN,67877073460,67877,734,60,2024,1,False,LACOSAMIDE,10413.0,141.0,8556.31,8556.31,0.0
FFSU,MN,70010020505,70010,205,5,2024,4,True,SERTRALINE,,,,,
MCOU,MN,42858093001,42858,930,1,2024,2,False,DEXTROAMPH,50456.0,1483.0,26611.94,26596.4,15.54
MCOU,MN,69230031837,69230,318,37,2024,2,True,OMEPRAZOLE,,,,,
MCOU,MN,72603019801,72603,198,1,2024,4,False,ZOLEDRONIC,200.0,43.0,931.7,931.7,0.0
FFSU,MN,49348068972,49348,689,72,2024,1,False,MICONAZOLE,570.0,18.0,175.89,173.89,2.0
FFSU,MN,63323058499,63323,584,99,2024,1,True,ENOXAPARIN,,,,,
MCOU,MN,72572070701,72572,707,1,2024,3,True,ROPIVACAIN,,,,,
FFSU,MN,67877021905,67877,219,5,2024,4,False,CEPHALEXIN,5051.0,210.0,2494.2,2421.36,72.84
MCOU,MN,70700012184,70700,121,84,2024,1,True,TRI-ESTARY,,,,,
FFSU,MN,49483008110,49483,81,10,2024,1,False,SENNA-TIME,6584.0,99.0,189.58,179.58,10.0
MCOU,MN,407141486,407,1414,86,2024,3,True,OMNIPAQUE ,,,,,
FFSU,MN,31722081360,31722,813,60,2024,1,False,LACOSAMIDE,2355.0,42.0,1157.6,1066.84,90.76
MCOU,MN,62175027037,62175,270,37,2024,3,False,OXYBUTYNIN,875.0,20.0,198.72,198.72,0.0
FFSU,MN,406324901,406,3249,1,2024,3,True,HYDROMORPH,,,,,
FFSU,MN,70954068810,70954,688,10,2024,3,True,PROCHLORPE,,,,,
MCOU,MN,37601093,37,6010,93,2024,1,True,EDLUAR    ,,,,,
FFSU,MN,23155084110,23155,841,10,2024,1,False,METFORMIN ,5566.0,49.0,565.39,514.84,50.55
MCOU,MN,45802017453,45802,174,53,2024,3,True,MUSCLE RUB,,,,,
FFSU,MN,43068010402,43068,104,2,2024,3,True,FANAPT    ,,,,,
MCOU,MN,70010006309,70010,63,9,2024,1,False,METFORMIN ,6886.0,51.0,253.42,253.42,0.0
MCOU,MN,42571017410,42571,174,10,2024,3,True,ATORVASTAT,,,,,
FFSU,MN,68462050481,68462,504,81,2024,4,True,HAILEY    ,,,,,
FFSU,MN,72603024701,72603,247,1,2024,3,True,ENALAP MAL,,,,,
FFSU,MN,904723724,904,7237,24,2024,2,False,BANOPHEN  ,550.0,24.0,14411.97,14411.97,0.0
FFSU,MN,33342007015,33342,70,15,2024,3,False,OLANZAPINE,1358.0,37.0,3361.39,3347.19,14.2
FFSU,MN,27241009990,27241,99,90,2024,3,False,DULOXETINE,12823.0,247.0,8071.18,7934.87,136.31
FFSU,MN,55513092491,55513,924,91,2024,1,True,NEUPOGEN  ,,,,,
MCOU,MN,60505311003,60505,3110,3,2024,1,False,OLANZAPINE,896.0,21.0,209.21,209.21,0.0
MCOU,MN,59762006701,59762,67,1,2024,3,False,SERTRALINE,1800.0,23.0,1208.02,1208.02,0.0
MCOU,MN,66302031001,66302,310,1,2024,1,True,ORENITRAM ,,,,,
MCOU,MN,113172002,113,1720,2,2024,1,True,NASONEX MO,,,,,
MCOU,MN,70710111308,70710,1113,8,2024,2,True,TIZANIDINE,,,,,
MCOU,MN,23155005601,23155,56,1,2024,2,True,GLYBURIDE ,,,,,
FFSU,MN,51645093310,51645,933,10,2024,3,True,FOLIC ACID,,,,,
MCOU,MN,16571066101,16571,661,1,2024,2,False,MECLIZINE ,16365.0,360.0,3488.66,3488.66,0.0
MCOU,MN,76282066339,76282,663,39,2024,3,False,DICLOFENAC,2200.0,21.0,791.56,791.56,0.0
MCOU,MN,58657015101,58657,151,1,2024,3,True,FOLIC ACID,,,,,
MCOU,MN,51672129001,51672,1290,1,2024,2,False,HYDROCORTI,405.0,12.0,341.87,341.87,0.0
FFSU,MN,68001039908,68001,399,8,2024,3,False,FLUOXETINE,2586.0,71.0,827.4,629.55,197.85
MCOU,MN,55150043101,55150,431,1,2024,2,True,DACTINOMYC,,,,,
FFSU,MN,29300017205,29300,172,5,2024,1,True,MEMANTINE ,,,,,
MCOU,MN,70069070801,70069,708,1,2024,4,True,TIMOLOL MA,,,,,
FFSU,MN,338955350,338,9553,50,2024,1,True,CLINDAMYCI,,,,,
FFSU,MN,378702093,378,7020,93,2024,1,True,ACITRETIN ,,,,,
MCOU,MN,54482014407,54482,144,7,2024,2,True,CARNITOR  ,,,,,
MCOU,MN,168030115,168,301,15,2024,3,True,CLOBETASOL,,,,,
MCOU,MN,58657067501,58657,675,1,2024,2,False,CIPROFLOXA,177.0,11.0,70.62,70.62,0.0
FFSU,MN,16729009712,16729,97,12,2024,3,False,QUETIAPINE,1301.0,37.0,785.2,785.2,0.0
FFSU,MN,168003315,168,33,15,2024,1,True,BETAMETHAS,,,,,
MCOU,MN,16714061105,16714,611,5,2024,2,False,SERTRALINE,21813.0,536.0,2909.74,2903.08,6.66
FFSU,MN,64380015801,64380,158,1,2024,1,True,MEGESTROL ,,,,,
FFSU,MN,42858016401,42858,164,1,2024,2,False,LISDEXAMFE,1163.0,41.0,4790.02,4142.81,647.21
MCOU,MN,61874016030,61874,160,30,2024,3,False,VRAYLAR   ,9605.0,327.0,450257.32,450257.32,0.0
FFSU,MN,66993006027,66993,60,27,2024,3,True,ATOVAQUONE,,,,,
FFSU,MO,59385002660,59385,26,60,2024,1,False,BELBUCA   ,840.0,14.0,13676.5,13676.5,0.0
FFSU,MO,68084018901,68084,189,1,2024,1,True,ZOLPIDEM T,,,,,
FFSU,MO,70700026390,70700,263,90,2024,4,True,LANSOPRAZO,,,,,
FFSU,MO,60687048611,60687,486,11,2024,1,True,LEVOTHYROX,,,,,
MCOU,MS,21922003104,21922,31,4,2024,4,True,NYSTATIN A,,,,,
FFSU,MO,60505451903,60505,4519,3,2024,1,True,PAXIL     ,,,,,
FFSU,MO,73521003002,73521,30,2,2024,1,True,TYRVAYA   ,,,,,
FFSU,MO,68382071586,68382,715,86,2024,1,True,ZOLMITRIPT,,,,,
FFSU,MO,69097012805,69097,128,5,2024,2,False,AMLODIPINE,8763.0,298.0,3669.42,3655.86,13.56
FFSU,MO,25021075110,25021,751,10,2024,2,False,PANTOPRAZO,18.0,14.0,73.78,73.78,0.0
FFSU,MO,16714018204,16714,182,4,2024,3,False,PAROXETINE,7446.0,244.0,3477.69,3475.13,2.56
FFSU,MO,72578011301,72578,113,1,2024,3,True,BISOPROLOL,,,,,
FFSU,MO,338055311,338,553,11,2024,2,False,SODIUM CHL,106750.0,1512.0,3679.49,3679.49,0.0
FFSU,MO,67877043103,67877,431,3,2024,4,False,ARIPIPRAZO,38085.0,1284.0,19721.47,19675.74,45.73
FFSU,MO,71288043587,71288,435,87,2024,4,False,ENOXAPARIN,295.2,14.0,2635.81,2635.81,0.0
MCOU,MS,485020816,485,208,16,2024,4,False,ED BRON GP,8041.0,41.0,653.51,653.51,0.0
MCOU,MN,72888003305,72888,33,5,2024,1,True,AMANTADINE,,,,,
FFSU,MO,93010910,93,109,10,2024,4,True,CARBAMAZEP,,,,,
FFSU,MO,72603016901,72603,169,1,2024,2,False,PROCHLORPE,6225.0,167.0,3525.48,3477.32,48.16
FFSU,MO,13107005999,13107,59,99,2024,1,True,ACETAMINOP,,,,,
FFSU,MO,93763056,93,7630,56,2024,1,True,IMATINIB M,,,,,
FFSU,MO,143968101,143,9681,1,2024,4,True,GLYCOPYRRO,,,,,
FFSU,MO,68084075225,68084,752,25,2024,1,True,CLOPIDOGRE,,,,,
FFSU,MO,70069023201,70069,232,1,2024,4,False,BRIMONIDIN,260.0,26.0,371.32,371.32,0.0
FFSU,MO,70756061030,70756,610,30,2024,3,False,OFLOXACIN ,3640.0,364.0,9469.81,9405.69,64.12
FFSU,MO,63323028401,63323,284,1,2024,4,True,VANCOMYCIN,,,,,
FFSU,MS,480366722,480,3667,22,2024,4,True,LIRAGLUTID,,,,,
MCOU,MS,31722099901,31722,999,1,2024,4,True,BACLOFEN T,,,,,
FFSU,MS,16729017217,16729,172,17,2024,4,True,AMITRIPTYL,,,,,
FFSU,MO,29300013101,29300,131,1,2024,3,False,ZALEPLON  ,1517.0,62.0,999.07,999.07,0.0
FFSU,MO,65862049505,65862,495,5,2024,1,True,QUETIAPINE,,,,,
FFSU,MS,54372263,54,3722,63,2024,4,True,PREDNISON ,,,,,
FFSU,MO,68001011205,68001,112,5,2024,4,False,LANSOPRAZO,780.0,18.0,298.46,285.64,12.82
FFSU,MO,65162035803,65162,358,3,2024,3,False,ZAFEMY    ,6101.0,1464.0,191701.97,191594.73,107.24
FFSU,MO,65162022623,65162,226,23,2024,4,True,YUVAFEM   ,,,,,
FFSU,MO,23155073710,23155,737,10,2024,3,True,TERAZOSIN ,,,,,
FFSU,MO,16714018104,16714,181,4,2024,1,True,PAROXETINE,,,,,
FFSU,MO,51672131802,51672,1318,2,2024,4,False,CICLOPIROX,6240.0,140.0,2886.98,2874.51,12.47
MCOU,MS,46122010846,46122,108,46,2024,4,True,GNP LICE C,,,,,
FFSU,MO,65862066430,65862,664,30,2024,4,False,ARIPIPRAZO,14232.0,515.0,8243.64,8199.5,44.14
FFSU,MO,70677114201,70677,1142,1,2024,4,False,CHILDREN'S,7916.0,36.0,442.2,442.2,0.0
FFSU,MS,591544305,591,5443,5,2024,4,True,PREDNISONE,,,,,
FFSU,MO,69367031056,69367,310,56,2024,3,False,SODIUM FLU,3080.0,55.0,848.47,848.47,0.0
FFSU,MO,50268015215,50268,152,15,2024,3,False,CEPHALEXIN,113.0,85.0,26.46,26.46,0.0
FFSU,MO,536133709,536,1337,9,2024,3,False,NICOTINE L,8856.0,75.0,3831.05,3831.05,0.0
FFSU,MO,65862076190,65862,761,90,2024,1,False,PREGABALIN,11665.0,158.0,2429.17,2429.17,0.0
FFSU,MO,43598016405,43598,164,5,2024,2,False,OLANZAPINE,23882.0,681.0,9612.52,9584.96,27.56
FFSU,MO,57664047453,57664,474,53,2024,1,False,METFORMIN ,900.0,16.0,158.44,158.44,0.0
FFSU,MO,591034705,591,347,5,2024,4,True,HYDROCHLOR,,,,,
MCOU,MS,75062300,75,623,0,2024,4,True,LOVENOX 10,,,,,
FFSU,MO,63304017513,63304,175,13,2024,3,True,MESALAMINE,,,,,
FFSU,MO,55513000301,55513,3,1,2024,4,False,ARANESP   ,258.0,175.0,77486.17,77486.17,0.0
FFSU,MO,62756042986,62756,429,86,2024,3,True,DALFAMPRID,,,,,
FFSU,MO,23155007101,23155,71,1,2024,1,False,METHIMAZOL,17336.0,320.0,6827.07,6799.66,27.41
FFSU,MO,55150043401,55150,434,1,2024,2,True,DEXRAZOXAN,,,,,
FFSU,MO,69097017353,69097,173,53,2024,3,False,IPRATROPIU,115635.0,814.0,15527.84,15092.1,435.74
MCOU,MS,25021068220,25021,682,20,2024,4,True,KETAMINE H,,,,,
FFSU,MO,50242009002,50242,90,2,2024,1,True,ZELBORAF  ,,,,,
MCOU,MS,50742061510,50742,615,10,2024,4,False,METOPROLOL,810.0,18.0,251.37,251.37,0.0
MCOU,MN,76204001101,76204,11,1,2024,1,False,ALBUTEROL ,1006.8,15.0,297.0,284.73,12.27
MCOU,MS,9004726,9,47,26,2024,4,True,SOLU-MEDRO,,,,,
FFSU,MO,70377006212,70377,62,12,2024,2,False,LABETALOL ,11351.0,142.0,4238.82,4173.03,65.79
FFSU,MO,51224001050,51224,10,50,2024,3,False,BENZONATAT,578.0,15.0,223.7,223.7,0.0
FFSU,MO,70000017803,70000,178,3,2024,1,True,ASPIRIN EC,,,,,
FFSU,MO,63739007010,63739,70,10,2024,3,True,ARIPIPRAZO,,,,,
FFSU,MO,64980022101,64980,221,1,2024,1,False,METHYLPHEN,636.0,12.0,871.61,629.11,242.5
FFSU,MO,68382013610,68382,136,10,2024,2,True,LOSARTAN P,,,,,
FFSU,MO,409488802,409,4888,2,2024,2,False,SODIUM CHL,6247.85,533.0,587.44,587.44,0.0
FFSU,MO,16729014717,16729,147,17,2024,3,True,QUETIAPINE,,,,,
MCOU,MS,2879859,2,8798,59,2024,4,True,HUMALOG MI,,,,,
MCOU,MN,76204001111,76204,11,11,2024,1,True,ALBUTEROL ,,,,,
FFSU,MO,45802082725,45802,827,25,2024,3,True,NICOTINE G,,,,,
FFSU,MO,69024430,69,244,30,2024,1,False,TOVIAZ    ,11021.0,403.0,104014.95,104014.95,0.0
FFSU,MO,62332079490,62332,794,90,2024,4,False,VENLAFAXIN,940.0,31.0,504.76,504.76,0.0
FFSU,MO,68382080510,68382,805,10,2024,4,False,TRAZODONE ,189859.0,6079.0,76126.46,75935.17,191.29
FFSU,MO,57894044901,57894,449,1,2024,3,True,TECVAYLI  ,,,,,
FFSU,MO,24979001001,24979,10,1,2024,2,True,NIFEDIPINE,,,,,
FFSU,MO,409100520,409,1005,20,2024,1,False,HEPARIN SO,29000.0,25.0,343.27,343.27,0.0
MCOU,MS,55111011910,55111,119,10,2024,4,False,FAMOTIDINE,2678.0,62.0,763.91,755.03,8.88
FFSU,MO,60505280607,60505,2806,7,2024,3,False,CARBAMAZEP,19885.0,222.0,19936.79,19936.79,0.0
FFSU,MO,59746017106,59746,171,6,2024,3,False,PREDNISONE,512.5,13.0,186.42,186.42,0.0
FFSU,MO,76282073205,76282,732,5,2024,2,True,LISINOPRIL,,,,,
FFSU,MO,487990401,487,9904,1,2024,4,False,ALBUTEROL ,41802.0,372.0,13844.11,13833.95,10.16
FFSU,MO,11527073044,11527,730,44,2024,1,False,SODIUM FLU,23300.0,230.0,4292.26,4292.26,0.0
MCOU,MS,143998391,143,9983,91,2024,4,True,CEFAZOLIN ,,,,,
FFSU,MS,55513002301,55513,23,1,2024,4,True,ARANESP (D,,,,,
FFSU,MO,53451010101,53451,101,1,2024,2,False,HORIZANT  ,1050.0,22.0,17625.77,17625.77,0.0
MCOU,MS,338001731,338,17,31,2024,4,False,DEXTROSE 5,7015.0,27.0,4555.97,4555.97,0.0
FFSU,MO,121085416,121,854,16,2024,1,False,SULFATRIM ,1842.5,14.0,257.06,257.06,0.0
FFSU,MO,43598096930,43598,969,30,2024,3,True,ARIPIPRAZO,,,,,
FFSU,MO,16714076903,16714,769,3,2024,2,True,NYSTATIN  ,,,,,
FFSU,MO,63323049697,63323,496,97,2024,2,True,XYLOCAINE-,,,,,
FFSU,MO,65162069179,65162,691,79,2024,4,False,ONDANSETRO,26116.2,729.0,16750.26,16722.87,27.39
FFSU,MO,70710135901,70710,1359,1,2024,4,True,LACOSAMIDE,,,,,
FFSU,MS,16714007205,16714,72,5,2024,4,False,BACLOFEN T,1800.0,17.0,292.52,292.52,0.0
FFSU,MS,16714012901,16714,129,1,2024,4,True,CHLORTHALI,,,,,
FFSU,MO,68645056054,68645,560,54,2024,1,False,MONTELUKAS,960.0,32.0,32.0,32.0,0.0
FFSU,MO,59762371901,59762,3719,1,2024,2,False,ALPRAZOLAM,340.0,30.0,130.53,130.53,0.0
FFSU,MO,39822555005,39822,5550,5,2024,3,True,PROMETHAZI,,,,,
FFSU,MO,29300014801,29300,148,1,2024,1,False,QUETIAPINE,21092.5,522.0,7115.78,7103.02,12.76
FFSU,MO,49348086137,49348,861,37,2024,2,True,TUSSIN DM ,,,,,
FFSU,MS,409592116,409,5921,16,2024,4,True,AMINOPHYLL,,,,,
FFSU,MO,70010020305,70010,203,5,2024,1,False,SERTRALINE,2421.0,70.0,946.79,946.79,0.0
FFSU,MO,143988901,143,9889,1,2024,1,False,AMOXICILLI,184400.0,1014.0,16108.59,16093.31,15.28
FFSU,MO,68180015301,68180,153,1,2024,2,True,DESLORATAD,,,,,
FFSU,MO,264959410,264,9594,10,2024,2,False,LIDOCAINE ,275.0,84.0,3.3,1.07,2.23
FFSU,MO,68645058054,68645,580,54,2024,3,False,AMLODIPINE,183667.0,6134.0,54499.09,54402.93,96.16
FFSU,MO,60687081009,60687,810,9,2024,4,True,POTASSIUM ,,,,,
MCOU,MS,27241005403,27241,54,3,2024,4,False,ARIPIPRAZO,915.0,29.0,449.24,449.24,0.0
MCOU,MS,641612501,641,6125,1,2024,4,False,MORPHINE S,82.5,31.0,360.22,360.22,0.0
FFSU,MO,68462033290,68462,332,90,2024,1,False,PRAMIPEXOL,4280.0,94.0,1375.86,1372.12,3.74
MCOU,MS,43068010802,43068,108,2,2024,4,True,FANAPT 8MG,,,,,
MCOU,MS,591046001,591,460,1,2024,4,False,GLIPIZIDE ,1050.0,18.0,229.44,229.44,0.0
FFSU,MO,59746036290,59746,362,90,2024,2,True,VALSARTAN ,,,,,
FFSU,MO,50228045490,50228,454,90,2024,1,True,ATORVASTAT,,,,,
FFSU,MO,378685577,378,6855,77,2024,1,True,LISDEXAMFE,,,,,
FFSU,MO,173089242,173,892,42,2024,1,True,NUCALA    ,,,,,
FFSU,MO,16714099101,16714,991,1,2024,3,False,ROSUVASTAT,5305.0,179.0,2648.8,2640.5,8.3
FFSU,MO,72266016306,72266,163,6,2024,3,True,TOBRAMYCIN,,,,,
MCOU,MS,169430330,169,4303,30,2024,4,True,RYBELSUS 3,,,,,
FFSU,MO,70436005902,70436,59,2,2024,1,False,BUPROPION ,24042.0,469.0,7965.82,7927.15,38.67
FFSU,MO,68180029506,68180,295,6,2024,3,False,DULOXETINE,720.0,17.0,268.42,268.42,0.0
MCOU,MS,16571020150,16571,201,50,2024,4,False,DICLOFENAC,43389.0,873.0,12773.64,12637.92,135.72
FFSU,MO,72205009492,72205,94,92,2024,2,False,LEVETIRACE,1740.0,22.0,370.07,370.07,0.0
FFSU,MO,82009008060,82009,80,60,2024,1,False,TADALAFIL ,1560.0,29.0,869.84,869.84,0.0
FFSU,MO,69238117209,69238,1172,9,2024,3,False,DOXEPIN HC,1979.0,53.0,1131.91,1131.91,0.0
FFSU,MO,64980030310,64980,303,10,2024,1,False,CHLORTHALI,450.0,13.0,209.48,209.48,0.0
FFSU,MO,50228035590,50228,355,90,2024,3,False,PREGABALIN,4272.0,59.0,1001.57,1001.57,0.0
FFSU,MO,63323046201,63323,462,1,2024,4,False,SENSORCAIN,728.0,26.0,186.58,186.58,0.0
FFSU,MO,68462038630,68462,386,30,2024,3,False,SOLIFENACI,3385.0,118.0,1967.32,1967.32,0.0
FFSU,MO,16571020310,16571,203,10,2024,2,False,DICLOFENAC,5441.0,81.0,4993.3,4993.3,0.0
FFSU,MO,72516003101,72516,31,1,2024,1,False,METOPROLOL,1724.0,49.0,707.46,707.46,0.0
FFSU,MO,70954048810,70954,488,10,2024,3,False,LACOSAMIDE,65462.0,99.0,8652.75,8526.99,125.76
FFSU,MO,68968555303,68968,5553,3,2024,3,False,DAYTRANA  ,2167.0,72.0,13343.03,13082.5,260.53
MCOU,MS,406511701,406,5117,1,2024,4,True,LISDEXAMFE,,,,,
FFSU,MO,832121300,832,1213,0,2024,3,True,JANTOVEN  ,,,,,
FFSU,MO,536589688,536,5896,88,2024,1,False,NICOTINE P,25748.0,1141.0,52244.85,52244.85,0.0
MCOU,MS,50742063960,50742,639,60,2024,4,True,QUETIAPINE,,,,,
FFSU,MS,42806026793,42806,267,93,2024,4,True,CHOLESTYRA,,,,,
FFSU,MO,641602325,641,6023,25,2024,4,False,FAMOTIDINE,48.0,12.0,22.08,22.08,0.0
FFSU,MO,781155610,781,1556,10,2024,4,True,ISOSORBIDE,,,,,
FFSU,MO,65219056620,65219,566,20,2024,4,True,MITOMYCIN ,,,,,
FFSU,MO,406015401,406,154,1,2024,2,True,METHYLPHEN,,,,,
FFSU,MO,59651029501,59651,295,1,2024,4,False,NIFEDIPINE,8255.0,251.0,3881.68,3881.68,0.0
FFSU,MO,60432060416,60432,604,16,2024,3,True,PROMETHAZI,,,,,
MCOU,MS,23155085501,23155,855,1,2024,4,False,COLCHICINE,606.0,24.0,427.45,372.45,55.0
FFSU,MO,781345095,781,3450,95,2024,4,True,CEFAZOLIN ,,,,,
FFSU,MO,50268017311,50268,173,11,2024,2,True,CLONAZEPAM,,,,,
FFSU,MO,72266023401,72266,234,1,2024,2,False,KETOROLAC ,84.343,87.0,150.86,150.86,0.0
FFSU,MO,27241000150,27241,1,50,2024,4,False,RISPERIDON,96436.5,1935.0,25561.4,25419.88,141.52
FFSU,MO,70752011303,70752,113,3,2024,1,False,LIDOCAINE ,6055.92,171.0,3222.29,3222.29,0.0
MCOU,MS,832022700,832,227,0,2024,4,True,MORPHINE S,,,,,
FFSU,MO,71858011205,71858,112,5,2024,3,True,TIROSINT-S,,,,,
MCOU,MN,78206014799,78206,147,99,2024,1,True,ONTRUZANT ,,,,,
MCOU,MS,51672400502,51672,4005,2,2024,4,False,CARBAMAZEP,1530.0,20.0,528.23,528.23,0.0
FFSU,MO,70860030143,70860,301,43,2024,1,True,DILTIAZEM ,,,,,
FFSU,MO,60687077084,60687,770,84,2024,4,True,ARFORMOTER,,,,,
FFSU,MO,68001026524,68001,265,24,2024,1,True,ETOPOSIDE ,,,,,
FFSU,MO,47426020101,47426,201,1,2024,3,False,CINVANTI  ,882.0,49.0,12800.11,6392.13,6407.98
FFSU,MO,60687058001,60687,580,1,2024,4,True,GABAPENTIN,,,,,
FFSU,MO,70677111502,70677,1115,2,2024,3,True,CHILDREN'S,,,,,
FFSU,MO,409318910,409,3189,10,2024,1,True,ROCURONIUM,,,,,
FFSU,MO,64380080706,64380,807,6,2024,1,True,IBUPROFEN ,,,,,
FFSU,MO,406037701,406,377,1,2024,3,True,HYDROCODON,,,,,
FFSU,MO,169477212,169,4772,12,2024,3,False,OZEMPIC   ,3480.0,1160.0,994333.84,955551.54,38782.3
MCOU,MS,50228017905,50228,179,5,2024,4,False,GABAPENTIN,2280.0,30.0,378.16,377.21,0.95
FFSU,MO,115991801,115,9918,1,2024,3,False,DEXMETHYLP,2707.0,88.0,3868.67,3868.67,0.0
FFSU,MO,378033401,378,334,1,2024,4,True,HALOPERIDO,,,,,
FFSU,MO,72511076002,72511,760,2,2024,3,False,REPATHA SU,2382.0,1187.0,650336.14,649389.34,946.8
FFSU,MO,16714079501,16714,795,1,2024,2,False,TERBINAFIN,2202.0,85.0,1350.68,1350.68,0.0
FFSU,MO,93032101,93,321,1,2024,3,False,DILTIAZEM ,2430.334,52.0,736.86,736.86,0.0
FFSU,MO,75834022100,75834,221,0,2024,4,False,CARBAMAZEP,18598.0,211.0,6191.03,6191.03,0.0
MCOU,MS,143928520,143,9285,20,2024,4,False,AMOXICILLI,604.0,32.0,445.21,430.29,14.92
MCOU,MS,409139021,409,1390,21,2024,4,True,MEROPENEM ,,,,,
FFSU,MO,36000028225,36000,282,25,2024,3,False,FUROSEMIDE,60.0,31.0,39.56,39.56,0.0
MCOU,MS,16714075501,16714,755,1,2024,4,False,ATOMOXETIN,2850.0,96.0,2371.59,2164.19,207.4
FFSU,MO,832532310,832,5323,10,2024,1,False,POTASSIUM ,18575.0,399.0,6930.65,6922.64,8.01
FFSU,MO,78068415,78,684,15,2024,1,True,PROMACTA  ,,,,,
FFSU,MO,42023016801,42023,168,1,2024,2,False,ADRENALIN ,153.7,21.0,742.88,742.88,0.0
FFSU,MO,904724668,904,7246,68,2024,3,True,LACOSAMIDE,,,,,
FFSU,MO,24979002602,24979,26,2,2024,2,False,DILTIAZEM ,5527.0,172.0,3006.83,3006.83,0.0
FFSU,MO,76329301505,76329,3015,5,2024,3,False,LIDOCAINE ,1301.0,44.0,720.35,715.41,4.94
FFSU,MO,27808009301,27808,93,1,2024,3,False,DEXMETHYLP,17185.0,372.0,9895.11,9823.93,71.18
FFSU,MO,59762312001,59762,3120,1,2024,2,False,AZITHROMYC,555.0,33.0,625.21,625.21,0.0
FFSU,MO,62332024331,62332,243,31,2024,3,False,FLUOXETINE,555.0,17.0,273.77,273.77,0.0
FFSU,MO,62011035101,62011,351,1,2024,2,True,NICOTINE P,,,,,
FFSU,MO,66658023407,66658,234,7,2024,1,False,KINERET   ,225.12,11.0,62729.96,62729.96,0.0
FFSU,MO,832111360,832,1113,60,2024,4,False,MEMANTINE ,2868.0,53.0,849.17,849.17,0.0
FFSU,MO,16714089602,16714,896,2,2024,1,False,GLIPIZIDE ,1892.0,42.0,852.37,852.37,0.0
FFSU,MO,23155079701,23155,797,1,2024,1,False,DOXEPIN HC,1050.0,26.0,680.33,680.33,0.0
FFSU,MO,60687063211,60687,632,11,2024,2,True,POTASSIUM ,,,,,
FFSU,MO,55111052501,55111,525,1,2024,4,False,TACROLIMUS,3386.0,53.0,1085.28,1033.89,51.39
FFSU,MO,62756018588,62756,185,88,2024,2,False,OXCARBAZEP,3630.0,49.0,1893.08,1835.56,57.52
FFSU,MO,70710169809,70710,1698,9,2024,4,False,VENLAFAXIN,12781.0,412.0,6241.96,6237.64,4.32
FFSU,MO,10702001250,10702,12,50,2024,1,True,HYDROXYZIN,,,,,
FFSU,MO,31722000290,31722,2,90,2024,2,False,VENLAFAXIN,37774.0,1233.0,17893.98,17812.27,81.71
FFSU,MS,904671746,904,6717,46,2024,4,False,CETIRIZINE,330.0,11.0,138.55,138.55,0.0
FFSU,MO,50242022755,50242,227,55,2024,2,True,XOLAIR    ,,,,,
FFSU,MO,45802086801,45802,868,1,2024,3,False,POLYETHYLE,61404.0,321.0,3834.31,3834.31,0.0
FFSU,MO,60505620201,60505,6202,1,2024,3,True,CYCLOSPORI,,,,,
MCOU,MS,13668021630,13668,216,30,2024,1,False,ARIPIPRAZO,10595.0,316.0,5141.35,5098.37,42.98
FFSU,MS,43068010802,43068,108,2,2024,1,True,FANAPT 8MG,,,,,
MCOU,MS,16714056201,16714,562,1,2024,3,True,DEXMETHYLP,,,,,
MCOU,MS,16714059002,16714,590,2,2024,1,True,DIGOXIN 0.,,,,,
MCOU,MS,68546047056,68546,470,56,2024,1,True,AUSTEDO XR,,,,,
MCOU,MS,16714029203,16714,292,3,2024,1,False,AMOXICILLI,2700.0,24.0,437.38,437.38,0.0
MCOU,MS,55111027950,55111,279,50,2024,1,True,LEVOFLOXAC,,,,,
MCOU,MS,44206045824,44206,458,24,2024,1,True,HIZENTRA 4,,,,,
FFSU,MS,66993060604,66993,606,4,2024,2,False,MIRTAZAPIN,382.0,13.0,304.79,304.79,0.0
MCOU,MS,31722057030,31722,570,30,2024,2,True,LANSOPRAZO,,,,,
FFSU,MS,59572050421,59572,504,21,2024,3,True,POMALYST (,,,,,
MCOU,MS,310654004,310,6540,4,2024,2,True,BYDUREON B,,,,,
MCOU,MS,641602825,641,6028,25,2024,2,True,FENTANYL C,,,,,
MCOU,MS,548563200,548,5632,0,2024,3,True,ENOXAPARIN,,,,,
MCOU,MS,16729036815,16729,368,15,2024,3,True,OLMESARTAN,,,,,
FFSU,MS,64980056310,64980,563,10,2024,1,False,FUROSEMIDE,9830.0,149.0,1895.22,1895.22,0.0
FFSU,MS,59627033304,59627,333,4,2024,4,True,AVONEX (IN,,,,,
MCOU,MS,62135039342,62135,393,42,2024,4,True,CIPROFLOXA,,,,,
MCOU,MS,68462012601,68462,126,1,2024,2,True,GABAPENTIN,,,,,
FFSU,MS,93317431,93,3174,31,2024,1,False,ALBUTEROL ,3485.0,397.0,13681.77,13258.35,423.42
MCOU,MS,70000024301,70000,243,1,2024,2,True,LDR URINAR,,,,,
MCOU,MS,63323010406,63323,104,6,2024,4,True,ETOPOSIDE ,,,,,
FFSU,MS,43547030403,43547,304,3,2024,1,True,ARIPIPRAZO,,,,,
MCOU,MS,16714008310,16714,83,10,2024,3,False,HYDROXYZIN,8593.0,157.0,2237.41,2051.35,186.06
MCOU,MS,143959425,143,9594,25,2024,2,True,LIDOCAINE ,,,,,
MCOU,MS,378181710,378,1817,10,2024,3,False,LEVOTHYROX,1320.0,20.0,356.81,356.81,0.0
MCOU,MS,64980041309,64980,413,9,2024,1,False,PREGABALIN,2796.0,39.0,609.89,608.15,1.74
MCOU,MS,70377005612,70377,56,12,2024,1,False,ESOMEPRAZO,3390.0,87.0,1537.12,1537.12,0.0
FFSU,MS,68462031629,68462,316,29,2024,1,True,NORETHINDR,,,,,
FFSU,MS,61442014210,61442,142,10,2024,3,True,LOVASTATIN,,,,,
MCOU,MS,31722057230,31722,572,30,2024,1,True,ESOMEPRAZO,,,,,
FFSU,MS,58657016112,58657,161,12,2024,1,True,SODIUM FLU,,,,,
MCOU,MS,574220120,574,2201,20,2024,3,False,TRETINOIN ,520.0,24.0,1360.01,1349.86,10.15
MCOU,MS,70436000203,70436,2,3,2024,3,True,POTASSIUM ,,,,,
MCOU,MS,409128331,409,1283,31,2024,3,False,HYDROMORPH,641.0,120.0,945.07,945.07,0.0
FFSU,MS,60505100302,60505,1003,2,2024,3,True,KETOROLAC ,,,,,
MCOU,MS,116400508,116,4005,8,2024,1,True,LACTULOSE ,,,,,
MCOU,MS,76045001011,76045,10,11,2024,4,True,DILAUDID  ,,,,,
FFSU,MS,74725010025,74725,100,25,2024,1,True,ILLUCCIX (,,,,,
MCOU,MS,480368601,480,3686,1,2024,3,True,AMPHETAMIN,,,,,
MCOU,MS,16714045401,16714,454,1,2024,3,False,QUETIAPINE,1230.0,27.0,371.83,371.83,0.0
MCOU,MS,65862055990,65862,559,90,2024,1,False,PANTOPRAZO,15208.0,426.0,5557.43,5522.09,35.34
MCOU,MS,78052687,78,526,87,2024,2,True,TASIGNA HG,,,,,
MCOU,MS,65862056090,65862,560,90,2024,3,False,PANTOPRAZO,15810.0,480.0,6312.62,6076.37,236.25
MCOU,MS,50419039501,50419,395,1,2024,3,True,NUBEQA    ,,,,,
MCOU,MS,31722071730,31722,717,30,2024,1,False,ATOMOXETIN,11664.0,395.0,12727.83,12727.83,0.0
MCOU,MS,43598023018,43598,230,18,2024,2,True,COLESEVELA,,,,,
FFSU,MS,13107031901,13107,319,1,2024,1,True,CLORAZEPAT,,,,,
MCOU,MS,67112010100,67112,101,0,2024,4,True,TRICARE PR,,,,,
MCOU,MS,59651013990,59651,139,90,2024,1,True,NEBIVOLOL ,,,,,
MCOU,MS,69367016304,69367,163,4,2024,3,False,PHENAZOPYR,172.0,14.0,192.22,192.22,0.0
MCOU,MS,54001829,54,18,29,2024,3,False,PREDNISONE,561.0,44.0,473.3,465.66,7.64
FFSU,MS,69315029105,69315,291,5,2024,3,True,ALLOPURINO,,,,,
FFSU,MS,186037028,186,370,28,2024,1,True,SYMBICORT ,,,,,
FFSU,MS,51991070701,51991,707,1,2024,2,True,ALPRAZOLAM,,,,,
FFSU,MS,52027401,52,274,1,2024,2,True,NEXPLANON ,,,,,
MCOU,MS,69238183701,69238,1837,1,2024,1,False,LEVOTHYROX,2478.0,53.0,816.0,816.0,0.0
FFSU,MS,597015330,597,153,30,2024,1,False,JARDIANCE ,13978.0,388.0,276863.67,269188.43,7675.24
FFSU,MT,93738498,93,7384,98,2024,4,False,VENLAFAXIN,390.0,11.0,127.19,127.19,0.0
FFSU,MS,59746033810,59746,338,10,2024,4,True,LOSARTAN H,,,,,
MCOU,MS,57237012501,57237,125,1,2024,1,True,WARFARIN S,,,,,
FFSU,MS,68001046242,68001,462,42,2024,2,True,ENOXAPARIN,,,,,
MCOU,MS,66993060581,66993,605,81,2024,3,True,ETHINYL ES,,,,,
FFSU,MS,50228019260,50228,192,60,2024,1,True,LACOSAMIDE,,,,,
FFSU,MS,70010002210,70010,22,10,2024,3,True,POTASSIUM ,,,,,
MCOU,MS,27808022401,27808,224,1,2024,1,False,PALIPERIDO,510.0,15.0,1100.14,1100.14,0.0
MCOU,MS,65862020230,65862,202,30,2024,2,True,LOSARTAN P,,,,,
FFSU,MS,904628706,904,6287,6,2024,2,True,OLANZAPINE,,,,,
FFSU,MS,59762040105,59762,401,5,2024,3,False,SUCRALFATE,3869.0,46.0,1244.84,1226.19,18.65
FFSU,MS,57237001899,57237,18,99,2024,1,False,DULOXETINE,1440.0,59.0,599.88,494.88,105.0
FFSU,MS,59746033910,59746,339,10,2024,4,True,LOSARTAN H,,,,,
MCOU,MS,65086000112,65086,1,12,2024,3,True,VERKAZIA  ,,,,,
FFSU,MS,69292052601,69292,526,1,2024,2,True,CAPTOPRIL ,,,,,
MCOU,MS,310652401,310,6524,1,2024,3,False,BYETTA 250,48.0,20.0,16534.59,16534.59,0.0
MCOU,MS,832107230,832,1072,30,2024,3,True,TOPIRAMATE,,,,,
FFSU,MS,68180031906,68180,319,6,2024,3,False,BUPROPION ,527.0,36.0,259.37,259.37,0.0
FFSU,MS,31722018801,31722,188,1,2024,2,True,AMPHETAMIN,,,,,
MCOU,MS,72205001290,72205,12,90,2024,2,False,PREGABALIN,9107.0,127.0,1857.96,1857.96,0.0
FFSU,MT,378730653,378,7306,53,2024,4,True,ETHYNODIOL,,,,,
MCOU,MS,68382091711,68382,917,11,2024,3,True,METHYLPRED,,,,,
MCOU,MS,68382004110,68382,41,10,2024,3,False,PROMETHAZI,1700.0,59.0,737.95,737.95,0.0
MCOU,MS,68645019059,68645,190,59,2024,2,False,METOPROLOL,18257.0,149.0,1093.0,1093.0,0.0
MCOU,MS,65862059801,65862,598,1,2024,4,False,TAMSULOSIN,2380.0,66.0,865.3,858.72,6.58
MCOU,MS,93216568,93,2165,68,2024,1,False,NALOXONE 4,20.6,102.0,8463.37,8463.37,0.0
FFSU,MS,60687060901,60687,609,1,2024,1,True,PROPRANOLO,,,,,
FFSU,MT,409733513,409,7335,13,2024,4,False,CEFTRIAXON,19.0,19.0,360.93,75.83,285.1
MCOU,MS,51672129206,51672,1292,6,2024,2,True,HYDROCORTI,,,,,
MCOU,MS,62332011431,62332,114,31,2024,1,True,METOPROLOL,,,,,
MCOU,MS,70010018609,70010,186,9,2024,2,False,VENLAFAXIN,1230.0,15.0,319.46,275.45,44.01
MCOU,MS,64679092602,64679,926,2,2024,3,True,ENALAPRIL ,,,,,
FFSU,MS,25021019310,25021,193,10,2024,2,True,LINCOMYCIN,,,,,
MCOU,MS,60687062701,60687,627,1,2024,2,True,LORAZEPAM ,,,,,
MCOU,MS,409198530,409,1985,30,2024,3,False,LORAZEPAM ,24.0,21.0,77.03,77.03,0.0
FFSU,MS,16714066302,16714,663,2,2024,3,False,GABAPENTIN,2460.0,25.0,403.94,401.16,2.78
MCOU,MS,68180097001,68180,970,1,2024,1,True,LEVOTHYROX,,,,,
MCOU,MS,68180098003,68180,980,3,2024,1,False,LISINOPRIL,27991.0,464.0,5708.57,5708.57,0.0
MCOU,MS,46122029926,46122,299,26,2024,1,True,GNP TUSSIN,,,,,
FFSU,MS,57237001030,57237,10,30,2024,2,True,MIRTAZAPIN,,,,,
MCOU,MS,62756046083,62756,460,83,2024,3,True,BUPRENORPH,,,,,
MCOU,MS,378140396,378,1403,96,2024,1,True,RIZATRIPTA,,,,,
MCOU,MS,47335075649,47335,756,49,2024,2,True,IPRATROPIU,,,,,
MCOU,MS,64380074206,64380,742,6,2024,1,True,BUSPIRONE ,,,,,
MCOU,MS,50242021401,50242,214,1,2024,1,False,XOLAIR 75M,93.5,89.0,79759.34,76487.68,3271.66
MCOU,MS,70377002813,70377,28,13,2024,2,True,ATORVASTAT,,,,,
FFSU,MS,65162076410,65162,764,10,2024,2,False,WARFARIN S,320.0,11.0,122.43,122.43,0.0
MCOU,MS,603243932,603,2439,32,2024,2,True,BENZTROPIN,,,,,
FFSU,MS,9069801,9,698,1,2024,2,False,SOLU-MEDRO,4.705,17.0,18.46,18.46,0.0
MCOU,MS,168005546,168,55,46,2024,3,False,BETAMETH D,630.0,14.0,460.5,460.5,0.0
MCOU,MS,69292053801,69292,538,1,2024,1,True,PROPRANOLO,,,,,
FFSU,MS,65862095430,65862,954,30,2024,1,True,LURASIDONE,,,,,
FFSU,MS,45802036862,45802,368,62,2024,1,True,IMIQUIMOD ,,,,,
FFSU,MS,71093015606,71093,156,6,2024,1,True,ZOLPIDEM T,,,,,
FFSU,MS,65862030612,65862,306,12,2024,1,False,FLUOXETINE,2085.0,14.0,694.4,694.4,0.0
FFSU,MS,55513002104,55513,21,4,2024,2,False,ARANESP (D,4.4,11.0,256.23,256.23,0.0
MCOU,MS,591566001,591,5660,1,2024,1,False,SULINDAC 2,1306.0,26.0,582.44,582.44,0.0
MCOU,MS,71093014105,71093,141,5,2024,2,False,METHOCARBA,1088.0,17.0,234.98,234.98,0.0
MCOU,MS,70677003601,70677,36,1,2024,2,False,LORATADINE,294.0,11.0,364.17,364.17,0.0
FFSU,MS,59746032590,59746,325,90,2024,3,True,VALACYCLOV,,,,,
MCOU,MS,228263711,228,2637,11,2024,2,False,GABAPENTIN,1980.0,22.0,462.79,452.77,10.02
MCOU,MS,61314023710,61314,237,10,2024,1,False,CROMOLYN S,330.0,33.0,551.55,551.55,0.0
FFSU,MS,50742017605,50742,176,5,2024,1,True,ISOSORBIDE,,,,,
MCOU,MS,72888010425,72888,104,25,2024,3,True,GABAPENTIN,,,,,
FFSU,MS,68180046803,68180,468,3,2024,1,True,LOVASTATIN,,,,,
MCOU,MS,68382011705,68382,117,5,2024,2,True,RISPERIDON,,,,,
FFSU,MS,55513002801,55513,28,1,2024,1,False,ARANESP (D,11.6,27.0,5457.81,5457.81,0.0
MCOU,MS,54452731,54,4527,31,2024,2,True,LITHIUM CA,,,,,
FFSU,MS,27808026402,27808,264,2,2024,1,False,LEVETIRACE,2130.0,24.0,458.55,449.4,9.15
FFSU,MS,65862036201,65862,362,1,2024,3,True,LAMOTRIGIN,,,,,
MCOU,MS,378335299,378,3352,99,2024,3,True,ESTRADIOL ,,,,,
FFSU,MS,2831501,2,8315,1,2024,2,False,HUMULIN N ,650.0,51.0,3304.82,3263.78,41.04
FFSU,MS,23155002910,23155,29,10,2024,2,False,FLUOXETINE,3030.0,62.0,669.75,644.65,25.1
MCOU,MS,52817018200,52817,182,0,2024,1,True,CLONIDINE ,,,,,
MCOU,MS,168001235,168,12,35,2024,2,True,TRIPLE ANT,,,,,
MCOU,MS,24587100,24,5871,0,2024,2,True,TOUJEO MAX,,,,,
MCOU,MS,63323041210,63323,412,10,2024,1,True,MIDAZOLAM ,,,,,
MCOU,MS,52544062928,52544,629,28,2024,3,True,NOR - BE 0,,,,,
FFSU,MS,73562011501,73562,115,1,2024,2,True,ZENPEP DR ,,,,,
FFSU,MT,93807316,93,8073,16,2024,4,False,KELNOR 1-5,476.0,15.0,528.07,528.07,0.0
FFSU,MS,70954000520,70954,5,20,2024,1,False,OXYBUTYNIN,4706.0,90.0,1016.85,992.69,24.16
MCOU,MS,67877032101,67877,321,1,2024,4,False,IBUPROFEN ,5472.0,134.0,1782.73,1773.67,9.06
MCOU,MS,67877057301,67877,573,1,2024,4,True,BENZONATAT,,,,,
FFSU,MS,409427601,409,4276,1,2024,3,False,LIDOCAINE ,371.0,26.0,151.8,151.8,0.0
MCOU,MS,781528364,781,5283,64,2024,2,True,CETIRIZINE,,,,,
MCOU,MS,93214062,93,2140,62,2024,3,False,TRI-LO SPR,308.0,11.0,154.6,154.6,0.0
MCOU,MS,68382045219,68382,452,19,2024,3,True,MESALAMINE,,,,,
FFSU,MS,69097031887,69097,318,87,2024,1,True,BUDESONIDE,,,,,
FFSU,MS,68001011105,68001,111,5,2024,4,True,LANSOPRAZO,,,,,
MCOU,MS,50102023023,50102,230,23,2024,2,True,CHATEAL EQ,,,,,
MCOU,MS,68382020505,68382,205,5,2024,2,True,GABAPENTIN,,,,,
FFSU,MS,69292053001,69292,530,1,2024,4,True,PROPRANOLO,,,,,
MCOU,MS,51672125901,51672,1259,1,2024,1,True,CLOBETASOL,,,,,
MCOU,MS,67877026218,67877,262,18,2024,1,False,RIZATRIPTA,2028.0,196.0,2970.34,2970.34,0.0
MCOU,MS,173068224,173,682,24,2024,2,True,VENTOLIN H,,,,,
MCOU,MS,60505009501,60505,95,1,2024,4,True,DOXAZOSIN ,,,,,
FFSU,MT,168034646,168,346,46,2024,4,True,TERCONAZOL,,,,,
MCOU,MS,51672135004,51672,1350,4,2024,1,True,CLOBETASOL,,,,,
MCOU,MS,168003315,168,33,15,2024,3,False,BETAMETH V,1110.0,52.0,1291.85,1289.02,2.83
MCOU,MS,42799095802,42799,958,2,2024,1,True,ISOSORBIDE,,,,,
MCOU,MS,65162083594,65162,835,94,2024,3,True,ACYCLOVIR ,,,,,
FFSU,MS,143972101,143,9721,1,2024,3,True,LEVOFLOXAC,,,,,
MCOU,MS,115174001,115,1740,1,2024,2,True,METHYLPHEN,,,,,
FFSU,MS,72266011801,72266,118,1,2024,2,False,KETOROLAC ,198.5,181.0,468.69,466.37,2.32
MCOU,MS,27241013436,27241,134,36,2024,1,True,CHOLESTYRA,,,,,
MCOU,MS,46122041403,46122,414,3,2024,3,True,GNP TRIPLE,,,,,
FFSU,MS,43547033510,43547,335,10,2024,3,True,BENAZEPRIL,,,,,
FFSU,MT,54001021,54,10,21,2024,4,True,FLECAINIDE,,,,,
FFSU,MS,42799060502,42799,605,2,2024,3,True,LOPERAMIDE,,,,,
FFSU,MS,64850051001,64850,510,1,2024,4,True,DEX SAC/AM,,,,,
MCOU,MS,245531511,245,5315,11,2024,2,True,KLOR-CON 8,,,,,
FFSU,MS,25021023320,25021,233,20,2024,2,True,OXALIPLATI,,,,,
MCOU,MS,33342008745,33342,87,45,2024,3,True,RIZATRIPTA,,,,,
FFSU,MS,27241000650,27241,6,50,2024,3,False,RISPERIDON,4252.0,122.0,1381.63,1381.63,0.0
MCOU,MS,60505615101,60505,6151,1,2024,1,False,CEFTRIAXON,50.0,37.0,182.61,157.89,24.72
FFSU,MS,63402020230,63402,202,30,2024,1,True,APTIOM 200,,,,,
FFSU,MS,62756018413,62756,184,13,2024,3,True,OXCARBAZEP,,,,,
MCOU,MS,68382099802,68382,998,2,2024,1,True,CLOBETASOL,,,,,
MCOU,MS,54023525,54,235,25,2024,1,False,MORPHINE S,1163.0,26.0,577.08,577.08,0.0
FFSU,MS,69367021201,69367,212,1,2024,2,True,PHENOBARBI,,,,,
FFSU,MS,42806031250,42806,312,50,2024,2,False,DOXYCYCLIN,2628.0,136.0,1844.67,1840.81,3.86
MCOU,MS,55111034405,55111,344,5,2024,3,True,CITALOPRAM,,,,,
MCOU,MS,31722022901,31722,229,1,2024,2,True,DEXMETHYLP,,,,,
MCOU,MS,378661193,378,6611,93,2024,2,True,AMNESTEEM ,,,,,
MCOU,MS,61314035501,61314,355,1,2024,3,True,TROPICAMID,,,,,
FFSU,MS,57237000830,57237,8,30,2024,2,True,MIRTAZAPIN,,,,,
MCOU,MS,69238153502,69238,1535,2,2024,3,False,CLOBAZAM O,29802.0,121.0,9211.48,6582.86,2628.62
MCOU,MS,59746017106,59746,171,6,2024,2,True,PREDNISONE,,,,,
FFSU,MS,31722099810,31722,998,10,2024,1,False,BACLOFEN T,1774.0,43.0,407.26,407.26,0.0
MCOU,MS,68001031700,68001,317,0,2024,4,True,NADOLOL TA,,,,,
FFSU,MS,143988750,143,9887,50,2024,1,False,AMOXICILLI,7550.0,53.0,922.08,898.2,23.88
FFSU,MS,228263111,228,2631,11,2024,1,True,ISOSORBIDE,,,,,
FFSU,MS,59651013830,59651,138,30,2024,2,True,NEBIVOLOL ,,,,,
MCOU,MS,9307303,9,3073,3,2024,3,False,DEPO-MEDRO,37.575,33.0,552.89,421.4,131.49
FFSU,MS,60505081500,60505,815,0,2024,2,True,DESMOPRESS,,,,,
FFSU,MS,16714069501,16714,695,1,2024,3,True,FLUCONAZOL,,,,,
FFSU,MS,93171501,93,1715,1,2024,1,False,WARFARIN S,335.0,14.0,142.71,142.71,0.0
MCOU,MS,33342010210,33342,102,10,2024,2,True,MONTELUKAS,,,,,
FFSU,MS,67877073660,67877,736,60,2024,1,False,LACOSAMIDE,2310.0,37.0,1368.57,1368.57,0.0
MCOU,MS,49884041201,49884,412,1,2024,2,True,URSODIOL T,,,,,
MCOU,MS,65162002409,65162,24,9,2024,3,False,LISDEXAMFE,591.0,20.0,2833.08,2833.08,0.0
MCOU,MS,68462019505,68462,195,5,2024,3,True,PRAVASATAT,,,,,
MCOU,XX,16571074242,16571,742,42,2024,4,False,LANSOPRAZO,480.0,11.0,118.89,118.89,0.0
MCOU,XX,25021024951,25021,249,51,2024,4,True,CYCLOPHOSP,,,,,
FFSU,MT,59746070101,59746,701,1,2024,3,True,DOXEPIN 25,,,,,
FFSU,XX,16714047802,16714,478,2,2024,4,False,Amoxicilli,736.0,65.0,676.35,662.47,13.88
FFSU,XX,51248015101,51248,151,1,2024,4,False,VESICARE T,2220.0,53.0,28192.35,27000.27,1192.08
FFSU,XX,16714026703,16714,267,3,2024,4,False,TRIAMCIN A,97638.0,226.0,7966.15,7258.57,707.58
FFSU,XX,42385094590,42385,945,90,2024,4,True,Fenofibric,,,,,
MCOU,XX,27808022401,27808,224,1,2024,4,False,Paliperido,107705.0,3165.0,255152.39,244643.59,10508.8
FFSU,XX,228299650,228,2996,50,2024,4,False,TAMSULOSIN,1309.0,38.0,387.33,385.83,1.5
FFSU,MT,68001010603,68001,106,3,2024,1,False,DIVALPROEX,710.0,11.0,281.23,281.23,0.0
FFSU,MT,469012599,469,125,99,2024,2,False,XTANDI 40 ,2160.0,18.0,258168.33,258168.33,0.0
FFSU,MT,641047721,641,477,21,2024,1,False,PHENOBARBI,76.0,14.0,2841.1,2599.44,241.66
FFSU,MT,42806016101,42806,161,1,2024,1,True,HYDROXYZIN,,,,,
FFSU,MT,29300019210,29300,192,10,2024,3,False,LOSARTAN-H,960.0,24.0,396.03,385.73,10.3
FFSU,MT,61442010301,61442,103,1,2024,3,False,DICLOFENAC,2010.0,36.0,680.79,680.79,0.0
MCOU,XX,47335072183,47335,721,83,2024,4,False,Febuxostat,3831.0,110.0,4826.21,4674.95,151.26
FFSU,MT,603243521,603,2435,21,2024,4,False,BENZTROPIN,1914.0,34.0,667.63,667.63,0.0
FFSU,MT,16714085001,16714,850,1,2024,4,True,CLOMIPRAMI,,,,,
MCOU,XX,378728653,378,7286,53,2024,4,True,NorEE 0.25,,,,,
FFSU,XX,641602325,641,6023,25,2024,4,False,Famotidine,49.0,13.0,22.44,22.44,0.0
MCOU,XX,409428325,409,4283,25,2024,4,True,LIDOCAINE ,,,,,
FFSU,MT,29300013701,29300,137,1,2024,4,False,CLONIDINE ,9644.0,238.0,2746.45,2736.58,9.87
FFSU,XX,25021045301,25021,453,1,2024,4,True,OCTREOTIDE,,,,,
FFSU,MT,57237017601,57237,176,1,2024,3,False,VENLAFAXIN,1082.0,22.0,427.71,427.71,0.0
FFSU,MT,409361311,409,3613,11,2024,1,True,BUPIVACAIN,,,,,
FFSU,MT,904716723,904,7167,23,2024,3,True,UREA 40% C,,,,,
FFSU,XX,47335066862,47335,668,62,2024,4,False,RISEDRONAT,126.0,13.0,387.05,387.05,0.0
MCOU,XX,52817011710,52817,117,10,2024,4,False,PRIMIDONE ,13885.0,196.0,18765.78,18574.3,191.48
MCOU,XX,51079073601,51079,736,1,2024,4,True,HALOPERIDO,,,,,
FFSU,MT,10702001110,10702,11,10,2024,2,False,HYDROXYZIN,2009.0,34.0,547.55,547.55,0.0
MCOU,XX,23155085503,23155,855,3,2024,4,False,COLCHICINE,399.0,14.0,298.23,296.23,2.0
MCOU,XX,42806072201,42806,722,1,2024,4,False,Celecoxib ,570.0,13.0,142.32,142.32,0.0
FFSU,MT,31722053960,31722,539,60,2024,3,False,LEVETIRACE,11277.0,157.0,4542.88,4542.88,0.0
FFSU,MT,68180097201,68180,972,1,2024,2,False,LEVOTHYROX,4250.0,104.0,1407.11,1390.7,16.41
FFSU,MT,16714023401,16714,234,1,2024,3,True,PENICILLIN,,,,,
FFSU,MT,781210401,781,2104,1,2024,2,True,TACROLIMUS,,,,,
MCOU,XX,713016506,713,165,6,2024,4,True,ACETAMINOP,,,,,
FFSU,MT,6542302,6,5423,2,2024,3,False,BRIDION 20,205.0,121.0,21716.53,16272.94,5443.59
MCOU,XX,55513095601,55513,956,1,2024,4,False,VECTIBIX (,13388.1,686.0,4186279.07,3803542.76,382736.31
FFSU,MT,23155005810,23155,58,10,2024,3,True,GLYBURIDE ,,,,,
FFSU,MT,59651053905,59651,539,5,2024,3,False,ISOSORBIDE,772.0,26.0,412.81,412.81,0.0
MCOU,XX,49483060650,49483,606,50,2024,4,False,Gabapentin,557110.0,6533.0,58244.39,58121.24,123.15
FFSU,MT,121077001,121,770,1,2024,1,True,LORAZEPAM ,,,,,
FFSU,MT,45802041926,45802,419,26,2024,2,False,AMMONIUM L,5600.0,14.0,585.89,585.89,0.0
FFSU,MT,76282072801,76282,728,1,2024,3,True,LISINOPRIL,,,,,
FFSU,XX,23594060550,23594,605,50,2024,4,True,POLY-VI-FL,,,,,
FFSU,MT,70010006501,70010,65,1,2024,1,False,METFORMIN ,1927.0,32.0,525.39,525.39,0.0
FFSU,XX,16571016901,16571,169,1,2024,4,False,BACLOFEN T,172654.5,2146.0,41585.99,40993.68,592.31
FFSU,MT,51862061001,51862,610,1,2024,4,True,METHYLPHEN,,,,,
MCOU,XX,43066015401,43066,154,1,2024,4,True,ROPIVACAIN,,,,,
FFSU,MT,65862066630,65862,666,30,2024,2,True,ARIPIPRAZO,,,,,
FFSU,MT,121177505,121,1775,5,2024,3,True,GUAIFEN-CO,,,,,
FFSU,MT,65862049460,65862,494,60,2024,2,True,QUETIAPINE,,,,,
MCOU,XX,781506120,781,5061,20,2024,4,False,AMOXICILLI,12787.0,740.0,5756.28,5347.46,408.82
FFSU,XX,25152531,25,1525,31,2024,4,False,CELEBREX 2,802.0,18.0,7065.74,6308.02,757.72
FFSU,MT,74210001,74,2100,1,2024,1,False,SKYRIZI 15,44.0,44.0,856483.04,856483.04,0.0
MCOU,XX,51672400405,51672,4004,5,2024,4,False,TARO NORTR,5406.0,145.0,1738.4,1721.53,16.87
MCOU,XX,10370083005,10370,830,5,2024,4,False,Diltiazem ,4562.0,120.0,1473.04,1354.24,118.8
MCOU,XX,58468022501,58468,225,1,2024,4,False,CABLIVI IN,624.0,25.0,5139535.18,5139534.18,1.0
FFSU,MT,904052372,904,523,72,2024,4,False,VITAMIN C ,420.0,13.0,221.06,221.06,0.0
MCOU,XX,42806008130,42806,81,30,2024,4,True,Benzphetam,,,,,
MCOU,XX,338102341,338,1023,41,2024,4,True,PENICILLIN,,,,,
FFSU,MT,50228038260,50228,382,60,2024,2,False,QUETIAPINE,1991.0,60.0,1236.28,1236.28,0.0
MCOU,XX,31722058730,31722,587,30,2024,4,False,Nebivolol ,30299.0,728.0,14045.73,12716.83,1328.9
FFSU,MT,68001018100,68001,181,0,2024,2,False,QUETIAPINE,710.0,17.0,356.08,356.08,0.0
FFSU,XX,23155010601,23155,106,1,2024,4,True,HYDROXYZIN,,,,,
MCOU,XX,172524060,172,5240,60,2024,4,True,ANAGRELIDE,,,,,
FFSU,MT,49884032255,49884,322,55,2024,1,True,OLANZAPINE,,,,,
FFSU,MT,591252001,591,2520,1,2024,2,True,CHLORZOXAZ,,,,,
FFSU,XX,42799013101,42799,131,1,2024,4,True,Diltiazem ,,,,,
FFSU,MT,904053961,904,539,61,2024,4,True,THERA TABL,,,,,
FFSU,MT,31722099910,31722,999,10,2024,2,False,BACLOFEN 2,1215.0,14.0,237.76,237.76,0.0
FFSU,XX,409163140,409,1631,40,2024,4,True,CALCIUM CH,,,,,
FFSU,MT,781729685,781,7296,85,2024,3,False,ALBUTEROL ,7649.4,1102.0,46609.18,46447.75,161.43
FFSU,MT,47335090318,47335,903,18,2024,3,True,QUETIAPINE,,,,,
FFSU,MT,59148001871,59148,18,71,2024,2,True,ABILIFY MA,,,,,
FFSU,MT,67877042901,67877,429,1,2024,1,False,GABAPENTIN,1170.0,12.0,321.52,321.52,0.0
FFSU,XX,527193006,527,1930,6,2024,4,False,CLARITHROM,2094.0,88.0,8068.43,8017.06,51.37
MCOU,XX,59651037901,59651,379,1,2024,4,False,Zonisamide,35757.0,467.0,5846.89,5828.04,18.85
FFSU,MT,62135025037,62135,250,37,2024,2,False,PREDNISOLO,1097.8,23.0,478.74,478.74,0.0
FFSU,MT,60505311403,60505,3114,3,2024,2,False,OLANZAPINE,305.0,14.0,258.55,258.55,0.0
FFSU,XX,406511901,406,5119,1,2024,4,False,MORPHINE I,1817.0,22.0,966.35,958.75,7.6
FFSU,MT,50268058511,50268,585,11,2024,4,True,PANTOPRAZO,,,,,
FFSU,XX,641255545,641,2555,45,2024,4,False,PHENYTOIN ,404.0,19.0,987.12,980.08,7.04
MCOU,XX,43598048772,43598,487,72,2024,4,False,DRL Nicoti,727956.0,6495.0,199780.65,199679.33,101.32
MCOU,XX,59676031002,59676,310,2,2024,4,False,PROCRIT (E,114.1,63.0,18930.76,15106.26,3824.5
MCOU,XX,9077520,9,775,20,2024,4,False,CLEOCIN PH,593.33,165.0,3204.8,1052.19,2152.61
FFSU,XX,44567050310,44567,503,10,2024,4,False,LEVETIRACE,1850.672,16.0,1051.66,365.33,686.33
MCOU,XX,409592201,409,5922,1,2024,4,False,AMINOPHYLL,6401.0,591.0,9923.76,4143.48,5780.28
FFSU,MT,29300035510,29300,355,10,2024,2,False,TRAMADOL H,4492.0,67.0,968.11,968.11,0.0
FFSU,MT,65162004950,65162,49,50,2024,1,True,OXYCODONE ,,,,,
FFSU,XX,93537784,93,5377,84,2024,4,False,Clozapine ,2872.0,77.0,54437.92,52558.76,1879.16
FFSU,MT,16714040001,16714,400,1,2024,3,False,CEFUROXIME,488.0,23.0,322.88,322.88,0.0
FFSU,MT,60219161708,60219,1617,8,2024,3,True,POTASSIUM ,,,,,
MCOU,XX,50458056401,50458,564,1,2024,4,False,INVEGA SUS,67516.627,45159.0,145754900.06,144091002.45,1663897.61
MCOU,XX,50458058701,50458,587,1,2024,4,False,CONCERTA 5,816118.0,27376.0,11621742.37,11553836.54,67905.83
MCOU,XX,29300032819,29300,328,19,2024,4,False,Solifenaci,7126.0,215.0,4474.75,3888.35,586.4
MCOU,XX,69024901,69,249,1,2024,4,False,RUXIENCE 1,89662.9,1294.0,2741562.74,2509981.04,231581.7
FFSU,MT,16714069401,16714,694,1,2024,2,True,FLUCONAZOL,,,,,
MCOU,XX,832600311,832,6003,11,2024,4,False,Fluphenazi,10552.0,147.0,6641.6,6636.1,5.5
FFSU,MT,72266016010,72266,160,10,2024,1,True,ZIPRASIDON,,,,,
FFSU,XX,46122071760,46122,717,60,2024,4,True,GNP NICOTI,,,,,
FFSU,XX,31722068301,31722,683,1,2024,4,False,Trientine ,2990.0,22.0,15915.04,15684.87,230.17
MCOU,XX,409739172,409,7391,72,2024,4,False,SODIUM PHO,9850.904,203.0,20153.97,19726.91,427.06
FFSU,XX,168001531,168,15,31,2024,4,False,Hydrocorti,372759.145,10615.0,145590.05,145311.55,278.5
FFSU,MT,42192033001,42192,330,1,2024,1,False,NP THYROID,6498.0,163.0,6323.66,6323.66,0.0
FFSU,MT,54023763,54,237,63,2024,1,True,MORPHINE S,,,,,
FFSU,MT,555077702,555,777,2,2024,3,False,DEXTROAMP-,1775.0,40.0,974.08,962.98,11.1
FFSU,XX,51672403701,51672,4037,1,2024,4,False,ENALAPRIL ,91716.0,1466.0,19388.66,19172.33,216.33
FFSU,XX,49884016002,49884,160,2,2024,4,True,Everolimus,,,,,
MCOU,XX,29300013701,29300,137,1,2024,4,False,CLONIDINE ,1114973.615,23853.0,135397.5,133147.64,2249.86
MCOU,XX,55111029209,55111,292,9,2024,4,False,SUMATRIPTA,3387.0,369.0,3201.23,3098.85,102.38
FFSU,XX,49348078710,49348,787,10,2024,4,False,NICOTINE G,2420.0,20.0,607.71,586.4,21.31
FFSU,XX,65401105,65,4011,5,2024,4,False,ZADITOR   ,5120.0,955.0,36743.78,36724.28,19.5
FFSU,XX,10267095001,10267,950,1,2024,4,True,          ,,,,,
MCOU,XX,517198005,517,1980,5,2024,4,False,DICYCLOMIN,278.02,144.0,8734.83,2346.83,6388.0
FFSU,XX,409930020,409,9300,20,2024,4,True,ROPIVACAIN,,,,,
FFSU,MT,574060810,574,608,10,2024,2,True,FERROUS SU,,,,,
FFSU,MT,574402450,574,4024,50,2024,1,True,ERYTHROMYC,,,,,
MCOU,XX,43598063652,43598,636,52,2024,4,False,Levetirace,22749.0,252.0,6170.01,5626.95,543.06
FFSU,XX,31722087390,31722,873,90,2024,4,False,Pirfenidon,1590.0,15.0,11408.95,11388.45,20.5
FFSU,MT,72205009692,72205,96,92,2024,2,False,LEVETIRACE,2364.0,20.0,518.79,518.79,0.0
MCOU,XX,50268087228,50268,872,28,2024,4,False,UREA CREAM,2579.85,77.0,2660.48,2656.48,4.0
MCOU,XX,378462026,378,4620,26,2024,4,False,Estradiol ,576.0,56.0,4115.84,3737.84,378.0
MCOU,XX,42571038101,42571,381,1,2024,4,True,CHLOR HCL ,,,,,
FFSU,MT,93171601,93,1716,1,2024,1,False,WARFARIN S,1628.0,46.0,703.54,703.54,0.0
FFSU,XX,23155011401,23155,114,1,2024,4,True,PROPRANOLO,,,,,
FFSU,MT,43598075510,43598,755,10,2024,2,True,LEVETIRACE,,,,,
FFSU,MT,904759180,904,7591,80,2024,3,False,FEROSUL 32,4774.0,178.0,2307.58,2307.58,0.0
FFSU,MT,6008154,6,81,54,2024,1,True,JANUMET XR,,,,,
FFSU,MT,62756079788,62756,797,88,2024,1,False,DIVALPROEX,926.0,12.0,238.53,238.53,0.0
MCOU,XX,39822031005,39822,310,5,2024,4,True,Neomycin S,,,,,
FFSU,MT,456046101,456,461,1,2024,1,False,ARMOUR THY,2840.0,93.0,6325.95,6266.67,59.28
FFSU,MT,69028403,69,284,3,2024,1,True,IBRANCE 75,,,,,
FFSU,XX,46122004203,46122,42,3,2024,4,False,INFANT PAI,3828.0,65.0,868.22,868.22,0.0
FFSU,MT,113044164,113,441,64,2024,2,True,GS SLEEP A,,,,,
FFSU,XX,536430611,536,4306,11,2024,4,False,FIBER-LAX ,100172.0,1580.0,15710.31,15707.31,3.0
FFSU,XX,58657013390,58657,133,90,2024,4,False,Thrivite R,62570.0,1435.0,33426.92,33349.5,77.42
MCOU,XX,55111012601,55111,126,1,2024,4,False,CIPROFLOXA,1546.0,174.0,955.59,945.15,10.44
FFSU,MT,55111018015,55111,180,15,2024,4,False,TIZANIDINE,6474.0,93.0,1521.15,1521.15,0.0
FFSU,MT,55513022401,55513,224,1,2024,4,True,RIABNI 100,,,,,
FFSU,MT,16714068202,16714,682,2,2024,3,True,SIMVASTATI,,,,,
FFSU,MT,45802005935,45802,59,35,2024,1,False,NYSTATIN 1,1953.0,79.0,1219.54,1219.54,0.0
FFSU,MT,378021401,378,214,1,2024,3,True,HALOPERIDO,,,,,
FFSU,MT,60951070070,60951,700,70,2024,2,True,ENDOCET 7.,,,,,
FFSU,XX,51672128901,51672,1289,1,2024,4,False,NYSTATIN C,36878.077,1539.0,31126.06,31041.03,85.03
FFSU,MT,57237014601,57237,146,1,2024,4,True,AMLODIPINE,,,,,
FFSU,MT,76385010710,76385,107,10,2024,1,False,DIPHENOXYL,982.0,11.0,241.61,241.61,0.0
MCOU,XX,378527101,378,5271,1,2024,4,True,ESZOPICLON,,,,,
FFSU,MT,67877021660,67877,216,60,2024,4,False,CEFUROXIME,1158.0,81.0,1350.93,1350.93,0.0
MCOU,XX,33342009441,33342,94,41,2024,4,False,Rizatripta,70436.0,7100.0,91893.92,89883.86,2010.06
MCOU,XX,50228011330,50228,113,30,2024,4,False,Fluoxetine,450.0,14.0,56.26,56.26,0.0
FFSU,MT,536100901,536,1009,1,2024,1,False,FERROUS SU,2576.0,86.0,443.67,443.67,0.0
FFSU,MT,904741761,904,7417,61,2024,4,True,METHADONE ,,,,,
FFSU,XX,59137051504,59137,515,4,2024,4,False,Rasuvo 12.,120.0,104.0,65193.53,62960.81,2232.72
FFSU,XX,33342014609,33342,146,9,2024,4,False,Ziprasidon,39635.0,764.0,20354.11,20041.15,312.96
FFSU,MT,555032302,555,323,2,2024,3,True,HYDROXYZIN,,,,,
MCOU,XX,24979013901,24979,139,1,2024,4,False,Fluphenazi,13622.0,243.0,18968.76,18928.96,39.8
FFSU,MT,42571034201,42571,342,1,2024,2,True,CLOMIPRAMI,,,,,
FFSU,MT,527516082,527,5160,82,2024,3,True,MYCOPHENOL,,,,,
FFSU,MT,378459577,378,4595,77,2024,1,False,METOPROLOL,660.0,20.0,338.07,338.07,0.0
MCOU,XX,527328243,527,3282,43,2024,4,False,Levothyrox,46879.0,1306.0,10356.87,10276.61,80.26
FFSU,XX,23155000801,23155,8,1,2024,4,False,Hydrochlor,82900.0,1842.0,23501.82,23407.18,94.64
FFSU,MT,70752013114,70752,131,14,2024,3,True,METHYLPHEN,,,,,
FFSU,MT,69097042212,69097,422,12,2024,3,False,CELECOXIB ,2676.0,49.0,940.38,940.38,0.0
MCOU,XX,57664039488,57664,394,88,2024,4,False,VENLAFAXIN,994.0,23.0,248.66,248.66,0.0
FFSU,MT,68382059301,68382,593,1,2024,3,True,PERPHENAZI,,,,,
FFSU,MT,42806060209,42806,602,9,2024,4,False,VENLAFAXIN,3723.0,117.0,1879.75,1879.75,0.0
FFSU,MT,591333130,591,3331,30,2024,1,False,BUPROPION ,2101.0,65.0,1023.57,1023.57,0.0
FFSU,MT,65162010111,65162,101,11,2024,1,False,GABAPENTIN,12800.0,139.0,1001.79,995.34,6.45
FFSU,MT,68001061900,68001,619,0,2024,3,True,POTASSIUM ,,,,,
FFSU,MT,64764024060,64764,240,60,2024,3,False,AMITIZA 24,1248.0,21.0,7753.43,7753.43,0.0
FFSU,XX,43598026525,43598,265,25,2024,4,False,Propofol I,801.0,38.0,164.22,85.32,78.9
FFSU,XX,46122052978,46122,529,78,2024,4,False,GNP Bisaco,8311.0,334.0,2640.2,2640.2,0.0
FFSU,MT,16714063302,16714,633,2,2024,2,True,ALENDRONAT,,,,,
MCOU,XX,51079010320,51079,103,20,2024,4,False,SPIRONOLAC,529.0,162.0,2067.4,2067.4,0.0
FFSU,XX,591398260,591,3982,60,2024,4,True,CELECOXIB ,,,,,
FFSU,XX,409228831,409,2288,31,2024,4,False,KETOROLAC ,31.0,11.0,19.63,4.06,15.57
FFSU,MT,68645035159,68645,351,59,2024,1,False,CARVEDILOL,990.0,12.0,83.26,83.26,0.0
FFSU,MT,186077760,186,777,60,2024,2,False,BRILINTA 9,5197.0,90.0,38737.99,38737.99,0.0
FFSU,MT,67877043103,67877,431,3,2024,1,False,ARIPIPRAZO,6953.0,225.0,3945.9,3917.07,28.83
FFSU,MT,904682661,904,6826,61,2024,1,True,HYDROCODON,,,,,
FFSU,MT,955101010,955,1010,10,2024,2,True,ENOXAPARIN,,,,,
MCOU,XX,69024230,69,242,30,2024,4,False,Toviaz (Fe,31782.0,893.0,296595.02,295739.57,855.45
FFSU,MT,65162099508,65162,995,8,2024,2,True,DOTTI 0.07,,,,,
FFSU,XX,78071502,78,715,2,2024,4,False,PIQRAY TAB,19.0,11.0,241589.95,241580.95,9.0
MCOU,XX,24208045705,24208,457,5,2024,4,False,DICLOFENAC,9102.0,1727.0,21110.18,20889.91,220.27
FFSU,MT,58657011801,58657,118,1,2024,4,True,SODIUM CHL,,,,,
MCOU,XX,781216660,781,2166,60,2024,4,False,ZIPRASIDON,4967.0,115.0,2171.75,2143.79,27.96
FFSU,XX,781602252,781,6022,52,2024,4,False,CLARITHROM,7450.0,68.0,8319.6,8316.6,3.0
MCOU,XX,74798309,74,7983,9,2024,4,False,0.9% SOD C,36000.0,32.0,0.0,0.0,0.0
FFSU,MT,93736856,93,7368,56,2024,3,True,LOSARTAN-H,,,,,
FFSU,XX,93226301,93,2263,1,2024,4,False,AMOXICILLI,492117.0,21421.0,280081.68,278558.11,1523.57
FFSU,MT,60505001406,60505,14,6,2024,3,False,DILT XR 12,421.0,13.0,268.37,268.37,0.0
MCOU,XX,641095525,641,955,25,2024,4,False,Promethazi,2835.25,876.0,14061.32,4805.86,9255.46
FFSU,MT,68180052606,68180,526,6,2024,1,True,PALIPERIDO,,,,,
MCOU,XX,50242000701,50242,7,1,2024,4,False,Enspryng 1,142.0,133.0,2313791.9,2263116.26,50675.64
FFSU,MT,76282056990,76282,569,90,2024,1,True,PREGABALIN,,,,,
FFSU,MT,33342002607,33342,26,7,2024,2,False,FAMCICLOVI,173.0,12.0,338.33,338.33,0.0
FFSU,MT,62332023330,62332,233,30,2024,2,True,VILAZODONE,,,,,
FFSU,XX,52937000120,52937,1,20,2024,3,False,Vascepa Or,4923059.0,33570.0,14280321.92,14171812.92,108509.0
MCOU,XX,59746017110,59746,171,10,2024,3,False,PREDNISONE,26509.0,305.0,2778.47,2748.72,29.75
FFSU,XX,69097095605,69097,956,5,2024,4,True,Pregabalin,,,,,
FFSU,XX,55111065207,55111,652,7,2024,3,True,Bivalirudi,,,,,
MCOU,XX,66490069010,66490,690,10,2024,3,True,MYSOLINE P,,,,,
FFSU,XX,55111025960,55111,259,60,2024,3,False,Ziprasidon,529790.0,10224.0,264668.15,260611.85,4056.3
MCOU,XX,61874013030,61874,130,30,2024,3,False,VRAYLAR (C,1599898.0,51875.0,73764560.17,73124676.79,639883.38
MCOU,XX,60219203601,60219,2036,1,2024,3,False,Azathiopri,4761.0,104.0,44648.03,44001.13,646.9
MCOU,XX,25021061282,25021,612,82,2024,3,True,Magnesium ,,,,,
MCOU,XX,713052606,713,526,6,2024,3,False,PROMETHAZI,11.0,11.0,12.86,12.86,0.0
MCOU,XX,71858002004,71858,20,4,2024,4,True,TIROSINT 7,,,,,
FFSU,XX,378018401,378,184,1,2024,3,False,PROPRANOLO,3869.0,51.0,835.73,804.24,31.49
FFSU,XX,409475901,409,4759,1,2024,3,False,ONDANSETRO,2408.0,516.0,13923.99,1282.17,12641.82
MCOU,XX,68180059002,68180,590,2,2024,4,False,RAMIPRIL 5,1560.0,29.0,262.33,242.27,20.06
FFSU,XX,69238184001,69238,1840,1,2024,4,False,Levothyrox,173083.0,3085.0,48866.47,48092.39,774.08
MCOU,XX,63323067321,63323,673,21,2024,3,False,Palonosetr,7521.271,1528.0,179037.18,24962.85,154074.33
FFSU,XX,59767002401,59767,24,1,2024,4,False,Pertzye 24,103509.0,178.0,819206.15,781725.18,37480.97
MCOU,XX,60687040995,60687,409,95,2024,4,True,MIDODRINE ,,,,,
FFSU,XX,33342004510,33342,45,10,2024,3,False,Losartan P,11683.0,227.0,2853.29,2839.09,14.2
FFSU,XX,47335086083,47335,860,83,2024,3,True,TRAMADOL H,,,,,
FFSU,XX,42799096102,42799,961,2,2024,3,False,Venlafaxin,522.0,14.0,331.89,331.89,0.0
FFSU,XX,60687074201,60687,742,1,2024,4,False,Azithromyc,207.0,68.0,14664.55,14657.74,6.81
MCOU,XX,59746036030,59746,360,30,2024,3,True,VALSARTAN ,,,,,
FFSU,XX,69097012412,69097,124,12,2024,4,False,TOPIRAMATE,191830.2,3146.0,56769.11,51860.7,4908.41
MCOU,XX,264763800,264,7638,0,2024,3,False,0.30% KCL ,24060.0,17.0,8909.79,152.23,8757.56
MCOU,XX,68001050300,68001,503,0,2024,4,False,Metoprolol,11337.0,228.0,4080.99,4076.59,4.4
FFSU,XX,63323063703,63323,637,3,2024,3,False,Arsenic Tr,170.0,14.0,3374.8,2369.32,1005.48
FFSU,XX,67877075801,67877,758,1,2024,3,False,Nifedipine,30669.0,641.0,10694.2,10474.19,220.01
FFSU,XX,65862086830,65862,868,30,2024,3,True,Telmisarta,,,,,
MCOU,XX,72578000805,72578,8,5,2024,4,False,Metronidaz,236041.1,14772.0,104018.51,94578.3,9440.21
MCOU,XX,59088010673,59088,106,73,2024,3,False,Fluoride C,19551.0,423.0,2198.98,2187.75,11.23
MCOU,XX,62135070551,62135,705,51,2024,3,True,          ,,,,,
MCOU,XX,68180083071,68180,830,71,2024,4,True,Amabelz (E,,,,,
FFSU,XX,93081305,93,813,5,2024,3,False,NORTRIPTYL,841.0,24.0,360.99,360.99,0.0
FFSU,XX,68084057201,68084,572,1,2024,4,False,MUCINEX GU,9656.0,308.0,5858.14,5858.14,0.0
MCOU,XX,72266014001,72266,140,1,2024,4,True,Bimatopros,,,,,
MCOU,XX,49348037954,49348,379,54,2024,3,False,CLOTRIMAZO,1500.74,65.0,543.47,543.47,0.0
FFSU,XX,65862039010,65862,390,10,2024,4,False,ONDANSETRO,1309988.0,71450.0,1006216.5,987182.21,19034.29
MCOU,XX,68180011302,68180,113,2,2024,3,False,Levetirace,228334.0,3045.0,47600.9,47145.12,455.78
FFSU,XX,68180011416,68180,114,16,2024,4,False,Levetirace,201245.0,2016.0,49507.57,47427.26,2080.31
MCOU,XX,69097084915,69097,849,15,2024,4,False,Escitalopr,102522.0,2546.0,27037.73,26937.51,100.22
FFSU,XX,64380017502,64380,175,2,2024,3,False,OLANZAPINE,2687.0,80.0,2572.37,2572.37,0.0
MCOU,XX,172392760,172,3927,60,2024,3,False,DIAZEPAM T,547071.0,12769.0,77086.95,74610.44,2476.51
FFSU,XX,76329334001,76329,3340,1,2024,4,False,ATROPINE S,1236.93,97.0,2716.32,2605.72,110.6
MCOU,XX,70709001303,70709,13,3,2024,4,True,SAJAZIR- i,,,,,
MCOU,XX,59148001970,59148,19,70,2024,3,False,ABILIFY MA,40.032,52.0,68172.41,64237.24,3935.17
MCOU,XX,904073431,904,734,31,2024,3,False,TRIPLE-A O,60756.7,1998.0,9699.79,9071.98,627.81
MCOU,XX,52544069330,52544,693,30,2024,3,False,MATZIM LA ,831.0,26.0,1661.75,1661.75,0.0
MCOU,XX,62332008071,62332,80,71,2024,4,True,Valsartan ,,,,,
MCOU,XX,62175045232,62175,452,32,2024,3,False,BUP/NAL 2M,559382.5,10273.0,1389627.54,1388783.06,844.48
FFSU,XX,71101468,71,1014,68,2024,3,False,Lyrica (pr,205870.0,3108.0,2014539.68,2012099.6,2440.08
FFSU,XX,66220028422,66220,284,22,2024,4,False,Caldolor 8,4850.0,24.0,630.4,535.16,95.24
FFSU,XX,69623701,69,6237,1,2024,3,True,OCTAGAM IV,,,,,
MCOU,XX,49884056211,49884,562,11,2024,3,False,Lamotrigin,765.0,18.0,758.11,758.11,0.0
FFSU,XX,11527007140,11527,71,40,2024,3,True,Dr. Sheffi,,,,,
FFSU,XX,143989125,143,9891,25,2024,3,True,ONDANSETRO,,,,,
FFSU,XX,67457026600,67457,266,0,2024,3,False,LEVETIRACE,1518.001,13.0,773.58,753.22,20.36
FFSU,XX,51645085006,51645,850,6,2024,3,False,SENNA PLUS,6411.0,105.0,1195.57,1195.57,0.0
FFSU,XX,68382011214,68382,112,14,2024,3,False,Risperidon,267005.0,4806.0,49341.31,47967.14,1374.17
FFSU,XX,60505058604,60505,586,4,2024,4,False,OLOPATADIN,648.5,219.0,5075.24,5075.24,0.0
FFSU,XX,62135031660,62135,316,60,2024,3,True,          ,,,,,
FFSU,XX,29300032819,29300,328,19,2024,3,False,Solifenaci,10749.0,291.0,4853.86,4813.64,40.22
FFSU,XX,81298811401,81298,8114,1,2024,4,True,Cyclophosp,,,,,
FFSU,XX,60687021011,60687,210,11,2024,3,True,SIMVASTATI,,,,,
MCOU,XX,78047015,78,470,15,2024,3,True,EXJADE TAB,,,,,
FFSU,XX,57664085385,57664,853,85,2024,3,False,MINOCYCLIN,8149.0,195.0,4649.36,4644.36,5.0
FFSU,XX,24385048547,24385,485,47,2024,3,False,CALCIUM AN,4305.0,62.0,708.7,708.7,0.0
MCOU,XX,472037115,472,371,15,2024,3,False,BETAMETHAS,1568.5,71.0,1663.99,1663.99,0.0
FFSU,XX,72205003576,72205,35,76,2024,4,True,          ,,,,,
FFSU,XX,62135000394,62135,3,94,2024,3,False,Lactulose ,15450.0,24.0,439.23,437.73,1.5
MCOU,XX,60505058901,60505,589,1,2024,4,False,BRIMONIDIN,4591.0,637.0,74102.61,66094.51,8008.1
FFSU,XX,75854070101,75854,701,1,2024,4,False,Dhivy 25 m,2586.0,15.0,6715.78,6715.78,0.0
FFSU,XX,42292004101,42292,41,1,2024,3,True,Levothyrox,,,,,
MCOU,XX,68001035700,68001,357,0,2024,4,True,Metoprolol,,,,,
FFSU,XX,68462010430,68462,104,30,2024,4,False,FLUCONAZOL,141795.0,7544.0,142618.17,140795.45,1822.72
FFSU,XX,6307502,6,3075,2,2024,3,False,PREVYMIS 2,1106.0,34.0,274019.46,274019.46,0.0
MCOU,XX,703574711,703,5747,11,2024,3,False,CISPLATIN ,9101.0,137.0,21004.27,4597.16,16407.11
MCOU,XX,43598028530,43598,285,30,2024,3,False,Fingolimod,6181.0,209.0,458221.85,455370.39,2851.46
FFSU,XX,68462037430,68462,374,30,2024,3,False,Topiramate,7291.0,151.0,65118.95,64652.44,466.51
FFSU,XX,25152531,25,1525,31,2024,3,False,CELEBREX 2,1573.0,33.0,18606.76,17213.5,1393.26
FFSU,XX,9720030,9,7200,30,2024,3,True,SOMAVERT 3,,,,,
FFSU,XX,33342039744,33342,397,44,2024,3,False,LEVOTHYROX,24622.0,608.0,7599.65,7516.2,83.45
MCOU,XX,62135077235,62135,772,35,2024,4,True,Methotrexa,,,,,
FFSU,XX,47335071286,47335,712,86,2024,3,False,TOPIRAMATE,3741.8,67.0,1264.94,1238.49,26.45
FFSU,XX,62559086015,62559,860,15,2024,3,False,Purified C,830.0,85.0,5499691.92,5499688.92,3.0
FFSU,XX,68462079965,68462,799,65,2024,3,True,Nystatin a,,,,,
FFSU,XX,10019095550,10019,955,50,2024,3,True,CYCLOPHOSP,,,,,
MCOU,XX,63304073510,63304,735,10,2024,3,False,Esomeprazo,750.0,23.0,203.72,127.28,76.44
MCOU,XX,42806031505,42806,315,5,2024,3,False,Metformin ,3300.0,51.0,228.02,228.02,0.0
MCOU,XX,75834010805,75834,108,5,2024,4,True,METRONIDAZ,,,,,
FFSU,XX,603516832,603,5168,32,2024,3,False,PHENOBARBI,469.0,12.0,207.43,207.43,0.0
MCOU,XX,16714057602,16714,576,2,2024,3,False,ALLOPURINO,159308.0,3067.0,21254.08,20888.79,365.29
FFSU,XX,68084069701,68084,697,1,2024,4,True,BUPROPION ,,,,,
FFSU,XX,69117001902,69117,19,2,2024,4,True,Acyclovir ,,,,,
MCOU,XX,65862019399,65862,193,99,2024,3,False,FLUOXETINE,2908801.0,67101.0,450769.41,447130.45,3638.96
FFSU,XX,65862021001,65862,210,1,2024,3,False,MINOCYLCIN,10359.0,228.0,5458.29,5422.05,36.24
FFSU,XX,60505131803,60505,1318,3,2024,3,False,PAROXETINE,34201.0,842.0,26116.86,25969.44,147.42
FFSU,XX,13668033001,13668,330,1,2024,3,False,TRAZODONE ,956300.5,20967.0,259358.0,258186.7,1171.3
MCOU,XX,72611086004,72611,860,4,2024,4,True,Acetylcyst,,,,,
FFSU,XX,50242006010,50242,60,10,2024,3,True,AVASTIN (B,,,,,
FFSU,XX,904673060,904,6730,60,2024,3,False,APAP ES 50,1769014.0,22631.0,94906.84,94720.9,185.94
MCOU,XX,63323050830,63323,508,30,2024,3,False,Meropenem ,6076.0,491.0,41158.19,35364.54,5793.65
FFSU,XX,60687034511,60687,345,11,2024,3,True,AHP CALCIT,,,,,
FFSU,XX,42858010250,42858,102,50,2024,3,False,Oxycodone ,222845.0,5547.0,77072.83,76169.17,903.66
MCOU,XX,24208002401,24208,24,1,2024,3,True,          ,,,,,
FFSU,XX,409409201,409,4092,1,2024,3,False,COPPER TRA,36041.255,5280.0,2317319.84,2317008.59,311.25
MCOU,XX,143971910,143,9719,10,2024,3,False,Milrinone ,93042.6,87.0,9465.55,9411.31,54.24
MCOU,XX,67877053707,67877,537,7,2024,4,False,TEMOZOLOMI,445.0,38.0,1976.96,1976.96,0.0
MCOU,XX,67457038922,67457,389,22,2024,3,True,Paricalcit,,,,,
FFSU,XX,64380097206,64380,972,6,2024,3,False,Hydrocorti,24836.0,394.0,12394.61,12098.16,296.45
FFSU,XX,60505014502,60505,145,2,2024,3,False,OMEPRAZOLE,1242.0,28.0,392.63,380.63,12.0
FFSU,XX,68001059604,68001,596,4,2024,3,False,Duloxetine,27446.0,676.0,10413.02,10316.56,96.46
FFSU,XX,63739098832,63739,988,32,2024,3,True,ZIPRASIDON,,,,,
MCOU,XX,13668018830,13668,188,30,2024,3,False,SILDENAFIL,100.0,13.0,53.12,48.62,4.5
MCOU,XX,51645073399,51645,733,99,2024,3,True,          ,,,,,
MCOU,XX,43547048810,43547,488,10,2024,3,False,PKGS Methy,204122.0,3811.0,59810.76,58094.25,1716.51
MCOU,XX,43066003101,43066,31,1,2024,3,True,Verapamil ,,,,,
FFSU,XX,72205001090,72205,10,90,2024,4,True,Silodosin ,,,,,
FFSU,XX,338341024,338,3410,24,2024,3,False,CLINDAMYCI,12272.5,22.0,1800.98,1800.98,0.0
MCOU,XX,62756018413,62756,184,13,2024,3,False,OXCARBAZEP,57015.0,861.0,15966.75,15846.93,119.82
MCOU,XX,60687045201,60687,452,1,2024,3,True,CHLORPROMA,,,,,
FFSU,XX,121086850,121,868,50,2024,3,False,Nystatin O,4835.0,49.0,987.76,942.49,45.27
FFSU,XX,65862003905,65862,39,5,2024,3,True,LISINOPRIL,,,,,
FFSU,XX,31722071530,31722,715,30,2024,3,False,Atomoxetin,239366.0,6816.0,189988.45,188047.12,1941.33
FFSU,XX,62011040903,62011,409,3,2024,3,True,HM FEXOFEN,,,,,
FFSU,XX,168026760,168,267,60,2024,3,False,Betamethas,9900.0,158.0,5912.68,5904.23,8.45
FFSU,XX,57841130101,57841,1301,1,2024,3,False,Movantik 2,3722.0,129.0,50512.67,49314.99,1197.68
FFSU,XX,76282064501,76282,645,1,2024,4,False,Sildenafil,169.0,18.0,12942.0,12942.0,0.0
FFSU,XX,68001052645,68001,526,45,2024,4,False,HYDROCORTI,7458.4,203.0,2615.58,2615.58,0.0
MCOU,XX,143950801,143,9508,1,2024,3,False,Ketamine H,3331.802,174.0,7257.22,4691.54,2565.68
MCOU,XX,591369430,591,3694,30,2024,3,False,PALIPERIDO,657.0,21.0,2498.13,2498.13,0.0
FFSU,XX,61269060510,61269,605,10,2024,3,False,KLONOPIN  ,14700.0,203.0,38611.69,37873.99,737.7
FFSU,XX,310174501,310,1745,1,2024,3,True,FASENRA IN,,,,,
MCOU,XX,143985701,143,9857,1,2024,3,False,CEFTRIAXON,6532.71,4719.0,99520.11,56605.75,42914.36
FFSU,XX,63323034925,63323,349,25,2024,3,False,Imipenem a,698.0,34.0,11395.93,11395.93,0.0
FFSU,XX,70860011999,70860,119,99,2024,4,False,NAFCILLIN ,240.0,31.0,22714.61,22702.61,12.0
FFSU,XX,44567041024,44567,410,24,2024,3,False,Magnesium ,13017.0,122.0,1177.65,1044.39,133.26
FFSU,XX,68382011605,68382,116,5,2024,3,False,Risperidon,321014.0,7143.0,90172.65,89385.95,786.7
MCOU,XX,68001049904,68001,499,4,2024,3,False,Venlafaxin,14489.0,407.0,26045.52,25867.64,177.88
FFSU,XX,62332025330,62332,253,30,2024,4,False,Azithromyc,2840.0,274.0,5246.62,5157.71,88.91
MCOU,XX,62332054505,62332,545,5,2024,4,False,Timolol Ma,205.0,39.0,4347.07,4346.07,1.0
FFSU,XX,68084084711,68084,847,11,2024,4,False,HYDROXYZIN,28.0,23.0,41.95,41.95,0.0
MCOU,XX,409792909,409,7929,9,2024,3,True,DEXTROSE 5,,,,,
MCOU,XX,67386082019,67386,820,19,2024,4,True,NORTHERA 1,,,,,
FFSU,XX,23932110,23,9321,10,2024,3,False,ALPHAGAN P,8595.0,814.0,329416.17,328836.35,579.82
FFSU,XX,66993006027,66993,60,27,2024,3,False,Atovaq/Pro,8346.0,337.0,18997.57,18591.03,406.54
FFSU,XX,62332063260,62332,632,60,2024,4,False,Desonide C,14971.0,243.0,6829.64,6771.96,57.68
MCOU,XX,904708206,904,7082,6,2024,3,True,NIFEDIPINE,,,,,
FFSU,XX,31722076501,31722,765,1,2024,3,False,QUETIAPINE,49022.0,1032.0,12703.31,12543.49,159.82
MCOU,XX,63323069444,63323,694,44,2024,4,False,Acetylcyst,2867.0,43.0,2144.76,2144.76,0.0
MCOU,XX,60687062872,60687,628,72,2024,3,True,Potassium ,,,,,
FFSU,XX,64980030310,64980,303,10,2024,3,False,CHLORTHALI,12270.0,280.0,3644.35,3616.42,27.93
MCOU,XX,338011702,338,117,2,2024,3,False,LACTATED R,548742.0,738.0,21540.03,5510.07,16029.96
FFSU,XX,60505314008,60505,3140,8,2024,4,False,OLANZAPINE,111609.0,3481.0,53817.45,53336.21,481.24
MCOU,XX,68382064016,68382,640,16,2024,3,False,DUTASTERID,690.0,15.0,1287.36,1030.9,256.46
FFSU,XX,60687067011,60687,670,11,2024,3,False,Oxybutynin,24.0,19.0,12.05,12.05,0.0
FFSU,XX,67877052660,67877,526,60,2024,4,False,Ranolazine,5298.0,55.0,2205.7,2200.8,4.9
MCOU,XX,59651045705,59651,457,5,2024,3,False,Carbidopa ,357921.5,1826.0,48102.26,46629.86,1472.4
FFSU,XX,76045021320,76045,213,20,2024,4,True,Metoclopra,,,,,
FFSU,XX,67877046305,67877,463,5,2024,4,False,Pregabalin,98746.0,1606.0,17679.51,17323.22,356.29
MCOU,XX,228402211,228,4022,11,2024,3,True,Alprazolam,,,,,
MCOU,XX,43598044771,43598,447,71,2024,3,False,DRL HAB 14,180.056,184.0,765.78,765.78,0.0
FFSU,XX,57664060988,57664,609,88,2024,3,False,METHYLPHEN,1151.0,39.0,1442.99,1442.99,0.0
FFSU,XX,70594007601,70594,76,1,2024,4,False,meropenem ,271.0,60.0,1991.32,1986.76,4.56
MCOU,XX,70095002502,70095,25,2,2024,4,False,AZITHROMYC,164.416,164.0,1085.05,1029.93,55.12
FFSU,XX,68180082147,68180,821,47,2024,3,False,Lanthanum ,40336.0,340.0,155166.94,154805.54,361.4
MCOU,XX,70010018403,70010,184,3,2024,4,False,Venlafaxin,2729.0,94.0,1225.25,1225.25,0.0
MCOU,XX,61703016105,61703,161,5,2024,4,True,METHOTREXA,,,,,
FFSU,XX,338850301,338,8503,1,2024,3,True,ARTISS FRO,,,,,
MCOU,XX,603533532,603,5335,32,2024,3,False,PREDNISONE,44077.0,441.0,4445.65,4346.34,99.31
MCOU,XX,70000044501,70000,445,1,2024,4,False,LDR SENNA ,1544.0,34.0,276.0,263.4,12.6
MCOU,XX,69367069405,69367,694,5,2024,4,True,Phenobarbi,,,,,
MCOU,XX,62559028960,62559,289,60,2024,3,False,Fluocinolo,1680.0,22.0,2104.95,2033.2,71.75
FFSU,XX,63323046603,63323,466,3,2024,3,False,Sensorcain,377.0,84.0,283.12,272.43,10.69
MCOU,XX,72611072525,72611,725,25,2024,4,False,Ketorolac ,3381.975,1689.0,7050.35,4593.07,2457.28
MCOU,XX,65862068730,65862,687,30,2024,3,False,Ritonavir ,37971.0,997.0,64399.48,61234.81,3164.67
MCOU,XX,46122033045,46122,330,45,2024,3,False,GNP ISOPRO,52503.0,56.0,143.75,143.75,0.0
FFSU,XX,42543071904,42543,719,4,2024,3,True,Emtricitab,,,,,
FFSU,XX,781707787,781,7077,87,2024,3,False,METRONIDAZ,70228.41,999.0,28108.36,28063.27,45.09
MCOU,XX,70954085210,70954,852,10,2024,4,False,Levofloxac,33914.9,310.0,50355.9,49281.75,1074.15
MCOU,XX,703680101,703,6801,1,2024,3,False,MEDROXYPRO,68.111,84.0,3475.85,3365.03,110.82
MCOU,XX,378363101,378,3631,1,2024,3,False,CARVEDILOL,3794.0,34.0,595.98,595.98,0.0
MCOU,XX,72572058310,72572,583,10,2024,4,True,          ,,,,,
FFSU,XX,13668031390,13668,313,90,2024,3,True,Amlo+Olme ,,,,,
FFSU,XX,69068803,69,688,3,2024,3,False,IBRANCE 12,19999.0,930.0,15026264.29,14708130.72,318133.57
MCOU,XX,16571086810,16571,868,10,2024,3,False,GABAPENTIN,217568.0,2993.0,20582.22,20230.03,352.19
FFSU,XX,59353040309,59353,403,9,2024,3,False,MIRCERA 10,1331.85,4077.0,1005765.04,603852.34,401912.7
FFSU,XX,62559011107,62559,111,7,2024,4,True,Cortenema ,,,,,
MCOU,XX,49502034573,49502,345,73,2024,3,True,Tobi Ampul,,,,,
FFSU,XX,50102021116,50102,211,16,2024,3,False,Econtra On,46.884,25.0,3592.21,3592.21,0.0
MCOU,XX,16571068201,16571,682,1,2024,3,False,CARBAMAZEP,108165.0,1458.0,101552.79,97977.03,3575.76
FFSU,XX,65862088905,65862,889,5,2024,4,True,Glipizide ,,,,,
FFSU,XX,16714025702,16714,257,2,2024,3,False,AMITRIPTY ,136144.0,2503.0,36187.12,35795.25,391.87
MCOU,XX,69230030811,69230,308,11,2024,4,False,Ibuprofen ,139349.5,836.0,7939.14,7937.14,2.0
MCOU,XX,47335068688,47335,686,88,2024,3,True,PREGABALIN,,,,,
FFSU,XX,781261301,781,2613,1,2024,3,False,AMOXICILLI,215890.0,8705.0,135937.01,134356.98,1580.03
MCOU,XX,65162011510,65162,115,10,2024,3,False,Hydrocodon,168608.0,3791.0,33811.31,33657.41,153.9
FFSU,XX,904706180,904,7061,80,2024,3,True,POTASSIUM ,,,,,
FFSU,XX,75907000401,75907,4,1,2024,4,False,Liothyroni,4346.0,80.0,2853.9,2821.99,31.91
FFSU,XX,46110511,46,1105,11,2024,3,False,PREMPRO 0.,76053.0,2004.0,650989.28,639785.87,11203.41
FFSU,XX,68001043388,68001,433,88,2024,2,False,Clear Nico,4229.0,205.0,8066.65,8052.15,14.5
FFSU,XX,68682011102,68682,111,2,2024,2,False,Pimecrolim,83430.0,1360.0,272865.22,270156.95,2708.27
FFSU,XX,143962201,143,9622,1,2024,2,False,Labetalol ,1165.0,29.0,463.66,433.74,29.92
MCOU,XX,68084065401,68084,654,1,2024,2,True,SOTALOL HC,,,,,
MCOU,XX,82347050505,82347,505,5,2024,2,False,Lidocaine ,651762.0,22037.0,1164599.2,1142625.73,21973.47
MCOU,XX,68084026901,68084,269,1,2024,2,False,Hydroxychl,133.0,16.0,734.34,733.34,1.0
FFSU,XX,70010006501,70010,65,1,2024,2,False,METFORMIN ,1499514.0,11306.0,151871.92,151137.5,734.42
FFSU,XX,69097086283,69097,862,83,2024,2,False,CALCIUM AC,410005.0,1586.0,90623.56,89549.27,1074.29
MCOU,XX,59762007501,59762,75,1,2024,2,False,HYDROCORTI,89080.45,1450.0,35644.55,34629.62,1014.93
MCOU,XX,49348015472,49348,154,72,2024,2,False,BACITRACIN,4287.2,197.0,11648.13,782.72,10865.41
FFSU,XX,536121994,536,1219,94,2024,2,False,LUBRICATIN,89950.5,5542.0,85425.46,85421.96,3.5
MCOU,XX,29300024310,29300,243,10,2024,2,False,Amlodipine,1698.0,43.0,182.83,140.94,41.89
MCOU,XX,42658002101,42658,21,1,2024,2,False,DAUNOrubic,150.0,21.0,5419.57,5419.57,0.0
MCOU,XX,78038725,78,387,25,2024,2,True,ZOMETA VIA,,,,,
FFSU,XX,169300325,169,3003,25,2024,2,False,NOVOLIN R ,381.0,22.0,1801.11,1772.47,28.64
FFSU,XX,71930005512,71930,55,12,2024,2,False,Acetaminop,4116.0,197.0,2789.69,2775.9,13.79
FFSU,XX,68982034701,68982,347,1,2024,3,True,FIBRYGA   ,,,,,
FFSU,XX,69367018804,69367,188,4,2024,3,False,Zinc Oxide,3088.0,30.0,1290.78,1290.78,0.0
MCOU,XX,60687056640,60687,566,40,2024,2,True,HYDROMORPH,,,,,
FFSU,XX,63323082110,63323,821,10,2024,2,False,Bortezomib,125.24,217.0,27262.84,20726.84,6536.0
FFSU,XX,62135022160,62135,221,60,2024,2,True,Chlordiaze,,,,,
MCOU,XX,69543045510,69543,455,10,2024,3,True,LACOSAMIDE,,,,,
FFSU,XX,68682070590,68682,705,90,2024,2,False,Diltiazem ,2714.0,58.0,4137.89,4137.89,0.0
MCOU,XX,143318801,143,3188,1,2024,2,True,LITHIUM CA,,,,,
MCOU,XX,25021083101,25021,831,1,2024,2,True,HALOPERIDO,,,,,
MCOU,XX,26394425,26,3944,25,2024,2,True,Jivi 1000I,,,,,
FFSU,XX,71930002012,71930,20,12,2024,2,False,Hydrocodon,28614.0,570.0,9413.33,9342.5,70.83
MCOU,XX,54002125,54,21,25,2024,1,False,LITHIUM CA,532087.0,6725.0,103796.63,101599.62,2197.01
MCOU,XX,82009001990,82009,19,90,2024,2,False,ROSUVASTAT,3293.0,42.0,907.22,657.22,250.0
MCOU,XX,591401201,591,4012,1,2024,2,False,VALPROIC 2,114473.0,941.0,30538.23,30162.62,375.61
MCOU,XX,68462010805,68462,108,5,2024,2,False,TOPIRAMATE,1120881.0,13890.0,140641.73,135767.27,4874.46
MCOU,XX,70377011412,70377,114,12,2024,2,False,Liothyroni,38721.0,697.0,15505.75,15288.78,216.97
FFSU,XX,78069851,78,698,51,2024,2,True,RYDAPT CAP,,,,,
MCOU,XX,16571086203,16571,862,3,2024,2,False,BUPROPION ,1586174.0,38515.0,446840.72,430551.32,16289.4
MCOU,XX,65030355,65,303,55,2024,2,False,ISOPTO ATR,19.4,16.0,1635.66,1635.66,0.0
MCOU,XX,574200815,574,2008,15,2024,2,False,NYSTOP POW,131662.756,6413.0,76920.91,75425.75,1495.16
MCOU,XX,63824017365,63824,173,65,2024,2,False,Children's,4177.0,32.0,480.66,480.66,0.0
FFSU,XX,75834024301,75834,243,1,2024,3,True,Erythromyc,,,,,
MCOU,XX,88502005,88,5020,5,2024,1,False,LANTUS SOL,210.0,12.0,928.29,928.29,0.0
MCOU,XX,69655001,69,6550,1,2024,2,False,OCTAGAM IV,33600.0,63.0,610234.27,610234.27,0.0
MCOU,XX,143955201,143,9552,1,2024,2,False,Leucovorin,887.743,526.0,66097.48,43042.97,23054.51
MCOU,XX,72572017025,72572,170,25,2024,2,False,Fentanyl C,1680.0,752.0,658697.41,434370.88,224326.53
FFSU,XX,24208043410,24208,434,10,2024,2,False,OFLOXACIN ,4310.0,434.0,12552.59,12446.57,106.02
MCOU,XX,832040230,832,402,30,2024,2,False,FLUOXETINE,690.0,21.0,320.81,305.18,15.63
FFSU,XX,409337813,409,3378,13,2024,2,False,PIPERACILL,173.669,39.0,2013.8,1985.94,27.86
MCOU,XX,68462019505,68462,195,5,2024,2,False,Pravasatat,69564.0,1294.0,14534.32,14311.86,222.46
FFSU,XX,50242021060,50242,210,60,2024,2,False,Gavreto 10,1470.0,18.0,268575.97,263129.77,5446.2
MCOU,XX,68001031500,68001,315,0,2024,2,False,LOVASTATIN,17389.0,456.0,3422.25,3412.25,10.0
FFSU,XX,70377011311,70377,113,11,2024,3,False,Famotidine,418200.0,5533.0,237390.8,231350.39,6040.41
MCOU,XX,70510220102,70510,2201,2,2024,2,True,Exservan  ,,,,,
FFSU,XX,13668035590,13668,355,90,2024,2,True,NEBIVOLOL(,,,,,
FFSU,XX,76282073045,76282,730,45,2024,3,True,Lisinopril,,,,,
FFSU,XX,13668025090,13668,250,90,2024,2,True,Olmesartan,,,,,
FFSU,XX,64850051101,64850,511,1,2024,2,False,DEX SAC/AM,255479.0,8079.0,216375.93,211057.67,5318.26
FFSU,XX,51672130606,51672,1306,6,2024,2,False,ALCLOMETAS,17700.0,381.0,15462.0,14891.82,570.18
MCOU,XX,23155066201,23155,662,1,2024,2,False,CALCITRIOL,167939.0,4767.0,57489.89,55920.82,1569.07
MCOU,XX,6033510,6,335,10,2024,1,True,BELSOMRA 2,,,,,
MCOU,XX,66993008696,66993,86,96,2024,2,False,Fluticason,46484.0,3783.0,996633.92,935106.8,61527.12
MCOU,XX,93929267,93,9292,67,2024,1,False,CLONAZEPAM,45675.0,1130.0,28459.44,26802.82,1656.62
MCOU,XX,69097083815,69097,838,15,2024,3,False,AMLODIPINE,2670.0,77.0,191.92,191.92,0.0
MCOU,XX,70121165701,70121,1657,1,2024,2,False,Triamcinol,659.5,446.0,13578.49,2711.12,10867.37
MCOU,XX,60505265301,60505,2653,1,2024,2,False,TRAZODONE ,46922.5,1128.0,8876.55,8739.06,137.49
MCOU,XX,904517416,904,5174,16,2024,2,True,BANOPHEN E,,,,,
FFSU,XX,69367025605,69367,256,5,2024,2,True,Methocarba,,,,,
MCOU,XX,16571011450,16571,114,50,2024,2,False,Hydroxyzin,5297894.0,86231.0,763155.51,745088.43,18067.08
MCOU,XX,68382013914,68382,139,14,2024,2,False,Topiramate,762156.0,12694.0,99227.75,97202.43,2025.32
FFSU,XX,59651029960,59651,299,60,2024,2,False,Tamoxifen ,39395.0,781.0,13212.34,13087.78,124.56
FFSU,XX,43068030406,43068,304,6,2024,2,False,HETLIOZ LQ,3476.0,23.0,547000.73,547000.73,0.0
MCOU,XX,555015802,555,158,2,2024,2,False,CHLORDIAZE,72291.0,1958.0,17707.67,17499.37,208.3
FFSU,XX,70121100105,70121,1001,5,2024,2,True,METHYLPRED,,,,,
FFSU,XX,69097084053,69097,840,53,2024,3,False,Ipra/Albut,7647.048,41.0,930.49,903.21,27.28
FFSU,XX,781286831,781,2868,31,2024,2,False,OMEPRAZOLE,21212.0,529.0,7320.86,7289.28,31.58
MCOU,XX,61874014530,61874,145,30,2024,2,False,VRAYLAR (C,531997.0,17517.0,24637243.78,24301183.4,336060.38
MCOU,XX,13264902,13,2649,2,2024,2,False,GENOTROPIN,5835.0,207.0,172058.81,168481.13,3577.68
MCOU,XX,93729056,93,7290,56,2024,2,False,RALOXIFENE,1359.0,41.0,613.13,613.13,0.0
MCOU,XX,904726461,904,7264,61,2024,2,False,OXCARBAZEP,6199.0,100.0,2733.12,2733.12,0.0
FFSU,XX,47918090218,47918,902,18,2024,2,False,Afrezza180,74160.0,310.0,718584.88,718578.88,6.0
FFSU,XX,62559056101,62559,561,1,2024,2,False,Pindolol T,5340.0,69.0,5185.58,4984.63,200.95
MCOU,XX,121178100,121,1781,0,2024,1,False,Children's,8247.278,424.0,32476.56,26985.62,5490.94
MCOU,XX,10370025702,10370,257,2,2024,2,True,Clonidine ,,,,,
FFSU,XX,990613822,990,6138,22,2024,2,False,SODIUM CL ,17240.5,18.0,975.88,975.88,0.0
FFSU,XX,60687077083,60687,770,83,2024,2,True,Arformoter,,,,,
MCOU,XX,70121145407,70121,1454,7,2024,3,False,Meropenem ,1634.0,38.0,2677.67,2675.53,2.14
FFSU,XX,63323077821,63323,778,21,2024,2,False,Methocarba,572.0,58.0,633.8,596.39,37.41
FFSU,XX,70710127503,70710,1275,3,2024,2,False,DEFERASIRO,2670.0,29.0,5962.72,5962.72,0.0
FFSU,XX,143930010,143,9300,10,2024,1,False,Pantoprazo,886.0,306.0,4370.55,4155.86,214.69
FFSU,XX,51293069205,51293,692,5,2024,2,True,Phenobarbi,,,,,
MCOU,XX,70860010541,70860,105,41,2024,2,False,VANCOMYCIN,28.0,20.0,17302.97,17302.97,0.0
MCOU,XX,62135050890,62135,508,90,2024,2,True,Oxybutynin,,,,,
MCOU,XX,713087430,713,874,30,2024,2,True,Tribenzor ,,,,,
FFSU,XX,46287001430,46287,14,30,2024,2,False,ORACIT    ,8251.0,21.0,1142.29,1142.29,0.0
FFSU,XX,55111078927,55111,789,27,2024,2,False,Sevelamer ,181706.0,788.0,59539.32,59189.49,349.83
MCOU,XX,65064705,65,647,5,2024,2,True,TOBRADEX  ,,,,,
FFSU,XX,143974410,143,9744,10,2024,2,False,Granisetro,377.6,224.0,7791.19,7733.19,58.0
MCOU,XX,76282044601,76282,446,1,2024,2,True,Lisinopril,,,,,
FFSU,XX,76282054530,76282,545,30,2024,2,True,Vilazodone,,,,,
MCOU,XX,69238130601,69238,1306,1,2024,2,False,Clobazam 2,129590.0,2230.0,154809.06,139666.81,15142.25
MCOU,XX,51862087206,51862,872,6,2024,2,False,MICROGESTI,95258.0,2377.0,53604.23,52235.1,1369.13
FFSU,XX,641601501,641,6015,1,2024,2,False,Diltiazem ,135.0,12.0,964.73,964.73,0.0
MCOU,XX,65162046650,65162,466,50,2024,2,False,IBUPROFEN ,4287600.2,84830.0,643971.81,636443.06,7528.75
FFSU,XX,50268078911,50268,789,11,2024,2,True,Valacyclov,,,,,
MCOU,XX,71773005005,71773,50,5,2024,2,True,Xerava (er,,,,,
MCOU,XX,69367039605,69367,396,5,2024,2,True,Ibuprofen ,,,,,
MCOU,XX,62135081347,62135,813,47,2024,2,False,Nystatin O,9021.0,68.0,2623.96,2621.96,2.0
MCOU,XX,59353040309,59353,403,9,2024,2,False,MIRCERA 10,3132.275,9157.0,1093351.98,298690.15,794661.83
MCOU,XX,42571017490,42571,174,90,2024,2,False,Atorvastat,2040.0,60.0,247.39,237.9,9.49
FFSU,XX,23155031751,23155,317,51,2024,2,True,RISPERIDON,,,,,
FFSU,XX,6008182,6,81,82,2024,2,True,JANUMETXR ,,,,,
FFSU,XX,6386203,6,3862,3,2024,1,False,EMEND 125M,321.0,58.0,85479.23,80215.81,5263.42
FFSU,XX,72578010105,72578,101,5,2024,2,False,Acyclovir ,2280.0,423.0,52065.18,51828.36,236.82
MCOU,XX,69230031532,69230,315,32,2024,2,False,Guaifenesi,574.0,17.0,369.94,369.94,0.0
MCOU,XX,69303120,69,3031,20,2024,1,False,Doxorubici,1396.5,87.0,169347.22,44945.57,124401.65
FFSU,XX,72485042210,72485,422,10,2024,2,False,AMPICILLIN,282.5,36.0,2625.95,2625.95,0.0
MCOU,XX,51862045501,51862,455,1,2024,2,True,CLONIDINE ,,,,,
MCOU,XX,66887000301,66887,3,1,2024,2,False,XIAFLEX (c,645.829,667.0,3800352.44,3556517.89,243834.55
MCOU,XX,62332062117,62332,621,17,2024,2,True,Paclitaxel,,,,,
FFSU,XX,62175089241,62175,892,41,2024,2,False,ATORVASTAT,804.0,27.0,321.6,308.1,13.5
MCOU,XX,548331600,548,3316,0,2024,2,True,EPINEPHRIN,,,,,
FFSU,XX,29300011405,29300,114,5,2024,2,False,Lamotrigin,635230.0,12330.0,170983.37,167125.81,3857.56
FFSU,XX,70710161406,70710,1614,6,2024,2,False,VARENICLIN,218954.111,3718.0,436787.27,435919.66,867.61
FFSU,XX,69452034313,69452,343,13,2024,2,False,Modafinil ,97374.611,2354.0,62685.53,60968.83,1716.7
MCOU,XX,16729021510,16729,215,10,2024,2,True,Sertraline,,,,,
MCOU,XX,76204080001,76204,800,1,2024,2,False,Levalbuter,66683.862,427.0,23104.73,17918.27,5186.46
FFSU,XX,60687039811,60687,398,11,2024,2,False,MIDODRINE ,31.0,12.0,6.01,6.01,0.0
FFSU,XX,70069038101,70069,381,1,2024,2,False,Haloperido,437.0,339.0,11898.18,11316.49,581.69
MCOU,XX,23155083605,23155,836,5,2024,2,False,Mycophenol,29411.0,239.0,9596.3,8916.83,679.47
FFSU,XX,68382018005,68382,180,5,2024,2,False,BUSPIRONE ,14301.0,197.0,2476.6,2453.86,22.74
MCOU,XX,781897201,781,8972,1,2024,2,True,DESIPRAMIN,,,,,
FFSU,XX,37683015,37,6830,15,2024,2,False,CORTIFOAM ,4365.0,241.0,136821.64,134846.32,1975.32
MCOU,XX,23155005601,23155,56,1,2024,2,False,GLYBURIDE ,4524.0,98.0,859.13,842.93,16.2
MCOU,XX,46122001452,46122,14,52,2024,2,False,GOOD NEIGH,76993.0,653.0,14822.92,14821.0,1.92
MCOU,XX,70000041103,70000,411,3,2024,2,True,LDR ACETAM,,,,,
FFSU,XX,27241009903,27241,99,3,2024,2,False,Duloxetine,3239999.0,63497.0,971065.03,952403.68,18661.35
MCOU,XX,23155054841,23155,548,41,2024,2,False,Ondansetro,13738.065,6281.0,832374.76,17885.73,814489.03
MCOU,XX,71288020011,71288,200,11,2024,2,False,Milrinone ,702.0,12.0,141.68,141.68,0.0
MCOU,XX,456241060,456,2410,60,2024,2,False,SAPHRIS 10,34101.0,676.0,644476.19,637245.78,7230.41
MCOU,XX,63304090190,63304,901,90,2024,2,False,FENOFIBRAT,7410.0,213.0,2037.34,2000.48,36.86
FFSU,XX,93943301,93,9433,1,2024,1,False,GLYBURIDE ,26760.0,392.0,6255.19,6163.11,92.08
FFSU,XX,69029301,69,293,1,2024,1,False,Nivestym (,24.948,31.0,1982.12,1360.52,621.6
MCOU,XX,70512010130,70512,101,30,2024,3,False,Hydrocorti,1607.2,50.0,265.34,264.34,1.0
MCOU,XX,70621010110,70621,101,10,2024,3,False,Ameluz    ,297.02,52.0,11582.65,9512.66,2069.99
FFSU,XX,69013501,69,135,1,2024,2,False,BOSULIF BO,11011.0,129.0,1801689.51,1801661.51,28.0
MCOU,XX,42806051330,42806,513,30,2024,2,False,Quinidine ,1972.0,30.0,9593.58,7422.4,2171.18
MCOU,XX,81964020505,81964,205,5,2024,3,False,AMOXICILLI,77182.0,3206.0,21568.46,21431.03,137.43
MCOU,XX,10019067010,10019,670,10,2024,2,True,BREVIBLOC ,,,,,
MCOU,XX,2411733,2,4117,33,2024,1,True,ZYPREXA   ,,,,,
MCOU,XX,70677008401,70677,84,1,2024,3,True,SM GAS REL,,,,,
MCOU,XX,50474098079,50474,980,79,2024,2,False,Rystiggo 2,754.602,48.0,1570804.0,1570804.0,0.0
MCOU,XX,60687043199,60687,431,99,2024,2,False,HEALTHYLAX,790.0,456.0,5342.54,3020.37,2322.17
FFSU,XX,71288043492,71288,434,92,2024,3,True,Enoxaparin,,,,,
FFSU,XX,69680014630,69680,146,30,2024,2,True,PRAMIPEXOL,,,,,
MCOU,XX,72819016103,72819,161,3,2024,2,False,DOXEPIN 3M,2205.0,74.0,10964.27,10790.1,174.17
FFSU,XX,27808005901,27808,59,1,2024,2,False,Methylphen,591695.0,2045.0,98996.59,97263.88,1732.71
FFSU,XX,69230032431,69230,324,31,2024,3,True,Polyethyle,,,,,
MCOU,XX,113118901,113,1189,1,2024,1,False,DICLOFN SO,64270.0,511.0,6152.12,6146.08,6.04
MCOU,XX,69853010201,69853,102,1,2024,2,True,Andexxa 20,,,,,
MCOU,XX,6007882,6,78,82,2024,2,True,JANUMET XR,,,,,
FFSU,XX,68516321102,68516,3211,2,2024,2,True,Profilnine,,,,,
FFSU,XX,781344395,781,3443,95,2024,2,True,FONDAPARIN,,,,,
FFSU,XX,3085722,3,857,22,2024,2,False,Sprycel   ,3176.0,102.0,1894269.08,1855298.69,38970.39
FFSU,XX,25021017915,25021,179,15,2024,2,False,DAPTOMYCIN,1304.741,144.0,83955.48,83582.12,373.36
MCOU,XX,62584081311,62584,813,11,2024,2,True,Oxazepam C,,,,,
FFSU,XX,68382009301,68382,93,1,2024,2,False,CARVEDILOL,191250.448,2381.0,26738.19,26248.34,489.85
FFSU,XX,407141308,407,1413,8,2024,2,True,Omnipaque ,,,,,
MCOU,XX,378508973,378,5089,73,2024,2,True,Vareniclin,,,,,
FFSU,XX,93529601,93,5296,1,2024,1,False,METHYLPHEN,7846.0,259.0,11667.68,11160.09,507.59
FFSU,XX,378209701,378,2097,1,2024,2,True,Nisoldipin,,,,,
FFSU,XX,70000034201,70000,342,1,2024,3,False,LDR NICOTI,4000.0,48.0,1804.41,1804.41,0.0
FFSU,XX,29300013605,29300,136,5,2024,2,False,CLONIDINE ,367044.07,7272.0,90951.6,89571.19,1380.41
MCOU,XX,46287002004,46287,20,4,2024,2,False,Carospir  ,43998.3,363.0,150585.59,146152.48,4433.11
MCOU,XX,338964101,338,9641,1,2024,2,True,ARTISS FRO,,,,,
MCOU,XX,228263611,228,2636,11,2024,2,False,GABAPENTIN,52956.0,731.0,7728.91,7362.85,366.06
MCOU,XX,70710102308,70710,1023,8,2024,2,False,ISOTRETINO,9360.0,195.0,27321.5,26619.0,702.5
FFSU,XX,71288060011,71288,600,11,2024,2,False,Pantoprazo,610.0,150.0,2826.83,2816.47,10.36
MCOU,XX,641296541,641,2965,41,2024,2,True,Esmolol HC,,,,,
MCOU,XX,81033010252,81033,102,52,2024,2,False,Guaifenesi,9665.0,64.0,1009.73,1008.47,1.26
MCOU,XX,63323046639,63323,466,39,2024,2,False,Sensorcain,1645.471,149.0,4945.88,527.49,4418.39
FFSU,XX,62011014001,62011,140,1,2024,2,True,HEALTH MAR,,,,,
MCOU,XX,49884090564,49884,905,64,2024,2,False,Diclofenac,285.0,30.0,6979.66,6738.46,241.2
FFSU,XX,487610501,487,6105,1,2024,2,True,Sterile Wa,,,,,
MCOU,XX,48102004701,48102,47,1,2024,2,True,Dexamethas,,,,,
FFSU,XX,31722025205,31722,252,5,2024,2,True,Allopurino,,,,,
FFSU,XX,591369519,591,3695,19,2024,2,True,PALIPERIDO,,,,,
FFSU,XX,51862086806,51862,868,6,2024,2,False,MICROGESTI,90563.961,2058.0,42684.72,42425.16,259.56
FFSU,XX,13668010501,13668,105,1,2024,2,False,ISMN ER 60,86523.0,1693.0,26011.82,25594.16,417.66
MCOU,XX,53746057101,53746,571,1,2024,2,False,Bethanecho,38567.0,424.0,8432.91,7677.31,755.6
MCOU,XX,68462028169,68462,281,69,2024,2,True,Brimonidin,,,,,
FFSU,XX,70677101702,70677,1017,2,2024,3,False,NASAL DECO,561.0,12.0,120.03,120.03,0.0
FFSU,XX,64380078407,64380,784,7,2024,2,False,Prednisone,69461.5,2446.0,30898.48,30578.34,320.14
FFSU,XX,64980012415,64980,124,15,2024,2,True,DIFLORASON,,,,,
FFSU,XX,52817033010,52817,330,10,2024,2,False,CYCLOBENZA,218822.0,5121.0,51593.82,50785.83,807.99
FFSU,XX,76282042105,76282,421,5,2024,3,True,LISINOPRIL,,,,,
MCOU,XX,55111022990,55111,229,90,2024,2,False,PRAVASTATI,810.0,25.0,141.79,125.51,16.28
MCOU,XX,143978701,143,9787,1,2024,2,False,ENALAPRILA,26.5,23.0,12235.59,12235.59,0.0
MCOU,XX,63323073902,63323,739,2,2024,2,False,FAMOTIDINE,21.0,17.0,0.0,0.0,0.0
FFSU,XX,49483062010,49483,620,10,2024,2,True,Metformin ,,,,,
FFSU,XX,72888011830,72888,118,30,2024,2,True,Cevimeline,,,,,
FFSU,XX,50474059766,50474,597,66,2024,2,False,Keppra 100,78260.0,718.0,1392389.0,1290745.61,101643.39
FFSU,XX,781300095,781,3000,95,2024,2,False,MEROPENEM ,199.0,13.0,1714.98,1714.98,0.0
FFSU,XX,10631011831,10631,118,31,2024,2,False,ABSORICA C,2040.0,47.0,73298.52,69756.92,3541.6
MCOU,NC,143913925,143,9139,25,2024,4,False,CEFAZOLIN ,29.5,32.0,21570.15,272.12,21298.03
MCOU,NC,603188010,603,1880,10,2024,4,True,LIDOCAINE ,,,,,
FFSU,XX,23155051200,23155,512,0,2024,1,False,NIMODIPINE,2315.0,21.0,2597.54,2595.89,1.65
MCOU,NC,254046001,254,460,1,2024,4,True,COLCHICINE,,,,,
MCOU,NC,57844011501,57844,115,1,2024,4,False,ADDERALL  ,1754.0,44.0,18360.59,18360.59,0.0
FFSU,NC,186037220,186,372,20,2024,4,False,SYMBICORT ,5528.4,492.0,111541.32,109423.53,2117.79
FFSU,NC,16729045515,16729,455,15,2024,4,True,LEVOTHYROX,,,,,
FFSU,NC,781329009,781,3290,9,2024,4,False,CLINDAMYCI,566.667,12.0,225.51,185.02,40.49
FFSU,XX,68682051495,68682,514,95,2024,1,False,Tretinoin ,25390.0,506.0,199353.48,199209.4,144.08
MCOU,XX,63824000886,63824,8,86,2024,1,False,Mucinex SE,21848.0,600.0,11943.07,11931.57,11.5
MCOU,XX,44206031050,44206,310,50,2024,1,False,ALBUMIN HU,137614.0,86.0,124862.15,119090.54,5771.61
MCOU,XX,60505283403,60505,2834,3,2024,1,False,ATOMOXETIN,29059.0,978.0,38026.02,37084.24,941.78
MCOU,XX,62037056090,62037,560,90,2024,1,False,POTASSIUM ,1295.0,27.0,413.14,396.33,16.81
FFSU,XX,16571067401,16571,674,1,2024,1,False,PHENOBARBI,12160.0,191.0,4602.55,4480.28,122.27
FFSU,XX,24208046325,24208,463,25,2024,1,False,Latanopros,80347.0,20796.0,359959.98,356566.63,3393.35
FFSU,NC,45802006535,45802,65,35,2024,4,False,TRIAMCINOL,810.0,27.0,372.57,368.77,3.8
FFSU,XX,168026345,168,263,45,2024,1,False,Alclometas,945.0,20.0,739.89,704.35,35.54
FFSU,XX,264987210,264,9872,10,2024,1,False,HEPARIN SO,191911.0,203.0,10174.13,2499.84,7674.29
FFSU,XX,69488001061,69488,10,61,2024,1,False,Pluvicto  ,52.484,16.0,337142.63,297990.53,39152.1
MCOU,XX,72205003772,72205,37,72,2024,1,False,levetirace,1090987.0,3210.0,81204.4,79455.85,1748.55
FFSU,XX,70069080901,70069,809,1,2024,1,False,Milrinone ,19648.0,57.0,9290.73,9132.96,157.77
FFSU,XX,378013501,378,135,1,2024,1,True,DILTIAZEM ,,,,,
FFSU,NC,641040012,641,400,12,2024,4,True,HEPARIN SO,,,,,
FFSU,XX,21922001604,21922,16,4,2024,1,False,Clobetasol,84675.0,2890.0,49227.67,47948.86,1278.81
MCOU,XX,59762371903,59762,3719,3,2024,1,False,ALPRAZOLAM,20631.0,464.0,3068.65,3051.37,17.28
MCOU,XX,10702005503,10702,55,3,2024,1,True,Hydrocodon,,,,,
FFSU,NC,44567084001,44567,840,1,2024,4,True,CEFAZOLIN ,,,,,
MCOU,NC,60687077084,60687,770,84,2024,4,True,ARFORMOTER,,,,,
MCOU,NC,57237016190,57237,161,90,2024,4,False,OMEPRAZOLE,4290.0,59.0,476.04,476.04,0.0
FFSU,XX,46122064654,46122,646,54,2024,1,False,GNP DICLOF,104750.0,865.0,19729.98,19716.54,13.44
MCOU,NC,480973801,480,9738,1,2024,4,True,LISDEXAMFE,,,,,
FFSU,NC,25021011020,25021,110,20,2024,4,True,CEFOXITIN ,,,,,
MCOU,XX,16571077650,16571,776,50,2024,1,False,MELOXICAM ,525.0,18.0,75.01,74.63,0.38
MCOU,XX,53746073518,53746,735,18,2024,1,False,Felbamate ,3045.0,26.0,6409.99,5325.9,1084.09
FFSU,XX,13668003560,13668,35,60,2024,1,False,RISPERIDON,903.0,43.0,291.81,291.81,0.0
MCOU,XX,45802092341,45802,923,41,2024,1,False,MESALAMINE,80242.0,54.0,25053.51,24445.82,607.69
MCOU,XX,72572007624,72572,76,24,2024,1,False,Clindamyci,2400.0,48.0,1783.31,61.1,1722.21
MCOU,XX,781520431,781,5204,31,2024,1,True,LOSARTAN/H,,,,,
FFSU,NC,63323049526,63323,495,26,2024,4,False,XYLOCAINE-,99.0,54.0,563.95,238.32,325.63
MCOU,XX,13668057410,13668,574,10,2024,1,False,Lactulose ,13446.0,18.0,230.29,230.29,0.0
MCOU,XX,23155029042,23155,290,42,2024,1,False,AMIKACIN 1,2101.9,254.0,9558.84,9272.88,285.96
MCOU,NC,49884023911,49884,239,11,2024,4,True,ITRACONAZO,,,,,
FFSU,XX,59630055107,59630,551,7,2024,1,True,Mulpleta (,,,,,
FFSU,XX,50228047112,50228,471,12,2024,1,False,Levetirace,9639.0,116.0,5462.73,5418.98,43.75
MCOU,XX,42799060502,42799,605,2,2024,1,False,Loperamide,64384.0,1554.0,24487.34,24017.76,469.58
FFSU,NC,517560225,517,5602,25,2024,4,True,HYDROXYZIN,,,,,
MCOU,XX,65162067684,65162,676,84,2024,1,False,Azelastine,1409071.0,44550.0,616911.09,603968.17,12942.92
FFSU,NC,115180302,115,1803,2,2024,4,False,HYDROXYZIN,2230.0,33.0,458.48,435.01,23.47
FFSU,XX,409128035,409,1280,35,2024,1,True,HEPARIN LK,,,,,
FFSU,NC,27241009903,27241,99,3,2024,4,False,DULOXETINE,13013.0,181.0,2798.13,2789.1,9.03
FFSU,XX,51991031190,51991,311,90,2024,1,False,Desvenlafa,92398.0,2624.0,70508.65,69155.22,1353.43
FFSU,XX,904043004,904,430,4,2024,1,False,DOXYCYCLIN,175.5,71.0,381.71,381.71,0.0
FFSU,XX,51862094205,51862,942,5,2024,1,False,DIAZEPAM 5,1538.0,64.0,643.13,601.13,42.0
FFSU,XX,72854026120,72854,261,20,2024,1,True,MUCINEX IN,,,,,
MCOU,XX,67457016300,67457,163,0,2024,1,True,SOTRADECOL,,,,,
MCOU,XX,59011041010,59011,410,10,2024,1,False,OxyContin ,177713.0,3695.0,1026256.56,1011711.62,14544.94
MCOU,NC,59651050001,59651,500,1,2024,4,False,HYDROXYZIN,3925.0,65.0,690.45,686.85,3.6
FFSU,NC,23320505,23,3205,5,2024,4,True,LUMIGAN   ,,,,,
MCOU,NC,65162076910,65162,769,10,2024,4,False,WARFARIN S,2794.0,66.0,394.78,394.78,0.0
MCOU,XX,173068224,173,682,24,2024,1,False,VENTOLIN H,46739.458,5152.0,606585.95,577839.12,28746.83
FFSU,NC,23155090101,23155,901,1,2024,4,True,BUMETANIDE,,,,,
FFSU,XX,69238110809,69238,1108,9,2024,1,False,Clomiprami,25556.0,422.0,12525.32,11990.03,535.29
FFSU,XX,50268033011,50268,330,11,2024,1,True,Fludrocort,,,,,
MCOU,NC,13668009590,13668,95,90,2024,4,False,PRAMIPEXOL,3096.0,46.0,519.62,428.34,91.28
MCOU,XX,52709170101,52709,1701,1,2024,1,True,ODACTRA 6 ,,,,,
MCOU,NC,409353201,409,3532,1,2024,4,True,PEMETREXED,,,,,
FFSU,XX,68462050033,68462,500,33,2024,1,False,ZOLMITRIPT,1502.0,149.0,7306.09,7059.04,247.05
FFSU,XX,62332004060,62332,40,60,2024,1,False,Lamotrigin,460140.0,8202.0,118939.5,115923.93,3015.57
FFSU,XX,45802021172,45802,211,72,2024,1,False,Alogliptin,178404.0,2045.0,484279.74,483942.1,337.64
FFSU,NC,23155079501,23155,795,1,2024,4,True,DOXEPIN HC,,,,,
FFSU,XX,173069504,173,695,4,2024,1,False,ADVAIR DIS,2193.0,94.0,10498.03,10498.03,0.0
FFSU,XX,49884015802,49884,158,2,2024,1,True,Everolimus,,,,,
MCOU,XX,70000052201,70000,522,1,2024,1,False,LDR EYE IT,24788.0,4805.0,42194.37,42178.37,16.0
FFSU,XX,10019094401,10019,944,1,2024,1,True,Premier Cy,,,,,
MCOU,XX,16714061306,16714,613,6,2024,1,False,Sertraline,206345.5,4628.0,42192.18,42011.86,180.32
FFSU,XX,51079012108,51079,121,8,2024,1,True,LANSOPRAZO,,,,,
FFSU,XX,63739053710,63739,537,10,2024,1,True,FOLIC ACID,,,,,
MCOU,XX,70709006530,70709,65,30,2024,1,False,Tascenso O,450.0,15.0,152807.94,152807.94,0.0
FFSU,NC,65862090901,65862,909,1,2024,4,False,CELECOXIB ,951.0,20.0,236.75,236.75,0.0
FFSU,XX,51645092199,51645,921,99,2024,1,False,          ,47145.0,1155.0,1987.81,1926.81,61.0
MCOU,XX,51224000910,51224,9,10,2024,1,False,Cholestyra,9676.8,48.0,1779.42,1779.42,0.0
MCOU,XX,69918073501,69918,735,1,2024,1,True,ISOPROTERE,,,,,
FFSU,XX,406917576,406,9175,76,2024,1,True,FENTANYL T,,,,,
FFSU,XX,72205001590,72205,15,90,2024,1,False,Pregabalin,1129435.0,15621.0,258807.9,244391.85,14416.05
FFSU,NC,31722082930,31722,829,30,2024,4,True,ARIPIPRAZO,,,,,
MCOU,NC,67457035959,67457,359,59,2024,4,False,FLUPHENAZI,798.0,162.0,12113.09,12050.1,62.99
FFSU,XX,66733095823,66733,958,23,2024,1,False,ERBITUX   ,101065.0,330.0,1070400.1,835381.36,235018.74
MCOU,NC,42457042060,42457,420,60,2024,4,False,ENDARI    ,1800.0,14.0,42728.26,42728.26,0.0
FFSU,XX,70121165801,70121,1658,1,2024,1,True,Arsenic Tr,,,,,
MCOU,XX,49483069905,49483,699,5,2024,1,True,Acetaminop,,,,,
FFSU,XX,63323061416,63323,614,16,2024,1,False,Hydralazin,90.0,76.0,1799.52,1439.19,360.33
MCOU,XX,68084074321,68084,743,21,2024,1,True,Doxycyclin,,,,,
FFSU,XX,13668008201,13668,82,1,2024,1,True,LEVOFLOXAC,,,,,
MCOU,XX,23155066142,23155,661,42,2024,1,True,Isoprotere,,,,,
MCOU,NC,55111015830,55111,158,30,2024,4,False,OMEPRAZOLE,540.0,14.0,92.38,89.14,3.24
MCOU,NC,55111026281,55111,262,81,2024,4,False,OLANZAPINE,2779.0,71.0,1525.17,1525.17,0.0
FFSU,NC,904585540,904,5855,40,2024,4,True,IBUPROFEN ,,,,,
FFSU,XX,67877050090,67877,500,90,2024,1,True,Amlodipine,,,,,
MCOU,XX,47781039260,47781,392,60,2024,1,True,Hydrocodon,,,,,
FFSU,XX,75826013610,75826,136,10,2024,1,False,Phenobarbi,910.0,11.0,171.24,171.24,0.0
FFSU,XX,65862007001,65862,70,1,2024,1,False,AMOXICLLIN,313450.0,1971.0,31527.34,31395.66,131.68
FFSU,NC,43598063710,43598,637,10,2024,4,True,LEVETIRACE,,,,,
FFSU,NC,13668048450,13668,484,50,2024,4,False,MINOCYCLIN,1503.0,33.0,817.46,817.46,0.0
MCOU,XX,70377005613,70377,56,13,2024,1,False,Esomeprazo,266476.0,6266.0,93605.61,87774.4,5831.21
MCOU,XX,68462019913,68462,199,13,2024,1,False,TELMISARTA,540.0,17.0,255.22,202.92,52.3
MCOU,XX,62011033601,62011,336,1,2024,1,True,HM Pain Re,,,,,
MCOU,XX,58657047206,58657,472,6,2024,1,False,Sodium Sul,5100.6,30.0,715.94,715.94,0.0
MCOU,XX,904732861,904,7328,61,2024,1,True,METOLAZONE,,,,,
FFSU,NC,59651072099,59651,720,99,2024,4,False,DICYCLOMIN,1480.0,17.0,287.83,287.83,0.0
MCOU,NC,50228017905,50228,179,5,2024,4,False,GABAPENTIN,233696.0,2291.0,20687.62,20317.15,370.47
MCOU,NC,832022700,832,227,0,2024,4,True,MORPHINE S,,,,,
MCOU,NC,62332060330,62332,603,30,2024,4,True,BISOPROLOL,,,,,
MCOU,NC,49401010201,49401,102,1,2024,4,False,BENLYSTA  ,104.125,66.0,234924.56,231134.24,3790.32
FFSU,XX,67877044330,67877,443,30,2024,1,False,Rabeprazol,2726.0,57.0,1235.76,1227.26,8.5
FFSU,NC,9307323,9,3073,23,2024,4,True,DEPO-MEDRO,,,,,
MCOU,XX,70677112401,70677,1124,1,2024,1,False,F&T PAIN R,5274.0,56.0,308.15,308.15,0.0
MCOU,XX,70436015542,70436,155,42,2024,1,False,Promethazi,9685325.375,65371.0,622380.53,619832.62,2547.91
MCOU,XX,45802012464,45802,124,64,2024,1,True,HYDROCORTI,,,,,
FFSU,XX,60505074905,60505,749,5,2024,1,False,CEFAZOLIN ,119.0,39.0,655.73,575.2,80.53
MCOU,NC,33342005044,33342,50,44,2024,4,False,LOSARTAN-H,13117.0,235.0,972.6,972.6,0.0
MCOU,NC,16571013710,16571,137,10,2024,4,False,ATORVASTAT,65859.0,1400.0,11315.62,11127.97,187.65
FFSU,XX,57237012499,57237,124,99,2024,1,False,WARFARIN T,14515.5,370.0,5169.11,4903.86,265.25
MCOU,NC,53489047801,53489,478,1,2024,4,True,SULINDAC  ,,,,,
MCOU,XX,69367030809,69367,308,9,2024,1,False,Eplerenone,10525.0,191.0,11142.76,10824.63,318.13
MCOU,NC,23155052341,23155,523,41,2024,4,False,PROCHLORPE,228.0,106.0,6617.69,342.1,6275.59
MCOU,XX,59148003913,59148,39,13,2024,1,False,REXULTI 3.,169618.0,5636.0,7947377.54,7753274.99,194102.55
MCOU,NC,409381511,409,3815,11,2024,4,True,MORPHINE S,,,,,
MCOU,XX,50228032305,50228,323,5,2024,1,False,Metaxalone,1574.0,22.0,999.29,998.29,1.0
FFSU,XX,10702019001,10702,190,1,2024,1,False,Hydrocodon,568.0,12.0,196.89,195.39,1.5
MCOU,XX,58151015877,58151,158,77,2024,1,True,LIPITOR 80,,,,,
FFSU,XX,63323040310,63323,403,10,2024,1,True,Fosphenyto,,,,,
MCOU,NC,16714086601,16714,866,1,2024,4,True,PALIPERIDO,,,,,
FFSU,XX,60219157305,60219,1573,5,2024,1,False,Methylpred,23.0,21.0,213.19,99.56,113.63
MCOU,XX,58657070401,58657,704,1,2024,1,False,Haloperido,20552.0,354.0,10559.08,10443.2,115.88
MCOU,NC,43547035611,43547,356,11,2024,4,False,LISINOPRIL,90547.0,1688.0,14796.84,14741.0,55.84
MCOU,XX,43547027709,43547,277,9,2024,1,True,IRBESARTAN,,,,,
MCOU,XX,70860012566,70860,125,66,2024,1,False,AZITHROMYC,77.0,88.0,3558.53,3495.82,62.71
MCOU,NC,65162080451,65162,804,51,2024,4,True,TEMOZOLOMI,,,,,
FFSU,NC,62332017460,62332,174,60,2024,4,False,LACOSAMIDE,3567.0,58.0,1780.51,1780.51,0.0
MCOU,XX,409202902,409,2029,2,2024,1,True,MORPHINE P,,,,,
MCOU,XX,409318101,409,3181,1,2024,1,False,LIDOCAINE ,46.003,19.0,20158.09,33.33,20124.76
FFSU,XX,13668013410,13668,134,10,2024,1,True,Felodipine,,,,,
FFSU,XX,62135064690,62135,646,90,2024,1,True,Felodipine,,,,,
FFSU,XX,904650904,904,6509,4,2024,1,True,ARIPIPRAZO,,,,,
MCOU,XX,51525043001,51525,430,1,2024,1,True,Felbamate ,,,,,
FFSU,NC,59385004130,59385,41,30,2024,4,True,SYMPROIC  ,,,,,
MCOU,XX,409350601,409,3506,1,2024,1,True,MEROPENEM ,,,,,
MCOU,XX,65862049647,65862,496,47,2024,1,False,SULFAMETHO,6596391.905,39485.0,768874.64,752588.33,16286.31
FFSU,XX,69367034860,69367,348,60,2024,1,True,Lacosamide,,,,,
FFSU,XX,536138792,536,1387,92,2024,1,False,CARBOXYMET,84545.0,1959.0,38088.66,38050.16,38.5
MCOU,NC,16714008111,16714,81,11,2024,4,False,HYDROXYZIN,12812.0,224.0,2057.75,2056.27,1.48
MCOU,NC,50474070062,50474,700,62,2024,4,False,CIMZIA    ,40.0,46.0,80996.1,73110.48,7885.62
FFSU,XX,60505008301,60505,83,1,2024,1,False,PAROXETINE,9792.0,277.0,4239.61,4188.61,51.0
FFSU,XX,185536909,185,5369,9,2024,1,False,EPLERENONE,1080.0,26.0,896.61,896.61,0.0
FFSU,NC,65862014405,65862,144,5,2024,4,True,CARVEDILOL,,,,,
MCOU,NC,16714017301,16714,173,1,2024,4,False,ATORVASTAT,2100.0,39.0,327.14,326.12,1.02
MCOU,XX,904732176,904,7321,76,2024,1,False,ACETAMINOP,2534.2,16.0,232.31,232.31,0.0
MCOU,NC,591243615,591,2436,15,2024,4,False,ISOTRETINO,8670.0,154.0,150440.09,149470.72,969.37
FFSU,XX,49884066009,49884,660,9,2024,1,False,Candesarta,2668.0,55.0,2311.2,2311.2,0.0
FFSU,XX,904723006,904,7230,6,2024,1,True,          ,,,,,
MCOU,XX,59746076201,59746,762,1,2024,1,False,NITROFURAN,354684.0,26716.0,259065.41,255454.14,3611.27
FFSU,XX,70710119108,70710,1191,8,2024,1,False,ESTRADIOL ,272.0,31.0,2086.59,2079.09,7.5
MCOU,NC,409206605,409,2066,5,2024,4,False,LIDOCAINE ,688.7,201.0,48444.33,1524.0,46920.33
FFSU,XX,37205098869,37205,988,69,2024,1,True,NICOTINE L,,,,,
MCOU,XX,31722073630,31722,736,30,2024,1,False,"EFAVIRENZ,",3720.0,118.0,40853.08,40800.43,52.65
MCOU,NC,64850089301,64850,893,1,2024,4,True,LOXAPINE  ,,,,,
FFSU,XX,31722031590,31722,315,90,2024,1,False,Ibuprofen ,8153.0,90.0,19393.96,19393.96,0.0
MCOU,XX,378420178,378,4201,78,2024,1,True,MYCOPHENOL,,,,,
FFSU,XX,60505095303,60505,953,3,2024,1,False,AZEL-FLUE ,79853.0,3143.0,305834.76,300516.61,5318.15
MCOU,XX,63323061441,63323,614,41,2024,1,False,Hydralazin,305.0,285.0,75208.95,41748.44,33460.51
MCOU,XX,29300041005,29300,410,5,2024,1,False,Atenolol O,2760.0,70.0,580.61,580.61,0.0
FFSU,XX,25021022706,25021,227,6,2024,1,True,ARSENIC TR,,,,,
MCOU,NC,31722062805,31722,628,5,2024,4,False,EZETIMIBE ,14514.0,356.0,3443.87,3414.02,29.85
FFSU,NC,43598012811,43598,128,11,2024,4,True,METHYLPRED,,,,,
FFSU,XX,47781030301,47781,303,1,2024,1,False,Nitrofuran,798776.847,60055.0,1089353.58,1071395.0,17958.58
MCOU,NC,55513080060,55513,800,60,2024,4,False,CORLANOR  ,5657.0,73.0,52474.14,52474.14,0.0
FFSU,XX,71288070006,71288,700,6,2024,1,True,Rocuronium,,,,,
MCOU,XX,70010002703,70010,27,3,2024,1,False,TROSPIUM C,21581.0,629.0,62840.56,55218.55,7622.01
FFSU,XX,64950024316,64950,243,16,2024,1,False,CARBINOXAM,38461.5,211.0,7382.24,7332.04,50.2
FFSU,XX,43547044203,43547,442,3,2024,1,False,TELMISARTA,18260.0,360.0,15922.2,15827.09,95.11
FFSU,XX,63739054510,63739,545,10,2024,1,False,SPIRONOLAC,318.0,13.0,119.78,115.78,4.0
FFSU,XX,60687010421,60687,104,21,2024,1,False,Ketorolac ,73.0,36.0,437.72,437.72,0.0
MCOU,XX,46122057310,46122,573,10,2024,1,False,GNP ANTI I,8880.0,39.0,210.87,210.37,0.5
MCOU,XX,67877049301,67877,493,1,2024,1,False,Azathiopri,167061.75,2528.0,57534.13,53685.96,3848.17
FFSU,XX,51862012360,51862,123,60,2024,1,True,Dapsone 5%,,,,,
MCOU,XX,68001048807,68001,488,7,2024,1,True,Capecitabi,,,,,
MCOU,NC,527239532,527,2395,32,2024,4,False,AZITHROMYC,102.0,20.0,208.73,208.73,0.0
FFSU,XX,409428202,409,4282,2,2024,1,False,LIDOCAINE ,2157.5,204.0,2845.93,2550.07,295.86
MCOU,XX,72603011001,72603,110,1,2024,1,False,ABIRATER A,4620.0,51.0,56632.74,52042.48,4590.26
FFSU,XX,72888003505,72888,35,5,2024,1,False,Carvedilol,469790.0,4280.0,48430.85,47553.62,877.23
FFSU,XX,68001036105,68001,361,5,2024,1,False,Montelukas,97342.0,2556.0,32635.58,31807.5,828.08
FFSU,XX,832152011,832,1520,11,2024,1,False,HALOPERIDO,97243.5,1638.0,37804.44,37171.59,632.85
MCOU,XX,68084019601,68084,196,1,2024,1,True,Lisinopril,,,,,
MCOU,XX,23155070501,23155,705,1,2024,1,False,Enalapril ,44391.0,926.0,9689.19,9493.8,195.39
FFSU,XX,72187010203,72187,102,3,2024,1,False,ORSERDU 34,5321.0,177.0,4009171.7,3986274.98,22896.72
MCOU,XX,64380072506,64380,725,6,2024,1,False,MYCOPHENOL,818185.0,6962.0,344534.73,327865.82,16668.91
MCOU,NC,51672125901,51672,1259,1,2024,4,False,CLOBETASOL,1800.0,50.0,734.2,729.78,4.42
MCOU,XX,65862046990,65862,469,90,2024,1,False,LOSARTAN H,528557.0,9665.0,147306.09,145551.95,1754.14
FFSU,XX,49884016002,49884,160,2,2024,1,False,Everolimus,1080.0,15.0,14680.05,14680.05,0.0
FFSU,XX,51672125906,51672,1259,6,2024,1,False,CLOBETASOL,31200.0,657.0,6510.45,6438.84,71.61
MCOU,NC,68180080136,68180,801,36,2024,2,True,LAPATINIB ,,,,,
MCOU,NC,70748017560,70748,175,60,2024,2,True,ARFORMOTER,,,,,
MCOU,NC,16729044015,16729,440,15,2024,3,False,CINACALCET,1086.0,25.0,768.16,768.16,0.0
FFSU,NC,68462025901,68462,259,1,2024,2,True,ROPINIROLE,,,,,
MCOU,NC,13107000334,13107,3,34,2024,1,False,MIRTAZAPIN,9452.0,238.0,2443.72,2414.83,28.89
FFSU,NC,68382079901,68382,799,1,2024,2,True,LABETALOL ,,,,,
FFSU,NC,54018813,54,188,13,2024,1,False,BUPRENORPH,2031.0,45.0,1506.19,1506.19,0.0
FFSU,NC,71288043692,71288,436,92,2024,2,True,ENOXAPARIN,,,,,
MCOU,NC,42806051230,42806,512,30,2024,2,True,QUINIDINE ,,,,,
MCOU,NC,378551093,378,5510,93,2024,2,True,OLANZAPINE,,,,,
MCOU,NC,52652500101,52652,5001,1,2024,3,False,KATERZIA  ,29186.0,200.0,111589.96,111589.96,0.0
MCOU,NC,70710136703,70710,1367,3,2024,3,True,EMTRICITAB,,,,,
MCOU,NC,81952012414,81952,124,14,2024,3,True,ENOXAPARIN,,,,,
MCOU,NC,781565401,781,5654,1,2024,3,True,CARBIDOPA-,,,,,
FFSU,NC,23155083501,23155,835,1,2024,3,False,HYDRALAZIN,7445.0,83.0,1346.4,1346.4,0.0
MCOU,NC,407222323,407,2223,23,2024,1,True,VISIPAQUE ,,,,,
MCOU,NC,68001011205,68001,112,5,2024,4,False,LANSOPRAZO,1820.0,32.0,435.64,435.64,0.0
MCOU,NC,68382059201,68382,592,1,2024,4,False,PERPHENAZI,4260.0,52.0,1352.35,1352.35,0.0
FFSU,NC,49884028901,49884,289,1,2024,2,True,MEGESTROL ,,,,,
MCOU,NC,61442010301,61442,103,1,2024,2,False,DICLOFENAC,2750.0,44.0,513.48,513.48,0.0
MCOU,NC,51862014801,51862,148,1,2024,2,True,HALOETTE  ,,,,,
FFSU,NC,68645013154,68645,131,54,2024,4,False,FLUOXETINE,2327.0,64.0,710.19,706.42,3.77
MCOU,NC,70756040411,70756,404,11,2024,2,False,NITROFURAN,8589.0,642.0,8349.38,8273.04,76.34
MCOU,NC,16714087802,16714,878,2,2024,3,False,LIDOCAINE ,1000.0,15.0,266.79,266.79,0.0
MCOU,NC,70095002403,70095,24,3,2024,3,False,PANTOPRAZO,314.0,283.0,128648.39,2046.52,126601.87
FFSU,NC,527458137,527,4581,37,2024,3,False,METHYLPHEN,600.0,19.0,883.24,831.73,51.51
MCOU,NC,407141308,407,1413,8,2024,1,True,OMNIPAQUE ,,,,,
MCOU,NC,16714086801,16714,868,1,2024,1,True,PALIPERIDO,,,,,
FFSU,NC,10370028011,10370,280,11,2024,1,True,DUTASTERID,,,,,
MCOU,NC,57664004988,57664,49,88,2024,3,False,LISDEXAMFE,2700.0,93.0,12810.69,11428.21,1382.48
MCOU,NC,70010013610,70010,136,10,2024,2,False,POTASSIUM ,1825.0,38.0,449.88,449.88,0.0
FFSU,NC,93083205,93,832,5,2024,1,False,CLONAZEPAM,176162.5,3229.0,29055.98,28912.17,143.81
FFSU,NC,832051101,832,511,1,2024,3,True,BETHANECHO,,,,,
FFSU,NC,67877088901,67877,889,1,2024,3,True,FAMOTIDINE,,,,,
MCOU,NC,591491001,591,4910,1,2024,3,True,TRIENTINE ,,,,,
MCOU,NC,55150018301,55150,183,1,2024,3,True,NICARDIPIN,,,,,
FFSU,NC,62332017530,62332,175,30,2024,2,True,FESOTERODI,,,,,
FFSU,NC,168002016,168,20,16,2024,3,True,HYDROCORTI,,,,,
MCOU,NC,27808023401,27808,234,1,2024,1,False,DOXYCYCLIN,7183.0,324.0,3339.54,3324.58,14.96
MCOU,NC,641620925,641,6209,25,2024,3,False,MIDAZOLAM ,1273.0,581.0,160301.19,5106.58,155194.61
FFSU,NC,16729030017,16729,300,17,2024,3,True,TRAZODONE ,,,,,
MCOU,NC,472200216,472,2002,16,2024,1,False,IBUPROFEN ,7161.0,44.0,626.03,626.03,0.0
FFSU,NC,69238209004,69238,2090,4,2024,3,False,FAMOTIDINE,6500.0,67.0,3570.76,3570.76,0.0
MCOU,NC,62135096841,62135,968,41,2024,3,True,GRISEOFULV,,,,,
MCOU,NC,47781048428,47781,484,28,2024,3,True,LENALIDOMI,,,,,
FFSU,NC,70069003003,70069,30,3,2024,2,False,HALOPERIDO,51.0,32.0,1162.37,1162.37,0.0
FFSU,NC,487980130,487,9801,30,2024,2,True,IPRATROPIU,,,,,
MCOU,NC,68180044801,68180,448,1,2024,2,False,QUETIAPINE,4257.0,90.0,1008.37,974.33,34.04
FFSU,NC,70436000203,70436,2,3,2024,4,True,POTASSIUM ,,,,,
MCOU,NC,93365740,93,3657,40,2024,1,True,BUPRENORPH,,,,,
FFSU,NC,66689034216,66689,342,16,2024,3,True,ACYCLOVIR ,,,,,
MCOU,NC,310027110,310,271,10,2024,3,True,SEROQUEL  ,,,,,
FFSU,NC,66215060206,66215,602,6,2024,3,True,UPTRAVI   ,,,,,
FFSU,NC,63323004701,63323,47,1,2024,2,True,HEPARIN SO,,,,,
FFSU,NC,904722761,904,7227,61,2024,2,True,CLONAZEPAM,,,,,
MCOU,NC,69097045905,69097,459,5,2024,3,False,FENOFIBRAT,9340.0,220.0,2606.29,2601.53,4.76
MCOU,NC,16571013750,16571,137,50,2024,1,True,ATORVASTAT,,,,,
MCOU,NC,66993037179,66993,371,79,2024,2,False,MEDROXYPRO,3410.0,3410.0,159512.5,156137.32,3375.18
FFSU,NC,33342020010,33342,200,10,2024,1,False,LEVOCETIRI,7515.0,215.0,2438.52,2426.71,11.81
FFSU,NC,68001056700,68001,567,0,2024,4,False,POTASSIUM ,627.0,14.0,211.23,211.23,0.0
MCOU,NC,75801410,75,8014,10,2024,1,False,LOVENOX   ,15.0,15.0,123.57,123.57,0.0
MCOU,NC,43598075260,43598,752,60,2024,2,False,BUPROPION ,2312.0,29.0,371.46,367.08,4.38
MCOU,NC,62332060125,62332,601,25,2024,3,False,KETOROLAC ,244.0,143.0,915.72,356.29,559.43
MCOU,NC,72888011001,72888,110,1,2024,2,False,DICLOFENAC,2583.0,43.0,497.56,490.47,7.09
MCOU,NC,67877023022,67877,230,22,2024,3,False,MYCOPHENOL,8470.0,46.0,13689.5,13543.9,145.6
MCOU,NC,69367032609,69367,326,9,2024,2,True,PREGABALIN,,,,,
MCOU,NC,33342033380,33342,333,80,2024,2,False,TRIAMCINOL,19030.0,233.0,3430.08,3430.08,0.0
MCOU,NC,46110081,46,1100,81,2024,2,False,PREMARIN  ,3982.0,99.0,26984.83,26624.29,360.54
FFSU,NC,55111015701,55111,157,1,2024,3,False,OMEPRAZOLE,1568.8,43.0,523.99,523.99,0.0
MCOU,NC,74081702,74,817,2,2024,1,False,HUMIRA(CF),28.0,14.0,97041.26,97041.26,0.0
FFSU,NC,68001056703,68001,567,3,2024,4,False,POTASSIUM ,650.0,13.0,218.85,218.85,0.0
MCOU,NC,60505392901,60505,3929,1,2024,3,False,GUANFACINE,85178.0,2187.0,39521.91,38129.91,1392.0
MCOU,NC,51224020630,51224,206,30,2024,2,True,NALTREXONE,,,,,
FFSU,NC,480924201,480,9242,1,2024,3,True,PROPYLTHIO,,,,,
FFSU,NC,13668010401,13668,104,1,2024,3,False,ISOSORBIDE,810.0,11.0,109.22,109.22,0.0
MCOU,NC,63402020830,63402,208,30,2024,3,False,APTIOM    ,14592.0,263.0,594138.85,576021.19,18117.66
FFSU,NC,378395005,378,3950,5,2024,2,False,ATORVASTAT,8780.0,226.0,1972.0,1971.32,0.68
MCOU,NC,57237016230,57237,162,30,2024,2,False,OMEPRAZOLE,660.0,13.0,121.21,121.21,0.0
MCOU,NC,43386070083,43386,700,83,2024,1,False,SOD SULF-P,248508.0,702.0,59056.55,57256.63,1799.92
FFSU,NC,65162035803,65162,358,3,2024,3,False,ZAFEMY    ,897.0,202.0,28412.86,28412.86,0.0
MCOU,NC,64950036204,64950,362,4,2024,3,True,COCAINE HC,,,,,
MCOU,NC,50228047005,50228,470,5,2024,2,True,LEVETIRACE,,,,,
FFSU,NC,70010023101,70010,231,1,2024,4,True,TRAZODONE ,,,,,
MCOU,NC,61314035501,61314,355,1,2024,2,False,TROPICAMID,69.0,16.0,243.73,243.21,0.52
MCOU,NC,168029360,168,293,60,2024,1,True,CLOBETASOL,,,,,
MCOU,NC,43547050809,43547,508,9,2024,1,True,PREGABALIN,,,,,
MCOU,NC,781718675,781,7186,75,2024,2,True,BRIMONIDIN,,,,,
MCOU,NC,245021211,245,212,11,2024,1,False,MIDODRINE ,13766.0,167.0,3659.99,3309.02,350.97
FFSU,NC,51991075990,51991,759,90,2024,2,True,LETROZOLE ,,,,,
FFSU,NC,60505025102,60505,251,2,2024,3,True,TIZANIDINE,,,,,
MCOU,NC,264319511,264,3195,11,2024,2,False,CEFEPIME-D,3662.5,15.0,2707.04,2707.04,0.0
FFSU,NC,16729041401,16729,414,1,2024,2,True,DOXAZOSIN ,,,,,
MCOU,NC,591555705,591,5557,5,2024,3,True,PROPRANOLO,,,,,
FFSU,NC,17772010430,17772,104,30,2024,3,False,TROKENDI X,1105.0,26.0,42447.8,36650.65,5797.15
MCOU,NC,781603946,781,6039,46,2024,1,False,AMOXICILLI,1900.0,15.0,172.92,172.92,0.0
FFSU,NC,781711735,781,7117,35,2024,1,True,CALCIPOTRI,,,,,
FFSU,NC,72205007490,72205,74,90,2024,2,True,DROXIDOPA ,,,,,
FFSU,NC,13668035530,13668,355,30,2024,2,True,NEBIVOLOL ,,,,,
MCOU,NC,59651027590,59651,275,90,2024,3,True,ROFLUMILAS,,,,,
MCOU,NC,63323061750,63323,617,50,2024,2,True,MILRINONE ,,,,,
FFSU,NC,574222545,574,2225,45,2024,2,True,TRETINOIN ,,,,,
FFSU,NC,378876893,378,8768,93,2024,1,True,BUPRENORPH,,,,,
FFSU,NC,73521003002,73521,30,2,2024,2,True,TYRVAYA   ,,,,,
MCOU,NC,52817038110,52817,381,10,2024,2,False,NAPROXEN  ,5458.0,113.0,13023.38,13023.38,0.0
FFSU,NC,31722072790,31722,727,90,2024,2,False,MONTELUKAS,11752.0,331.0,4285.99,4256.05,29.94
MCOU,NC,76385014601,76385,146,1,2024,3,True,FLECAINIDE,,,,,
MCOU,NC,68982014301,68982,143,1,2024,3,True,NUWIQ     ,,,,,
FFSU,NC,409351511,409,3515,11,2024,3,True,VANCOMYCIN,,,,,
FFSU,NC,16571067310,16571,673,10,2024,1,False,PHENOBARBI,3822.0,46.0,1142.59,1090.39,52.2
FFSU,NC,527133701,527,1337,1,2024,1,True,BACLOFEN  ,,,,,
FFSU,NC,71921019033,71921,190,33,2024,2,True,EXEMESTANE,,,,,
MCOU,NC,23155050105,23155,501,5,2024,1,False,HYDROXYZIN,118562.0,2193.0,21882.61,21711.86,170.75
MCOU,NC,409930020,409,9300,20,2024,1,True,ROPIVACAIN,,,,,
FFSU,NC,13668018090,13668,180,90,2024,2,True,ROSUVASTAT,,,,,
FFSU,NC,66993000210,66993,2,10,2024,2,True,ESTRADIOL ,,,,,
MCOU,NC,55513028310,55513,283,10,2024,2,True,EPOGEN    ,,,,,
MCOU,NC,53746057401,53746,574,1,2024,2,True,BETHANECHO,,,,,
FFSU,NC,54838050115,54838,501,15,2024,3,True,HALOPERIDO,,,,,
MCOU,NC,70700017785,70700,177,85,2024,3,False,JOYEAUX   ,4032.0,65.0,23748.37,23560.39,187.98
MCOU,NC,169633910,169,6339,10,2024,1,False,NOVOLOG FL,79006.0,3582.0,817085.26,773084.7,44000.56
FFSU,NC,76045000100,76045,1,0,2024,2,True,MIDAZOLAM ,,,,,
FFSU,NC,68382084994,68382,849,94,2024,3,True,ESOMEPRAZO,,,,,
MCOU,NC,781194339,781,1943,39,2024,1,False,AMOXICILLI,1820.0,64.0,9932.7,9578.31,354.39
FFSU,NC,47781056801,47781,568,1,2024,2,False,LISDEXAMFE,1452.0,48.0,8385.81,8114.24,271.57
FFSU,NC,69110120,69,1101,20,2024,1,True,PAXLOVID (,,,,,
MCOU,NC,69230032334,69230,323,34,2024,3,False,LORATADINE,21101.0,722.0,6105.12,6105.12,0.0
MCOU,NC,69367034505,69367,345,5,2024,2,False,GABAPENTIN,5683.0,50.0,606.66,604.36,2.3
MCOU,NC,61958290102,61958,2901,2,2024,3,True,VEKLURY   ,,,,,
FFSU,NC,527811037,527,8110,37,2024,3,False,DEXMETHYLP,1500.0,51.0,3094.82,3073.4,21.42
FFSU,NC,68645060590,68645,605,90,2024,3,True,ENALAPRIL ,,,,,
FFSU,NC,169770521,169,7705,21,2024,2,False,NORDITROPI,739.5,180.0,769999.87,717851.84,52148.03
FFSU,NC,9001201,9,12,1,2024,1,True,CORTEF    ,,,,,
FFSU,NC,70377000613,70377,6,13,2024,3,False,ROSUVASTAT,3644.0,64.0,649.27,649.27,0.0
FFSU,NC,69097015915,69097,159,15,2024,3,False,MELOXICAM ,3220.0,109.0,915.64,914.06,1.58
FFSU,NC,378241001,378,2410,1,2024,1,True,TRIFLUOPER,,,,,
FFSU,NC,50419032528,50419,325,28,2024,3,True,GADAVIST  ,,,,,
FFSU,NC,59651015201,59651,152,1,2024,2,False,PROGESTERO,717.0,18.0,267.89,267.89,0.0
FFSU,NC,33342027809,33342,278,9,2024,1,True,TADALAFIL ,,,,,
MCOU,NC,21922004340,21922,43,40,2024,1,True,TRETINOIN ,,,,,
FFSU,NC,70700012387,70700,123,87,2024,4,True,JAIMIESS  ,,,,,
MCOU,NC,70710123001,70710,1230,1,2024,4,False,AMITRIPTYL,3390.0,71.0,1186.58,1186.58,0.0
MCOU,NC,603154258,603,1542,58,2024,3,False,POTASSIUM ,21120.0,41.0,2764.7,1194.84,1569.86
MCOU,NC,6008154,6,81,54,2024,2,True,JANUMET XR,,,,,
MCOU,NC,378354501,378,3545,1,2024,3,True,MIRTAZAPIN,,,,,
MCOU,NC,64980058009,64980,580,9,2024,3,True,VENLAFAXIN,,,,,
MCOU,NC,13668015510,13668,155,10,2024,1,True,ESOMEPRAZO,,,,,
FFSU,NC,70710170000,70710,1700,0,2024,4,True,VENLAFAXIN,,,,,
MCOU,NC,597036055,597,360,55,2024,2,False,PRADAXA   ,5940.0,53.0,19047.52,19047.52,0.0
FFSU,NC,49230053025,49230,530,25,2024,2,False,VENOFER   ,1140.0,414.0,5038.21,5022.78,15.43
MCOU,NC,76385010710,76385,107,10,2024,4,False,DIPHENOXYL,835.0,11.0,185.29,185.29,0.0
FFSU,NC,78670005036,78670,50,36,2024,2,True,LUCEMYRA  ,,,,,
FFSU,NC,555901058,555,9010,58,2024,1,False,NORTREL   ,7396.0,130.0,3449.94,3449.94,0.0
MCOU,NC,70512084325,70512,843,25,2024,3,False,KETOROLAC ,13.0,11.0,45.01,45.01,0.0
FFSU,NC,68180021709,68180,217,9,2024,4,True,LOSARTAN-H,,,,,
FFSU,NC,42571013027,42571,130,27,2024,1,True,TRAVOPROST,,,,,
MCOU,NC,81964020407,81964,204,7,2024,2,True,AMOXICILLI,,,,,
MCOU,NC,409338513,409,3385,13,2024,3,False,PIPERACILL,14.333,12.0,557.49,557.49,0.0
FFSU,NC,70709000260,70709,2,60,2024,2,True,NITYR     ,,,,,
FFSU,NC,60687039483,60687,394,83,2024,3,True,IPRATROPIU,,,,,
MCOU,NC,409189003,409,1890,3,2024,3,False,MORPHINE S,1013.0,363.0,101007.0,7697.71,93309.29
MCOU,NC,70010000901,70010,9,1,2024,3,False,DEXMETHYLP,20388.0,685.0,40042.77,37652.17,2390.6
MCOU,NC,57664008788,57664,87,88,2024,2,False,LISDEXAMFE,330.0,11.0,2883.25,2214.64,668.61
MCOU,NC,69367018201,69367,182,1,2024,2,True,METFORMIN ,,,,,
MCOU,NC,43598085130,43598,851,30,2024,3,False,DEFERASIRO,1890.0,24.0,19840.45,3488.95,16351.5
MCOU,NC,42858000101,42858,1,1,2024,3,False,OXYCODONE ,9971.0,384.0,2866.05,2851.41,14.64
FFSU,NC,31722059730,31722,597,30,2024,1,True,RITONAVIR ,,,,,
MCOU,NC,42543014201,42543,142,1,2024,3,True,HYDROCORTI,,,,,
MCOU,NC,69238161703,69238,1617,3,2024,4,True,POTASSIUM ,,,,,
FFSU,NC,70710104203,70710,1042,3,2024,3,True,TOPIRAMATE,,,,,
MCOU,NC,264420452,264,4204,52,2024,2,False,MAGNESIUM ,1900.0,34.0,6018.31,424.43,5593.88
FFSU,NC,33342007410,33342,74,10,2024,3,True,VALSARTAN-,,,,,
FFSU,NC,27808022201,27808,222,1,2024,3,True,PALIPERIDO,,,,,
FFSU,NC,143985201,143,9852,1,2024,1,False,LEVOCARNIT,338.06,42.0,1341.89,1341.89,0.0
MCOU,NC,378623201,378,6232,1,2024,1,False,CITALOPRAM,12526.0,269.0,2261.31,2258.42,2.89
MCOU,NC,59651023690,59651,236,90,2024,3,False,ANASTROZOL,2290.0,57.0,755.92,755.92,0.0
FFSU,NC,904730461,904,7304,61,2024,1,True,PROMETHAZI,,,,,
MCOU,NC,60505132001,60505,1320,1,2024,2,False,MIDODRINE ,4568.0,59.0,836.5,805.65,30.85
FFSU,NC,51672130200,51672,1302,0,2024,2,False,TERCONAZOL,540.0,26.0,780.57,780.57,0.0
MCOU,NC,409361301,409,3613,1,2024,2,True,BUPIVACAIN,,,,,
MCOU,NC,51167090001,51167,900,1,2024,3,False,ORKAMBI   ,896.0,16.0,371987.52,371987.52,0.0
MCOU,NC,378395105,378,3951,5,2024,2,False,ATORVASTAT,44839.0,775.0,6436.3,6394.01,42.29
MCOU,NC,70954085220,70954,852,20,2024,3,True,LEVOFLOXAC,,,,,
MCOU,NC,57237018390,57237,183,90,2024,3,False,PRAMIPEXOL,1140.0,16.0,200.27,200.27,0.0
FFSU,NC,13668034130,13668,341,30,2024,2,False,LAMOTRIGIN,7682.0,103.0,6628.31,6563.2,65.11
FFSU,NC,65862073205,65862,732,5,2024,3,False,AMIODARONE,2720.0,79.0,983.97,983.97,0.0
FFSU,NC,16714039702,16714,397,2,2024,2,True,CEFPROZIL ,,,,,
FFSU,NC,70121146702,70121,1467,2,2024,2,False,MEDROXYPRO,119.0,119.0,3809.91,3809.91,0.0
MCOU,NC,70756020112,70756,201,12,2024,4,False,AMITRIPTYL,6505.0,129.0,1135.35,1134.41,0.94
FFSU,NC,62559060030,62559,600,30,2024,2,True,INDERAL XL,,,,,
MCOU,NC,63323016141,63323,161,41,2024,2,False,KETOROLAC ,161.0,157.0,45214.48,225.18,44989.3
MCOU,NC,16714008311,16714,83,11,2024,2,False,HYDROXYZIN,6230.0,119.0,1060.62,1049.71,10.91
MCOU,NC,245107330,245,1073,30,2024,3,True,QUDEXY XR ,,,,,
FFSU,NC,16714089901,16714,899,1,2024,2,True,FEXOFENADI,,,,,
MCOU,NC,21922001105,21922,11,5,2024,3,False,TACROLIMUS,5280.0,104.0,6840.97,6323.53,517.44
MCOU,NC,61314014415,61314,144,15,2024,2,True,BRIMONIDIN,,,,,
FFSU,NC,406080401,406,804,1,2024,2,True,DEXTROAMPH,,,,,
FFSU,NC,591315901,591,3159,1,2024,1,False,URSODIOL  ,1801.199,23.0,1082.88,1082.88,0.0
MCOU,NC,597015918,597,159,18,2024,2,True,SYNJARDY  ,,,,,
MCOU,NC,60505403301,60505,4033,1,2024,3,False,ICOSAPENT ,2220.0,15.0,2094.84,1687.46,407.38
FFSU,NC,65162076310,65162,763,10,2024,3,False,WARFARIN S,734.0,14.0,131.8,131.8,0.0
MCOU,NE,31722058901,31722,589,1,2024,4,False,METOPROLOL,2705.0,80.0,825.63,825.63,0.0
MCOU,NE,62332038231,62332,382,31,2024,4,True,TEMAZEPAM ,,,,,
MCOU,NC,72603018602,72603,186,2,2024,1,True,OFLOXACIN ,,,,,
MCOU,NE,43598083305,43598,833,5,2024,4,True,ATORVASTAT,,,,,
MCOU,NE,43547028950,43547,289,50,2024,3,False,BUPROPION ,990.0,13.0,217.2,217.2,0.0
MCOU,NE,43547033803,43547,338,3,2024,4,True,BENAZEPRIL,,,,,
MCOU,NE,70000035801,70000,358,1,2024,4,True,LDR A/D DP,,,,,
MCOU,NE,64380083506,64380,835,6,2024,4,True,PREDNISONE,,,,,
FFSU,ND,955101601,955,1016,1,2024,1,True,ENOXAPARIN,,,,,
FFSU,ND,29300034901,29300,349,1,2024,2,False,ALLOPURINO,805.0,14.0,206.22,206.22,0.0
FFSU,ND,53489011902,53489,119,2,2024,4,True,DOXYCYCLIN,,,,,
FFSU,ND,65862001801,65862,18,1,2024,3,True,CEPHALEXIN,,,,,
MCOU,ND,72611076510,72611,765,10,2024,3,True,VANCOMYCIN,,,,,
MCOU,NC,69452012550,69452,125,50,2024,1,False,OXCARBAZEP,45083.0,113.0,17229.4,16937.94,291.46
FFSU,NC,75834023805,75834,238,5,2024,1,False,CELECOXIB ,1300.0,27.0,327.43,327.43,0.0
MCOU,NE,472200216,472,2002,16,2024,3,True,IBUPROFEN ,,,,,
FFSU,NC,45802006436,45802,64,36,2024,1,False,TRIAMCINOL,8365.0,99.0,1374.87,1369.27,5.6
FFSU,NC,50242015001,50242,150,1,2024,1,False,OCREVUS   ,800.0,42.0,1359380.45,729722.97,629657.48
FFSU,ND,45802022211,45802,222,11,2024,1,True,FLUTICASON,,,,,
FFSU,ND,72578000801,72578,8,1,2024,1,False,METRONIDAZ,608.0,38.0,497.43,497.43,0.0
FFSU,ND,59762305101,59762,3051,1,2024,1,True,AZITHROMYC,,,,,
MCOU,NC,51672126103,51672,1261,3,2024,1,True,DESOXIMETA,,,,,
MCOU,NE,62559042301,62559,423,1,2024,4,False,HYOSCYAMIN,720.0,11.0,531.73,531.73,0.0
FFSU,NC,72241002310,72241,23,10,2024,1,False,CELECOXIB ,750.0,14.0,166.67,166.67,0.0
FFSU,ND,62559074101,62559,741,1,2024,3,True,THYROID 30,,,,,
MCOU,NC,68462030529,68462,305,29,2024,1,False,NORETHINDR,111384.0,1638.0,29749.72,29726.81,22.91
MCOU,NE,409909422,409,9094,22,2024,3,False,FENTANYL C,2258.0,896.0,1956.21,1501.6,454.61
MCOU,NE,52817032310,52817,323,10,2024,3,True,MIDODRINE ,,,,,
MCOU,NE,42571034430,42571,344,30,2024,3,True,CLOMIPRAMI,,,,,
FFSU,ND,62559029501,62559,295,1,2024,4,True,METOCLOPRA,,,,,
MCOU,NE,59011041520,59011,415,20,2024,4,True,OXYCONTIN ,,,,,
MCOU,NE,70756061260,70756,612,60,2024,4,True,ARFORMOTER,,,,,
FFSU,NC,69584009210,69584,92,10,2024,1,True,BUSPIRONE ,,,,,
FFSU,ND,13668033105,13668,331,5,2024,3,False,TRAZODONE ,4496.0,114.0,1630.85,1623.17,7.68
MCOU,NC,69076091325,69076,913,25,2024,1,True,MERCAPTOPU,,,,,
FFSU,ND,59762330403,59762,3304,3,2024,4,False,NITROGLYCE,1150.0,46.0,685.54,685.54,0.0
MCOU,NE,23391950,23,3919,50,2024,4,False,BOTOX COSM,8.24,11.0,2647.51,2637.3,10.21
MCOU,NC,65862073260,65862,732,60,2024,1,False,AMIODARONE,9603.0,153.0,2174.37,2063.85,110.52
MCOU,NE,62332058231,62332,582,31,2024,3,True,LIDOCAINE ,,,,,
FFSU,NC,69238156401,69238,1564,1,2024,1,False,AMPHETAMIN,2084.0,38.0,1736.64,1722.68,13.96
MCOU,NC,72603011502,72603,115,2,2024,1,False,TAMSULOSIN,3168.0,61.0,587.94,587.94,0.0
MCOU,NE,642746605,642,7466,5,2024,3,False,NUVESSA   ,105.0,20.0,4173.77,4173.77,0.0
MCOU,ND,55513002501,55513,25,1,2024,3,False,ARANESP 10,8.0,16.0,5193.0,5193.0,0.0
FFSU,ND,69367034860,69367,348,60,2024,4,True,LACOSAMIDE,,,,,
FFSU,ND,23155086501,23155,865,1,2024,4,True,GRISEOFULV,,,,,
MCOU,NE,59651018201,59651,182,1,2024,4,False,METHOTREXA,839.0,30.0,581.27,581.27,0.0
FFSU,ND,51224020250,51224,202,50,2024,2,True,PHENTERMIN,,,,,
MCOU,NE,29300040101,29300,401,1,2024,4,True,ATENOLOL +,,,,,
MCOU,NC,57237015801,57237,158,1,2024,1,True,REPAGLINID,,,,,
MCOU,NE,71839011310,71839,113,10,2024,4,True,ENOXAPARIN,,,,,
FFSU,ND,597002402,597,24,2,2024,3,False,COMBIVENT ,124.0,31.0,14900.22,14900.22,0.0
FFSU,NC,67877029501,67877,295,1,2024,1,True,IBUPROFEN ,,,,,
FFSU,ND,574722612,574,7226,12,2024,3,True,COMPRO 25 ,,,,,
MCOU,NE,113042860,113,428,60,2024,4,True,GS GAS REL,,,,,
FFSU,ND,65862029490,65862,294,90,2024,2,True,ROSUVASTAT,,,,,
FFSU,ND,51672403003,51672,4030,3,2024,3,True,WARFARIN S,,,,,
MCOU,NE,47335030788,47335,307,88,2024,3,True,ZOLPIDEM E,,,,,
MCOU,NE,12496121203,12496,1212,3,2024,4,False,SUBOXONE S,2977.0,57.0,52336.39,52336.39,0.0
MCOU,NE,65862023099,65862,230,99,2024,3,False,LAMOTRIGIN,5076.0,118.0,1264.16,1233.57,30.59
FFSU,NC,46287003515,46287,35,15,2024,1,True,NORLIQVA  ,,,,,
MCOU,NE,70677112201,70677,1122,1,2024,4,False,F&T ASPIRI,1353.0,43.0,413.07,413.07,0.0
MCOU,ND,23155029442,23155,294,42,2024,1,True,PROCHLORPE,,,,,
FFSU,ND,70700011885,70700,118,85,2024,4,False,VIENVA-28 ,6664.0,113.0,1989.74,1960.85,28.89
MCOU,NE,68001025404,68001,254,4,2024,4,False,FLUCONAZOL,59.0,15.0,217.72,217.72,0.0
MCOU,ND,904663961,904,6639,61,2024,3,True,QUETIAPINE,,,,,
MCOU,NE,55111016830,55111,168,30,2024,4,False,OLANZAPINE,7687.0,246.0,3229.75,3201.55,28.2
FFSU,ND,591292102,591,2921,2,2024,1,True,TESTOSTERO,,,,,
FFSU,ND,93117701,93,1177,1,2024,2,True,NEOMYCIN 5,,,,,
FFSU,ND,57237022401,57237,224,1,2024,4,True,RAMIPRIL 5,,,,,
MCOU,NE,70594006001,70594,60,1,2024,4,False,DAPTOMYCIN,334.312,176.0,32205.73,32205.73,0.0
MCOU,NC,46287050716,46287,507,16,2024,1,True,ABSORBASE ,,,,,
FFSU,ND,68180086673,68180,866,73,2024,4,True,BLISOVI FE,,,,,
MCOU,ND,55150012502,55150,125,2,2024,1,True,ONDANSETRO,,,,,
MCOU,NC,68382077306,68382,773,6,2024,1,True,EZETIMIBE ,,,,,
FFSU,NC,70700015001,70700,150,1,2024,1,False,OMEPRAZOLE,7000.0,130.0,1182.2,1175.87,6.33
FFSU,ND,54317644,54,3176,44,2024,3,True,DEXAMETHAS,,,,,
FFSU,ND,27808015501,27808,155,1,2024,2,False,ROSUVASTAT,990.0,28.0,389.18,389.18,0.0
FFSU,ND,65862076290,65862,762,90,2024,1,False,PREGABALIN,840.0,11.0,196.79,196.79,0.0
MCOU,NE,68180029503,68180,295,3,2024,3,False,DULOXETINE,3730.0,107.0,1409.65,1409.65,0.0
FFSU,ND,228285011,228,2850,11,2024,3,False,GUANFACINE,304.0,14.0,187.39,187.39,0.0
FFSU,ND,116200104,116,2001,4,2024,3,True,CHLORHEXID,,,,,
FFSU,ND,50242015001,50242,150,1,2024,1,True,OCREVUS 30,,,,,
MCOU,NC,55150030701,55150,307,1,2024,1,False,ACETAMINOP,2700.0,15.0,461.61,461.61,0.0
FFSU,ND,72516003101,72516,31,1,2024,1,True,METOPROLOL,,,,,
MCOU,NE,49053022,49,530,22,2024,3,True,PFIZERPEN ,,,,,
MCOU,NE,68382040901,68382,409,1,2024,3,False,HALOPERIDO,2537.0,42.0,792.38,792.38,0.0
FFSU,ND,64380017101,64380,171,1,2024,2,False,IMIPRAMINE,474.0,13.0,161.0,161.0,0.0
MCOU,NE,93873901,93,8739,1,2024,3,True,MEXILETINE,,,,,
FFSU,ND,60505475501,60505,4755,1,2024,1,True,CLORAZEPAT,,,,,
FFSU,ND,68001043900,68001,439,0,2024,4,True,FEXOFENADI,,,,,
FFSU,ND,16714026801,16714,268,1,2024,2,True,TRIAMCINOL,,,,,
FFSU,ND,72888002860,72888,28,60,2024,2,False,LAMOTRIGIN,814.0,16.0,186.52,186.52,0.0
FFSU,NC,69097015907,69097,159,7,2024,1,False,MELOXICAM ,19732.0,525.0,3957.23,3942.97,14.26
FFSU,NC,72888000600,72888,6,0,2024,1,False,METOPROLOL,5500.0,78.0,711.51,711.51,0.0
MCOU,NE,27241015919,27241,159,19,2024,3,True,VALGANCICL,,,,,
MCOU,NE,27808006502,27808,65,2,2024,3,False,PROMETHAZI,7145.0,50.0,544.62,529.59,15.03
MCOU,NE,65862002206,65862,22,6,2024,4,True,MIRTAZAPIN,,,,,
FFSU,ND,68180097409,68180,974,9,2024,2,True,LEVOTHYROX,,,,,
FFSU,ND,65162050603,65162,506,3,2024,4,True,INDOMETHAC,,,,,
MCOU,NE,310737220,310,7372,20,2024,4,False,BUDESONIDE,520.2,43.0,6359.82,5055.32,1304.5
FFSU,ND,57237022505,57237,225,5,2024,2,True,RAMIPRIL 1,,,,,
MCOU,NE,409018101,409,181,1,2024,3,True,GEMCITABIN,,,,,
MCOU,NE,68001059508,68001,595,8,2024,4,False,DULOXETINE,1147.0,33.0,495.19,495.19,0.0
FFSU,ND,62135026660,62135,266,60,2024,1,True,TETRACYCLI,,,,,
FFSU,ND,480413806,480,4138,6,2024,1,True,LUBIPROSTO,,,,,
MCOU,ND,72572026501,72572,265,1,2024,3,True,HYDRALAZIN,,,,,
MCOU,ND,51079025520,51079,255,20,2024,3,False,METOPROLOL,34.0,23.0,3.74,3.74,0.0
FFSU,NC,68180096601,68180,966,1,2024,1,False,LEVOTHYROX,2066.0,56.0,521.42,518.48,2.94
MCOU,NE,47781033530,47781,335,30,2024,3,True,PYRIDOSTIG,,,,,
MCOU,NE,832101500,832,1015,0,2024,3,True,AMANTADINE,,,,,
MCOU,NE,65162022808,65162,228,8,2024,4,True,LYLLANA (E,,,,,
MCOU,NE,59651027101,59651,271,1,2024,3,False,PRAZOSIN H,1149.0,28.0,232.76,232.76,0.0
MCOU,NE,597016818,597,168,18,2024,3,True,SYNJARDY 1,,,,,
FFSU,ND,68180052002,68180,520,2,2024,2,False,LISINOPRIL,1634.0,35.0,446.11,446.11,0.0
MCOU,NE,10702010001,10702,100,1,2024,4,False,METHYLPHEN,10623.0,229.0,2547.08,2547.08,0.0
FFSU,ND,65219057001,65219,570,1,2024,1,True,BUMETANIDE,,,,,
FFSU,ND,62756018588,62756,185,88,2024,1,True,OXCARBAZEP,,,,,
MCOU,ND,57237007530,57237,75,30,2024,4,False,ONDANSETRO,26.0,11.0,1081.75,1081.75,0.0
FFSU,ND,64980032430,64980,324,30,2024,3,True,PROCTOZONE,,,,,
MCOU,NE,65047401,65,474,1,2024,3,True,SYSTANE GE,,,,,
MCOU,NE,68180067206,68180,672,6,2024,4,True,LURASIDONE,,,,,
FFSU,ND,43547036211,43547,362,11,2024,3,False,LOSARTAN P,1828.0,45.0,654.85,654.85,0.0
MCOU,NE,24208048610,24208,486,10,2024,3,False,DORZOLAMID,670.0,67.0,1240.81,1240.81,0.0
MCOU,ND,43547028110,43547,281,10,2024,1,True,ESCITALOPR,,,,,
MCOU,NE,70377000613,70377,6,13,2024,4,False,ROSUVASTAT,1610.0,32.0,477.8,435.15,42.65
FFSU,ND,53489064701,53489,647,1,2024,3,True,DOXYCYCLIN,,,,,
MCOU,NE,55111028130,55111,281,30,2024,4,False,LEVOFLOXAC,656.0,90.0,804.51,804.51,0.0
FFSU,ND,69238199107,69238,1991,7,2024,4,True,DIGOXIN 12,,,,,
FFSU,NC,68462038401,68462,384,1,2024,1,False,ESZOPICLON,826.0,30.0,322.12,322.12,0.0
FFSU,ND,50228047012,50228,470,12,2024,3,False,LEVETIRACE,1210.0,21.0,325.1,325.1,0.0
FFSU,ND,904722461,904,7224,61,2024,2,False,FOLIC ACID,28.0,28.0,98.0,98.0,0.0
MCOU,NE,69292056401,69292,564,1,2024,4,True,METOLAZONE,,,,,
MCOU,ND,63323016501,63323,165,1,2024,3,False,DEXAMETHAS,85.0,53.0,156.06,155.02,1.04
FFSU,ND,51672130009,51672,1300,9,2024,3,True,AMMONIUM L,,,,,
MCOU,NE,378001801,378,18,1,2024,3,True,METOPROLOL,,,,,
FFSU,ND,42806055212,42806,552,12,2024,4,False,OMEGA-3 ET,6471.0,82.0,2074.93,2057.95,16.98
FFSU,ND,68180097409,68180,974,9,2024,1,True,LEVOTHYROX,,,,,
MCOU,NE,65862029690,65862,296,90,2024,3,False,ROSUVASTAT,2888.0,73.0,1141.05,1141.05,0.0
MCOU,NE,58657016490,58657,164,90,2024,3,False,MULTIVITE ,720.0,24.0,287.62,287.62,0.0
MCOU,NC,57664085188,57664,851,88,2024,1,True,MINOCYCLIN,,,,,
FFSU,NC,58657070001,58657,700,1,2024,1,True,HALOPERIDO,,,,,
MCOU,NC,69097068205,69097,682,5,2024,1,False,PREGABALIN,9721.0,126.0,1501.03,1498.33,2.7
FFSU,ND,9028002,9,280,2,2024,2,True,DEPO-MEDRO,,,,,
MCOU,NC,68001036400,68001,364,0,2024,1,False,METRONIDAZ,613.0,16.0,185.57,185.57,0.0
FFSU,ND,168041799,168,417,99,2024,3,True,TACROLIMUS,,,,,
MCOU,NE,44206045101,44206,451,1,2024,3,True,HIZENTRA 1,,,,,
FFSU,NC,59148003513,59148,35,13,2024,1,False,REXULTI   ,600.0,18.0,28102.75,28102.75,0.0
FFSU,ND,60505040405,60505,404,5,2024,2,False,ARIPIPRAZO,2934.0,14.0,1890.86,1869.44,21.42
FFSU,ND,43547039710,43547,397,10,2024,1,True,HYDROCHLOR,,,,,
MCOU,NC,62332038071,62332,380,71,2024,1,True,TEMAZEPAM ,,,,,
MCOU,NE,68382096506,68382,965,6,2024,4,False,LURASIDONE,907.0,27.0,1981.51,1981.51,0.0
MCOU,NE,13668000701,13668,7,1,2024,3,False,ZOLPIDEM 5,5669.0,197.0,1194.61,1194.61,0.0
FFSU,ND,63323069404,63323,694,4,2024,3,True,ACETYLCYST,,,,,
FFSU,NC,47781056701,47781,567,1,2024,1,False,LISDEXAMFE,1740.0,58.0,8679.11,8501.87,177.24
MCOU,NE,66993096045,66993,960,45,2024,3,True,METRONIDAZ,,,,,
MCOU,NE,68462026730,68462,267,30,2024,4,False,ATOMOXETIN,3963.0,122.0,4375.71,4231.86,143.85
FFSU,NC,68180096301,68180,963,1,2024,1,False,ALBUTEROL ,408.0,36.0,1345.07,999.66,345.41
MCOU,NE,61755002002,61755,20,2,2024,4,False,PRALUENT 7,94.0,47.0,22976.57,22494.6,481.97
FFSU,ND,68382085605,68382,856,5,2024,4,True,TRIAMTEREN,,,,,
FFSU,NC,68180072009,68180,720,9,2024,1,False,AMLODIPINE,1099.0,33.0,272.62,272.62,0.0
MCOU,ND,60687058701,60687,587,1,2024,3,True,PROPRANOLO,,,,,
MCOU,ND,67457041800,67457,418,0,2024,1,True,DEXAMETHAS,,,,,
MCOU,NE,53489064701,53489,647,1,2024,4,False,DOXYCYCLIN,3040.0,54.0,580.99,580.99,0.0
MCOU,ND,11534016501,11534,165,1,2024,4,True,FOLIC ACID,,,,,
FFSU,ND,536589553,536,5895,53,2024,4,True,NICOTINE 1,,,,,
MCOU,NE,64764017590,64764,175,90,2024,3,False,DEXILANT 6,780.0,23.0,7274.67,7274.67,0.0
FFSU,ND,409475518,409,4755,18,2024,4,True,ONDANSETRO,,,,,
FFSU,NC,51991098101,51991,981,1,2024,1,True,ZOLPIDEM T,,,,,
FFSU,ND,65162011550,65162,115,50,2024,3,True,HYDROCODON,,,,,
FFSU,ND,16714029402,16714,294,2,2024,2,False,AMOX-CLAV ,12125.0,92.0,1867.18,1848.6,18.58
FFSU,ND,378292193,378,2921,93,2024,4,True,TELMISARTA,,,,,
FFSU,ND,49001483,49,14,83,2024,4,True,UNASYN 3 G,,,,,
MCOU,NE,6505506,6,5055,6,2024,3,True,LAGEVRIO 2,,,,,
MCOU,NE,378702093,378,7020,93,2024,3,True,ACITRETIN ,,,,,
FFSU,ND,65162010350,65162,103,50,2024,4,False,GABAPENTIN,780.0,12.0,171.14,171.14,0.0
MCOU,NE,33342005610,33342,56,10,2024,3,True,PIOGLITAZO,,,,,
MCOU,ND,70069013101,70069,131,1,2024,1,True,TOBRAMYCIN,,,,,
FFSU,ND,57237008834,57237,88,34,2024,1,True,RIZATRIPTA,,,,,
FFSU,ND,45802011859,45802,118,59,2024,2,True,MOMETASONE,,,,,
FFSU,ND,45802022235,45802,222,35,2024,4,True,FLUTICASON,,,,,
FFSU,ND,27808015701,27808,157,1,2024,2,False,ROSUVASTAT,1020.0,22.0,332.29,332.29,0.0
FFSU,ND,67877051110,67877,511,10,2024,3,True,ATORVASTAT,,,,,
FFSU,ND,62332024590,62332,245,90,2024,4,False,FENOFIBRIC,342.0,11.0,260.32,260.32,0.0
FFSU,ND,68180097109,68180,971,9,2024,2,True,LEVOTHYROX,,,,,
FFSU,ND,527194866,527,1948,66,2024,3,True,LEVOFLOXAC,,,,,
FFSU,ND,70069000510,70069,5,10,2024,2,True,CYANOCOBAL,,,,,
MCOU,NE,59651065700,59651,657,0,2024,4,True,NITROGLYCE,,,,,
MCOU,NC,59572042521,59572,425,21,2024,1,True,REVLIMID  ,,,,,
MCOU,NE,78077767,78,777,67,2024,4,False,ENTRESTO F,930.0,13.0,10016.91,10016.91,0.0
MCOU,NE,121087404,121,874,4,2024,4,True,CETIRIZINE,,,,,
MCOU,ND,69315018201,69315,182,1,2024,2,True,OXYBUTYNIN,,,,,
FFSU,NC,67457084744,67457,847,44,2024,1,True,OGIVRI    ,,,,,
FFSU,ND,71093012005,71093,120,5,2024,2,True,GABAPENTIN,,,,,
FFSU,NC,72888001800,72888,18,0,2024,1,True,SILDENAFIL,,,,,
MCOU,ND,72266011801,72266,118,1,2024,1,False,KETOROLAC ,130.5,120.0,3269.71,3118.36,151.35
FFSU,ND,42192061705,42192,617,5,2024,2,True,BENZONATAT,,,,,
MCOU,NE,16571088409,16571,884,9,2024,3,True,ALLOPURINO,,,,,
FFSU,ND,60505008000,60505,80,0,2024,2,True,SOTALOL 80,,,,,
FFSU,ND,68180087773,68180,877,73,2024,4,False,JENCYCLA 0,2744.0,46.0,774.77,774.77,0.0
FFSU,ND,338004304,338,43,4,2024,3,True,SODIUM CHL,,,,,
MCOU,NH,42806060309,42806,603,9,2024,2,False,VENLAFAXIN,20446.0,394.0,3616.23,3616.23,0.0
MCOU,NH,63323030351,63323,303,51,2024,2,True,TOBRAMYCIN,,,,,
MCOU,NE,74707019,74,7070,19,2024,1,True,SYNTHROID ,,,,,
MCOU,NH,49483060301,49483,603,1,2024,2,True,IBUPROFEN ,,,,,
MCOU,NH,47335099436,47335,994,36,2024,1,False,WINLEVI   ,1260.0,21.0,11062.39,11062.39,0.0
MCOU,NH,45802086803,45802,868,3,2024,2,False,POLYETHYLE,646170.0,1147.0,13185.31,13185.31,0.0
MCOU,NH,70710113001,70710,1130,1,2024,2,True,CHLORPROMA,,,,,
MCOU,NH,65250026609,65250,266,9,2024,2,True,EXPAREL   ,,,,,
MCOU,NH,50419032512,50419,325,12,2024,3,False,GADAVIST  ,309.2,32.0,584.27,584.27,0.0
MCOU,NH,68645059090,68645,590,90,2024,4,False,CLOPIDOGRE,5451.0,107.0,1549.93,1549.93,0.0
MCOU,NE,50242092101,50242,921,1,2024,1,False,HEMLIBRA -,41.5,35.0,602286.28,559398.28,42888.0
MCOU,NH,27808003701,27808,37,1,2024,4,True,HYDROCODON,,,,,
MCOU,NH,52856050101,52856,501,1,2024,4,True,EMFLAZA   ,,,,,
MCOU,NE,68682090146,68682,901,46,2024,2,True,ERYTHROMYC,,,,,
MCOU,NE,116200116,116,2001,16,2024,1,False,.12% CHLOR,726905.0,1525.0,12217.46,12187.67,29.79
MCOU,NH,591387319,591,3873,19,2024,1,True,METHYLPHEN,,,,,
MCOU,NE,69238117109,69238,1171,9,2024,3,True,DOXEPIN HY,,,,,
MCOU,NE,71288040581,71288,405,81,2024,3,True,"HEPARIN 5,",,,,,
MCOU,NH,61269016150,61269,161,50,2024,3,True,MULTIVITAM,,,,,
FFSU,NH,8092351,8,923,51,2024,2,True,PROTONIX I,,,,,
MCOU,NH,65862059805,65862,598,5,2024,3,True,TAMSULOSIN,,,,,
MCOU,NE,75907009540,75907,95,40,2024,3,True,FLUOROURAC,,,,,
MCOU,NH,63323051877,63323,518,77,2024,2,True,HEPARIN SO,,,,,
MCOU,NE,9041701,9,417,1,2024,1,False,DEPO-TESTO,49.675,55.0,2076.29,2057.07,19.22
MCOU,NH,16714059001,16714,590,1,2024,4,True,DIGOXIN   ,,,,,
MCOU,NE,65862062690,65862,626,90,2024,2,False,RIZATRIPTA,944.0,92.0,1314.56,1312.63,1.93
MCOU,NH,591060501,591,605,1,2024,1,True,LABETALOL ,,,,,
MCOU,NH,57664069836,57664,698,36,2024,1,True,HALCINONID,,,,,
MCOU,NH,45802027603,45802,276,3,2024,1,False,HYDROCORTI,392.0,13.0,29.68,29.68,0.0
MCOU,NE,58657064750,58657,647,50,2024,1,False,CLONIDINE ,18429.0,359.0,2338.07,2331.39,6.68
MCOU,NH,60505280707,60505,2807,7,2024,2,False,CARBAMAZEP,2578.0,18.0,2153.27,2153.27,0.0
MCOU,NH,76045010210,76045,102,10,2024,2,False,DIPHENHYDR,19.0,18.0,68.64,66.4,2.24
MCOU,NE,69230030030,69230,300,30,2024,2,True,FEXOFENADI,,,,,
MCOU,NH,69019301,69,193,1,2024,4,True,BOSULIF   ,,,,,
MCOU,NE,68001041306,68001,413,6,2024,2,True,DULOXETINE,,,,,
MCOU,NE,55111011230,55111,112,30,2024,1,True,MOXIFLOXAC,,,,,
MCOU,NH,93117410,93,1174,10,2024,2,False,PENICILLIN,2913.0,114.0,587.13,587.13,0.0
MCOU,NE,51991075090,51991,750,90,2024,2,False,DULOXETINE,570.0,14.0,1048.88,1048.88,0.0
MCOU,NH,63323062375,63323,623,75,2024,1,True,SODIUM CHL,,,,,
MCOU,NE,68382014014,68382,140,14,2024,2,False,TOPIRAMATE,8705.0,160.0,1836.67,1824.19,12.48
MCOU,NE,69130901,69,1309,1,2024,1,True,RETACRIT 4,,,,,
MCOU,NH,904704206,904,7042,6,2024,1,True,AMANTADINE,,,,,
MCOU,NH,904629206,904,6292,6,2024,4,True,ATORVASTAT,,,,,
MCOU,NE,65862051305,65862,513,5,2024,1,False,PIOGLITAZO,1080.0,28.0,299.18,265.22,33.96
MCOU,NE,27241009990,27241,99,90,2024,1,False,DULOXETINE,68135.0,1512.0,19202.51,19140.91,61.6
MCOU,NH,60687012211,60687,122,11,2024,2,True,PREDNISONE,,,,,
MCOU,NH,72205001690,72205,16,90,2024,4,False,PREGABALIN,2679.0,31.0,322.05,322.05,0.0
MCOU,NH,39822200001,39822,2000,1,2024,2,True,CLONIDINE ,,,,,
MCOU,NE,378696112,378,6961,12,2024,2,False,GLATIRAMER,144.0,12.0,16236.18,16236.18,0.0
MCOU,NH,2248480,2,2484,80,2024,1,True,ZEPBOUND  ,,,,,
MCOU,NE,72603016701,72603,167,1,2024,1,True,METHAZOLAM,,,,,
MCOU,NE,59011027260,59011,272,60,2024,2,True,HYSINGLA E,,,,,
MCOU,NE,72578006514,72578,65,14,2024,1,False,RANOLAZINE,1380.0,15.0,1009.65,1009.65,0.0
MCOU,NH,173071920,173,719,20,2024,2,True,FLOVENT HF,,,,,
FFSU,NH,338011220,338,112,20,2024,3,True,NOREPINEPH,,,,,
MCOU,NH,603533621,603,5336,21,2024,4,False,PREDNISONE,736.0,16.0,42.91,42.91,0.0
MCOU,NH,50742034901,50742,349,1,2024,1,True,METOLAZONE,,,,,
MCOU,NH,13668072205,13668,722,5,2024,2,True,ROSUVASTAT,,,,,
MCOU,NH,67457059902,67457,599,2,2024,1,True,NALOXONE H,,,,,
MCOU,NE,69918038030,69918,380,30,2024,3,False,LAMOTRIGIN,628.0,13.0,3083.03,2100.28,982.75
MCOU,NH,72578000205,72578,2,5,2024,2,True,ACYCLOVIR ,,,,,
MCOU,NH,55150018605,55150,186,5,2024,3,True,PALONOSETR,,,,,
MCOU,NE,67877041690,67877,416,90,2024,1,True,VALSARTAN ,,,,,
MCOU,NH,68180065906,68180,659,6,2024,2,False,RIFAMPIN  ,3358.0,62.0,1892.8,1892.8,0.0
MCOU,NH,2447930,2,4479,30,2024,4,True,OLUMIANT  ,,,,,
MCOU,NH,57894064011,57894,640,11,2024,2,False,TREMFYA   ,18.0,18.0,211254.99,211254.99,0.0
MCOU,NH,45802070001,45802,700,1,2024,3,True,TACROLIMUS,,,,,
MCOU,NH,59651039501,59651,395,1,2024,4,False,BACLOFEN  ,9322.0,92.0,523.1,523.1,0.0
MCOU,NE,51754400003,51754,4000,3,2024,1,False,VAZCULEP 5,1.602,33.0,5.21,0.0,5.21
FFSU,NH,72205002590,72205,25,90,2024,2,True,ATORVASTAT,,,,,
MCOU,NE,69918090112,69918,901,12,2024,3,True,DESMOPRESS,,,,,
MCOU,NE,63323065190,63323,651,90,2024,1,True,ADENOSINE ,,,,,
MCOU,NH,64406000801,64406,8,1,2024,3,False,TYSABRI   ,13.0,13.0,96950.09,62668.6,34281.49
MCOU,NE,65162089023,65162,890,23,2024,2,True,OLOPATADIN,,,,,
MCOU,NE,70677109502,70677,1095,2,2024,2,False,F&T STOOL ,1064.0,24.0,139.7,139.7,0.0
MCOU,NE,68682090146,68682,901,46,2024,1,True,ERYTHROMYC,,,,,
MCOU,NH,68462049776,68462,497,76,2024,4,True,ZOLMITRIPT,,,,,
MCOU,NH,68682010910,68682,109,10,2024,3,True,NIFEDIPINE,,,,,
MCOU,NH,68382051201,68382,512,1,2024,1,True,AMANTADINE,,,,,
MCOU,NE,70000053801,70000,538,1,2024,1,False,LDR GENTLE,526.0,14.0,86.96,86.96,0.0
MCOU,NE,69367026209,69367,262,9,2024,1,False,VALACYCLOV,4475.0,136.0,2929.96,2929.96,0.0
MCOU,NH,62559074101,62559,741,1,2024,3,True,THYROID   ,,,,,
MCOU,NE,228278011,228,2780,11,2024,2,False,PROPRANOLO,1104.0,18.0,590.67,519.47,71.2
MCOU,NH,3161412,3,1614,12,2024,2,True,BARACLUDE ,,,,,
FFSU,NH,121174405,121,1744,5,2024,1,True,GUAIFENESI,,,,,
MCOU,NH,68645060890,68645,608,90,2024,1,False,LISINOPRIL,3910.0,69.0,321.45,321.45,0.0
MCOU,NH,168008016,168,80,16,2024,3,True,HYDROCORTI,,,,,
MCOU,NH,338004904,338,49,4,2024,1,False,SODIUM CHL,2887228.0,2700.0,24039.14,22989.08,1050.06
FFSU,NH,66993013697,66993,136,97,2024,3,True,FLUTICASON,,,,,
MCOU,NE,63323010601,63323,106,1,2024,1,False,MAGNESIUM ,1387.5,15.0,161.66,161.66,0.0
MCOU,NH,68084059095,68084,590,95,2024,4,True,ATORVASTAT,,,,,
MCOU,NH,13668033001,13668,330,1,2024,3,True,TRAZODONE ,,,,,
MCOU,NE,68001050555,68001,505,55,2024,2,False,POLYETHYLE,268.429,172.0,2493.97,2493.97,0.0
MCOU,NE,88502101,88,5021,1,2024,1,True,LANTUS NOV,,,,,
MCOU,NH,42023011625,42023,116,25,2024,1,True,PITOCIN   ,,,,,
FFSU,NH,42292003820,42292,38,20,2024,1,True,LEVOTHYROX,,,,,
MCOU,NH,65862098701,65862,987,1,2024,2,True,POTASSIUM ,,,,,
MCOU,NH,456120330,456,1203,30,2024,3,False,LINZESS   ,6240.0,174.0,94397.78,94397.78,0.0
MCOU,NE,60505618406,60505,6184,6,2024,1,True,POTASSIUM ,,,,,
MCOU,NH,378809320,378,8093,20,2024,2,True,TRETINOIN ,,,,,
MCOU,NH,82009011710,82009,117,10,2024,4,True,METFORMIN ,,,,,
MCOU,NH,536100715,536,1007,15,2024,1,False,CAL-GEST  ,3479.0,53.0,166.98,166.98,0.0
MCOU,NH,68382002410,68382,24,10,2024,2,False,ATENOLOL  ,975.0,13.0,167.24,167.24,0.0
MCOU,NH,67877046590,67877,465,90,2024,3,False,PREGABALIN,717.0,13.0,82.04,82.04,0.0
MCOU,NH,43547060510,43547,605,10,2024,3,False,LISDEXAMFE,1300.0,44.0,9257.16,9257.16,0.0
MCOU,NH,51991029205,51991,292,5,2024,4,True,OXCARBAZEP,,,,,
MCOU,NH,574222520,574,2225,20,2024,4,True,TRETINOIN ,,,,,
MCOU,NE,63323046757,63323,467,57,2024,2,True,SENSORCAIN,,,,,
MCOU,NH,51079063020,51079,630,20,2024,1,False,PRAZOSIN H,78.004,17.0,61.88,10.55,51.33
MCOU,NH,13107003105,13107,31,5,2024,1,False,MIRTAZAPIN,9736.0,303.0,1426.69,1426.69,0.0
MCOU,NH,65862047090,65862,470,90,2024,2,True,LOSARTAN-H,,,,,
MCOU,NH,60687056801,60687,568,1,2024,1,True,METHOCARBA,,,,,
MCOU,NH,904660961,904,6609,61,2024,1,True,MAGNESIUM ,,,,,
MCOU,NH,409610236,409,6102,36,2024,3,False,FUROSEMIDE,72.0,14.0,5.33,5.33,0.0
MCOU,NH,13668033001,13668,330,1,2024,2,False,TRAZODONE ,61365.0,1215.0,5137.89,5137.89,0.0
MCOU,NH,68462010630,68462,106,30,2024,3,False,ONDANSETRO,1307.0,40.0,326.08,326.08,0.0
FFSU,NH,68001049500,68001,495,0,2024,3,True,ACETAMINOP,,,,,
MCOU,NE,51672402901,51672,4029,1,2024,1,False,WARFARIN 2,504.0,13.0,114.59,113.25,1.34
MCOU,NH,24979023101,24979,231,1,2024,4,True,POTASSIUM ,,,,,
MCOU,NH,143957425,143,9574,25,2024,1,True,LEVETIRACE,,,,,
MCOU,NH,68462010630,68462,106,30,2024,2,False,ONDANSETRO,1158.0,46.0,159.45,159.45,0.0
MCOU,NH,407141451,407,1414,51,2024,4,True,OMNIPAQUE ,,,,,
FFSU,NH,31722070430,31722,704,30,2024,1,True,VALACYCLOV,,,,,
MCOU,NH,60505615704,60505,6157,4,2024,3,True,PIPERACILL,,,,,
MCOU,NH,71288042296,71288,422,96,2024,2,False,HEPARIN SO,69.0,45.0,25.41,25.41,0.0
MCOU,NH,781315606,781,3156,6,2024,4,False,ACETAMINOP,1368.0,76.0,3914.11,3914.11,0.0
FFSU,NH,58657012012,58657,120,12,2024,2,True,MAGNESIUM ,,,,,
MCOU,NE,65862013401,65862,134,1,2024,1,True,HYDROCHLOR,,,,,
MCOU,NE,65862076490,65862,764,90,2024,2,True,PREGABALIN,,,,,
MCOU,NH,536126456,536,1264,56,2024,4,True,CAPSAICIN ,,,,,
MCOU,NH,66685100100,66685,1001,0,2024,4,True,AMOXICILLI,,,,,
MCOU,NH,70010008601,70010,86,1,2024,2,True,PRAZOSIN H,,,,,
MCOU,NH,16714098501,16714,985,1,2024,4,True,TRIAMCINOL,,,,,
MCOU,NH,591533501,591,5335,1,2024,4,False,TRIHEXYPHE,1405.0,17.0,80.58,80.58,0.0
MCOU,NH,409452002,409,4520,2,2024,1,True,HEPARIN SO,,,,,
MCOU,NE,42858050203,42858,502,3,2024,1,False,BUPRENORPH,9656.0,166.0,5813.99,5813.99,0.0
MCOU,NH,70069000801,70069,8,1,2024,3,True,EPINASTINE,,,,,
MCOU,NH,67457085200,67457,852,0,2024,1,True,NOREPINEPH,,,,,
MCOU,NH,60505619301,60505,6193,1,2024,1,False,PALONOSETR,85.0,17.0,795.5,759.27,36.23
MCOU,NE,409188602,409,1886,2,2024,2,True,LEVETIRACE,,,,,
MCOU,NE,409915850,409,9158,50,2024,2,True,VITAMIN K1,,,,,
MCOU,NE,68180018008,68180,180,8,2024,2,True,CEFADROXIL,,,,,
MCOU,NH,57237008863,57237,88,63,2024,4,True,RIZATRIPTA,,,,,
MCOU,NE,60505477203,60505,4772,3,2024,2,True,VILAZODONE,,,,,
MCOU,NE,70000012501,70000,125,1,2024,1,False,LORATIDINE,3324.0,17.0,283.8,283.8,0.0
MCOU,NH,50228018001,50228,180,1,2024,1,False,GABAPENTIN,181045.0,1492.0,14449.7,14449.7,0.0
MCOU,NE,480868298,480,8682,98,2024,2,False,LEVOTHYROX,806.0,24.0,223.89,223.89,0.0
MCOU,NH,54329450,54,3294,50,2024,3,True,FUROSEMIDE,,,,,
MCOU,NH,60687024967,60687,249,67,2024,3,True,LEVETIRACE,,,,,
MCOU,NE,17772012101,17772,121,1,2024,2,True,OXTELLAR X,,,,,
MCOU,NH,68968052508,68968,525,8,2024,2,True,COMBIPATCH,,,,,
MCOU,NH,16714024530,16714,245,30,2024,1,True,MESALAMINE,,,,,
MCOU,NH,23155054742,23155,547,42,2024,4,True,ONDANSETRO,,,,,
MCOU,NE,70010074310,70010,743,10,2024,3,False,LOSARTAN P,6080.0,86.0,841.58,841.58,0.0
FFSU,NH,68001056528,68001,565,28,2024,1,True,CYCLOPHOSP,,,,,
MCOU,NH,69097082112,69097,821,12,2024,2,False,GEMFIBROZI,2492.0,24.0,374.66,374.66,0.0
MCOU,NE,63323046408,63323,464,8,2024,2,True,SENSORCAIN,,,,,
MCOU,NH,62559042301,62559,423,1,2024,2,True,HYOSCYAMIN,,,,,
MCOU,NE,64679005602,64679,56,2,2024,1,True,PIPERACILL,,,,,
MCOU,NE,63323016530,63323,165,30,2024,2,False,DEXMETHASO,1269.25,543.0,60216.92,343.41,59873.51
MCOU,NH,16571020211,16571,202,11,2024,4,True,DICLOFENAC,,,,,
MCOU,NH,69097057967,69097,579,67,2024,3,True,FOSFOMYCIN,,,,,
MCOU,NH,57237015701,57237,157,1,2024,2,True,REPAGLINID,,,,,
MCOU,NE,16714056002,16714,560,2,2024,1,True,PRAVASTA S,,,,,
MCOU,NE,904673080,904,6730,80,2024,1,False,APAP ES 50,199384.0,2206.0,16886.38,16886.38,0.0
MCOU,NH,65862017460,65862,174,60,2024,1,False,TOPIRAMATE,900.0,17.0,114.42,114.42,0.0
MCOU,NE,713068331,713,683,31,2024,1,True,GENTAMICIN,,,,,
MCOU,NE,71051324,71,513,24,2024,2,True,NEURONTIN ,,,,,
MCOU,NH,25021050002,25021,500,2,2024,4,True,THIAMINE H,,,,,
MCOU,NH,68084064011,68084,640,11,2024,4,True,LITHIUM CA,,,,,
MCOU,NE,562780525,562,7805,25,2024,1,True,RHOGAM ULT,,,,,
MCOU,NE,378581377,378,5813,77,2024,1,True,VALSARTAN ,,,,,
MCOU,NH,93831118,93,8311,18,2024,1,True,ELETRIPTAN,,,,,
MCOU,NH,472103016,472,1030,16,2024,1,True,HYDROMET  ,,,,,
MCOU,NE,60505605004,60505,6050,4,2024,1,False,BORTEZOMIB,10.383,20.0,481.06,412.46,68.6
MCOU,NH,43598049501,43598,495,1,2024,1,True,NAPROXEN S,,,,,
MCOU,NH,72578010092,72578,100,92,2024,3,True,LEVOFLOXAC,,,,,
MCOU,NH,65162037110,65162,371,10,2024,3,True,OXYBUTYNIN,,,,,
MCOU,NH,70377006213,70377,62,13,2024,4,True,LABETALOL ,,,,,
MCOU,NE,44567041024,44567,410,24,2024,1,False,MAGNESIUM ,925.0,24.0,110.63,110.63,0.0
MCOU,NH,68462050165,68462,501,65,2024,4,False,CALCIPOTRI,1140.0,18.0,816.8,816.8,0.0
MCOU,NH,33342032715,33342,327,15,2024,4,False,TRIAMCINOL,450.0,17.0,42.85,42.85,0.0
MCOU,NE,57844011501,57844,115,1,2024,1,True,ADDERALL T,,,,,
MCOU,NH,456046201,456,462,1,2024,3,True,ARMOUR THY,,,,,
MCOU,NE,71930004652,71930,46,52,2024,1,True,OXYCODONE-,,,,,
MCOU,NH,832003800,832,38,0,2024,3,True,OXYBUTYNIN,,,,,
FFSU,NH,60687046811,60687,468,11,2024,2,True,IBUPROFEN ,,,,,
MCOU,NE,527194866,527,1948,66,2024,2,True,LEVOFLOXAC,,,,,
FFSU,NH,121094216,121,942,16,2024,2,True,PHENOBARBI,,,,,
MCOU,NH,228308406,228,3084,6,2024,2,True,ALPRAZOLAM,,,,,
MCOU,NH,603459315,603,4593,15,2024,3,True,METHYLPRED,,,,,
MCOU,NE,57237030210,57237,302,10,2024,2,True,ASPIRIN 81,,,,,
FFSU,NH,904717961,904,7179,61,2024,3,True,TRAMADOL H,,,,,
MCOU,NE,93078710,93,787,10,2024,1,False,ATENOLOL T,6268.0,112.0,1104.37,1104.37,0.0
MCOU,NH,2822259,2,8222,59,2024,2,False,INSULIN LI,5400.0,281.0,52073.37,52073.37,0.0
MCOU,NH,69315013710,69315,137,10,2024,4,False,BENZTROPIN,3552.0,81.0,377.53,377.53,0.0
MCOU,NH,16729009712,16729,97,12,2024,1,False,QUETIAPINE,439.0,17.0,1288.05,1288.05,0.0
MCOU,NH,54037425,54,374,25,2024,3,False,LISDEXAMFE,5216.0,175.0,48649.59,48649.59,0.0
MCOU,NE,63323066500,63323,665,0,2024,1,False,TERBUTALIN,12.0,12.0,236.44,236.44,0.0
MCOU,NE,70010074210,70010,742,10,2024,1,False,LOSARTAN P,5284.0,88.0,698.47,698.47,0.0
MCOU,NJ,16714069301,16714,693,1,2024,2,False,FLUCONAZOL,2361.0,208.0,2313.21,2255.97,57.24
MCOU,NJ,44087111501,44087,1115,1,2024,2,False,GONAL-F RF,18.0,12.0,34791.12,34791.12,0.0
MCOU,NJ,57962028028,57962,280,28,2024,4,True,IMBRUVICA ,,,,,
MCOU,NJ,23155078701,23155,787,1,2024,2,False,ACETAZOLAM,9418.0,151.0,4226.82,4208.95,17.87
MCOU,NJ,68462026530,68462,265,30,2024,2,False,ATOMOXETIN,900.0,28.0,645.32,645.32,0.0
MCOU,NJ,21922006304,21922,63,4,2024,2,False,TRIAMCINOL,1890.0,97.0,601.83,601.83,0.0
MCOU,NJ,55111073490,55111,734,90,2024,2,False,VALSARTAN ,7969.0,253.0,2273.64,2138.56,135.08
MCOU,NJ,46122074138,46122,741,38,2024,2,True,GNP MAGNES,,,,,
MCOU,NJ,68682039204,68682,392,4,2024,3,True,HYDROCORTI,,,,,
MCOU,NJ,51660052601,51660,526,1,2024,3,False,LORATADINE,28800.0,1003.0,5328.47,5328.47,0.0
FFSU,NJ,68382080601,68382,806,1,2024,4,False,TRAZODONE ,1415.0,37.0,418.52,418.52,0.0
MCOU,NJ,13668046330,13668,463,30,2024,3,True,ITRACONAZO,,,,,
FFSU,NJ,29300012810,29300,128,10,2024,3,False,HYDROCHLOR,2248.0,73.0,709.83,709.83,0.0
MCOU,NJ,49483000355,49483,3,55,2024,4,True,BISACODYL ,,,,,
FFSU,NJ,59651042605,59651,426,5,2024,4,True,SPIRONOLAC,,,,,
MCOU,NJ,64380074403,64380,744,3,2024,2,True,BUSPIRONE ,,,,,
MCOU,NH,70000049001,70000,490,1,2024,1,True,EAR WAX RE,,,,,
MCOU,NJ,2759701,2,7597,1,2024,4,True,ZYPREXA   ,,,,,
MCOU,NJ,70677106401,70677,1064,1,2024,3,False,F&T ANTACI,2445.0,36.0,43.91,43.91,0.0
MCOU,NJ,228206710,228,2067,10,2024,2,False,OXAZEPAM C,911.0,28.0,576.95,576.95,0.0
MCOU,NJ,72578009503,72578,95,3,2024,3,True,DESOXIMETA,,,,,
MCOU,NJ,54982831,54,9828,31,2024,4,False,PREDNISONE,14284.0,368.0,1825.03,1767.37,57.66
FFSU,NJ,45802000910,45802,9,10,2024,2,True,FLUOCINOLO,,,,,
MCOU,NJ,57237003001,57237,30,1,2024,4,False,AMOXICILLI,398.0,16.0,59.79,59.79,0.0
MCOU,NJ,904706561,904,7065,61,2024,3,True,HYDROXYZIN,,,,,
MCOU,NJ,43547031509,43547,315,9,2024,4,False,VALSARTAN/,4935.0,146.0,1833.1,1746.09,87.01
MCOU,NJ,64380017901,64380,179,1,2024,2,True,DOXYCYCLIN,,,,,
MCOU,NJ,70000037302,70000,373,2,2024,2,False,LDR ACETAM,622.0,14.0,52.97,52.97,0.0
MCOU,NJ,68382078401,68382,784,1,2024,2,False,DOXAZOSIN ,2349.0,71.0,459.26,383.55,75.71
MCOU,NJ,69339014919,69339,149,19,2024,4,True,GUAIFENESI,,,,,
FFSU,NJ,42571025101,42571,251,1,2024,2,True,CLINDAMYCI,,,,,
MCOU,NJ,58657067650,58657,676,50,2024,2,False,CIPROFLOXA,170.0,13.0,77.8,77.8,0.0
FFSU,NJ,49884031591,49884,315,91,2024,4,True,RISPERIDON,,,,,
MCOU,NJ,228206710,228,2067,10,2024,3,False,OXAZEPAM C,739.0,22.0,493.72,493.72,0.0
MCOU,NJ,44567062001,44567,620,1,2024,4,True,CALCIUM GL,,,,,
FFSU,NJ,69097042112,69097,421,12,2024,4,True,CELECOXIB ,,,,,
MCOU,NJ,378047701,378,477,1,2024,2,False,DIAZEPAM 1,3470.0,61.0,305.14,305.11,0.03
FFSU,NJ,16729027668,16729,276,68,2024,4,True,FLUOROURAC,,,,,
MCOU,NJ,71839012401,71839,124,1,2024,2,True,GLYCOPYRRO,,,,,
MCOU,NJ,46122046265,46122,462,65,2024,4,False,ALLERGY RE,2137.0,72.0,738.03,738.03,0.0
MCOU,NJ,57664066483,57664,664,83,2024,4,True,CARVEDILOL,,,,,
MCOU,NJ,65862007705,65862,77,5,2024,2,False,CIPROFLOXA,9530.0,608.0,2691.09,2552.02,139.07
FFSU,NJ,641604610,641,6046,10,2024,3,True,LORAZEPAM ,,,,,
MCOU,NJ,71288043691,71288,436,91,2024,4,False,ENOXAPARIN,14.2,13.0,641.52,635.48,6.04
MCOU,NJ,66689077508,66689,775,8,2024,4,True,PHENYTOIN ,,,,,
MCOU,NJ,42806005710,42806,57,10,2024,2,False,AMLODIPINE,4004.0,96.0,348.33,340.67,7.66
MCOU,NJ,55513012610,55513,126,10,2024,3,False,EPOGEN (EP,8.45,13.0,130.65,26.0,104.65
MCOU,NJ,16714040301,16714,403,1,2024,2,False,CEFPODOXIM,1150.0,13.0,1362.0,1362.0,0.0
FFSU,NJ,228285311,228,2853,11,2024,4,True,GUANFACINE,,,,,
FFSU,NJ,59651015301,59651,153,1,2024,2,True,PROGESTERO,,,,,
MCOU,NJ,115174001,115,1740,1,2024,3,True,METHYLPHEN,,,,,
MCOU,NJ,24478032204,24478,322,4,2024,4,False,QUILLIVANT,4080.0,26.0,10710.83,10710.83,0.0
MCOU,NJ,113094424,113,944,24,2024,3,True,HEMORRHOID,,,,,
MCOU,NJ,409020110,409,201,10,2024,2,True,DOCETAXEL ,,,,,
MCOU,NJ,62135052647,62135,526,47,2024,3,True,METOCLOPRA,,,,,
FFSU,NJ,591046110,591,461,10,2024,3,True,GLIPIZIDE ,,,,,
MCOU,NJ,69097081312,69097,813,12,2024,2,False,GABAPENTIN,241920.0,3135.0,13980.36,13808.77,171.59
MCOU,NJ,904666661,904,6666,61,2024,2,True,GABAPENTIN,,,,,
MCOU,NJ,75907007201,75907,72,1,2024,2,True,NORTRIPTYL,,,,,
MCOU,NH,70710111000,70710,1110,0,2024,1,True,CYPROHEPTA,,,,,
FFSU,NJ,57237032201,57237,322,1,2024,2,True,NICOTINE(P,,,,,
MCOU,NJ,69367069101,69367,691,1,2024,3,True,PHENOBARBI,,,,,
MCOU,NJ,72305012590,72305,125,90,2024,4,True,EUTHYROX 1,,,,,
MCOU,NJ,50458064765,50458,647,65,2024,2,True,TOPAMAX 15,,,,,
MCOU,NJ,143998101,143,9981,1,2024,3,False,AMOCLAN 20,5225.0,46.0,507.72,507.72,0.0
MCOU,NJ,33342004710,33342,47,10,2024,2,False,IREBESARTA,2319.0,77.0,464.05,457.71,6.34
MCOU,NJ,68382074716,68382,747,16,2024,3,False,TIADYLT ER,3713.0,101.0,1927.2,1851.21,75.99
MCOU,NJ,33342003007,33342,30,7,2024,3,True,DONEPEZIL ,,,,,
MCOU,NJ,68462087930,68462,879,30,2024,4,True,BISOPROLOL,,,,,
FFSU,NJ,57237010601,57237,106,1,2024,2,True,DIVALPROEX,,,,,
MCOU,NH,70710111108,70710,1111,8,2024,1,False,TIZANIDINE,828.0,12.0,161.58,161.58,0.0
MCOU,NJ,70710113907,70710,1139,7,2024,4,False,FLUCONAZOL,56.0,30.0,109.13,107.65,1.48
FFSU,NJ,71839010701,71839,107,1,2024,3,False,DAPTOMYCIN,120.6,36.0,3229.92,3229.92,0.0
MCOU,NJ,42806018660,42806,186,60,2024,4,False,KLAYESTA 1,6000.0,100.0,2893.79,2233.71,660.08
MCOU,NJ,51672136908,51672,1369,8,2024,4,True,DICLOFENAC,,,,,
MCOU,NJ,82182077305,82182,773,5,2024,4,False,BRIMONIDIN,465.0,78.0,6523.17,5925.87,597.3
MCOU,NJ,51167040001,51167,400,1,2024,3,True,KALYDECO O,,,,,
MCOU,NJ,26382425,26,3824,25,2024,2,True,KOVALTRY L,,,,,
MCOU,NJ,24586903,24,5869,3,2024,1,False,TOUJEO SOL,1206.0,202.0,129134.04,58213.1,70920.94
MCOU,NJ,54318544,54,3185,44,2024,3,False,DIAZEPAM 5,515.0,14.0,329.76,329.76,0.0
MCOU,NJ,9347503,9,3475,3,2024,3,True,DEPO-MEDRO,,,,,
MCOU,NJ,70748031209,70748,312,9,2024,3,True,IBUPROFEN ,,,,,
MCOU,NJ,168006415,168,64,15,2024,4,False,FLUOCINOLO,765.0,51.0,1118.35,1112.74,5.61
MCOU,NJ,187073030,187,730,30,2024,2,False,WELLBUTRIN,660.0,22.0,42459.9,42459.9,0.0
FFSU,NJ,60687018457,60687,184,57,2024,2,True,MEMANTINE ,,,,,
MCOU,NJ,65143118,65,1431,18,2024,1,True,SYSTANE UL,,,,,
FFSU,NJ,60793021505,60793,215,5,2024,3,True,THROMBIN 5,,,,,
MCOU,NJ,62175047232,62175,472,32,2024,2,False,PAROXETINE,2788.0,83.0,2562.34,2525.41,36.93
MCOU,NJ,72611076501,72611,765,1,2024,3,False,VANCOMYCIN,18.0,14.0,113.72,97.24,16.48
MCOU,NJ,70677109701,70677,1097,1,2024,4,False,SENNA LAXA,1745.0,31.0,93.76,93.76,0.0
MCOU,NJ,50111045601,50111,456,1,2024,3,False,OXYBUTYNIN,1650.0,25.0,168.99,163.82,5.17
FFSU,NJ,65862051330,65862,513,30,2024,3,True,PIOGLITAZO,,,,,
FFSU,NJ,45802005536,45802,55,36,2024,4,True,TRIAMCINOL,,,,,
MCOU,NJ,58657048701,58657,487,1,2024,4,True,UREA CREAM,,,,,
MCOU,NJ,68180040401,68180,404,1,2024,2,False,CEFPROZIL ,790.0,44.0,882.34,868.22,14.12
MCOU,NJ,68180046406,68180,464,6,2024,2,True,SIMVASTATI,,,,,
MCOU,NJ,49348093434,49348,934,34,2024,2,True,ALL DAY AL,,,,,
FFSU,NJ,63323010401,63323,104,1,2024,3,True,ETOPOSIDE ,,,,,
MCOU,NJ,70000052001,70000,520,1,2024,4,False,LDR SENNA ,11750.0,237.0,908.49,908.49,0.0
MCOU,NJ,480363398,480,3633,98,2024,2,False,PITAVASTAT,750.0,20.0,2645.98,1825.37,820.61
MCOU,NJ,59148000713,59148,7,13,2024,3,True,ABILIFY   ,,,,,
MCOU,NJ,63323058282,63323,582,82,2024,2,True,GLUCAGON E,,,,,
FFSU,NJ,50742063360,50742,633,60,2024,2,True,METFORMIN ,,,,,
FFSU,NJ,73070010315,73070,103,15,2024,3,False,INSULIN AS,489.024,41.0,5056.22,5056.22,0.0
MCOU,NJ,68180098130,68180,981,30,2024,3,True,LISINOPRIL,,,,,
FFSU,NJ,27808009201,27808,92,1,2024,3,True,DEXMETHYLP,,,,,
FFSU,NJ,555902658,555,9026,58,2024,3,False,JUNEL FE T,420.0,13.0,162.26,162.26,0.0
MCOU,NJ,33342024811,33342,248,11,2024,4,True,REPAGLINID,,,,,
MCOU,NJ,69097091402,69097,914,2,2024,2,False,OMEPRAZOLE,2070.0,24.0,66745.86,14.87,66730.99
FFSU,NJ,65862051601,65862,516,1,2024,2,True,NAPROXEN S,,,,,
FFSU,NJ,47781035803,47781,358,3,2024,2,True,BUPRENORPH,,,,,
MCOU,NJ,70677109501,70677,1095,1,2024,2,True,F&T STOOL ,,,,,
MCOU,NJ,65219005609,65219,56,9,2024,2,True,POTASSIUM ,,,,,
FFSU,NJ,63304069301,63304,693,1,2024,3,True,CLINDAMYCI,,,,,
FFSU,NJ,904641292,904,6412,92,2024,2,True,CALCIUM AN,,,,,
FFSU,NJ,6008062,6,80,62,2024,2,True,JANUMET XR,,,,,
MCOU,NJ,75854060228,75854,602,28,2024,3,True,BALCOLTRA ,,,,,
MCOU,NJ,68462062652,68462,626,52,2024,4,False,AZELAIC AC,7250.0,145.0,5135.4,4472.92,662.48
MCOU,NJ,13668001105,13668,11,5,2024,3,False,CITALOPRAM,35814.0,1119.0,4182.41,4086.21,96.2
FFSU,NJ,61269016350,61269,163,50,2024,2,True,MULTI VITA,,,,,
MCOU,NJ,51660020090,51660,200,90,2024,2,False,EZETIMIBE ,4357.0,129.0,756.84,745.72,11.12
MCOU,NJ,456140590,456,1405,90,2024,3,True,BYSTOLIC 5,,,,,
MCOU,NJ,68001061403,68001,614,3,2024,2,False,BUPROPION ,3118.0,104.0,663.3,642.34,20.96
MCOU,NJ,70377000913,70377,9,13,2024,3,False,ROSUVASTAT,13361.0,391.0,1972.43,1900.29,72.14
MCOU,NJ,57237001401,57237,14,1,2024,2,False,TAMSULOSIN,159356.0,4324.0,19746.01,19429.16,316.85
MCOU,NJ,591533710,591,5337,10,2024,3,True,TRIHEXYPHE,,,,,
FFSU,NJ,33342005244,33342,52,44,2024,2,True,LOSARTAN A,,,,,
MCOU,NJ,71104081001,71104,810,1,2024,4,True,ELOCTATE 6,,,,,
MCOU,NJ,43547035009,43547,350,9,2024,4,False,PAROXETINE,842.0,24.0,156.33,156.33,0.0
MCOU,NJ,536136707,536,1367,7,2024,3,False,LORATADINE,844.0,34.0,588.33,588.33,0.0
MCOU,NJ,47335090218,47335,902,18,2024,3,False,QUETIAPINE,1511.0,42.0,183.72,111.25,72.47
MCOU,NJ,53746075305,53746,753,5,2024,2,True,BENAZEPRIL,,,,,
MCOU,NJ,944304710,944,3047,10,2024,3,False,ADVATE 5ML,507500.0,21.0,464222.78,418989.39,45233.39
MCOU,NJ,574241065,574,2410,65,2024,3,True,METHYLPHEN,,,,,
FFSU,NJ,63323004401,63323,44,1,2024,2,True,CYANOCOBAL,,,,,
MCOU,NJ,68001035603,68001,356,3,2024,4,False,METOPROLOL,23274.0,675.0,3328.65,3210.92,117.73
MCOU,NJ,93026392,93,263,92,2024,2,True,FLUOCINONI,,,,,
FFSU,NJ,76045000401,76045,4,1,2024,2,False,MORPHINE S,47.0,28.0,74.21,74.21,0.0
MCOU,NJ,70436017404,70436,174,4,2024,2,False,TROSPIUM C,408.0,14.0,1242.32,750.88,491.44
MCOU,NJ,338001748,338,17,48,2024,4,True,DEXTROSE 5,,,,,
FFSU,NJ,378032701,378,327,1,2024,4,True,HALOPERIDO,,,,,
MCOU,NJ,45802022211,45802,222,11,2024,4,False,FLUTICASON,1185.0,35.0,513.02,513.02,0.0
MCOU,NJ,31722042605,31722,426,5,2024,3,False,ATORVASTAT,6605.0,210.0,689.86,650.4,39.46
MCOU,NJ,29300014005,29300,140,5,2024,4,False,DIVALPROEX,113677.0,1944.0,26687.61,25242.7,1444.91
MCOU,NJ,54001021,54,10,21,2024,3,True,FLECAINIDE,,,,,
FFSU,NJ,68645052354,68645,523,54,2024,2,False,SERTRALINE,465.0,11.0,122.24,122.24,0.0
FFSU,NJ,378180310,378,1803,10,2024,4,True,LEVOTHYROX,,,,,
MCOU,NJ,59651084001,59651,840,1,2024,3,False,GUANFACINE,6660.0,153.0,2805.23,2805.23,0.0
MCOU,NJ,70436000101,70436,1,1,2024,3,True,POTASSIUM ,,,,,
FFSU,NJ,641047721,641,477,21,2024,4,True,PHENOBARBI,,,,,
FFSU,NJ,51672404001,51672,4040,1,2024,2,True,ENALAPRIL ,,,,,
MCOU,NJ,66993008896,66993,88,96,2024,2,False,FLUTICASON,648.0,54.0,22890.09,21520.16,1369.93
FFSU,NJ,10702025350,10702,253,50,2024,3,True,BUTALBITAL,,,,,
FFSU,NH,71288010110,71288,101,10,2024,1,True,OXALIPLATI,,,,,
MCOU,NJ,81952013228,81952,132,28,2024,2,True,ENOXAPARIN,,,,,
MCOU,NJ,51672423401,51672,4234,1,2024,2,True,FLUPHENAZI,,,,,
MCOU,NJ,33342018710,33342,187,10,2024,4,True,NIACIN EXT,,,,,
MCOU,NJ,43598016405,43598,164,5,2024,2,False,OLANZAPINE,15010.0,480.0,2883.81,2800.25,83.56
MCOU,NJ,70752013114,70752,131,14,2024,4,False,METHYLPHEN,39039.0,130.0,8138.73,7204.06,934.67
FFSU,NJ,33342006310,33342,63,10,2024,4,True,VALSARTAN ,,,,,
MCOU,NJ,832830130,832,8301,30,2024,3,True,ISOTRETINO,,,,,
MCOU,NJ,54023749,54,237,49,2024,2,True,MORPHINE S,,,,,
FFSU,NJ,31722074930,31722,749,30,2024,2,True,LINEZOLID ,,,,,
MCOU,NJ,65162090103,65162,901,3,2024,4,False,ARIPIPRAZO,3141.0,132.0,1270.56,1270.56,0.0
MCOU,NJ,63323063150,63323,631,50,2024,4,False,LEUCOVORIN,1376.0,22.0,1823.25,1325.48,497.77
MCOU,NJ,72603024001,72603,240,1,2024,2,False,GLYCOPYRR ,4491.0,14.0,1487.95,1487.95,0.0
FFSU,NJ,63323011710,63323,117,10,2024,4,True,FLUOROURAC,,,,,
MCOU,NJ,93413664,93,4136,64,2024,4,False,CEFDINIR F,2400.0,33.0,702.0,702.0,0.0
MCOU,NJ,13668010290,13668,102,90,2024,3,True,DONEPEZIL ,,,,,
MCOU,NJ,50111056002,50111,560,2,2024,3,False,TRAZODONE ,62696.5,1988.0,6392.83,6310.37,82.46
FFSU,NJ,62332073731,62332,737,31,2024,4,True,CHLORPROMA,,,,,
MCOU,NJ,60505475401,60505,4754,1,2024,4,False,CLORAZEPAT,1335.0,18.0,1418.54,1407.17,11.37
FFSU,NJ,60505392701,60505,3927,1,2024,2,True,GUANFACINE,,,,,
MCOU,NJ,63323028420,63323,284,20,2024,2,False,VANCOMYCIN,126.0,81.0,1718.59,1597.29,121.3
MCOU,NJ,70000047501,70000,475,1,2024,4,True,LDR NASAL ,,,,,
MCOU,NJ,68382013516,68382,135,16,2024,2,False,LOSARTAN P,1924.0,52.0,328.1,316.97,11.13
MCOU,NJ,143177201,143,1772,1,2024,2,False,ISOS DIN T,4496.0,64.0,1724.39,1360.3,364.09
FFSU,NJ,72205002499,72205,24,99,2024,3,False,ATORVASTAT,1218.0,49.0,578.97,578.97,0.0
MCOU,NJ,53746027205,53746,272,5,2024,3,False,SULFAMETHO,903.0,62.0,177.9,166.83,11.07
MCOU,NJ,68180018806,68180,188,6,2024,4,False,MELOXICAM ,1200.0,12.0,20465.38,3494.26,16971.12
FFSU,NJ,51224000160,51224,1,60,2024,3,True,BENZONATAT,,,,,
MCOU,NJ,16714014201,16714,142,1,2024,3,False,ARIPIPRAZO,12232.0,410.0,3427.54,3380.19,47.35
FFSU,NJ,69315021101,69315,211,1,2024,4,True,NIFEDIPINE,,,,,
MCOU,NJ,63323010161,63323,101,61,2024,3,False,DOXORUBICI,669.5,12.0,630.47,630.47,0.0
FFSU,NJ,93735505,93,7355,5,2024,3,True,FINASTERID,,,,,
FFSU,NJ,64980041309,64980,413,9,2024,3,True,PREGABALIN,,,,,
MCOU,NJ,42806050301,42806,503,1,2024,2,False,URSODIOL C,1987.0,30.0,3997.64,2997.89,999.75
MCOU,NJ,378395377,378,3953,77,2024,4,False,ATORVASTAT,9302.0,249.0,1665.91,1602.34,63.57
MCOU,NJ,378685677,378,6856,77,2024,2,False,LISDEXAMFE,750.0,26.0,3700.54,3700.54,0.0
FFSU,NJ,409189013,409,1890,13,2024,2,True,MORPHINE 2,,,,,
FFSU,NJ,64380072306,64380,723,6,2024,3,True,CALCITRIOL,,,,,
MCOU,NJ,24208037705,24208,377,5,2024,4,False,MIEBO 1.33,1614.0,519.0,412499.11,375553.33,36945.78
MCOU,NJ,65862000601,65862,6,1,2024,3,False,CITALOPRAM,1440.0,19.0,2108.83,2108.83,0.0
MCOU,NJ,58657064801,58657,648,1,2024,4,False,CLONIDINE ,755.0,15.0,50.01,50.01,0.0
MCOU,NJ,185209801,185,2098,1,2024,2,False,AMPHETAMIN,39346.0,1017.0,15497.57,15231.07,266.5
MCOU,NJ,51672408301,51672,4083,1,2024,3,True,HYDROCORTI,,,,,
MCOU,NJ,67877019810,67877,198,10,2024,2,False,AMLODIPINE,104888.65,2677.0,7056.07,6741.79,314.28
MCOU,NJ,59651065401,59651,654,1,2024,3,True,DIAZEPAM T,,,,,
MCOU,NJ,70710114001,70710,1140,1,2024,4,False,FLUCONAZOL,512.0,55.0,406.32,401.25,5.07
MCOU,NJ,65054301,65,543,1,2024,3,True,TRIESENCE ,,,,,
MCOU,NM,72516001201,72516,12,1,2024,3,True,DEXTROAMP-,,,,,
MCOU,NM,409140105,409,1401,5,2024,2,True,REGADENOSO,,,,,
FFSU,NJ,62559015901,62559,159,1,2024,1,False,FLUVOXAMIN,475.0,13.0,135.85,135.85,0.0
FFSU,NM,81964020505,81964,205,5,2024,3,True,AMOXICILLI,,,,,
MCOU,NM,65162051310,65162,513,10,2024,2,True,SALSALATE ,,,,,
FFSU,NM,76282025090,76282,250,90,2024,3,False,ESCITALOPR,1417.0,27.0,19348.0,19348.0,0.0
MCOU,NM,16714069211,16714,692,11,2024,2,False,FLUCONAZOL,1094.0,531.0,6719.31,6719.31,0.0
FFSU,NM,527512570,527,5125,70,2024,2,False,LACTULOSE ,37206.0,49.0,19857.3,19857.3,0.0
MCOU,NM,16714061306,16714,613,6,2024,3,False,SERTRALINE,1081.0,19.0,261.6,261.6,0.0
MCOU,NM,69097022416,69097,224,16,2024,4,False,ALENDRONAT,609.0,101.0,1155.45,1155.45,0.0
MCOU,NJ,70121164205,70121,1642,5,2024,1,True,VASOPRESSI,,,,,
MCOU,NM,50458014090,50458,140,90,2024,4,True,INVOKANA 1,,,,,
MCOU,NM,60687049101,60687,491,1,2024,4,True,NAPROXEN 5,,,,,
MCOU,NJ,55513032601,55513,326,1,2024,1,True,RIABNI (RI,,,,,
MCOU,NJ,63323026226,63323,262,26,2024,1,False,HEPARIN SO,134.0,64.0,16.45,13.08,3.37
MCOU,NM,51672400503,51672,4005,3,2024,2,True,CARBAMAZEP,,,,,
MCOU,NJ,93354356,93,3543,56,2024,1,True,ATOMOXETIN,,,,,
MCOU,NJ,228365903,228,3659,3,2024,1,True,ROPINIROLE,,,,,
MCOU,NM,42571036007,42571,360,7,2024,3,True,METFORMIN ,,,,,
MCOU,NM,63323006404,63323,64,4,2024,3,False,MAGNESIUM ,68.0,43.0,51.38,51.38,0.0
FFSU,NM,50228010510,50228,105,10,2024,3,False,METFORMIN ,2190.0,38.0,27322.0,27322.0,0.0
MCOU,NJ,378425001,378,4250,1,2024,1,False,DOXEPIN HC,1365.0,42.0,618.91,618.91,0.0
FFSU,NM,409337904,409,3379,4,2024,2,False,PIPERACIL-,41.0,39.0,28041.0,28041.0,0.0
MCOU,NJ,62175082046,62175,820,46,2024,1,True,ESOMEPRAZO,,,,,
MCOU,NM,46122054890,46122,548,90,2024,4,True,GNP IBUPRO,,,,,
FFSU,NJ,51224002070,51224,20,70,2024,1,False,METFORMIN ,540.0,12.0,136.84,136.84,0.0
MCOU,NM,51672140709,51672,1407,9,2024,2,False,TRETINOIN ,13950.0,310.0,21382.93,21249.15,133.78
FFSU,NM,68180032009,68180,320,9,2024,2,False,BUPROPION ,844.0,17.0,10117.92,10117.92,0.0
MCOU,NM,64950034316,64950,343,16,2024,2,False,HYDROCODON,17157.5,83.0,4923.71,4923.71,0.0
MCOU,NJ,71858006004,71858,60,4,2024,1,False,TIROSINT 2,934.0,30.0,4404.68,4404.68,0.0
MCOU,NM,173089314,173,893,14,2024,2,True,TRELEGY EL,,,,,
FFSU,NM,24979019801,24979,198,1,2024,2,True,GUANFACINE,,,,,
MCOU,NJ,57237008734,57237,87,34,2024,1,True,RIZATRIPTA,,,,,
MCOU,NM,10147068701,10147,687,1,2024,4,True,METHYLPHEN,,,,,
MCOU,NJ,51991035006,51991,350,6,2024,1,False,LACOSAMIDE,4707.0,81.0,2150.97,1940.43,210.54
FFSU,NJ,70756020511,70756,205,11,2024,1,True,AMITRIPTYL,,,,,
FFSU,NM,64380084406,64380,844,6,2024,3,True,URSODIOL 3,,,,,
MCOU,NJ,42571013460,42571,134,60,2024,1,True,DICLOFENAC,,,,,
MCOU,NM,69543038330,69543,383,30,2024,2,True,OLANZAPINE,,,,,
FFSU,NJ,55111014630,55111,146,30,2024,1,True,FLUCONAZOL,,,,,
MCOU,NJ,62332058231,62332,582,31,2024,1,False,LIDOCAINE ,2820.0,95.0,1276.66,1159.41,117.25
FFSU,NM,55150038401,55150,384,1,2024,2,True,TRIAMCINOL,,,,,
MCOU,NM,42806008805,42806,88,5,2024,4,True,ESTRADIOL ,,,,,
FFSU,NM,93013505,93,135,5,2024,4,True,CARVEDILOL,,,,,
MCOU,NJ,68462031829,68462,318,29,2024,1,False,DESOGESTRE,4172.0,117.0,1817.4,1817.4,0.0
MCOU,NM,228285111,228,2851,11,2024,2,False,GUANFACINE,14029.0,351.0,7439.68,7433.69,5.99
FFSU,NM,70710145701,70710,1457,1,2024,4,True,AZITHROMYC,,,,,
MCOU,NM,72065014011,72065,140,11,2024,3,True,GVOKE 1 MG,,,,,
MCOU,NJ,591086201,591,862,1,2024,1,False,LISINOPRIL,1365.0,37.0,143.7,143.7,0.0
FFSU,NM,27808015503,27808,155,3,2024,2,True,ROSUVASTAT,,,,,
FFSU,NM,713070915,713,709,15,2024,4,True,FLUOCINOLO,,,,,
MCOU,NJ,43547060210,43547,602,10,2024,1,True,PKGS LISDE,,,,,
MCOU,NM,713022615,713,226,15,2024,4,False,TRIAMCINOL,2190.0,91.0,1279.8,1279.8,0.0
MCOU,NM,65862035790,65862,357,90,2024,3,False,CLOPIDOGRE,1560.0,26.0,397.23,395.32,1.91
FFSU,NM,74057630,74,576,30,2024,3,True,VENCLEXTA ,,,,,
MCOU,NM,31722095501,31722,955,1,2024,4,False,METHYLPHEN,540.0,18.0,628.06,628.06,0.0
FFSU,NM,65862078201,65862,782,1,2024,2,True,METHENAMIN,,,,,
MCOU,NM,69238214107,69238,2141,7,2024,3,False,ENALAPRIL ,4395.4,32.0,7217.29,7003.04,214.25
MCOU,NM,71288020185,71288,201,85,2024,2,False,REGADENOSO,230.0,45.0,6111.1,6111.1,0.0
MCOU,NJ,113046708,113,467,8,2024,1,True,GOOD SENSE,,,,,
FFSU,NM,23155050205,23155,502,5,2024,2,True,HYDROXYZIN,,,,,
MCOU,NM,24979020003,24979,200,3,2024,3,False,DICYCLOMIN,4273.0,68.0,1160.4,1160.4,0.0
MCOU,NM,113118903,113,1189,3,2024,4,True,GS ARTHRIT,,,,,
MCOU,NM,781716783,781,7167,83,2024,2,False,ESTRADIOL ,280.0,30.0,1866.51,1866.51,0.0
FFSU,NM,904632261,904,6322,61,2024,4,True,METOPROLOL,,,,,
MCOU,NM,121054410,121,544,10,2024,2,True,DOCUSATE S,,,,,
MCOU,NM,13668030760,13668,307,60,2024,3,True,CELECOXIB ,,,,,
FFSU,NM,63304061650,63304,616,50,2024,4,True,DOXYCYCLIN,,,,,
FFSU,NJ,70700010918,70700,109,18,2024,1,True,CLOBETASOL,,,,,
MCOU,NM,21922001707,21922,17,7,2024,2,False,CLOBETASOL,5100.0,81.0,1591.19,1591.19,0.0
MCOU,NJ,113047978,113,479,78,2024,1,False,DIPHENHYDR,680.0,19.0,50.19,50.19,0.0
MCOU,NM,6306901,6,3069,1,2024,4,False,PIFELTRO 1,330.0,11.0,18129.91,18129.91,0.0
MCOU,NM,45802095226,45802,952,26,2024,3,False,IBUPROFEN ,15217.5,117.0,2052.55,2050.6,1.95
MCOU,NJ,50419054001,50419,540,1,2024,1,False,KERENDIA 1,7212.0,229.0,159680.85,133663.34,26017.51
MCOU,NJ,59746036390,59746,363,90,2024,1,False,VALSARTAN ,1740.0,55.0,662.72,662.72,0.0
MCOU,NM,378479106,378,4791,6,2024,4,True,FLUOROURAC,,,,,
FFSU,NM,68682036990,68682,369,90,2024,4,True,DILTIAZEM ,,,,,
MCOU,NM,55150032901,55150,329,1,2024,3,False,MEDROXYPRO,231.0,233.0,19660.6,19660.6,0.0
FFSU,NM,76282025010,76282,250,10,2024,2,False,ESCITALOPR,1755.0,39.0,26626.36,26626.36,0.0
FFSU,NM,472033720,472,337,20,2024,4,True,HYDROCORTI,,,,,
MCOU,NM,409189103,409,1891,3,2024,4,False,MORPHINE 4,498.0,413.0,3886.73,3886.73,0.0
MCOU,NM,43547040110,43547,401,10,2024,3,False,FUROSEMIDE,1931.0,41.0,451.73,451.73,0.0
FFSU,NJ,536131385,536,1313,85,2024,1,False,GUAIFENESI,5040.0,32.0,240.66,240.66,0.0
MCOU,NM,63304069205,63304,692,5,2024,3,False,CLINDAMYCI,7389.0,173.0,2704.86,2699.67,5.19
MCOU,NM,42858016301,42858,163,1,2024,2,True,LISDEXAMFE,,,,,
MCOU,NM,83257001532,83257,15,32,2024,2,False,INSULIN GL,120785.0,6265.0,765127.22,763768.49,1358.73
MCOU,NM,23585801,23,5858,1,2024,3,True,LILETTA 52,,,,,
MCOU,NM,45802006601,45802,66,1,2024,2,True,AZELASTIN-,,,,,
MCOU,NM,50242013801,50242,138,1,2024,3,False,ACTEMRA 16,46.8,17.0,45510.62,45510.62,0.0
MCOU,NJ,82293000210,82293,2,10,2024,1,True,ABIRATERON,,,,,
MCOU,NM,68382005005,68382,50,5,2024,4,False,MELOXICAM ,28951.0,617.0,7148.34,7092.88,55.46
MCOU,NM,409733520,409,7335,20,2024,3,True,CEFTRIAXON,,,,,
MCOU,NJ,51991082228,51991,822,28,2024,1,False,EVEROLIMUS,294.0,13.0,18506.22,18506.22,0.0
MCOU,NJ,62559098015,62559,980,15,2024,1,True,CLOBETASOL,,,,,
MCOU,NM,62756051788,62756,517,88,2024,2,True,CARBIDOPA-,,,,,
MCOU,NM,62935022305,62935,223,5,2024,2,True,ELIGARD 22,,,,,
MCOU,NM,574985510,574,9855,10,2024,2,False,BUDESONIDE,2835.0,43.0,2366.97,2366.97,0.0
MCOU,NM,143932001,143,9320,1,2024,3,True,LABETALOL ,,,,,
MCOU,NJ,72888000215,72888,2,15,2024,1,True,TIZANIDINE,,,,,
FFSU,NM,67457094010,67457,940,10,2024,3,True,ACETAMINOP,,,,,
FFSU,NM,72516003150,72516,31,50,2024,4,True,METOPROLOL,,,,,
MCOU,NM,50742063660,50742,636,60,2024,2,True,QUETIAPINE,,,,,
MCOU,NM,904042804,904,428,4,2024,2,True,DOXYCYCLIN,,,,,
MCOU,NM,50742052110,50742,521,10,2024,3,False,CYCLOPHOSP,483.85,11.0,3283.75,3283.75,0.0
MCOU,NM,990711609,990,7116,9,2024,3,False,POTASSIUM ,7200.0,18.0,262.44,262.44,0.0
FFSU,NM,60505613005,60505,6130,5,2024,4,False,ONDANSETRO,100.0,40.0,66.29,66.29,0.0
MCOU,NM,31722061390,31722,613,90,2024,4,False,PREGABALIN,2160.0,26.0,425.06,425.06,0.0
MCOU,NJ,49884011701,49884,117,1,2024,1,False,AMILORIDE ,2640.0,54.0,638.11,638.11,0.0
MCOU,NM,65862098799,65862,987,99,2024,2,False,POTASSIUM ,4499.0,77.0,1473.53,1473.53,0.0
MCOU,NM,57237022130,57237,221,30,2024,2,False,PIOGLITAZO,1020.0,19.0,349.52,349.52,0.0
MCOU,NM,548540025,548,5400,25,2024,2,True,MEDROXYPRO,,,,,
MCOU,NM,68462039790,68462,397,90,2024,2,False,OMEPRAZOLE,779.0,19.0,250.66,244.5,6.16
FFSU,NM,55111052501,55111,525,1,2024,2,True,TACROLIMUS,,,,,
MCOU,NM,121101930,121,1019,30,2024,3,False,BUPRENORPH,1838.0,306.0,5677.79,5677.79,0.0
MCOU,NM,69238183807,69238,1838,7,2024,3,False,LEVOTHYROX,21831.0,309.0,5842.45,5842.45,0.0
MCOU,NM,54859080808,54859,808,8,2024,3,True,SENNA 8.8 ,,,,,
MCOU,NM,51672127506,51672,1275,6,2024,3,False,CLOTRIMAZO,5190.0,98.0,2199.17,2199.17,0.0
MCOU,NJ,70677106301,70677,1063,1,2024,1,True,F&T ANTACI,,,,,
MCOU,NM,50228037990,50228,379,90,2024,4,True,EZETIMIBE ,,,,,
MCOU,NM,43547033750,43547,337,50,2024,2,True,BENAZEPRIL,,,,,
MCOU,NM,904675180,904,6751,80,2024,2,False,ASPIRIN EC,50488.0,861.0,8373.4,8373.4,0.0
MCOU,NM,24208078055,24208,780,55,2024,4,False,NEOMYC-BAC,45.5,13.0,523.4,523.4,0.0
FFSU,NM,62332014231,62332,142,31,2024,2,True,CELECOXIB ,,,,,
MCOU,NM,33342008741,33342,87,41,2024,3,False,RIZATRIPTA,582.0,44.0,895.62,895.62,0.0
MCOU,NM,16729041417,16729,414,17,2024,2,True,DOXAZOSIN ,,,,,
MCOU,NM,33342044711,33342,447,11,2024,4,True,PYRAZINAMI,,,,,
FFSU,NM,121075908,121,759,8,2024,2,False,PREDNISOLO,4044.5,70.0,36287.08,36287.08,0.0
MCOU,NM,74706890,74,7068,90,2024,4,False,SYNTHROID ,840.0,18.0,1453.15,1453.15,0.0
MCOU,NJ,51293084505,51293,845,5,2024,1,False,IBUPROFEN ,1431.0,33.0,118.17,116.6,1.57
MCOU,NM,31722006801,31722,68,1,2024,4,False,BUPROPION ,3240.0,52.0,971.26,971.26,0.0
MCOU,NM,68001051905,68001,519,5,2024,4,True,BUPROPION ,,,,,
FFSU,NM,16714008211,16714,82,11,2024,2,False,HYDROXYZIN,2997.0,64.0,46016.0,46016.0,0.0
FFSU,NM,47781056301,47781,563,1,2024,4,True,LISDEXAMFE,,,,,
MCOU,NM,31722073030,31722,730,30,2024,4,False,IRBESARTAN,2940.0,49.0,1018.63,1018.63,0.0
MCOU,NM,50228011301,50228,113,1,2024,2,False,FLUOXETINE,840.0,20.0,240.24,240.24,0.0
FFSU,NJ,69238161503,69238,1615,3,2024,1,True,OFLOXACIN ,,,,,
MCOU,NM,59651048401,59651,484,1,2024,3,False,PREDNISONE,3384.0,34.0,533.3,533.3,0.0
FFSU,NM,71288040702,71288,407,2,2024,2,True,GLYCOPYRRO,,,,,
FFSU,NM,68462013701,68462,137,1,2024,2,True,OXCARBAZEP,,,,,
FFSU,NJ,603020922,603,209,22,2024,1,True,MAGNESIUM ,,,,,
MCOU,NJ,641605901,641,6059,1,2024,1,True,MIDAZOLAM ,,,,,
MCOU,NJ,52817018100,52817,181,0,2024,1,False,CLONIDINE ,7221.0,123.0,620.57,614.57,6.0
MCOU,NM,62332009771,62332,97,71,2024,4,True,ARIPIPRAZO,,,,,
MCOU,NJ,45802043262,45802,432,62,2024,1,False,PSEUDOEPHE,10792.0,403.0,1186.32,1186.32,0.0
MCOU,NM,409710102,409,7101,2,2024,4,False,SODIUM CHL,19502.0,32.0,465.63,465.63,0.0
MCOU,NM,65862019105,65862,191,5,2024,2,False,CYCLOBENZA,2514.0,79.0,499.0,497.5,1.5
FFSU,NJ,641624401,641,6244,1,2024,1,True,DIAZEPAM I,,,,,
MCOU,NM,73606002001,73606,20,1,2024,4,True,SYFOVRE 15,,,,,
MCOU,NM,33342033354,33342,333,54,2024,3,False,TRIAMCINOL,5568.0,14.0,343.85,343.85,0.0
MCOU,NJ,16714036504,16714,365,4,2024,1,False,ELINEST 0.,5572.0,148.0,2623.77,2623.77,0.0
FFSU,NM,10702002301,10702,23,1,2024,2,True,OXYCODONE ,,,,,
MCOU,NM,59651051630,59651,516,30,2024,2,False,EXEMESTANE,750.0,11.0,1333.12,1333.12,0.0
MCOU,NM,49884072401,49884,724,1,2024,4,False,HYDROXYURE,5575.6,91.0,3197.24,3197.24,0.0
FFSU,NJ,121148800,121,1488,0,2024,1,False,GUAIFENESI,1040.0,20.0,9.38,9.38,0.0
MCOU,NM,72485061310,72485,613,10,2024,2,False,OFLOXACIN ,4565.0,765.0,17539.86,17535.2,4.66
MCOU,NM,13107000334,13107,3,34,2024,2,False,MIRTAZAPIN,9076.0,243.0,3512.81,3512.81,0.0
MCOU,NJ,49884004901,49884,49,1,2024,1,False,DEXMETHYLP,3859.0,129.0,7531.4,7505.65,25.75
FFSU,NM,378808445,378,8084,45,2024,2,True,TRETINOIN ,,,,,
FFSU,NM,32301613,32,3016,13,2024,4,True,CREON DR 3,,,,,
FFSU,NJ,49483008010,49483,80,10,2024,1,False,SENNA-TIME,15062.0,276.0,148.77,148.77,0.0
FFSU,NM,45802005505,45802,55,5,2024,4,False,TRIAMCINOL,9533.6,21.0,11643.83,11643.83,0.0
FFSU,NM,57237000630,57237,6,30,2024,3,True,FLUCONAZOL,,,,,
FFSU,NM,93936410,93,9364,10,2024,2,True,GLYBURIDE ,,,,,
MCOU,NJ,68180065208,68180,652,8,2024,1,False,DOXYCYCLIN,39884.0,1686.0,13953.93,13759.66,194.27
MCOU,NJ,67877072690,67877,726,90,2024,1,True,VENLAFAXIN,,,,,
MCOU,NM,70700011485,70700,114,85,2024,2,False,LORYNA 3 M,6356.0,125.0,2582.62,2582.62,0.0
MCOU,NJ,67618015008,67618,150,8,2024,1,True,BETADINE S,,,,,
MCOU,NJ,409318201,409,3182,1,2024,1,True,LIDOCAINE ,,,,,
FFSU,NM,50242006001,50242,60,1,2024,4,False,AVASTIN 10,193.45,192.0,18578.31,18578.31,0.0
MCOU,NM,68382005105,68382,51,5,2024,4,False,MELOXICAM ,60624.0,1442.0,16687.08,16593.97,93.11
MCOU,NJ,65862083030,65862,830,30,2024,1,False,PRASUGREL ,1170.0,33.0,2154.17,1353.51,800.66
MCOU,NJ,64980040524,64980,405,24,2024,1,True,ABACAVIR O,,,,,
MCOU,NM,42799060502,42799,605,2,2024,2,True,LOPERAMIDE,,,,,
MCOU,NM,50268048915,50268,489,15,2024,2,True,LORATADINE,,,,,
MCOU,NJ,72626270101,72626,2701,1,2024,1,False,SOFOSBUVIR,8994.0,401.0,2463747.18,2463747.18,0.0
MCOU,NM,63402030430,63402,304,30,2024,2,False,LATUDA 40 ,451.0,14.0,18657.06,18657.06,0.0
FFSU,NM,61314064725,61314,647,25,2024,3,True,TOBRAMYCIN,,,,,
MCOU,NM,47335093144,47335,931,44,2024,3,True,VECURONIUM,,,,,
FFSU,NM,70010006501,70010,65,1,2024,4,True,METFORMIN ,,,,,
MCOU,NJ,69367034605,69367,346,5,2024,1,False,GABAPENTIN,33095.0,411.0,4447.65,4243.33,204.32
FFSU,NM,68682045570,68682,455,70,2024,4,True,METRONIDAZ,,,,,
FFSU,NM,51672404801,51672,4048,1,2024,4,True,CLOTRIMAZO,,,,,
MCOU,NJ,71288080651,71288,806,51,2024,1,True,ZOLEDRONIC,,,,,
FFSU,NM,143928501,143,9285,1,2024,3,False,AMOXICILLI,332.0,20.0,257.44,257.44,0.0
MCOU,NM,603533715,603,5337,15,2024,4,True,PREDNISONE,,,,,
FFSU,NM,378180310,378,1803,10,2024,3,True,LEVOTHYROX,,,,,
MCOU,NM,264786500,264,7865,0,2024,2,True,POTASSIUM ,,,,,
MCOU,NJ,713064015,713,640,15,2024,1,False,HALOBETASO,1400.0,83.0,1820.96,1820.96,0.0
MCOU,NM,65162075350,65162,753,50,2024,3,True,BENAZEPRIL,,,,,
MCOU,NM,65862053575,65862,535,75,2024,3,False,AMOX-CLAV ,49441.0,401.0,9987.67,9942.83,44.84
MCOU,NM,264780010,264,7800,10,2024,3,False,SODIUM CHL,77000.0,124.0,587.48,587.48,0.0
MCOU,NJ,43547036211,43547,362,11,2024,1,False,LOSARTAN P,41123.0,895.0,4711.4,4615.96,95.44
MCOU,NM,406800330,406,8003,30,2024,3,True,MORPHINE S,,,,,
MCOU,NJ,62756016013,62756,160,13,2024,1,False,TAMSULOSIN,7716.0,217.0,1158.9,1034.04,124.86
MCOU,NM,62935016360,62935,163,60,2024,3,True,FENSOLVI 4,,,,,
FFSU,NM,69292058201,69292,582,1,2024,4,True,HALOPERIDO,,,,,
FFSU,NM,60219203901,60219,2039,1,2024,2,True,PROCHLORPE,,,,,
MCOU,NM,73154013060,73154,130,60,2024,4,True,XPHOZAH 30,,,,,
MCOU,NM,6308001,6,3080,1,2024,4,True,ISENTRESS ,,,,,
MCOU,NM,487980125,487,9801,25,2024,4,False,IPRATROPIU,6452.0,54.0,1150.13,1117.26,32.87
FFSU,NV,69315030615,69315,306,15,2024,3,True,NYSTATIN  ,,,,,
FFSU,NV,54070925,54,709,25,2024,2,False,METHADONE ,1038.0,14.0,292.98,292.98,0.0
MCOU,NM,69452035001,69452,350,1,2024,1,True,GRANISETRO,,,,,
FFSU,NV,70377004011,70377,40,11,2024,3,True,MYCOPHENOL,,,,,
FFSU,NV,47335048583,47335,485,83,2024,2,True,BICALUTAMI,,,,,
MCOU,NV,70010014701,70010,147,1,2024,3,True,POTASSIUM ,,,,,
MCOU,NV,480716710,480,7167,10,2024,2,True,AMLODIPINE,,,,,
MCOU,NV,93321201,93,3212,1,2024,2,False,CLONAZEPAM,2416.0,49.0,307.45,307.45,0.0
FFSU,NV,25021079002,25021,790,2,2024,3,True,PROCHLORPE,,,,,
FFSU,NV,72603025125,72603,251,25,2024,4,True,FUROSEMIDE,,,,,
MCOU,NV,591225879,591,2258,79,2024,4,True,SCOPOLAMIN,,,,,
FFSU,NV,64980028110,64980,281,10,2024,4,False,GLIPIZIDE ,1350.0,13.0,276.22,201.31,74.91
FFSU,NV,68180072103,68180,721,3,2024,4,False,AMLODIPINE,11610.0,182.0,1568.03,1560.5,7.53
MCOU,NM,65862069920,65862,699,20,2024,1,True,CEFUROXIME,,,,,
MCOU,NM,70377006213,70377,62,13,2024,1,True,LABETALOL ,,,,,
FFSU,NV,16729027703,16729,277,3,2024,2,True,METHOTREXA,,,,,
MCOU,NM,65030355,65,303,55,2024,1,True,ISOPTO ATR,,,,,
FFSU,NM,187073130,187,731,30,2024,1,True,WELLBUTRIN,,,,,
MCOU,NV,43547060510,43547,605,10,2024,3,True,LISDEXAMFE,,,,,
MCOU,NV,62011003201,62011,32,1,2024,3,True,PAIN RELIE,,,,,
FFSU,NV,50228048101,50228,481,1,2024,3,True,DILTIAZEM ,,,,,
FFSU,NM,378698188,378,6981,88,2024,1,True,LANSOPRAZO,,,,,
MCOU,NV,54818325,54,8183,25,2024,2,False,DEXAMETHAS,50.0,24.0,71.09,71.09,0.0
MCOU,NM,69238150301,69238,1503,1,2024,1,True,ERYTHROMYC,,,,,
MCOU,NV,63304045101,63304,451,1,2024,4,False,MORPHINE S,5765.0,101.0,2073.33,2063.12,10.21
FFSU,NM,62756097083,62756,970,83,2024,1,True,BUPRENORPH,,,,,
MCOU,NV,16729017501,16729,175,1,2024,2,True,AMITRIPTYL,,,,,
FFSU,NV,51801001330,51801,13,30,2024,2,True,EFFER-K   ,,,,,
MCOU,NV,45802088830,45802,888,30,2024,2,False,OMEPRAZOLE,2666.0,87.0,1066.46,1066.46,0.0
MCOU,NV,904728080,904,7280,80,2024,4,False,DOCUSATE S,37875.0,853.0,2212.29,2212.09,0.2
FFSU,NV,74676590201,74676,5902,1,2024,3,True,TRELSTAR  ,,,,,
MCOU,NV,591037201,591,372,1,2024,2,True,LOXAPINE  ,,,,,
FFSU,NM,66689000816,66689,8,16,2024,1,True,NYSTATIN 1,,,,,
FFSU,NV,50742035001,50742,350,1,2024,4,True,METOLAZONE,,,,,
MCOU,NM,64380074207,64380,742,7,2024,1,True,BUSPIRONE ,,,,,
MCOU,NV,781506120,781,5061,20,2024,4,True,AMOXICILLI,,,,,
FFSU,NV,62559086015,62559,860,15,2024,3,True,CORTROPHIN,,,,,
FFSU,NM,51672131801,51672,1318,1,2024,1,True,CICLOPIROX,,,,,
FFSU,NV,59651033201,59651,332,1,2024,2,True,FLUCYTOSIN,,,,,
MCOU,NM,65649000330,65649,3,30,2024,1,False,TRULANCE 3,990.0,27.0,17148.09,17148.09,0.0
MCOU,NM,69367034705,69367,347,5,2024,1,False,GABAPENTIN,2340.0,24.0,563.0,563.0,0.0
FFSU,NV,24979053401,24979,534,1,2024,2,False,GUANFACINE,4269.0,136.0,1507.1,1507.1,0.0
FFSU,NV,60505619301,60505,6193,1,2024,4,True,PALONOSETR,,,,,
FFSU,NV,23155087801,23155,878,1,2024,4,True,LISINOPRIL,,,,,
MCOU,NV,310621030,310,6210,30,2024,4,False,FARXIGA   ,2751.0,69.0,42226.87,40786.94,1439.93
MCOU,NV,76045000120,76045,1,20,2024,3,True,MIDAZOLAM ,,,,,
FFSU,NV,54327099,54,3270,99,2024,3,False,FLUTICASON,46368.0,2726.0,39152.78,37738.64,1414.14
MCOU,NV,69238168101,69238,1681,1,2024,3,True,FLUPHENAZI,,,,,
FFSU,NM,781148710,781,1487,10,2024,1,True,AMITRIPTYL,,,,,
FFSU,NV,591571401,591,5714,1,2024,2,True,AMOXAPINE ,,,,,
FFSU,NV,49348015339,49348,153,39,2024,4,True,ADVANCED A,,,,,
MCOU,NM,55111052601,55111,526,1,2024,1,False,TACROLIMUS,3007.0,28.0,1172.15,1152.99,19.16
MCOU,NV,47781056401,47781,564,1,2024,4,False,LISDEXAMFE,3022.0,100.0,17653.69,17571.16,82.53
MCOU,NV,64380083506,64380,835,6,2024,3,False,PREDNISONE,1228.0,26.0,254.27,254.27,0.0
MCOU,NV,378464426,378,4644,26,2024,3,False,ESTRADIOL ,184.0,17.0,1243.82,1243.82,0.0
FFSU,NV,59762500701,59762,5007,1,2024,4,True,MISOPROSTO,,,,,
MCOU,NV,50228014530,50228,145,30,2024,2,True,BUPROPION ,,,,,
FFSU,NV,68180072204,68180,722,4,2024,3,False,CEFDINIR  ,1020.0,12.0,254.47,254.47,0.0
FFSU,NV,61314064511,61314,645,11,2024,2,False,NEOMYCIN-P,230.0,22.0,1202.29,913.58,288.71
MCOU,NM,93100305,93,1003,5,2024,1,False,BUSPIRONE ,4260.0,55.0,763.97,763.97,0.0
MCOU,NV,536139288,536,1392,88,2024,2,False,GUAIFENESI,444.0,26.0,357.93,357.93,0.0
MCOU,NV,31722072690,31722,726,90,2024,3,False,MONTELUKAS,14354.0,295.0,2787.45,2787.45,0.0
MCOU,NV,27241011904,27241,119,4,2024,4,False,FENOFIBRAT,7362.0,203.0,1777.52,1759.48,18.04
MCOU,NV,187514850,187,5148,50,2024,2,True,RETIN-A MI,,,,,
MCOU,NV,50228038060,50228,380,60,2024,4,False,QUETIAPINE,810.0,21.0,437.65,437.65,0.0
FFSU,NV,72578005505,72578,55,5,2024,3,False,DOXYCYCLIN,416.0,19.0,230.24,227.46,2.78
FFSU,NV,21922003923,21922,39,23,2024,3,False,METRONIDAZ,2450.0,34.0,956.99,956.99,0.0
MCOU,NV,68462030201,68462,302,1,2024,4,False,INDOMETHAC,1256.0,22.0,240.28,240.28,0.0
MCOU,NV,641625301,641,6253,1,2024,4,False,REGADENOSO,55.0,11.0,302.98,302.98,0.0
MCOU,NV,536122858,536,1228,58,2024,2,True,PHENASEPTI,,,,,
FFSU,NM,93101042,93,1010,42,2024,1,False,MUPIROCIN ,2222.0,95.0,21096.08,21096.08,0.0
MCOU,NV,16714094901,16714,949,1,2024,4,False,DEXTROAMPH,540.0,12.0,299.15,299.15,0.0
FFSU,NV,49348012813,49348,128,13,2024,3,True,ACID REDUC,,,,,
MCOU,NM,62332004060,62332,40,60,2024,1,True,LAMOTRIGIN,,,,,
MCOU,NM,68180044601,68180,446,1,2024,1,False,QUETIAPINE,11656.0,202.0,2639.9,2639.9,0.0
FFSU,NV,35573044102,35573,441,2,2024,4,True,HALOPERIDO,,,,,
FFSU,NV,72603013501,72603,135,1,2024,4,True,SPIRONOLAC,,,,,
MCOU,NV,55111026581,55111,265,81,2024,3,True,OLANZAPINE,,,,,
FFSU,NV,63323010364,63323,103,64,2024,2,True,CISPLATIN ,,,,,
MCOU,NV,43547037009,43547,370,9,2024,4,False,VALSARTAN ,6466.0,144.0,2846.71,2819.78,26.93
MCOU,NV,42806042310,42806,423,10,2024,4,True,POTASSIUM ,,,,,
FFSU,NV,45802011937,45802,119,37,2024,3,True,MOMETASONE,,,,,
FFSU,NM,603211521,603,2115,21,2024,1,True,ALLOPURINO,,,,,
FFSU,NV,61755000502,61755,5,2,2024,3,False,EYLEA     ,2.2,29.0,54824.56,54824.56,0.0
MCOU,NV,904678061,904,6780,61,2024,2,True,ROSUVASTAT,,,,,
FFSU,NV,63739095325,63739,953,25,2024,2,False,HEPARIN SO,889.0,525.0,981.56,981.56,0.0
FFSU,NV,338000403,338,4,3,2024,3,True,WATER     ,,,,,
MCOU,NV,13668011005,13668,110,5,2024,2,True,DULOXETINE,,,,,
MCOU,NV,50458054360,50458,543,60,2024,3,True,INVOKAMET ,,,,,
FFSU,NV,16714062501,16714,625,1,2024,4,True,LAMOTRIGIN,,,,,
FFSU,NV,71093012205,71093,122,5,2024,4,True,GABAPENTIN,,,,,
MCOU,NV,781716783,781,7167,83,2024,3,False,ESTRADIOL ,320.0,32.0,1796.63,1796.63,0.0
MCOU,NM,64380093308,64380,933,8,2024,1,True,LOSARTAN P,,,,,
FFSU,NM,69680011310,69680,113,10,2024,1,True,CYANOCOBAL,,,,,
MCOU,NV,43547040711,43547,407,11,2024,2,False,CLONAZEPAM,1775.0,28.0,250.28,250.28,0.0
FFSU,NV,43547043009,43547,430,9,2024,2,True,FENOFIBRAT,,,,,
FFSU,NV,115101203,115,1012,3,2024,2,True,BACLOFEN  ,,,,,
FFSU,NV,480871598,480,8715,98,2024,3,True,LEVOTHYROX,,,,,
MCOU,NV,14789033015,14789,330,15,2024,4,True,LEVETIRACE,,,,,
FFSU,NV,65649010302,65649,103,2,2024,3,False,APRISO    ,2640.0,22.0,10981.1,10981.1,0.0
FFSU,NV,93406710,93,4067,10,2024,3,True,PRAZOSIN H,,,,,
MCOU,NV,16714081601,16714,816,1,2024,2,True,BICALUTAMI,,,,,
MCOU,NV,245086070,245,860,70,2024,2,False,VANDAZOLE ,1470.0,21.0,2546.26,2546.26,0.0
MCOU,NV,51144000301,51144,3,1,2024,3,True,TIVDAK    ,,,,,
FFSU,NV,16729002016,16729,20,16,2024,3,True,PIOGLITAZO,,,,,
MCOU,NV,68180046801,68180,468,1,2024,4,False,LOVASTATIN,390.0,12.0,40.08,40.08,0.0
FFSU,NV,59746017509,59746,175,9,2024,4,False,PREDNISONE,229.0,16.0,162.37,162.37,0.0
MCOU,NM,60505614704,60505,6147,4,2024,1,False,CEFEPIME H,274.0,15.0,2572.24,2572.24,0.0
FFSU,NV,50228035190,50228,351,90,2024,2,True,PREGABALIN,,,,,
FFSU,NV,27808005801,27808,58,1,2024,2,False,METHYLPHEN,4119.0,17.0,483.55,483.55,0.0
MCOU,NV,93720210,93,7202,10,2024,2,False,PRAVASTATI,5120.0,110.0,1143.19,1143.19,0.0
FFSU,NV,55150015410,55150,154,10,2024,2,True,ACYCLOVIR ,,,,,
MCOU,NV,24208091019,24208,910,19,2024,2,True,ERYTHROMYC,,,,,
FFSU,NV,472037045,472,370,45,2024,3,True,BETAMETHAS,,,,,
MCOU,NV,68180061607,68180,616,7,2024,3,False,QUETIAPINE,795.0,23.0,1427.92,1427.92,0.0
FFSU,NV,53436008404,53436,84,4,2024,3,True,VELTASSA  ,,,,,
MCOU,NV,51672129203,51672,1292,3,2024,3,True,HYDROCORTI,,,,,
FFSU,NV,641610310,641,6103,10,2024,4,True,ROBAXIN   ,,,,,
FFSU,NV,64380079701,64380,797,1,2024,4,True,OSELTAMIVI,,,,,
FFSU,NV,904735006,904,7350,6,2024,2,True,AZITHROMYC,,,,,
FFSU,NV,338004903,338,49,3,2024,2,False,SODIUM CHL,56500.0,95.0,162.36,162.36,0.0
MCOU,NV,57237018590,57237,185,90,2024,4,True,PRAMIPEXOL,,,,,
MCOU,NV,43547027110,43547,271,10,2024,2,True,ROPINIROLE,,,,,
MCOU,NV,43547027609,43547,276,9,2024,3,True,DONEPEZIL ,,,,,
MCOU,NV,527495532,527,4955,32,2024,2,True,LEVOTHYROX,,,,,
MCOU,NV,60505018301,60505,183,1,2024,4,False,CARBAMAZEP,716.0,12.0,169.44,169.44,0.0
MCOU,NV,72578008402,72578,84,2,2024,3,False,CLINDAMYCI,3750.0,107.0,1734.01,1734.01,0.0
MCOU,NV,23155073601,23155,736,1,2024,4,True,TERAZOSIN ,,,,,
MCOU,NM,63304069205,63304,692,5,2024,1,False,CLINDAMYCI,6162.0,147.0,2283.67,2283.67,0.0
MCOU,NV,59651045601,59651,456,1,2024,4,True,CARBIDOPA-,,,,,
MCOU,NV,70710104003,70710,1040,3,2024,4,True,TOPIRAMATE,,,,,
FFSU,NV,409230517,409,2305,17,2024,2,True,MIDAZOLAM ,,,,,
MCOU,NV,63323018001,63323,180,1,2024,4,False,PYRIDOXINE,27.0,18.0,481.24,481.24,0.0
FFSU,NV,59762171002,59762,1710,2,2024,4,True,EPLERENONE,,,,,
MCOU,NV,16714020010,16714,200,10,2024,2,False,ONDANSETRO,47.0,47.0,32.04,32.04,0.0
MCOU,NV,409128337,409,1283,37,2024,4,False,HYDROMORPH,25.0,20.0,69.5,69.5,0.0
FFSU,NV,57894050301,57894,503,1,2024,3,True,DARZALEX F,,,,,
MCOU,NV,61314065625,61314,656,25,2024,2,False,CIPROFLOXA,40.0,14.0,162.15,162.15,0.0
MCOU,NV,55111029298,55111,292,98,2024,2,False,SUMATRIPTA,189.0,19.0,68.97,68.97,0.0
FFSU,NM,832141003,832,1410,3,2024,1,True,MOXIFLOXAC,,,,,
MCOU,NM,904637761,904,6377,61,2024,1,True,OLANZAPINE,,,,,
MCOU,NM,64980032005,64980,320,5,2024,1,False,TRIAMCINOL,305.0,50.0,1785.2,1785.2,0.0
MCOU,NV,68382047906,68382,479,6,2024,4,True,FESOTERODI,,,,,
MCOU,NM,58468021004,58468,210,4,2024,1,True,AUBAGIO 14,,,,,
MCOU,NV,43547028503,43547,285,3,2024,4,False,TELMISARTA,5188.0,145.0,3020.83,3020.83,0.0
FFSU,NV,49348094729,49348,947,29,2024,2,True,LUBRICANT ,,,,,
FFSU,NM,904674860,904,6748,60,2024,1,False,BISACODYL ,110.0,11.0,4366.67,4366.67,0.0
MCOU,NV,121087316,121,873,16,2024,3,False,LACTULOSE ,198443.0,227.0,4141.01,4141.01,0.0
MCOU,NV,43547033850,43547,338,50,2024,3,False,BENAZEPRIL,480.0,12.0,78.71,78.71,0.0
MCOU,NM,29300011105,29300,111,5,2024,1,False,LAMOTRIGIN,9687.0,127.0,1652.88,1652.88,0.0
FFSU,NV,378353093,378,3530,93,2024,2,True,MIRTAZAPIN,,,,,
MCOU,NV,31722014301,31722,143,1,2024,2,True,CAPTOPRIL ,,,,,
MCOU,NV,63402020660,63402,206,60,2024,4,True,APTIOM    ,,,,,
FFSU,NM,93719801,93,7198,1,2024,1,False,FLUOXETINE,690.0,15.0,205.29,205.29,0.0
MCOU,NV,62332008190,62332,81,90,2024,2,True,VALSARTAN-,,,,,
MCOU,NV,378470693,378,4706,93,2024,2,True,SAXAGLIPTI,,,,,
MCOU,NM,60505613000,60505,6130,0,2024,1,False,ONDANSETRO,3560.0,1518.0,2003.17,1994.71,8.46
MCOU,NV,9766705,9,7667,5,2024,2,True,CLEOCIN   ,,,,,
FFSU,NV,16729027730,16729,277,30,2024,4,True,METHOTREXA,,,,,
FFSU,NM,60505265605,60505,2656,5,2024,1,True,TRIAMTEREN,,,,,
MCOU,NV,62332050817,62332,508,17,2024,4,True,BROMFENAC ,,,,,
FFSU,NV,55111064410,55111,644,10,2024,3,True,OMEPRAZOLE,,,,,
FFSU,NV,72485067035,72485,670,35,2024,3,False,ERYTHROMYC,556.5,138.0,2748.42,2694.23,54.19
MCOU,NV,121188200,121,1882,0,2024,4,True,ACETAMINOP,,,,,
MCOU,NV,74709530,74,7095,30,2024,4,True,QULIPTA   ,,,,,
FFSU,NV,60505132001,60505,1320,1,2024,2,True,MIDODRINE ,,,,,
MCOU,NV,54002125,54,21,25,2024,4,False,LITHIUM CA,2178.0,40.0,457.56,457.56,0.0
MCOU,NM,456140230,456,1402,30,2024,1,True,BYSTOLIC 2,,,,,
MCOU,NV,64597030160,64597,301,60,2024,4,True,NUEDEXTA  ,,,,,
FFSU,NV,71093012803,71093,128,3,2024,4,False,DONEPEZIL ,960.0,30.0,251.45,239.8,11.65
FFSU,NV,2772801,2,7728,1,2024,4,True,LYUMJEV   ,,,,,
MCOU,NM,72205002390,72205,23,90,2024,1,False,ATORVASTAT,1650.0,20.0,248.59,248.59,0.0
FFSU,NV,904572514,904,5725,14,2024,2,True,MINTOX MAX,,,,,
FFSU,NV,16714057603,16714,576,3,2024,2,False,ALLOPURINO,1051.0,28.0,290.59,287.5,3.09
FFSU,NV,13811071230,13811,712,30,2024,4,True,VENLAFAXIN,,,,,
FFSU,NV,45802011101,45802,111,1,2024,2,False,DICLOFENAC,15600.0,137.0,6818.24,6796.48,21.76
FFSU,NV,60505014500,60505,145,0,2024,3,True,OMEPRAZOLE,,,,,
MCOU,NV,49884017111,49884,171,11,2024,3,True,COLCHICINE,,,,,
MCOU,NV,2143401,2,1434,1,2024,3,True,TRULICITY ,,,,,
FFSU,NV,487020101,487,201,1,2024,4,False,IPRATROPIU,3240.0,15.0,432.07,427.45,4.62
FFSU,NV,72603013601,72603,136,1,2024,4,False,SPIRONOLAC,1800.0,19.0,488.56,482.39,6.17
MCOU,NV,65862005199,65862,51,99,2024,4,False,SIMVASTATI,1680.0,34.0,353.31,353.31,0.0
MCOU,NV,904699061,904,6990,61,2024,4,True,PSEUDOEPHE,,,,,
FFSU,NV,480869310,480,8693,10,2024,3,True,LEVOTHYROX,,,,,
FFSU,NV,46122063703,46122,637,3,2024,4,True,MUCUS DM M,,,,,
FFSU,NV,591288601,591,2886,1,2024,3,True,VERAPAMIL ,,,,,
MCOU,NV,76282072201,76282,722,1,2024,3,True,PRAZOSIN H,,,,,
FFSU,NM,904718761,904,7187,61,2024,1,True,ATENOLOL 2,,,,,
MCOU,NV,63323032514,63323,325,14,2024,3,True,ACYCLOVIR ,,,,,
MCOU,NV,64896007609,64896,76,9,2024,3,True,LYVISPAH  ,,,,,
FFSU,NV,555015902,555,159,2,2024,3,False,CHLORDIAZE,1276.0,57.0,668.0,661.45,6.55
MCOU,NM,54482014801,54482,148,1,2024,1,True,CARNITOR S,,,,,
MCOU,NV,703398601,703,3986,1,2024,3,True,OXALIPLATI,,,,,
MCOU,NM,70000005101,70000,51,1,2024,1,True,INFANTS' G,,,,,
FFSU,NV,61442014101,61442,141,1,2024,3,True,LOVASTATIN,,,,,
FFSU,NV,73604091404,73604,914,4,2024,4,True,ARCALYST  ,,,,,
MCOU,NV,31722083430,31722,834,30,2024,2,True,ENTECAVIR ,,,,,
FFSU,NV,116400532,116,4005,32,2024,3,True,LACTULOSE ,,,,,
MCOU,NV,16714095201,16714,952,1,2024,4,False,DEXTROAMPH,4078.0,75.0,1369.94,1369.94,0.0
MCOU,NV,43547052011,43547,520,11,2024,4,True,QUETIAPINE,,,,,
FFSU,NY,75834032001,75834,320,1,2024,4,False,VERAPAMIL ,8513.0,164.0,3266.96,3266.96,0.0
FFSU,NY,178081330,178,813,30,2024,3,True,UNKNOWN   ,,,,,
MCOU,NV,31722061305,31722,613,5,2024,1,False,PREGABALIN,1920.0,25.0,441.86,441.86,0.0
MCOU,NY,2821517,2,8215,17,2024,3,False,HUMULIN R ,73.95,47.0,28724.69,586.66,28138.03
FFSU,NY,43598021040,43598,210,40,2024,3,False,SSD       ,125405.0,325.0,12273.41,12259.1,14.31
FFSU,NY,82009013860,82009,138,60,2024,4,True,DIMETHYL F,,,,,
FFSU,NY,591385101,591,3851,1,2024,3,False,VIGABATRIN,3825.0,19.0,244615.37,239754.55,4860.82
FFSU,NY,338350841,338,3508,41,2024,3,True,CEFAZOLIN ,,,,,
FFSU,NY,59676060012,59676,600,12,2024,4,False,ERLEADA   ,9480.0,81.0,1147971.51,1147971.51,0.0
FFSU,NY,21922006204,21922,62,4,2024,4,False,TRIAMCINOL,7513.0,281.0,3109.71,3109.71,0.0
MCOU,NV,62332002631,62332,26,31,2024,1,True,THEOPHYLLI,,,,,
FFSU,NY,338012504,338,125,4,2024,4,True,DEXTROSE I,,,,,
FFSU,NY,591040701,591,407,1,2024,4,False,LISINOPRIL,12648.0,237.0,2521.56,2521.56,0.0
FFSU,NV,13811070030,13811,700,30,2024,1,True,METHYLPHEN,,,,,
FFSU,NV,42192061701,42192,617,1,2024,1,True,BENZONATAT,,,,,
FFSU,NY,16729029917,16729,299,17,2024,3,False,TRAZODONE ,12811.0,356.0,4032.9,4032.9,0.0
FFSU,NV,65162041503,65162,415,3,2024,2,False,BUPRENORPH,1243.0,30.0,1386.99,1355.03,31.96
MCOU,NV,67877043303,67877,433,3,2024,2,False,ARIPIPRAZO,1497.0,43.0,1819.27,1819.27,0.0
FFSU,NY,62332038690,62332,386,90,2024,4,False,MODAFINIL ,8568.0,211.0,5038.54,5018.17,20.37
FFSU,NY,68382018201,68382,182,1,2024,4,False,BUSPIRONE ,3748.0,58.0,745.76,745.76,0.0
FFSU,NY,64380087569,64380,875,69,2024,4,True,POTASSIUM ,,,,,
MCOU,NV,68084014901,68084,149,1,2024,2,True,METHYLPRED,,,,,
FFSU,NY,187410010,187,4100,10,2024,3,True,LIBRAX    ,,,,,
MCOU,NV,29300017205,29300,172,5,2024,1,True,MEMANTINE ,,,,,
MCOU,NY,172208360,172,2083,60,2024,4,True,HYDROCHLOR,,,,,
MCOU,NV,703423901,703,4239,1,2024,1,True,CARBOPLATI,,,,,
MCOU,NY,16729023401,16729,234,1,2024,3,True,ROPINIROLE,,,,,
FFSU,NY,49884032055,49884,320,55,2024,3,True,OLANZAPINE,,,,,
FFSU,NY,43547036310,43547,363,10,2024,3,True,CAPTOPRIL ,,,,,
MCOU,NV,64950034316,64950,343,16,2024,1,True,HYDROCODON,,,,,
FFSU,NY,93970201,93,9702,1,2024,3,False,CARBIDOPA-,59165.5,379.0,8127.43,8112.53,14.9
FFSU,NY,781286801,781,2868,1,2024,3,False,OMEPRAZOLE,48031.5,1176.0,18822.0,18654.81,167.19
MCOU,NV,16571069809,16571,698,9,2024,1,True,LANSOPRAZO,,,,,
FFSU,NV,72205026030,72205,260,30,2024,1,True,VILAZODONE,,,,,
MCOU,NV,904600761,904,6007,61,2024,1,True,LORAZEPAM ,,,,,
MCOU,NV,63323036001,63323,360,1,2024,1,True,CALCIUM GL,,,,,
FFSU,NY,68462040401,68462,404,1,2024,4,False,ATOVAQUONE,15705.0,344.0,30120.8,30046.4,74.4
MCOU,NV,185067401,185,674,1,2024,1,False,HYDROXYZIN,8526.0,109.0,1563.34,1563.34,0.0
FFSU,NY,51862054501,51862,545,1,2024,3,True,SRONYX    ,,,,,
MCOU,NV,10702001250,10702,12,50,2024,1,True,HYDROXYZIN,,,,,
MCOU,NV,31722053301,31722,533,1,2024,1,False,METHOCARBA,36422.0,608.0,5056.41,5043.05,13.36
MCOU,NY,24208079535,24208,795,35,2024,3,False,NEOMYCIN-P,94.5,27.0,383.43,383.43,0.0
MCOU,NY,93729056,93,7290,56,2024,4,True,RALOXIFENE,,,,,
MCOU,NV,68001059200,68001,592,0,2024,1,False,ESCITALOPR,555.0,18.0,98.08,98.08,0.0
MCOU,NV,57237000905,57237,9,5,2024,1,True,MIRTAZAPIN,,,,,
MCOU,NY,113172526,113,1725,26,2024,3,True,TUSSIN DM ,,,,,
FFSU,NY,29300035001,29300,350,1,2024,4,False,ALLOPURINO,26634.0,425.0,5958.17,5953.77,4.4
FFSU,NY,73352008660,73352,86,60,2024,4,False,DICLOFENAC,30908.0,525.0,367202.23,367202.23,0.0
MCOU,NV,69238149001,69238,1490,1,2024,2,False,BUMETANIDE,6553.0,97.0,1728.37,1728.37,0.0
MCOU,NY,781729685,781,7296,85,2024,3,False,ALBUTEROL ,444.155,56.0,1936.89,1138.97,797.92
FFSU,NV,70710114901,70710,1149,1,2024,1,True,ISOSORBIDE,,,,,
FFSU,NV,378395277,378,3952,77,2024,1,False,ATORVASTAT,1320.0,41.0,457.64,456.74,0.9
MCOU,NV,70700026305,70700,263,5,2024,1,False,LANSOPRAZO,933.0,25.0,232.26,232.26,0.0
FFSU,NY,69097094312,69097,943,12,2024,4,False,GABAPENTIN,1311672.0,13780.0,158445.66,158271.47,174.19
FFSU,NY,43598055030,43598,550,30,2024,4,False,LAMOTRIGIN,3718.0,36.0,7244.62,7244.62,0.0
FFSU,NY,93077801,93,778,1,2024,4,False,CARBAMAZEP,3720.0,24.0,1153.86,1153.86,0.0
FFSU,NY,45802053233,45802,532,33,2024,3,False,KETOCONAZO,136800.0,1368.0,0.01,0.01,0.0
FFSU,NY,70954006010,70954,60,10,2024,4,False,PREDNISONE,5719.0,446.0,4305.1,4302.22,2.88
MCOU,NY,55150047110,55150,471,10,2024,3,True,VANCOMYCIN,,,,,
MCOU,NV,65862014990,65862,149,90,2024,2,False,FINASTERID,1836.0,54.0,245.42,245.42,0.0
MCOU,NY,703301812,703,3018,12,2024,3,True,ADRUCIL   ,,,,,
MCOU,NY,60505623004,60505,6230,4,2024,4,True,PACLITAXEL,,,,,
MCOU,NV,68180086111,68180,861,11,2024,1,False,AZITHROMYC,96.0,15.0,43.23,43.23,0.0
MCOU,NY,409230801,409,2308,1,2024,3,False,MIDAZOLAM ,25.0,28.0,507.13,8.93,498.2
MCOU,NV,71093014005,71093,140,5,2024,1,False,METHOCARBA,64470.0,1052.0,6342.25,6300.96,41.29
MCOU,NY,93171601,93,1716,1,2024,3,True,WARFARIN S,,,,,
FFSU,NY,58657016501,58657,165,1,2024,4,False,MULTIVITAM,101788.0,1889.0,11715.58,11701.8,13.78
FFSU,NY,713022531,713,225,31,2024,4,False,TRIAMCINOL,18630.0,500.0,5958.64,5948.07,10.57
FFSU,NV,62756043088,62756,430,88,2024,1,True,LITHIUM CA,,,,,
MCOU,NY,641607901,641,6079,1,2024,3,False,ONDANSETRO,66.5,68.0,18596.53,0.8,18595.73
MCOU,NV,65862015901,65862,159,1,2024,2,False,ZOLPIDEM T,4340.0,148.0,1102.79,1102.79,0.0
FFSU,NV,67877024910,67877,249,10,2024,1,False,QUETIAPINE,16262.0,405.0,4636.73,4623.37,13.36
MCOU,NY,63323048921,63323,489,21,2024,4,True,XYLOCAINE ,,,,,
FFSU,NV,597007575,597,75,75,2024,1,True,SPIRIVA HA,,,,,
FFSU,NV,16729013800,16729,138,0,2024,1,False,CLONAZEPAM,844.0,18.0,188.14,185.93,2.21
FFSU,NV,68682099398,68682,993,98,2024,1,True,DILTIAZEM ,,,,,
FFSU,NY,16729051205,16729,512,5,2024,4,True,ATROPINE S,,,,,
FFSU,NY,66215040201,66215,402,1,2024,4,False,VELETRI   ,1410.0,27.0,67160.12,67160.12,0.0
FFSU,NY,59310080506,59310,805,6,2024,3,True,AIRDUO RES,,,,,
MCOU,NV,69367021901,69367,219,1,2024,1,True,HYDROCHLOR,,,,,
FFSU,NV,69238142301,69238,1423,1,2024,1,False,METHOTREXA,1659.0,67.0,963.4,957.38,6.02
MCOU,NY,62756097083,62756,970,83,2024,4,True,BUPRENORPH,,,,,
FFSU,NV,68982018201,68982,182,1,2024,2,True,WILATE    ,,,,,
MCOU,NY,68382011505,68382,115,5,2024,4,True,RISPERIDON,,,,,
FFSU,NY,10702000750,10702,7,50,2024,3,False,CYCLOBENZA,51439.0,1266.0,13552.65,13552.26,0.39
MCOU,NY,59651048801,59651,488,1,2024,3,False,PREDNISONE,240.15,105.0,4053.81,0.4,4053.41
FFSU,NY,43547035610,43547,356,10,2024,4,False,LISINOPRIL,13694.0,275.0,3281.47,3281.47,0.0
FFSU,NY,13668059501,13668,595,1,2024,3,False,NYSTATIN  ,8865.0,365.0,5471.16,5450.62,20.54
FFSU,NY,64896097016,64896,970,16,2024,4,True,CREXONT   ,,,,,
MCOU,NV,67386013051,67386,130,51,2024,1,False,VYEPTI    ,15.0,11.0,28009.79,28009.79,0.0
FFSU,NY,16714055802,16714,558,2,2024,4,False,PRAVASTATI,3210.0,58.0,757.96,757.96,0.0
MCOU,NY,51079072120,51079,721,20,2024,4,True,MYCOPHENOL,,,,,
FFSU,NV,904653061,904,6530,61,2024,1,True,METHADONE ,,,,,
MCOU,NV,31722072730,31722,727,30,2024,1,False,MONTELUKAS,2561.0,73.0,482.66,482.66,0.0
FFSU,NY,42571013460,42571,134,60,2024,3,False,DICLOFENAC,1710.0,25.0,2126.15,2126.15,0.0
MCOU,NY,42571022630,42571,226,30,2024,3,True,TELMISARTA,,,,,
FFSU,NY,378363405,378,3634,5,2024,3,True,CARVEDILOL,,,,,
FFSU,NY,46122074038,46122,740,38,2024,4,False,MAGNESIUM ,116375.0,395.0,4232.6,4232.6,0.0
FFSU,NV,65862014205,65862,142,5,2024,1,True,CARVEDILOL,,,,,
FFSU,NY,69367030501,69367,305,1,2024,4,True,MIGLITOL  ,,,,,
FFSU,NY,31722099910,31722,999,10,2024,4,False,BACLOFEN  ,7934.8,122.0,1872.27,1872.27,0.0
FFSU,NY,16714095502,16714,955,2,2024,3,False,KETOCONAZO,21840.0,600.0,10925.1,10879.74,45.36
MCOU,NY,409469953,409,4699,53,2024,3,False,PROPOFOL  ,1897.0,43.0,30783.37,49.09,30734.28
MCOU,NY,65162010310,65162,103,10,2024,4,True,GABAPENTIN,,,,,
MCOU,NY,57237022305,57237,223,5,2024,4,True,RAMIPRIL  ,,,,,
FFSU,NY,562780501,562,7805,1,2024,4,True,RHOGAM ULT,,,,,
MCOU,NY,78068361,78,683,61,2024,4,True,ARRANON   ,,,,,
MCOU,NV,536303006,536,3030,6,2024,1,True,NICOTINE G,,,,,
FFSU,NY,45802088855,45802,888,55,2024,3,False,OMEPRAZOLE,6704.05,169.0,4266.06,4228.81,37.25
MCOU,NY,25021019110,25021,191,10,2024,3,False,MICAFUNGIN,72.11,26.0,789.89,789.89,0.0
FFSU,NY,378115005,378,1150,5,2024,3,False,BUSPIRONE ,5214.0,79.0,963.56,963.56,0.0
FFSU,NY,50742018901,50742,189,1,2024,3,True,METHYLPRED,,,,,
FFSU,NY,23155085501,23155,855,1,2024,3,True,COLCHICINE,,,,,
FFSU,NY,46122044262,46122,442,62,2024,4,True,ALLERGY RE,,,,,
MCOU,NY,70860077641,70860,776,41,2024,4,False,ONDANSETRO,134.0,55.0,49.64,0.0,49.64
FFSU,NY,65862060012,65862,600,12,2024,4,False,RIZATRIPTA,16256.0,1464.0,19990.77,19962.53,28.24
FFSU,NY,65162076810,65162,768,10,2024,4,False,WARFARIN S,5914.0,217.0,2421.83,2421.83,0.0
FFSU,NV,62559084110,62559,841,10,2024,1,True,MECLIZINE ,,,,,
MCOU,NY,264957710,264,9577,10,2024,4,False,HEPARIN SO,7420.0,13.0,0.0,0.0,0.0
FFSU,NY,13107000105,13107,1,5,2024,3,False,MIRTAZAPIN,100215.0,2959.0,67416.44,67169.8,246.64
MCOU,NY,409909332,409,9093,32,2024,3,False,FENTANYL C,3922.0,529.0,262587.98,77.5,262510.48
MCOU,NY,26378225,26,3782,25,2024,4,True,KOGENATE F,,,,,
FFSU,NY,36000004824,36000,48,24,2024,3,False,LEVOFLOXAC,3150.0,13.0,168.05,166.51,1.54
FFSU,NY,62175027237,62175,272,37,2024,4,False,OXYBUTYNIN,2223.0,56.0,860.45,860.45,0.0
MCOU,NY,641036721,641,367,21,2024,3,False,DEXAMETHAS,998.7,1174.0,126449.49,454.23,125995.26
FFSU,NY,93317431,93,3174,31,2024,4,False,ALBUTEROL ,651988.0,66710.0,1949440.36,1943443.02,5997.34
MCOU,NY,93206406,93,2064,6,2024,3,False,CILOSTAZOL,780.0,11.0,139.57,112.63,26.94
FFSU,NV,68001045842,68001,458,42,2024,1,True,ENOXAPARIN,,,,,
MCOU,NV,713057571,713,575,71,2024,1,False,METRONIDAZ,29680.0,408.0,14711.68,14666.32,45.36
MCOU,NY,74455290,74,4552,90,2024,4,True,SYNTHROID ,,,,,
MCOU,NY,16571077301,16571,773,1,2024,4,False,GLIMEPIRID,375.0,11.0,29.31,29.31,0.0
FFSU,NY,555077904,555,779,4,2024,3,False,MEDROXYPRO,6477.0,405.0,4789.01,4787.4,1.61
FFSU,NY,178089130,178,891,30,2024,4,False,UNKNOWN   ,7950.0,132.0,16777.39,16777.39,0.0
FFSU,NY,93005105,93,51,5,2024,4,False,CARVEDILOL,4549.0,47.0,538.69,538.69,0.0
FFSU,NY,16714038802,16714,388,2,2024,3,False,CEFADROXIL,19661.0,989.0,14644.15,14635.57,8.58
FFSU,NV,59651072099,59651,720,99,2024,1,True,DICYCLOMIN,,,,,
MCOU,NY,67877049930,67877,499,30,2024,4,True,AMLODIPINE,,,,,
FFSU,NY,55466010511,55466,105,11,2024,3,True,LEVO-T    ,,,,,
FFSU,NY,50419040303,50419,403,3,2024,3,True,SAFYRAL   ,,,,,
MCOU,NV,69315090410,69315,904,10,2024,2,True,LORAZEPAM ,,,,,
FFSU,NV,69452027520,69452,275,20,2024,2,True,KETOROLAC ,,,,,
FFSU,NV,904680806,904,6808,6,2024,1,True,MONTELUKAS,,,,,
FFSU,NY,603358321,603,3583,21,2024,4,True,FELODIPINE,,,,,
MCOU,NV,409336511,409,3365,11,2024,1,True,HYDROMORPH,,,,,
FFSU,NV,69315013110,69315,131,10,2024,1,True,HYDROCHLOR,,,,,
FFSU,NY,44206043605,44206,436,5,2024,3,False,PRIVIGEN  ,153.2,29.0,100224.53,92780.54,7443.99
FFSU,NV,69584042710,69584,427,10,2024,2,True,IMIPRAMINE,,,,,
FFSU,NY,41616075981,41616,759,81,2024,4,True,VENLAFAXIN,,,,,
MCOU,NY,62332003231,62332,32,31,2024,4,True,ROPINIROLE,,,,,
MCOU,NV,72888002760,72888,27,60,2024,2,True,LAMOTRIGIN,,,,,
MCOU,NY,517074001,517,740,1,2024,3,False,METHYLERGO,18.0,18.0,88.37,88.37,0.0
MCOU,NY,29300012801,29300,128,1,2024,3,True,HYDROCHLOR,,,,,
FFSU,NY,228306011,228,3060,11,2024,4,False,DEXTROAMPH,78745.0,2243.0,66043.12,65759.09,284.03
MCOU,NV,65862052830,65862,528,30,2024,2,False,VENLAFAXIN,2639.0,56.0,755.92,755.92,0.0
FFSU,NY,57237012501,57237,125,1,2024,3,False,WARFARIN S,576.0,21.0,275.85,275.85,0.0
FFSU,NY,527130105,527,1301,5,2024,3,False,PRIMIDONE ,1780.0,33.0,523.85,523.85,0.0
FFSU,NV,536199553,536,1995,53,2024,1,False,ANTI-DANDR,2277.0,11.0,121.44,121.44,0.0
MCOU,NY,168026815,168,268,15,2024,3,True,BETAMETHAS,,,,,
FFSU,NV,67877054798,67877,547,98,2024,1,False,CEFDINIR  ,1620.0,18.0,449.39,449.39,0.0
MCOU,NV,536125963,536,1259,63,2024,1,True,BENZOYL PE,,,,,
FFSU,NY,143968901,143,9689,1,2024,4,True,NICARDIPIN,,,,,
FFSU,NY,66887000420,66887,4,20,2024,4,True,TESTOPEL  ,,,,,
FFSU,NY,93010910,93,109,10,2024,3,True,CARBAMAZEP,,,,,
MCOU,NV,51991087733,51991,877,33,2024,1,True,EPLERENONE,,,,,
FFSU,NV,50474071079,50474,710,79,2024,1,False,CIMZIA    ,47.0,35.0,257481.5,242151.83,15329.67
MCOU,NY,55111014571,55111,145,71,2024,3,True,FLUCONAZOL,,,,,
FFSU,NV,50228014610,50228,146,10,2024,1,False,HYDROCHLOR,4376.0,63.0,536.0,526.05,9.95
FFSU,NV,68382011614,68382,116,14,2024,2,False,RISPERIDON,4206.0,105.0,685.48,685.48,0.0
MCOU,NY,310173030,310,1730,30,2024,4,False,FASENRA   ,74.0,74.0,127842.42,103614.26,24228.16
FFSU,NY,16714056002,16714,560,2,2024,4,False,PRAVASTATI,1020.0,14.0,223.29,223.29,0.0
FFSU,NV,48102005711,48102,57,11,2024,1,True,ERYTHROMYC,,,,,
FFSU,NV,43598024730,43598,247,30,2024,1,True,FESOTERODI,,,,,
FFSU,NY,990713909,990,7139,9,2024,3,True,WATER     ,,,,,
FFSU,NY,16714068201,16714,682,1,2024,3,False,SIMVASTATI,2340.0,54.0,599.86,599.86,0.0
MCOU,NV,65862007701,65862,77,1,2024,1,False,CIPROFLOXA,12032.0,755.0,5589.97,5589.69,0.28
FFSU,NY,43386070083,43386,700,83,2024,3,False,SOD SULF-P,1601828.0,4532.0,327283.6,326534.35,749.25
MCOU,NY,68180021609,68180,216,9,2024,4,False,LOSARTAN-H,1980.0,34.0,413.75,413.75,0.0
MCOU,NY,63323072901,63323,729,1,2024,4,False,MICAFUNGIN,228.0,44.0,9695.64,9695.64,0.0
MCOU,NY,25021019287,25021,192,87,2024,4,False,CIPROFLOXA,6000.0,24.0,8430.81,25.62,8405.19
FFSU,NV,60505014602,60505,146,2,2024,1,True,OMEPRAZOLE,,,,,
MCOU,NY,16729052608,16729,526,8,2024,4,True,ATROPINE S,,,,,
FFSU,NY,378462226,378,4622,26,2024,4,False,ESTRADIOL ,1240.0,93.0,8816.08,8775.64,40.44
MCOU,NV,64764012530,64764,125,30,2024,1,True,NESINA    ,,,,,
FFSU,NY,46122073565,46122,735,65,2024,4,False,ACID REDUC,974.0,21.0,289.75,289.75,0.0
MCOU,NV,70512081230,70512,812,30,2024,1,True,LIDOCAINE ,,,,,
FFSU,NY,50228011910,50228,119,10,2024,4,False,ROSUVASTAT,42447.0,711.0,10740.65,10740.65,0.0
FFSU,NY,115992201,115,9922,1,2024,3,False,DEXMETHYLP,3218.0,99.0,5445.07,5317.9,127.17
MCOU,NV,70000017803,70000,178,3,2024,2,True,ASPIRIN EC,,,,,
MCOU,NY,68682036890,68682,368,90,2024,4,True,DILTIAZEM ,,,,,
MCOU,NY,69238105801,69238,1058,1,2024,4,True,CHLORPROMA,,,,,
MCOU,NY,49884002201,49884,22,1,2024,4,True,ISOSORBIDE,,,,,
MCOU,NV,378108601,378,1086,1,2024,1,True,COLCHICINE,,,,,
MCOU,NY,50458002802,50458,28,2,2024,4,False,SPRAVATO  ,32.964,32.0,25105.86,25105.86,0.0
FFSU,NV,31722081260,31722,812,60,2024,1,False,LACOSAMIDE,2776.0,29.0,796.88,794.73,2.15
FFSU,NY,68382009705,68382,97,5,2024,4,False,PAROXETINE,40490.0,986.0,11891.17,11876.64,14.53
FFSU,NY,23155080201,23155,802,1,2024,4,True,PERPHENAZI,,,,,
FFSU,NY,31722006605,31722,66,5,2024,3,False,BUPROPION ,14874.0,310.0,4410.79,4410.79,0.0
MCOU,NY,37205074685,37205,746,85,2024,4,True,VITAMIN D3,,,,,
MCOU,NV,67877025010,67877,250,10,2024,1,False,QUETIAPINE,17906.0,478.0,3461.24,3461.24,0.0
MCOU,NV,69452020913,69452,209,13,2024,1,True,NIMODIPINE,,,,,
MCOU,NY,55513000301,55513,3,1,2024,1,False,ARANESP   ,52.0,37.0,3625.32,3560.9,64.42
FFSU,NY,63304044890,63304,448,90,2024,1,False,FENOFIBRAT,3448.0,86.0,1233.46,1233.46,0.0
MCOU,NY,378018210,378,182,10,2024,2,True,PROPRANOLO,,,,,
MCOU,NY,59148003613,59148,36,13,2024,1,True,REXULTI   ,,,,,
MCOU,OH,9001306,9,13,6,2024,4,True,SOLU-CORTE,,,,,
FFSU,NY,57664085288,57664,852,88,2024,1,True,MINOCYCLIN,,,,,
MCOU,NY,67877052660,67877,526,60,2024,1,True,RANOLAZINE,,,,,
MCOU,NY,63323059710,63323,597,10,2024,1,True,DEFEROXAMI,,,,,
FFSU,NY,527224832,527,2248,32,2024,1,False,FEBUXOSTAT,856.0,23.0,689.63,689.63,0.0
MCOU,NY,70121157405,70121,1574,5,2024,2,False,METHYLPRED,17.763,24.0,719.22,196.99,522.23
FFSU,NY,16729031716,16729,317,16,2024,2,False,OXYBUTYNIN,13546.0,329.0,4525.46,4525.46,0.0
FFSU,NY,63323056465,63323,564,65,2024,2,False,ENOXAPARIN,174.4,19.0,1625.72,1625.72,0.0
FFSU,NY,67877032130,67877,321,30,2024,2,True,IBUPROFEN ,,,,,
FFSU,NY,69050130,69,501,30,2024,2,False,XELJANZ XR,27805.0,782.0,5214688.87,5210486.26,4202.61
MCOU,NY,378668910,378,6689,10,2024,2,True,PANTOPRAZO,,,,,
FFSU,NY,70010075405,70010,754,5,2024,1,False,METHOCARBA,227352.0,4322.0,51686.06,51686.06,0.0
FFSU,NY,60505010201,60505,102,1,2024,3,False,ETODOLAC  ,3796.0,60.0,1704.21,1704.21,0.0
MCOU,NY,62332005090,62332,50,90,2024,3,True,LOSARTAN-H,,,,,
FFSU,NY,832121800,832,1218,0,2024,1,False,JANTOVEN  ,510.0,15.0,150.46,131.48,18.98
FFSU,NY,33342017910,33342,179,10,2024,1,False,OLMESARTAN,35002.0,612.0,8965.86,8934.27,31.59
FFSU,NY,13668057410,13668,574,10,2024,1,True,LACTULOSE ,,,,,
FFSU,NY,62935045345,62935,453,45,2024,3,False,ELIGARD   ,26.0,26.0,22796.88,6867.52,15929.36
MCOU,NY,63323001094,63323,10,94,2024,1,True,GENTAMICIN,,,,,
MCOU,NY,264580210,264,5802,10,2024,2,False,SODIUM CHL,337500.0,526.0,76283.55,242.97,76040.58
FFSU,NY,62756071860,62756,718,60,2024,2,False,OPCICON ON,14.0,14.0,282.24,282.24,0.0
FFSU,NY,76282057290,76282,572,90,2024,3,False,PREGABALIN,4575.0,72.0,881.27,880.95,0.32
FFSU,NY,70010013805,70010,138,5,2024,1,False,NAPROXEN  ,44502.0,1132.0,14193.64,14189.35,4.29
MCOU,OH,93816501,93,8165,1,2024,4,False,QUETIAPINE,2429.0,65.0,1066.31,1035.96,30.35
MCOU,OH,2772801,2,7728,1,2024,4,False,LYUMJEV   ,3250.0,104.0,85812.07,76647.46,9164.61
FFSU,NY,27241018960,27241,189,60,2024,2,False,METFORMIN ,20885.0,232.0,11899.74,11899.74,0.0
FFSU,NY,62011031202,62011,312,2,2024,1,True,NASAL DECO,,,,,
FFSU,NY,68180016111,68180,161,11,2024,1,False,AZITHROMYC,428.0,120.0,1445.76,1445.76,0.0
MCOU,NY,74334603,74,3346,3,2024,2,False,LUPRON DEP,318.0,302.0,194966.11,188014.35,6951.76
FFSU,NY,55111068507,55111,685,7,2024,2,False,ZOLEDRONIC,93.75,22.0,235337.33,262.23,235075.1
MCOU,NY,3218713,3,2187,13,2024,2,False,ORENCIA   ,739.36,257.0,683629.82,634726.27,48903.55
FFSU,NY,24338000590,24338,5,90,2024,2,True,ADTHYZA   ,,,,,
FFSU,NY,42806005505,42806,55,5,2024,1,True,AMLODIPINE,,,,,
MCOU,NY,70377006013,70377,60,13,2024,3,False,LABETALOL ,1472.0,26.0,364.02,364.02,0.0
MCOU,OH,338004911,338,49,11,2024,4,True,SODIUM CHL,,,,,
FFSU,NY,32121201,32,1212,1,2024,2,False,CREON     ,174417.0,877.0,702634.23,686908.08,15726.15
MCOU,NY,338519741,338,5197,41,2024,2,False,FAMOTIDINE,24756.0,878.0,22860.64,3206.89,19653.75
MCOU,NY,70710113908,70710,1139,8,2024,1,True,FLUCONAZOL,,,,,
FFSU,NY,61874016030,61874,160,30,2024,2,False,VRAYLAR   ,29253.0,937.0,1362005.98,1359270.58,2735.4
MCOU,NY,43547052503,43547,525,3,2024,2,True,NEBIVOLOL ,,,,,
MCOU,NY,10572030201,10572,302,1,2024,2,True,PEG 3350-E,,,,,
FFSU,NY,62135043230,62135,432,30,2024,1,False,DISULFIRAM,1432.0,48.0,17781.83,17781.83,0.0
FFSU,NY,71288041085,71288,410,85,2024,2,True,ENOXAPARIN,,,,,
FFSU,NY,55111078911,55111,789,11,2024,1,True,SEVELAMER ,,,,,
FFSU,NY,65862008401,65862,84,1,2024,3,False,CEFADROXIL,44065.0,432.0,13058.55,13040.99,17.56
MCOU,NY,68180052406,68180,524,6,2024,1,True,PALIPERIDO,,,,,
FFSU,NY,51862089603,51862,896,3,2024,2,False,TILIA FE  ,2800.0,52.0,2983.11,2983.11,0.0
MCOU,NY,70752012905,70752,129,5,2024,3,True,TRIAMCINOL,,,,,
FFSU,NY,51862018801,51862,188,1,2024,2,True,MORPHINE S,,,,,
MCOU,NY,43598006158,43598,61,58,2024,1,True,ZIPRASIDON,,,,,
MCOU,NY,6502902,6,5029,2,2024,1,True,VERQUVO   ,,,,,
MCOU,NY,60687048121,60687,481,21,2024,2,True,BUPRENORPH,,,,,
MCOU,OH,65414727,65,4147,27,2024,4,False,SIMBRINZA ,656.0,78.0,16942.1,16942.1,0.0
FFSU,NY,51079082120,51079,821,20,2024,1,False,LEVETIRACE,730.0,14.0,205.65,205.65,0.0
FFSU,OH,409015224,409,152,24,2024,4,True,METRONIDAZ,,,,,
MCOU,NY,60505614404,60505,6144,4,2024,3,True,CEFEPIME H,,,,,
FFSU,NY,68001052336,68001,523,36,2024,1,True,FOSAPREPIT,,,,,
FFSU,NY,591555305,591,5553,5,2024,1,False,DOXYCYCLIN,2020.0,63.0,862.76,862.76,0.0
MCOU,NY,44567023525,44567,235,25,2024,2,True,CEFTAZIDIM,,,,,
MCOU,NY,65250026609,65250,266,9,2024,1,False,EXPAREL   ,4782.481,239.0,119818.83,45869.08,73949.75
FFSU,NY,53746051401,53746,514,1,2024,2,False,SPIRONOLAC,358300.0,4945.0,81833.46,81589.13,244.33
FFSU,NY,60687054111,60687,541,11,2024,1,True,LEVOTHYROX,,,,,
MCOU,NY,409653102,409,6531,2,2024,1,False,VANCOMYCIN,57.335,19.0,0.0,0.0,0.0
FFSU,NY,68001060006,68001,600,6,2024,2,False,QUETIAPINE,3007.0,89.0,1638.15,1638.15,0.0
FFSU,NY,23155053006,23155,530,6,2024,2,False,TROSPIUM C,18519.0,261.0,8416.37,8413.7,2.67
MCOU,NY,68001043697,68001,436,97,2024,1,False,CETIRIZINE,672.0,20.0,463.42,463.42,0.0
FFSU,NY,60505614504,60505,6145,4,2024,3,False,CEFEPIME H,173.0,11.0,4060.46,4060.46,0.0
FFSU,NY,42799010601,42799,106,1,2024,2,True,METHENAMIN,,,,,
FFSU,NY,11534019701,11534,197,1,2024,1,False,CHLORDIAZE,6362.0,89.0,3387.46,3387.46,0.0
MCOU,NY,75834023805,75834,238,5,2024,3,True,CELECOXIB ,,,,,
FFSU,NY,113057826,113,578,26,2024,2,False,TUSSIN DM ,114443.0,485.0,5953.67,5953.67,0.0
MCOU,NY,49483069250,49483,692,50,2024,2,False,ALLERGY RE,1105.0,30.0,104.1,104.1,0.0
FFSU,NY,70069012101,70069,121,1,2024,2,False,TROPICAMID,555.0,37.0,619.12,619.12,0.0
FFSU,NY,16729041712,16729,417,12,2024,1,True,DIMETHYL F,,,,,
MCOU,OH,527076437,527,764,37,2024,4,False,DEXTROAMPH,12942.0,268.0,5024.77,5013.41,11.36
FFSU,NY,50268074514,50268,745,14,2024,2,True,SUCRALFATE,,,,,
FFSU,NY,50228017705,50228,177,5,2024,2,False,GABAPENTIN,652588.0,6564.0,124828.62,124537.76,290.86
MCOU,NY,904680806,904,6808,6,2024,1,True,MONTELUKAS,,,,,
FFSU,NY,65162044211,65162,442,11,2024,3,False,MECLIZINE ,73845.0,1425.0,20111.02,20111.02,0.0
MCOU,NY,33342010210,33342,102,10,2024,1,True,MONTELUKAS,,,,,
FFSU,NY,68462058101,68462,581,1,2024,1,False,FENOFIBRAT,50768.0,1212.0,18469.75,18469.75,0.0
FFSU,OH,536125919,536,1259,19,2024,4,False,BENZOYL PE,3776.0,15.0,263.09,263.09,0.0
FFSU,NY,82009007205,82009,72,5,2024,2,True,GABAPENTIN,,,,,
MCOU,NY,69097084615,69097,846,15,2024,1,True,CYCLOBENZA,,,,,
FFSU,NY,16571041210,16571,412,10,2024,1,False,CIPROFLOXA,8628.0,520.0,6436.64,6424.42,12.22
FFSU,NY,42292005403,42292,54,3,2024,2,True,COLCHICINE,,,,,
MCOU,NY,69452035092,69452,350,92,2024,2,True,GRANISETRO,,,,,
MCOU,NY,143971901,143,9719,1,2024,1,True,MILRINONE ,,,,,
MCOU,NY,6008061,6,80,61,2024,2,True,JANUMET XR,,,,,
FFSU,NY,378077101,378,771,1,2024,2,False,CYCLOBENZA,2122.0,69.0,819.24,819.24,0.0
FFSU,NY,75854031430,75854,314,30,2024,1,False,PRENATE EL,3360.0,78.0,39542.89,39542.89,0.0
FFSU,NY,76045010320,76045,103,20,2024,1,True,ONDANSETRO,,,,,
FFSU,NY,64380074108,64380,741,8,2024,1,False,BUSPIRONE ,45173.0,585.0,6999.34,6982.7,16.64
MCOU,NY,69130901,69,1309,1,2024,1,False,RETACRIT  ,73.1,79.0,39187.45,33328.74,5858.71
MCOU,NY,31722053705,31722,537,5,2024,2,False,LEVETIRACE,1680.0,14.0,947.26,193.26,754.0
FFSU,NY,45802030801,45802,308,1,2024,1,False,BENZOYL PE,20512.0,224.0,3726.48,3726.48,0.0
FFSU,NY,72578000414,72578,4,14,2024,2,False,MEMANTINE ,2286.0,41.0,568.42,568.42,0.0
MCOU,NY,70000021801,70000,218,1,2024,1,False,ADULT ASPI,570.0,15.0,26.9,26.9,0.0
FFSU,NY,65862006499,65862,64,99,2024,1,False,METOPROLOL,13694.0,123.0,1575.83,1575.83,0.0
FFSU,NY,16714002030,16714,20,30,2024,1,True,BUDESONIDE,,,,,
MCOU,NY,409117830,409,1178,30,2024,1,True,DEMEROL   ,,,,,
MCOU,NY,67877021660,67877,216,60,2024,2,True,CEFUROXIME,,,,,
FFSU,NY,60505621103,60505,6211,3,2024,2,True,MEMANTINE ,,,,,
FFSU,NY,72603018602,72603,186,2,2024,3,False,OFLOXACIN ,2020.0,199.0,4973.17,4973.17,0.0
MCOU,OH,69130610,69,1306,10,2024,4,True,RETACRIT 3,,,,,
FFSU,NY,70756061030,70756,610,30,2024,1,False,OFLOXACIN ,15646.0,1571.0,44668.51,44527.19,141.32
FFSU,NY,63459091011,63459,910,11,2024,1,True,GRANIX    ,,,,,
MCOU,OH,143988980,143,9889,80,2024,4,False,AMOXICILLI,61855.0,422.0,4820.9,4810.04,10.86
FFSU,NY,70677112002,70677,1120,2,2024,1,True,PAIN RELIE,,,,,
FFSU,NY,65815001,65,8150,1,2024,1,False,PATADAY ON,632.5,224.0,5859.12,5859.12,0.0
FFSU,NY,51079044401,51079,444,1,2024,1,True,LEVOTHYROX,,,,,
FFSU,NY,16729008101,16729,81,1,2024,1,False,NALTREXONE,12507.6,426.0,17862.09,17829.09,33.0
FFSU,NY,16714018101,16714,181,1,2024,1,False,PAROXETINE,3457.0,93.0,1091.62,1091.62,0.0
FFSU,NY,23155028701,23155,287,1,2024,2,False,ACETAZOLAM,2261.0,50.0,742.33,742.33,0.0
MCOU,NY,63323032050,63323,320,50,2024,2,True,PIPERACILL,,,,,
MCOU,NY,68546047256,68546,472,56,2024,1,True,AUSTEDO XR,,,,,
FFSU,NY,65862029499,65862,294,99,2024,1,False,ROSUVASTAT,2775.0,75.0,864.4,864.4,0.0
FFSU,NY,59746038410,59746,384,10,2024,2,True,TERAZOSIN ,,,,,
FFSU,NY,73070010011,73070,100,11,2024,1,False,INSULIN AS,63425.0,1975.0,556497.56,551471.03,5026.53
FFSU,NY,781342580,781,3425,80,2024,1,True,TREPROSTIN,,,,,
FFSU,NY,68001035603,68001,356,3,2024,1,False,METOPROLOL,58838.0,1447.0,17454.93,17435.01,19.92
MCOU,NY,60923051726,60923,517,26,2024,2,True,ELEVIDYS  ,,,,,
FFSU,NY,60687059501,60687,595,1,2024,1,True,FAMOTIDINE,,,,,
MCOU,NY,43547036909,43547,369,9,2024,2,False,VALSARTAN ,1410.0,33.0,373.3,373.3,0.0
MCOU,NY,76329333901,76329,3339,1,2024,3,True,ATROPINE S,,,,,
FFSU,NY,60505324703,60505,3247,3,2024,2,False,FAMCICLOVI,844.0,23.0,903.4,903.4,0.0
FFSU,NY,69238153402,69238,1534,2,2024,2,False,FLUOCINONI,1440.0,12.0,1046.57,1046.57,0.0
FFSU,NY,67457079410,67457,794,10,2024,1,True,ZOLEDRONIC,,,,,
FFSU,NY,63304061650,63304,616,50,2024,2,False,DOXYCYCLIN,2711.0,76.0,1417.38,1411.65,5.73
FFSU,NY,60687029301,60687,293,1,2024,2,True,NORTRIPTYL,,,,,
FFSU,NY,69452015020,69452,150,20,2024,1,False,VALPROIC A,72146.25,545.0,22202.39,21871.57,330.82
FFSU,NY,16571068101,16571,681,1,2024,2,False,CARBAMAZEP,3454.0,27.0,1560.19,1373.93,186.26
FFSU,NY,24385020503,24385,205,3,2024,1,False,ATHLETE'S ,1249.6,44.0,550.44,550.44,0.0
FFSU,OH,409030201,409,302,1,2024,4,True,TOPOTECAN ,,,,,
MCOU,OH,143933310,143,9333,10,2024,4,False,BUPIVACAIN,735.2,48.0,0.0,0.0,0.0
FFSU,NY,65862047605,65862,476,5,2024,3,False,RAMIPRIL  ,33195.0,588.0,7463.58,7447.58,16.0
FFSU,NY,65862066530,65862,665,30,2024,3,False,ARIPIPRAZO,58410.0,1779.0,22947.35,22843.25,104.1
MCOU,NY,8092351,8,923,51,2024,2,False,PROTONIX I,302.0,241.0,47430.12,178.16,47251.96
MCOU,NY,68001028333,68001,283,33,2024,2,True,CISPLATIN ,,,,,
MCOU,NY,71288041403,71288,414,3,2024,3,False,GLYCOPYRRO,8.0,16.0,3031.77,6.01,3025.76
MCOU,NY,50242014501,50242,145,1,2024,2,False,PERJETA   ,5936.0,397.0,2145549.31,1913263.34,232285.97
FFSU,OH,49035460,49,354,60,2024,4,True,GEODON 40M,,,,,
FFSU,NY,65862076630,65862,766,30,2024,3,False,FESOTERODI,2482.0,65.0,2751.01,2751.01,0.0
FFSU,NY,72888009301,72888,93,1,2024,2,False,BISOPROLOL,1919.0,33.0,839.32,839.32,0.0
MCOU,NY,781565401,781,5654,1,2024,1,True,CARBIDOPA-,,,,,
FFSU,NY,68382013616,68382,136,16,2024,3,False,LOSARTAN P,11759.0,244.0,2808.23,2808.23,0.0
FFSU,NY,65862072130,65862,721,30,2024,1,False,RABEPRAZOL,3870.0,69.0,1740.03,1740.03,0.0
FFSU,NY,71288040682,71288,406,82,2024,1,True,HEPARIN SO,,,,,
MCOU,NY,63323013212,63323,132,12,2024,2,True,MITOXANTRO,,,,,
FFSU,NY,60687075405,60687,754,5,2024,3,True,LINEZOLID ,,,,,
MCOU,OH,409468812,409,4688,12,2024,4,True,FLUCONAZOL,,,,,
FFSU,NY,65862085901,65862,859,1,2024,1,False,FAMOTIDINE,1118105.0,16923.0,204874.57,204567.77,306.8
FFSU,NY,72603017510,72603,175,10,2024,3,True,ENOXAPARIN,,,,,
FFSU,NY,62559084101,62559,841,1,2024,1,False,MECLIZINE ,4236.0,103.0,1338.89,1338.89,0.0
FFSU,NY,42806060022,42806,600,22,2024,2,False,OXCARBAZEP,60310.0,114.0,16474.33,15201.6,1272.73
FFSU,NY,72578011501,72578,115,1,2024,3,True,BISOPROLOL,,,,,
FFSU,NY,62332059810,62332,598,10,2024,2,False,BEPOTASTIN,310.0,31.0,5700.3,5700.3,0.0
FFSU,NY,21922000201,21922,2,1,2024,1,False,CLINDAMYCI,119176.0,1927.0,43408.76,43334.21,74.55
FFSU,NY,60687015211,60687,152,11,2024,1,True,CEPHALEXIN,,,,,
FFSU,NY,832607211,832,6072,11,2024,2,False,METHIMAZOL,2071.0,24.0,455.29,455.29,0.0
FFSU,NY,641614525,641,6145,25,2024,2,False,DEXAMETHAS,162.0,50.0,1334.35,1285.53,48.82
MCOU,OH,378644001,378,6440,1,2024,4,False,VERAPAMIL ,5110.0,79.0,5819.96,5819.96,0.0
MCOU,NY,591554405,591,5544,5,2024,2,True,ALLOPURINO,,,,,
FFSU,NY,63323059403,63323,594,3,2024,3,True,GLUCAGON H,,,,,
MCOU,NY,63323040124,63323,401,24,2024,2,True,AZTREONAM ,,,,,
FFSU,NY,69452035820,69452,358,20,2024,2,False,ROPINIROLE,16285.0,255.0,3369.57,3369.57,0.0
FFSU,NY,555901058,555,9010,58,2024,2,False,NORTREL   ,24864.0,523.0,11211.86,11207.64,4.22
FFSU,NY,409656202,409,6562,2,2024,2,True,TESTOSTERO,,,,,
FFSU,NY,68462032060,68462,320,60,2024,1,True,RANOLAZINE,,,,,
FFSU,NY,69639012001,69639,120,1,2024,1,False,VALCHLOR  ,1980.0,22.0,181217.99,181217.99,0.0
MCOU,NY,31722052010,31722,520,10,2024,2,True,HYDRALAZIN,,,,,
MCOU,NY,82009002810,82009,28,10,2024,1,True,AMLODIPINE,,,,,
FFSU,NY,31722001647,31722,16,47,2024,1,False,GLYCOPYRRO,131089.6,424.0,55858.66,54686.06,1172.6
MCOU,NY,13533066106,13533,661,6,2024,1,True,HYPERRHO S,,,,,
MCOU,NY,70710183201,70710,1832,1,2024,2,True,DICLOFENAC,,,,,
MCOU,NY,16714020130,16714,201,30,2024,2,True,ONDANSETRO,,,,,
FFSU,NY,70069017110,70069,171,10,2024,2,False,CYANOCOBAL,78.0,49.0,45.74,42.28,3.46
MCOU,NY,64679003401,64679,34,1,2024,2,True,PIPERACILL,,,,,
FFSU,NY,27241009706,27241,97,6,2024,2,False,DULOXETINE,107909.0,2335.0,34184.25,34122.11,62.14
FFSU,NY,69130610,69,1306,10,2024,1,False,RETACRIT  ,144.073,196.0,16620.04,12977.16,3642.88
FFSU,NY,51672401105,51672,4011,5,2024,2,False,CLOMIPRAMI,872.0,29.0,495.77,495.77,0.0
FFSU,NY,93716505,93,7165,5,2024,1,True,CELECOXIB ,,,,,
FFSU,NY,62175012841,62175,128,41,2024,1,True,ISOSORBIDE,,,,,
FFSU,NY,65862098701,65862,987,1,2024,3,False,POTASSIUM ,14710.0,258.0,4118.08,4118.08,0.0
FFSU,NY,43547026650,43547,266,50,2024,1,False,GABAPENTIN,1530.0,24.0,269.41,269.41,0.0
FFSU,NY,43598044101,43598,441,1,2024,1,True,METHYLPHEN,,,,,
FFSU,NY,93221098,93,2210,98,2024,1,False,SUCRALFATE,23796.0,279.0,8024.84,8013.51,11.33
FFSU,NY,70710123304,70710,1233,4,2024,3,False,BETAMETHAS,58560.0,1283.0,45490.24,45425.67,64.57
MCOU,NY,121048910,121,489,10,2024,1,True,DIPHENHYDR,,,,,
FFSU,NY,378114001,378,1140,1,2024,2,False,BUSPIRONE ,9247.0,153.0,1758.79,1758.79,0.0
MCOU,NY,33342007615,33342,76,15,2024,1,True,VALSARTAN-,,,,,
MCOU,NY,70594004203,70594,42,3,2024,2,False,VANCOMYCIN,16.5,17.0,4141.57,86.78,4054.79
FFSU,NY,72205001030,72205,10,30,2024,1,False,SILODOSIN ,1251.0,29.0,1053.6,1053.6,0.0
FFSU,NY,72888006205,72888,62,5,2024,2,False,BUSPIRONE ,9206.0,155.0,1660.87,1660.87,0.0
FFSU,NY,42799011901,42799,119,1,2024,2,True,BUMETANIDE,,,,,
FFSU,NY,50458056301,50458,563,1,2024,2,False,INVEGA SUS,4507.252,4549.0,10128803.85,10065298.8,63505.05
FFSU,OH,173064255,173,642,55,2024,2,False,LAMICTAL T,5481.0,41.0,58341.53,53266.16,5075.37
FFSU,OH,603243821,603,2438,21,2024,2,True,BENZTROPIN,,,,,
FFSU,OH,64380083306,64380,833,6,2024,4,False,ACETAZOLAM,1046.0,12.0,211.89,209.32,2.57
FFSU,OH,378022201,378,222,1,2024,2,True,CHLORTALID,,,,,
FFSU,OH,51672400105,51672,4001,5,2024,2,False,NORTRIPTYL,583.0,17.0,210.68,197.02,13.66
MCOU,OH,338001731,338,17,31,2024,2,False,DEXTROSE 5,28000.0,39.0,275.61,275.61,0.0
MCOU,OH,16714052810,16714,528,10,2024,2,False,PROPOFOL V,2785.0,333.0,294.64,294.64,0.0
FFSU,OH,781341694,781,3416,94,2024,2,True,VORICONAZO,,,,,
MCOU,OH,65862007150,65862,71,50,2024,3,False,AMOXICLLIN,95220.0,655.0,8538.22,8509.11,29.11
MCOU,OH,46122002026,46122,20,26,2024,3,True,CHILD ALL ,,,,,
MCOU,OH,70010022705,70010,227,5,2024,4,False,GABAPENTIN,273586.0,3070.0,43326.8,42658.71,668.09
MCOU,OH,10702005503,10702,55,3,2024,3,True,HYDROCODON,,,,,
FFSU,OH,23155072401,23155,724,1,2024,3,False,LABETALOL ,1626.0,19.0,425.83,418.41,7.42
MCOU,OH,60505131703,60505,1317,3,2024,4,False,PAROXETINE,4358.0,114.0,2660.0,2660.0,0.0
MCOU,OH,65162032309,65162,323,9,2024,4,True,NIACIN EXT,,,,,
FFSU,OH,43066002610,43066,26,10,2024,2,True,CARDENE 20,,,,,
MCOU,OH,591352430,591,3524,30,2024,4,False,TESTOSTERO,8100.0,45.0,5030.09,4744.95,285.14
MCOU,OH,904666361,904,6663,61,2024,4,True,ACETAZOLAM,,,,,
FFSU,OH,68001051905,68001,519,5,2024,3,True,BUPROPION ,,,,,
FFSU,OH,70756001990,70756,19,90,2024,3,False,PANTOPRAZO,870.0,18.0,223.18,223.18,0.0
FFSU,OH,68462029305,68462,293,5,2024,3,True,VERAPAMIL ,,,,,
MCOU,OH,10702018910,10702,189,10,2024,4,False,HYDROCODON,1060.0,25.0,330.68,330.68,0.0
FFSU,OH,641095521,641,955,21,2024,2,True,PROMETHAZI,,,,,
FFSU,OH,63323069504,63323,695,4,2024,4,True,ACETYLCYST,,,,,
MCOU,OH,904578051,904,5780,51,2024,3,True,HEARTBURN ,,,,,
MCOU,OH,57237021905,57237,219,5,2024,4,False,PIOGLITAZO,24869.0,524.0,6479.14,6472.85,6.29
MCOU,OH,42858030301,42858,303,1,2024,2,True,HYDROMORPH,,,,,
MCOU,OH,57237008763,57237,87,63,2024,2,False,RIZATRIPTA,779.0,93.0,1112.01,1112.01,0.0
FFSU,OH,51672128101,51672,1281,1,2024,2,True,DESONIDE O,,,,,
MCOU,OH,70710184602,70710,1846,2,2024,4,True,SCOPOLAMIN,,,,,
MCOU,OH,527810637,527,8106,37,2024,2,False,DEXMETHYLP,11849.0,381.0,10082.92,9351.87,731.05
FFSU,OH,16729048001,16729,480,1,2024,2,False,METHYLPHEN,1421.0,27.0,488.7,484.58,4.12
MCOU,OH,60505437203,60505,4372,3,2024,4,False,VILAZODONE,2108.0,76.0,2729.24,2628.2,101.04
MCOU,OH,378033001,378,330,1,2024,3,True,PERPHENAZI,,,,,
MCOU,OH,59651003212,59651,32,12,2024,4,False,IBUPROFEN ,695838.0,3432.0,27808.75,27791.05,17.7
MCOU,OH,70677106401,70677,1064,1,2024,4,False,F&T ANTACI,2940.0,22.0,385.48,385.48,0.0
MCOU,OH,71288042603,71288,426,3,2024,3,True,ENOXAPARIN,,,,,
FFSU,OH,49884055601,49884,556,1,2024,4,True,ISOSORBIDE,,,,,
MCOU,OH,60505252101,60505,2521,1,2024,2,False,CILOSTAZOL,7327.0,127.0,1808.65,1791.79,16.86
MCOU,OH,59746038410,59746,384,10,2024,4,False,TERAZOSIN ,510.0,11.0,147.75,147.75,0.0
MCOU,OH,64380074208,64380,742,8,2024,4,False,BUSPIRONE ,68434.0,900.0,10669.72,10642.92,26.8
MCOU,OH,43975028010,43975,280,10,2024,2,False,MIXED AMPH,15671.0,461.0,11615.71,11534.68,81.03
FFSU,OH,603506228,603,5062,28,2024,3,False,PERPHENAZI,970.0,24.0,441.05,441.05,0.0
MCOU,OH,76204010060,76204,100,60,2024,4,True,IPRATROPIU,,,,,
MCOU,OH,68599580402,68599,5804,2,2024,4,True,MCKESSON A,,,,,
MCOU,OH,536124701,536,1247,1,2024,2,False,DOCUSATE S,81503.0,1805.0,6686.62,6686.62,0.0
MCOU,OH,50268043015,50268,430,15,2024,3,True,INDOMETHAC,,,,,
FFSU,OH,168025815,168,258,15,2024,2,False,CLOTRIMAZO,1560.0,57.0,928.75,923.74,5.01
FFSU,OH,16729028517,16729,285,17,2024,4,True,ROSUVASTAT,,,,,
FFSU,OH,23155024701,23155,247,1,2024,2,True,VENLAFAXIN,,,,,
MCOU,OH,173071720,173,717,20,2024,3,False,ADVAIR HFA,27600.0,2035.0,985933.9,981319.72,4614.18
MCOU,OH,50742018324,50742,183,24,2024,4,False,LEUCOVORIN,248.0,11.0,789.18,789.18,0.0
MCOU,OH,172392670,172,3926,70,2024,3,False,DIAZEPAM T,188880.0,5332.0,49899.34,49874.69,24.65
FFSU,OH,72578004001,72578,40,1,2024,3,False,ZONISAMIDE,2562.0,28.0,423.71,423.71,0.0
MCOU,OH,55724021111,55724,211,11,2024,3,False,EUCRISA 20,1800.0,18.0,18587.36,16792.57,1794.79
MCOU,OH,591045301,591,453,1,2024,3,False,GUANFACINE,23181.863,459.0,9938.28,9893.64,44.64
MCOU,OH,52817032010,52817,320,10,2024,2,False,BACLOFEN 1,10779.0,152.0,1709.15,1678.25,30.9
MCOU,OH,78067119,78,671,19,2024,2,True,TYKERB TAB,,,,,
FFSU,OH,62135072890,62135,728,90,2024,2,True,GUANFACINE,,,,,
FFSU,OH,641602701,641,6027,1,2024,4,True,FENTANYL C,,,,,
MCOU,OH,16729013053,16729,130,53,2024,2,True,TEMOZOLOMI,,,,,
MCOU,OH,66993037179,66993,371,79,2024,3,False,MEDROXYPRO,3630.0,3628.0,118552.56,118324.92,227.64
FFSU,OH,82685020110,82685,201,10,2024,4,False,DIGOXIN 0.,359.0,12.0,156.92,156.92,0.0
MCOU,OH,10094020560,10094,205,60,2024,2,False,SYMPAZAN 5,1904.0,24.0,29729.82,29729.82,0.0
FFSU,OH,264780009,264,7800,9,2024,3,False,0.9% SODIU,91440.0,44.0,1778.92,1778.92,0.0
MCOU,OH,472023516,472,235,16,2024,2,True,LEVETIRACE,,,,,
MCOU,OH,64980043910,64980,439,10,2024,3,False,ATENOLOL T,3604.4,86.0,974.86,974.86,0.0
MCOU,OH,27241008603,27241,86,3,2024,3,True,AMLODIPINE,,,,,
FFSU,OH,70436000201,70436,2,1,2024,4,True,POTASSIUM ,,,,,
MCOU,OH,16714097501,16714,975,1,2024,2,True,DAPSONE GE,,,,,
MCOU,OH,641603901,641,6039,1,2024,4,True,"INFUMORPH,",,,,,
FFSU,OH,72603027402,72603,274,2,2024,4,True,ESTRADIOL ,,,,,
FFSU,OH,68382018314,68382,183,14,2024,3,False,BUSPIRONE ,5055.0,85.0,1368.95,1368.95,0.0
MCOU,OH,55513022101,55513,221,1,2024,4,True,NPLATE (RO,,,,,
MCOU,OH,62332008431,62332,84,31,2024,4,True,FENOFIBRAT,,,,,
MCOU,OH,74231030,74,2310,30,2024,3,False,RINVOQ 30M,7530.0,249.0,1552474.68,1528001.13,24473.55
MCOU,OH,45802088096,45802,880,96,2024,3,False,NYSTATIN A,5190.0,87.0,2017.33,2015.09,2.24
MCOU,OH,69367032809,69367,328,9,2024,3,True,PREGABALIN,,,,,
MCOU,OH,63304035260,63304,352,60,2024,2,False,LUBIPROSTO,2686.0,50.0,2449.15,2449.15,0.0
MCOU,OH,93595556,93,5955,56,2024,3,True,ARFORMOTER,,,,,
FFSU,OH,93202631,93,2026,31,2024,3,True,AZITHROMYC,,,,,
MCOU,OH,68180037603,68180,376,3,2024,3,False,LOSARTAN T,14681.5,339.0,3306.99,3305.49,1.5
MCOU,OH,16714072203,16714,722,3,2024,4,False,FLUOXETINE,38794.0,1074.0,12808.78,12787.45,21.33
MCOU,OH,70752010711,70752,107,11,2024,3,False,CYPROHEPTA,33185.0,654.0,7629.89,7584.0,45.89
MCOU,OH,27808022501,27808,225,1,2024,2,False,PALIPERIDO,11814.0,379.0,23469.13,23441.72,27.41
FFSU,OH,63323028635,63323,286,35,2024,2,True,NAROPIN (R,,,,,
FFSU,OH,55111052501,55111,525,1,2024,3,True,TACROLIMUS,,,,,
MCOU,OH,31722031730,31722,317,30,2024,2,True,PALIPERIDO,,,,,
MCOU,OH,68462055629,68462,556,29,2024,3,False,NORETHINDR,700.0,19.0,282.81,282.81,0.0
MCOU,OH,72578010092,72578,100,92,2024,4,False,LEVOFLOXAC,4201.0,530.0,5841.4,5826.8,14.6
FFSU,OH,43598044870,43598,448,70,2024,3,False,NICOTINE T,259.0,13.0,485.54,485.54,0.0
FFSU,OH,61442012110,61442,121,10,2024,3,False,FAMOTIDINE,3688.0,80.0,1261.91,1261.91,0.0
MCOU,OH,59651022401,59651,224,1,2024,4,False,PILOCARPIN,1026.0,14.0,304.34,304.34,0.0
MCOU,OH,64764024060,64764,240,60,2024,4,True,AMITIZA (L,,,,,
MCOU,OH,50268004315,50268,43,15,2024,2,False,ARTIFICIAL,373.0,23.0,345.2,345.2,0.0
MCOU,OH,50268055313,50268,553,13,2024,2,True,BUTALBITAL,,,,,
MCOU,OH,832603212,832,6032,12,2024,2,False,FLUOXETINE,17803.0,103.0,4433.98,3947.73,486.25
MCOU,OH,59572071101,59572,711,1,2024,3,False,REBLOZYL (,42.0,21.0,165192.18,165192.18,0.0
MCOU,OH,71288041492,71288,414,92,2024,4,True,GLYCOPYRRO,,,,,
MCOU,OH,72888015405,72888,154,5,2024,3,False,CLONAZEPAM,3570.0,61.0,695.47,674.52,20.95
MCOU,OH,51672130302,51672,1303,2,2024,3,False,ECONAZOLE ,720.0,24.0,410.03,410.03,0.0
FFSU,OH,42799096301,42799,963,1,2024,2,True,VENLAFAXIN,,,,,
MCOU,OH,10702018401,10702,184,1,2024,2,False,OXYCODONE ,292.0,22.0,473.9,471.54,2.36
FFSU,OH,68645060990,68645,609,90,2024,3,False,LISINOPRIL,1260.0,33.0,296.07,295.68,0.39
MCOU,OH,64380074805,64380,748,5,2024,3,True,PRAMIPEXOL,,,,,
MCOU,OH,23155029031,23155,290,31,2024,3,True,AMIKACIN 5,,,,,
FFSU,OH,555904558,555,9045,58,2024,3,True,AVIANE TAB,,,,,
MCOU,OH,54838052340,54838,523,40,2024,4,False,FLUOXETINE,1860.0,12.0,422.6,377.46,45.14
FFSU,OH,52856050303,52856,503,3,2024,2,False,EMFLAZA (D,746.0,25.0,381862.59,381862.59,0.0
MCOU,OH,45802013835,45802,138,35,2024,2,True,CICLPPIROX,,,,,
FFSU,OH,832003850,832,38,50,2024,2,True,OXYBUTYNIN,,,,,
FFSU,OH,59651011960,59651,119,60,2024,2,True,DOFETILIDE,,,,,
MCOU,OH,43598051010,43598,510,10,2024,2,False,ESOMEPRAZO,6014.0,169.0,2326.78,2326.78,0.0
MCOU,OH,59353000210,59353,2,10,2024,3,False,RETACRIT 2,46.6,53.0,0.0,0.0,0.0
MCOU,OH,78043305,78,433,5,2024,2,False,FOCALIN XR,510.0,15.0,2583.56,2583.56,0.0
MCOU,OH,69315011710,69315,117,10,2024,3,False,FUROSEMIDE,310756.5,6090.0,65000.67,64937.8,62.87
MCOU,OH,68982064302,68982,643,2,2024,3,False,ALBUMIN 25,2800.0,22.0,5304.51,5304.51,0.0
MCOU,OH,70377004612,70377,46,12,2024,4,False,PRAVASTATI,1258.0,28.0,322.31,322.31,0.0
MCOU,OH,990613822,990,6138,22,2024,3,True,SODIUM CL ,,,,,
MCOU,OH,29300013010,29300,130,10,2024,2,False,HYDROCHLOR,29188.0,544.0,5564.77,5560.01,4.76
MCOU,OH,13517062610,13517,626,10,2024,2,False,PHENOBARBI,1290.0,11.0,266.72,266.72,0.0
MCOU,OH,486113401,486,1134,1,2024,3,True,K-PHOS NO.,,,,,
FFSU,OH,50228018301,50228,183,1,2024,2,False,HYDRALAZIN,1662.0,17.0,188.0,160.99,27.01
FFSU,OH,68001028008,68001,280,8,2024,3,True,DICLOFENAC,,,,,
MCOU,OH,16714083401,16714,834,1,2024,2,False,PALONOSET ,1525.0,305.0,2958.69,2958.69,0.0
MCOU,OH,591387560,591,3875,60,2024,3,True,MEMANTINE ,,,,,
FFSU,OH,472038045,472,380,45,2024,2,True,BETAMETHAS,,,,,
MCOU,OH,75854031330,75854,313,30,2024,4,False,PRENATE ES,840.0,18.0,10720.96,10720.96,0.0
MCOU,OH,57237032431,57237,324,31,2024,4,True,ALUM & MAG,,,,,
MCOU,OH,536311337,536,3113,37,2024,3,False,NICOTINE G,2880.0,26.0,921.57,921.57,0.0
FFSU,OH,43547000503,43547,5,3,2024,3,True,ROFLUMILAS,,,,,
MCOU,OH,16714011002,16714,110,2,2024,2,False,HYDROXYCHL,6716.0,138.0,2200.8,2178.24,22.56
FFSU,OH,904670310,904,6703,10,2024,3,True,LEUCOVORIN,,,,,
MCOU,OH,574241565,574,2415,65,2024,3,False,METHYLPHEN,510.0,17.0,4334.02,2684.93,1649.09
FFSU,OH,36000028225,36000,282,25,2024,2,True,FUROSEMIDE,,,,,
MCOU,OH,69292056201,69292,562,1,2024,4,False,METOLAZONE,560.0,44.0,519.46,519.46,0.0
MCOU,OH,70000052102,70000,521,2,2024,3,True,LDR OMEPRA,,,,,
FFSU,OH,62135082984,62135,829,84,2024,2,True,ALBUTEROL ,,,,,
MCOU,OH,59310058020,59310,580,20,2024,2,False,PROAIR INH,131.95,202.0,15184.95,15111.58,73.37
FFSU,OH,23155000110,23155,1,10,2024,4,True,HYDRALAZIN,,,,,
MCOU,OH,23155054831,23155,548,31,2024,4,False,ONDANSETRO,8248.5,3673.0,33.97,33.97,0.0
MCOU,OH,59651036205,59651,362,5,2024,4,False,IBUPROFEN ,2016984.0,39695.0,467900.57,467118.27,782.3
FFSU,OH,24478007501,24478,75,1,2024,3,True,QUILLICHEW,,,,,
MCOU,OH,51672209208,51672,2092,8,2024,4,True,LORATADINE,,,,,
FFSU,OH,93413673,93,4136,73,2024,3,True,CEFDINIR F,,,,,
FFSU,OH,51862056406,51862,564,6,2024,2,False,LOW-OGESTR,672.0,18.0,380.21,380.21,0.0
MCOU,OH,23155076301,23155,763,1,2024,4,False,LITHIUM CA,30715.0,392.0,8015.82,8012.44,3.38
FFSU,OH,51862002806,51862,28,6,2024,3,True,LUTERA TAB,,,,,
MCOU,OH,68001036703,68001,367,3,2024,3,True,POTASSIUM ,,,,,
MCOU,OH,35573043556,35573,435,56,2024,4,False,SODIUM FLO,3584.0,63.0,848.32,844.02,4.3
MCOU,OH,13668059181,13668,591,81,2024,2,False,APREPITANT,21.0,21.0,0.0,0.0,0.0
MCOU,OH,46122046222,46122,462,22,2024,2,True,GNP ALLERG,,,,,
MCOU,OH,904716261,904,7162,61,2024,3,True,METFORMIN ,,,,,
MCOU,OH,713065937,713,659,37,2024,4,True,BETAMETHAS,,,,,
FFSU,OH,62332024671,62332,246,71,2024,2,False,AMANTADINE,1486.0,28.0,474.82,474.82,0.0
FFSU,OH,14539067401,14539,674,1,2024,2,False,HYDROXYZIN,10721.0,174.0,1993.13,1839.73,153.4
MCOU,OH,54838013540,54838,135,40,2024,4,True,SILADRYL A,,,,,
FFSU,OH,591354260,591,3542,60,2024,2,True,BUPROPION ,,,,,
FFSU,OH,72888006501,72888,65,1,2024,4,False,BUSPIRONE ,5869.0,54.0,698.04,696.34,1.7
FFSU,OH,53746054405,53746,544,5,2024,4,False,PRIMIDONE ,16915.5,243.0,3872.47,3872.47,0.0
MCOU,OH,781803601,781,8036,1,2024,3,True,TRIFLUOPER,,,,,
FFSU,OH,69452020720,69452,207,20,2024,3,False,CALCITRIOL,3486.0,124.0,1686.73,1686.73,0.0
MCOU,OH,456046101,456,461,1,2024,2,False,ARMOUR THY,10754.0,208.0,22039.77,22039.77,0.0
MCOU,OH,68382013710,68382,137,10,2024,4,True,LOSARTAN P,,,,,
MCOU,OH,68084009711,68084,97,11,2024,4,True,ATORVASTAT,,,,,
FFSU,OH,61269073556,61269,735,56,2024,2,False,MICONAZOLE,1822.0,60.0,660.49,660.49,0.0
MCOU,OH,68001037300,68001,373,0,2024,4,True,ISOSORBIDE,,,,,
MCOU,OH,16571016901,16571,169,1,2024,4,False,BACLOFEN T,28365.0,419.0,7003.16,6928.42,74.74
MCOU,OH,10019055303,10019,553,3,2024,3,True,TRANSDERM ,,,,,
MCOU,OH,43598045730,43598,457,30,2024,3,True,DOXYCYCLIN,,,,,
MCOU,OH,67877049930,67877,499,30,2024,4,False,AMLODIPINE,643.0,14.0,328.39,328.39,0.0
FFSU,OH,65862053450,65862,534,50,2024,4,True,AMOXICILLI,,,,,
FFSU,OH,27241012403,27241,124,3,2024,2,True,SILDENAFIL,,,,,
FFSU,OH,42543040801,42543,408,1,2024,2,False,POTASSIUM ,1600.0,14.0,546.37,546.37,0.0
MCOU,OH,71288040211,71288,402,11,2024,4,True,HEPARIN 10,,,,,
FFSU,OH,51144003001,51144,30,1,2024,2,True,PADCEV (EN,,,,,
MCOU,OH,70677101802,70677,1018,2,2024,3,False,F&T ALLER ,900.0,27.0,581.62,581.62,0.0
FFSU,OH,68382066005,68382,660,5,2024,3,False,SPIRONOLAC,4173.0,165.0,1608.63,1608.63,0.0
MCOU,OH,49884017111,49884,171,11,2024,3,True,COLCHICINE,,,,,
MCOU,OH,69452012619,69452,126,19,2024,4,True,SEVELAMER ,,,,,
MCOU,OH,45802088830,45802,888,30,2024,3,False,OMEPRAZOLE,3124.0,89.0,1641.14,1641.14,0.0
FFSU,OH,13668059386,13668,593,86,2024,3,True,APREPITANT,,,,,
FFSU,OH,70710147106,70710,1471,6,2024,4,True,IVABRADINE,,,,,
MCOU,OH,59572050200,59572,502,0,2024,3,True,POMALYST (,,,,,
MCOU,OH,168000616,168,6,16,2024,3,False,TRIAMCINOL,34020.0,75.0,2033.04,2033.04,0.0
MCOU,OH,60505016501,60505,165,1,2024,3,False,FLUVOXAMIN,25642.0,501.0,8747.98,8271.98,476.0
MCOU,OH,536133321,536,1333,21,2024,2,False,GUAIFENESI,806.0,27.0,495.99,495.99,0.0
MCOU,OH,23155086601,23155,866,1,2024,4,False,GABAPENTIN,5075.0,61.0,628.6,628.6,0.0
MCOU,OH,72205002790,72205,27,90,2024,3,False,ROSUVASTAT,15094.0,234.0,2535.64,2535.64,0.0
MCOU,OH,72578013805,72578,138,5,2024,3,False,LOPERAMIDE,19211.0,409.0,6416.53,6416.43,0.1
MCOU,OH,59762134601,59762,1346,1,2024,3,True,PREGABALIN,,,,,
MCOU,OH,50458030911,50458,309,11,2024,4,False,RISPERDAL ,38.0,20.0,11413.94,11413.94,0.0
FFSU,OH,60687016201,60687,162,1,2024,3,False,METFORMIN ,336.0,24.0,100.12,100.12,0.0
FFSU,OH,64850050301,64850,503,1,2024,4,True,DEX SAC/AM,,,,,
MCOU,OH,70727052925,70727,529,25,2024,3,False,ROCKLATAN ,677.5,193.0,91117.56,90994.69,122.87
MCOU,OH,47335070652,47335,706,52,2024,3,True,IPRATROPIU,,,,,
FFSU,OH,47335094386,47335,943,86,2024,2,True,LACOSAMIDE,,,,,
MCOU,OH,51754501101,51754,5011,1,2024,3,True,8.4% SODIU,,,,,
FFSU,OH,72603027502,72603,275,2,2024,4,True,ESTRADIOL ,,,,,
MCOU,OH,93790901,93,7909,1,2024,3,True,TIOPRONIN ,,,,,
MCOU,OK,68382000301,68382,3,1,2024,4,False,AZATHIOPRI,8419.0,124.0,1414.96,1212.97,201.99
FFSU,OK,72578010484,72578,104,84,2024,4,True,MIRTAZAPIN,,,,,
FFSU,OH,536126163,536,1261,63,2024,1,True,BENZOYL PE,,,,,
MCOU,OK,68546047556,68546,475,56,2024,4,True,AUSTEDO XR,,,,,
FFSU,OK,42806034401,42806,344,1,2024,3,False,AMPHETAMIN,12330.0,231.0,5958.92,5713.89,245.03
FFSU,OK,68462031829,68462,318,29,2024,4,True,DESOGESTRE,,,,,
MCOU,OK,228203150,228,2031,50,2024,3,False,ALPRAZOLAM,11063.0,155.0,395.63,251.79,143.84
MCOU,OK,75907007005,75907,70,5,2024,4,True,NORTRIPTYL,,,,,
MCOU,OK,16714006701,16714,67,1,2024,4,True,CARBIDOPA ,,,,,
FFSU,OH,70677006001,70677,60,1,2024,1,True,LOPERAMIDE,,,,,
MCOU,OH,31722002730,31722,27,30,2024,1,False,SOLIFENACI,6940.0,136.0,2006.51,2006.51,0.0
MCOU,OH,65219008005,65219,80,5,2024,1,True,GADOTERATE,,,,,
MCOU,OH,68135067345,68135,673,45,2024,1,False,PALYNZIQ  ,800.0,22.0,491890.4,464745.0,27145.4
FFSU,OH,228206710,228,2067,10,2024,1,True,OXAZEPAM C,,,,,
FFSU,OH,591058201,591,582,1,2024,1,True,PROPAFENON,,,,,
FFSU,OK,16571067101,16571,671,1,2024,3,True,PHENOBARBI,,,,,
MCOU,OH,64208823503,64208,8235,3,2024,2,False,GAMMAPLEX ,9400.0,20.0,97702.96,97702.96,0.0
MCOU,OH,65862051205,65862,512,5,2024,2,False,PIOGLITAZO,3082.0,65.0,773.3,773.3,0.0
FFSU,OK,29300013201,29300,132,1,2024,4,False,ZALEPLON C,900.0,24.0,399.5,338.7,60.8
MCOU,OK,57894006002,57894,60,2,2024,4,True,STELARA 45,,,,,
FFSU,OK,42858008045,42858,80,45,2024,4,False,METHYLPHEN,667.0,23.0,3362.17,3355.17,7.0
MCOU,OH,67108356509,67108,3565,9,2024,2,True,MESNEX    ,,,,,
FFSU,OK,72603015201,72603,152,1,2024,4,True,DAPTOMYCIN,,,,,
FFSU,OH,527123101,527,1231,1,2024,1,False,PRIMIDONE ,540.0,12.0,235.66,235.66,0.0
MCOU,OH,64380088304,64380,883,4,2024,1,False,CINCACALCE,2265.063,200.0,5038.01,5038.01,0.0
MCOU,OH,93550556,93,5505,56,2024,1,True,OLANZAPINE,,,,,
FFSU,OK,16571017101,16571,171,1,2024,3,True,BACLOFEN T,,,,,
MCOU,OK,50111033402,50111,334,2,2024,3,False,METRONIDAZ,29844.0,1896.0,4550.25,3312.49,1237.76
FFSU,OK,42571010301,42571,103,1,2024,3,True,GLIMEPIRID,,,,,
FFSU,OH,42806004801,42806,48,1,2024,1,False,GUANFACINE,1452.0,29.0,706.95,701.25,5.7
FFSU,OK,70710177209,70710,1772,9,2024,4,True,ATORVASTAT,,,,,
MCOU,OK,378750332,378,7503,32,2024,3,False,BREYNA (16,710.7,65.0,16877.63,14123.15,2754.48
FFSU,OH,245531915,245,5319,15,2024,1,False,KLOR-CON M,6055.0,93.0,2767.88,2587.7,180.18
MCOU,OH,59651023201,59651,232,1,2024,1,False,CLONIDINE ,1250.0,26.0,270.29,270.29,0.0
MCOU,OH,121101930,121,1019,30,2024,1,False,BUPRENORPH,14157.0,1896.0,79924.36,79924.36,0.0
FFSU,OH,33342032186,33342,321,86,2024,1,True,CLOBESTASO,,,,,
MCOU,OK,59651065800,59651,658,0,2024,4,True,NITROGLYCE,,,,,
MCOU,OH,72603022510,72603,225,10,2024,2,True,ENOXAPAR P,,,,,
FFSU,OK,55111053301,55111,533,1,2024,3,False,DIVALPROEX,8420.0,119.0,2521.8,2397.43,124.37
MCOU,OH,168025846,168,258,46,2024,1,False,CLOTRIMAZO,28915.0,626.0,10965.06,10855.99,109.07
FFSU,OH,536116137,536,1161,37,2024,1,False,GUAIFENESI,3863.0,118.0,2812.52,2812.52,0.0
MCOU,OK,16714066101,16714,661,1,2024,3,False,GABAPENTIN,2465.0,34.0,99.15,82.45,16.7
MCOU,OH,63323006403,63323,64,3,2024,1,False,MAGNESIUM ,117.25,15.0,1776.5,1776.5,0.0
MCOU,OH,49348018267,49348,182,67,2024,1,True,SM ALLERGY,,,,,
MCOU,OH,16729000816,16729,8,16,2024,1,False,PRAVASTATI,570.0,11.0,124.47,124.47,0.0
FFSU,OK,70756024912,70756,249,12,2024,4,True,ATORVASTAT,,,,,
MCOU,OH,72205000399,72205,3,99,2024,1,False,ROSUVASTAT,138375.0,2084.0,24182.68,23586.97,595.71
FFSU,OK,68180067306,68180,673,6,2024,4,True,LURASIDONE,,,,,
MCOU,OH,68382000301,68382,3,1,2024,2,True,AZATHIOPRI,,,,,
MCOU,OK,406896101,406,8961,1,2024,3,True,DEXTROAMPH,,,,,
FFSU,OH,57237010201,57237,102,1,2024,1,False,METOPROLOL,604.0,11.0,102.48,98.84,3.64
MCOU,OH,76282044790,76282,447,90,2024,2,False,LISINOPRIL,900.0,12.0,129.32,129.32,0.0
MCOU,OH,57237004390,57237,43,90,2024,1,False,VALACYCLOV,21499.0,897.0,15685.42,15451.19,234.23
MCOU,OK,60505474101,60505,4741,1,2024,4,True,LISDEXAMFE,,,,,
MCOU,OK,74061602,74,616,2,2024,4,False,HUMIRA 20M,50.0,23.0,168243.51,168243.51,0.0
FFSU,OH,62559041701,62559,417,1,2024,1,True,BENAZEPRIL,,,,,
FFSU,OK,43598021055,43598,210,55,2024,3,False,SILVER SUL,4800.0,87.0,848.6,794.58,54.02
MCOU,OK,65862069550,65862,695,50,2024,4,True,METRONIDAZ,,,,,
MCOU,OK,59651048701,59651,487,1,2024,3,False,PREDNISONE,1055.0,49.0,185.14,145.71,39.43
MCOU,OH,64980022003,64980,220,3,2024,2,False,PYRIDOSTIG,1050.0,29.0,2203.52,2203.52,0.0
FFSU,OK,378230201,378,2302,1,2024,3,False,PRAZOSIN H,602.0,29.0,377.06,377.06,0.0
FFSU,OK,16729022701,16729,227,1,2024,4,True,SPIRONOLAC,,,,,
MCOU,OH,49884076852,49884,768,52,2024,1,True,TOLVAPTAN ,,,,,
FFSU,OK,71101568,71,1015,68,2024,3,True,LYRICA (PR,,,,,
FFSU,OH,58657031216,58657,312,16,2024,1,False,POT CITRAT,65659.0,92.0,4424.52,4326.9,97.62
MCOU,OK,70377000612,70377,6,12,2024,4,True,ROSUVASTAT,,,,,
FFSU,OK,13668004801,13668,48,1,2024,4,True,LAMOTRIGIN,,,,,
FFSU,OH,68382013814,68382,138,14,2024,1,False,TOPIRAMATE,8526.0,190.0,1689.48,1664.19,25.29
FFSU,OH,31722081360,31722,813,60,2024,1,False,LACOSAMIDE,2822.0,38.0,1073.81,1060.06,13.75
FFSU,OK,378027105,378,271,5,2024,3,False,DIAZEPAM 2,626.0,15.0,166.07,142.47,23.6
MCOU,OH,64980022101,64980,221,1,2024,2,False,METHYLPHEN,2005.0,36.0,2696.69,2075.25,621.44
MCOU,OH,45802095301,45802,953,1,2024,1,False,DICLOFENAC,283000.0,2195.0,41508.08,41508.08,0.0
MCOU,OK,33342039710,33342,397,10,2024,4,True,LEVOTHYROX,,,,,
FFSU,OH,93172110,93,1721,10,2024,1,False,WARFARIN S,1537.0,77.0,701.86,668.69,33.17
MCOU,OH,378729453,378,7294,53,2024,1,False,ESTRADIOL ,644.0,23.0,564.5,516.26,48.24
MCOU,OH,51672129303,51672,1293,3,2024,1,False,CLOBETASOL,81695.0,1546.0,32538.27,31909.16,629.11
MCOU,OH,70436020202,70436,202,2,2024,1,False,METOPROLOL,37647.0,857.0,9445.22,9439.3,5.92
MCOU,OK,50111039803,50111,398,3,2024,4,True,HYDRALAZIN,,,,,
FFSU,OK,60758056160,60758,561,60,2024,3,True,TAZAROTENE,,,,,
MCOU,OH,52536013013,52536,130,13,2024,1,True,ERY-PED 40,,,,,
FFSU,OH,51759030510,51759,305,10,2024,1,True,UZEDY ER I,,,,,
MCOU,OK,31722025210,31722,252,10,2024,4,True,ALLOPURINO,,,,,
FFSU,OH,68180044703,68180,447,3,2024,2,False,QUETIAPINE,13822.0,376.0,3875.05,3841.1,33.95
MCOU,OK,57664049983,57664,499,83,2024,4,True,MIRTAZAPIN,,,,,
MCOU,OK,591040401,591,404,1,2024,3,True,VERAPAMIL ,,,,,
FFSU,OK,62175013632,62175,136,32,2024,3,True,OMEPRAZOLE,,,,,
FFSU,OK,23024004,23,240,4,2024,4,True,REFRESH PM,,,,,
MCOU,OK,713063215,713,632,15,2024,3,True,FLUTICASON,,,,,
MCOU,OK,43547029503,43547,295,3,2024,4,True,FEBUXOSTAT,,,,,
FFSU,OH,45802025742,45802,257,42,2024,1,False,MOMETASONE,945.0,15.0,394.33,381.62,12.71
FFSU,OH,70000052601,70000,526,1,2024,1,False,LDR STOOL ,10193.0,183.0,2068.74,2068.74,0.0
MCOU,OK,406851501,406,8515,1,2024,4,False,OXYCODONE ,31712.0,316.0,5196.36,5196.36,0.0
FFSU,OH,132007912,132,79,12,2024,1,True,GLYCERIN S,,,,,
FFSU,OH,536132926,536,1329,26,2024,1,False,TOLNAFTATE,1080.0,23.0,236.19,236.19,0.0
FFSU,OK,31722052530,31722,525,30,2024,3,False,FINASTERID,1725.0,23.0,375.49,315.89,59.6
FFSU,OK,31722055190,31722,551,90,2024,3,False,LEVOCETIRI,1181.0,49.0,636.71,636.71,0.0
FFSU,OK,82625880201,82625,8802,1,2024,4,False,MOVANTIK 2,360.0,12.0,4918.47,4885.47,33.0
FFSU,OK,115180201,115,1802,1,2024,4,True,METHYLPHEN,,,,,
FFSU,OH,43547040810,43547,408,10,2024,1,True,CLONAZEPAM,,,,,
FFSU,OK,62332010131,62332,101,31,2024,4,False,ARIPIPRAZO,1142.5,28.0,536.95,508.95,28.0
FFSU,OH,72888001201,72888,12,1,2024,1,False,CYCLOBENZA,1646.0,41.0,433.97,404.21,29.76
MCOU,OK,13668018090,13668,180,90,2024,3,True,ROSUVASTAT,,,,,
MCOU,OK,78060905,78,609,5,2024,3,False,FOCALIN XR,2331.0,79.0,13406.4,12706.8,699.6
MCOU,OK,43547048610,43547,486,10,2024,4,False,PKGS METHY,910.0,23.0,103.54,103.54,0.0
MCOU,OK,944285003,944,2850,3,2024,4,True,CUVITRU 2G,,,,,
MCOU,OH,68084022001,68084,220,1,2024,1,False,ONDANSETRO,620.5,43.0,257.62,257.62,0.0
FFSU,OH,62332058530,62332,585,30,2024,1,True,NYSTATIN A,,,,,
FFSU,OH,69131801,69,1318,1,2024,1,True,RETACRIT 2,,,,,
FFSU,OK,43598050910,43598,509,10,2024,3,True,ESOMEPRAZO,,,,,
FFSU,OK,16729001017,16729,10,17,2024,3,True,PRAVASTATI,,,,,
MCOU,OK,76385010617,76385,106,17,2024,4,False,KETOTIFEN ,865.0,168.0,1371.0,1371.0,0.0
MCOU,OK,51672130302,51672,1303,2,2024,3,False,ECONAZOLE ,510.0,15.0,191.02,142.97,48.05
FFSU,OK,16714046404,16714,464,4,2024,3,True,JULEBER 0.,,,,,
FFSU,OK,113030602,113,306,2,2024,4,False,CLEARLAX (,4675.0,13.0,239.91,239.91,0.0
FFSU,OK,65862065401,65862,654,1,2024,4,True,ENTACAPONE,,,,,
FFSU,OK,47781064910,47781,649,10,2024,4,True,LEVOTHYROX,,,,,
MCOU,OK,43598050910,43598,509,10,2024,4,True,ESOMEPRAZO,,,,,
FFSU,OH,31722072150,31722,721,50,2024,1,False,LEVOFLOXAC,161.0,35.0,298.97,298.97,0.0
FFSU,OH,65162062750,65162,627,50,2024,1,False,TRAMADOL H,366.0,12.0,134.26,134.26,0.0
FFSU,OK,591363630,591,3636,30,2024,3,True,TROSPIUM C,,,,,
FFSU,OK,93171601,93,1716,1,2024,3,False,WARFARIN S,871.0,16.0,255.19,199.19,56.0
FFSU,OH,61442014101,61442,141,1,2024,1,True,LOVASTATIN,,,,,
MCOU,OK,29300047705,29300,477,5,2024,3,False,BUSPIRONE ,38669.0,418.0,1963.93,1706.33,257.6
MCOU,OK,27241003031,27241,30,31,2024,4,True,OMEPRAZOLE,,,,,
FFSU,OK,338007225,338,72,25,2024,3,False,KETOROLAC ,27.5,25.0,63.32,41.24,22.08
MCOU,OH,62756046188,62756,461,88,2024,1,False,CARBIDOPA ,483.0,15.0,183.91,183.91,0.0
MCOU,OK,70377001511,70377,15,11,2024,4,False,TACROLIMUS,1320.0,13.0,221.6,221.6,0.0
FFSU,OH,47781056501,47781,565,1,2024,1,True,LISDEXAMFE,,,,,
MCOU,OH,93719801,93,7198,1,2024,1,False,FLUOXETINE,89071.0,1914.0,21311.17,21197.34,113.83
MCOU,OH,62332019960,62332,199,60,2024,1,False,ASENAPINE ,1690.0,32.0,3673.72,3616.16,57.56
MCOU,OH,69543012550,69543,125,50,2024,1,False,GLIMEPIRAD,1390.0,23.0,278.96,278.96,0.0
MCOU,OK,168005546,168,55,46,2024,3,False,BETAMETH D,495.0,11.0,278.11,243.26,34.85
MCOU,OH,64950034316,64950,343,16,2024,1,False,HYDROCODON,18471.2,86.0,1455.63,1411.76,43.87
MCOU,OH,62559020590,62559,205,90,2024,1,True,NICARDIPIN,,,,,
MCOU,OK,990798309,990,7983,9,2024,3,False,SODIUM CL ,3638003.0,2647.0,253.3,56.07,197.23
MCOU,OH,23155085925,23155,859,25,2024,1,True,VANCOMYCIN,,,,,
FFSU,OK,51672125803,51672,1258,3,2024,4,True,CLOBETASOL,,,,,
MCOU,OK,59651050001,59651,500,1,2024,3,True,HYDROXYZIN,,,,,
MCOU,OK,50881000705,50881,7,5,2024,3,False,OPZELURA 1,960.0,16.0,33541.07,31557.08,1983.99
FFSU,OH,68382037002,68382,370,2,2024,2,False,NYSTATIN T,1890.0,47.0,1146.93,1145.9,1.03
FFSU,OH,68382079205,68382,792,5,2024,2,True,ACYCLOVIR ,,,,,
FFSU,OH,143928520,143,9285,20,2024,1,True,AMOXICILLI,,,,,
MCOU,OH,68180084073,68180,840,73,2024,1,False,NORGESTIMA,41580.0,1035.0,13185.63,13181.94,3.69
MCOU,OH,3362212,3,3622,12,2024,1,True,REYATAZ   ,,,,,
MCOU,OH,51991070510,51991,705,10,2024,1,True,ALPRAZOLAM,,,,,
MCOU,OK,43547030303,43547,303,3,2024,3,True,ARIPIPRAZO,,,,,
MCOU,OH,68462010430,68462,104,30,2024,2,False,FLUCONAZOL,4127.0,312.0,4509.37,4509.37,0.0
MCOU,OH,75834023801,75834,238,1,2024,1,False,CELECOXIB ,6413.0,151.0,1827.49,1752.9,74.59
MCOU,OK,27241014503,27241,145,3,2024,4,True,SILODOSIN ,,,,,
MCOU,OH,70000044101,70000,441,1,2024,2,False,LDR SENNA ,2286.0,57.0,649.67,649.67,0.0
FFSU,OK,93727298,93,7272,98,2024,3,False,PIOGLITAZO,569.0,11.0,184.88,176.88,8.0
FFSU,OK,23155011601,23155,116,1,2024,3,True,GLIP MET  ,,,,,
MCOU,OH,64980059248,64980,592,48,2024,1,False,LACTULOSE ,261267.0,199.0,4969.44,4969.44,0.0
MCOU,OH,65162021210,65162,212,10,2024,2,True,PHENYTOIN ,,,,,
MCOU,OK,59762453802,59762,4538,2,2024,3,False,MEDROXYPRO,13.14,34.0,436.21,436.21,0.0
MCOU,OK,93834498,93,8344,98,2024,3,True,GLYBURIDE ,,,,,
FFSU,OH,69130810,69,1308,10,2024,1,False,RETACRIT 1,58.0,43.0,3572.37,3572.37,0.0
FFSU,OK,72205014299,72205,142,99,2024,4,False,LOSARTAN P,15098.0,200.0,2844.28,2425.15,419.13
FFSU,OH,46122054703,46122,547,3,2024,1,False,GNP INFANT,480.0,14.0,161.16,161.16,0.0
FFSU,OH,65081701,65,817,1,2024,1,True,ATROPINE S,,,,,
MCOU,OH,63824000832,63824,8,32,2024,1,False,MUCINEX 20,8728.0,274.0,5991.33,5991.33,0.0
FFSU,OK,50228015705,50228,157,5,2024,4,False,CELECOXIB ,810.0,14.0,223.08,216.68,6.4
MCOU,OK,70069023101,70069,231,1,2024,4,False,BRIMONIDIN,580.0,84.0,393.48,393.48,0.0
FFSU,OH,16714012303,16714,123,3,2024,1,False,OMEPRAZOLE,23362.0,700.0,9943.6,9875.48,68.12
FFSU,OH,13668001006,13668,10,6,2024,1,True,CITALOPRAM,,,,,
MCOU,OK,57894016001,57894,160,1,2024,3,True,INFLIXIMAB,,,,,
FFSU,OH,10454071110,10454,711,10,2024,1,True,MYOBLOC   ,,,,,
MCOU,OH,67877073295,67877,732,95,2024,2,False,LACOSAMIDE,97910.0,200.0,15653.99,10159.51,5494.48
FFSU,OH,65162076210,65162,762,10,2024,1,False,WARFARIN S,782.0,22.0,191.67,174.06,17.61
MCOU,OH,70000053301,70000,533,1,2024,1,True,LDR EV/DY ,,,,,
MCOU,OH,904692961,904,6929,61,2024,1,True,TOPIRAMATE,,,,,
MCOU,OH,713063437,713,634,37,2024,1,False,MOMETASONE,27255.0,579.0,11076.05,11015.61,60.44
MCOU,OK,555088702,555,887,2,2024,3,False,ESTRADIOL ,17809.0,320.0,2139.59,1738.88,400.71
MCOU,OK,13107008301,13107,83,1,2024,3,True,LORAZEPAM ,,,,,
MCOU,OH,43547040010,43547,400,10,2024,1,False,CYCLOBENZA,4141.0,82.0,789.99,788.38,1.61
MCOU,OK,33342032954,33342,329,54,2024,3,False,TRIAMCINOL,18555.0,50.0,749.84,613.9,135.94
FFSU,OK,55111033290,55111,332,90,2024,4,False,PANTOPRAZO,3717.0,99.0,1295.99,1220.39,75.6
MCOU,OK,42543040701,42543,407,1,2024,4,True,POTASSIUM ,,,,,
FFSU,OH,70954015810,70954,158,10,2024,1,True,CLORAZEPAT,,,,,
MCOU,OH,24979070306,24979,703,6,2024,1,True,DEXLANSOPR,,,,,
MCOU,OH,70505010010,70505,100,10,2024,1,False,DOXYLAMINE,1130.0,17.0,1657.7,1342.45,315.25
FFSU,OH,65862051430,65862,514,30,2024,1,False,PIOGLITAZO,674.0,13.0,201.28,163.83,37.45
MCOU,OH,42794008008,42794,80,8,2024,1,False,ACITRETIN ,370.0,12.0,1838.03,1838.03,0.0
FFSU,OK,115174501,115,1745,1,2024,4,True,METAXALONE,,,,,
MCOU,OH,55513002304,55513,23,4,2024,1,True,ARANESP (D,,,,,
MCOU,OK,310183030,310,1830,30,2024,4,False,FASENRA PE,39.0,39.0,225896.48,221393.25,4503.23
MCOU,OK,70860075102,70860,751,2,2024,4,True,FAMOTIDINE,,,,,
FFSU,OH,68462022001,68462,220,1,2024,2,False,LITHIUM CA,8609.0,155.0,2012.58,1980.7,31.88
FFSU,OK,60219172206,60219,1722,6,2024,4,True,ETRAVIRINE,,,,,
FFSU,OK,60687055001,60687,550,1,2024,4,True,METRONIDAZ,,,,,
FFSU,OK,185067401,185,674,1,2024,4,False,HYDROXYZIN,47614.0,641.0,10137.09,9457.81,679.28
MCOU,OH,75854031630,75854,316,30,2024,2,True,PRENATE PI,,,,,
MCOU,OK,378451793,378,4517,93,2024,4,True,AMLODIPINE,,,,,
MCOU,OH,536137904,536,1379,4,2024,1,False,DOCOSANOL ,58.0,27.0,581.06,581.06,0.0
MCOU,OK,57664008388,57664,83,88,2024,4,True,LISDEXAMFE,,,,,
FFSU,OH,70710111000,70710,1110,0,2024,1,False,CYPROHEPTA,1527.0,32.0,458.15,458.15,0.0
MCOU,OK,24208034205,24208,342,5,2024,3,True,DESMOPRESS,,,,,
FFSU,OH,75834011330,75834,113,30,2024,1,True,LIDOCAINE ,,,,,
FFSU,OH,45802096126,45802,961,26,2024,1,True,CLOBETASOL,,,,,
MCOU,OH,52817033050,52817,330,50,2024,1,False,CYCLOBENZA,80307.0,1674.0,17377.02,17312.73,64.29
MCOU,OR,69315090501,69315,905,1,2024,4,False,LORAZEPRAM,77.5,36.0,2.5,2.5,0.0
FFSU,OR,93171801,93,1718,1,2024,3,True,WARFARIN S,,,,,
MCOU,OK,24979002807,24979,28,7,2024,2,True,DILTIAZEM ,,,,,
MCOU,OR,70436015542,70436,155,42,2024,4,False,PROMETHAZI,7260.0,50.0,565.65,565.65,0.0
MCOU,OR,55513067001,55513,670,1,2024,3,False,AVSOLA (IN,368.0,106.0,113342.61,110864.56,2478.05
MCOU,OR,70010075401,70010,754,1,2024,4,False,METHOCARBA,196950.0,3131.0,12814.06,12756.47,57.59
MCOU,OR,597015290,597,152,90,2024,3,False,JARDIANCE ,7378.0,234.0,141479.64,137696.63,3783.01
MCOU,OR,143900501,143,9005,1,2024,3,True,TESTOSTERO,,,,,
FFSU,OR,904679489,904,6794,89,2024,4,False,ASPIRIN 81,1908.0,64.0,181.51,181.51,0.0
FFSU,OK,63323065104,63323,651,4,2024,1,True,ADENOSINE ,,,,,
MCOU,OK,59762501801,59762,5018,1,2024,2,True,FLUCONAZOL,,,,,
FFSU,OK,574061105,574,611,5,2024,1,False,PODOFILOX ,119.0,34.0,1884.62,1754.16,130.46
FFSU,OK,29300046810,29300,468,10,2024,1,False,CLONIDINE ,180291.0,3044.0,39130.41,38197.91,932.5
MCOU,OK,904728060,904,7280,60,2024,2,False,DOCUSATE S,2304.0,58.0,354.55,298.19,56.36
FFSU,OK,29300015201,29300,152,1,2024,2,False,QUETIAPINE,3845.0,52.0,1145.47,1012.95,132.52
MCOU,OR,31722099901,31722,999,1,2024,3,True,BACLOFEN T,,,,,
FFSU,OK,62756051818,62756,518,18,2024,3,True,CABIDOPA A,,,,,
FFSU,OK,65862018601,65862,186,1,2024,3,False,CLINDAMYCI,18840.0,658.0,11150.38,10355.49,794.89
MCOU,OR,24208067004,24208,670,4,2024,4,False,SULFACETAM,990.0,66.0,2251.93,2251.93,0.0
FFSU,OR,59651023630,59651,236,30,2024,4,True,ANASTROZOL,,,,,
MCOU,OR,42799095801,42799,958,1,2024,4,False,ISOSORBIDE,3876.0,95.0,1144.39,1144.39,0.0
FFSU,OK,66993007896,66993,78,96,2024,3,False,FLUTICASON,9741.4,886.0,121037.32,120013.39,1023.93
MCOU,OR,93342101,93,3421,1,2024,3,True,CYCLOBENZA,,,,,
FFSU,OK,23155051901,23155,519,1,2024,2,True,ISOSORBIDE,,,,,
FFSU,OK,378462026,378,4620,26,2024,1,True,ESTRADIOL ,,,,,
FFSU,OK,536589453,536,5894,53,2024,2,True,NICOTINE T,,,,,
FFSU,OR,31722077801,31722,778,1,2024,3,False,ACYCLOVIR ,571.0,16.0,191.4,189.67,1.73
MCOU,OR,61958200201,61958,2002,1,2024,3,False,DESCOVY 20,13860.0,421.0,965417.81,964457.25,960.56
MCOU,OR,55111049704,55111,497,4,2024,3,False,CAPECITABI,3607.0,35.0,9841.31,9841.31,0.0
MCOU,OK,62332041510,62332,415,10,2024,2,True,OSELTAMIVI,,,,,
MCOU,OR,82009001990,82009,19,90,2024,4,True,ROSUVASTAT,,,,,
MCOU,OR,904674740,904,6747,40,2024,3,False,IBUPROFEN ,4732.0,53.0,80.85,80.85,0.0
MCOU,OK,10702000350,10702,3,50,2024,2,False,PROMETHAZI,18813.0,602.0,4447.06,606.96,3840.1
MCOU,OK,70436019301,70436,193,1,2024,2,True,DILTIAZEM ,,,,,
FFSU,OK,603533821,603,5338,21,2024,2,True,PREDNISONE,,,,,
MCOU,OK,61442012101,61442,121,1,2024,2,True,FAMOTIDINE,,,,,
FFSU,OR,60505131803,60505,1318,3,2024,4,False,PAROXETINE,2873.0,89.0,2027.44,2027.44,0.0
FFSU,OK,93354756,93,3547,56,2024,2,True,ATOMOXETIN,,,,,
FFSU,OR,65862012701,65862,127,1,2024,3,True,TORSEMIDE ,,,,,
MCOU,OK,781345170,781,3451,70,2024,2,True,CEFAZOLIN ,,,,,
FFSU,OK,24385027868,24385,278,68,2024,2,True,CHILDREN'S,,,,,
FFSU,OR,43547034911,43547,349,11,2024,3,True,PAROXETINE,,,,,
FFSU,OK,93226801,93,2268,1,2024,1,False,AMOXICILLI,8273.0,222.0,4565.82,4511.63,54.19
FFSU,OK,66302031001,66302,310,1,2024,2,True,ORENITRAM ,,,,,
FFSU,OK,51991035006,51991,350,6,2024,2,False,LACOSAMIDE,2478.0,45.0,1306.77,1250.52,56.25
FFSU,OR,2323560,2,3235,60,2024,3,True,CYMBALTA  ,,,,,
FFSU,OK,68001046836,68001,468,36,2024,1,True,OXALIPLATI,,,,,
FFSU,OR,69238153205,69238,1532,5,2024,4,True,CLOBETASOL,,,,,
FFSU,OK,68382080605,68382,806,5,2024,3,False,TRAZODONE ,13045.0,282.0,3953.37,3641.37,312.0
FFSU,OR,990792909,990,7929,9,2024,3,True,DEXTROSE I,,,,,
MCOU,OK,69367023601,69367,236,1,2024,2,True,FLUOXETINE,,,,,
MCOU,OK,168002016,168,20,16,2024,2,True,HYDRO OT 1,,,,,
MCOU,OK,69315090405,69315,904,5,2024,2,False,LORAZEPRAM,3819.0,95.0,702.47,171.49,530.98
FFSU,OR,62332010330,62332,103,30,2024,4,True,ARIPIPRAZO,,,,,
FFSU,OK,72205005230,72205,52,30,2024,1,True,DOXEPIN HY,,,,,
FFSU,OK,46110291,46,1102,91,2024,1,True,PREMARIN T,,,,,
MCOU,OR,59651029501,59651,295,1,2024,3,False,NIFEDIPINE,2040.0,47.0,519.91,440.68,79.23
MCOU,OR,68001057500,68001,575,0,2024,4,True,DESMOPRESS,,,,,
MCOU,OR,67877084210,67877,842,10,2024,3,False,FAMOTIDINE,48017.0,733.0,5387.86,5301.59,86.27
FFSU,OK,63323067389,63323,673,89,2024,3,False,PALONOSETR,245.0,49.0,490.95,312.75,178.2
MCOU,OR,832011100,832,111,0,2024,3,False,AMANTADINE,8204.0,146.0,3483.57,3358.18,125.39
MCOU,OR,16714003502,16714,35,2,2024,4,False,LEVETIRACE,3618.0,45.0,440.43,440.43,0.0
MCOU,OK,67877042905,67877,429,5,2024,2,True,GABAPENTIN,,,,,
FFSU,OR,378728353,378,7283,53,2024,3,False,NORACETHES,1456.0,26.0,453.05,445.53,7.52
FFSU,OK,70010011501,70010,115,1,2024,2,True,DEXTROAMPH,,,,,
FFSU,OR,72888006205,72888,62,5,2024,4,False,BUSPIRONE ,53515.0,610.0,6840.01,6835.04,4.97
FFSU,OR,641612525,641,6125,25,2024,4,True,MORPHINE S,,,,,
FFSU,OK,43547033950,43547,339,50,2024,1,False,RISPERIDON,1984.0,33.0,448.4,444.66,3.74
FFSU,OK,60505464203,60505,4642,3,2024,2,True,PRASUGREL ,,,,,
MCOU,OR,781320990,781,3209,90,2024,3,False,CEFTRIAXON,287.0,272.0,1283.26,1088.68,194.58
FFSU,OK,63323069044,63323,690,44,2024,3,True,ACETYLCYST,,,,,
FFSU,OK,65862001801,65862,18,1,2024,2,True,CEPHALEXIN,,,,,
FFSU,OR,31722077801,31722,778,1,2024,4,False,ACYCLOVIR ,971.0,26.0,336.36,328.74,7.62
FFSU,OK,517234010,517,2340,10,2024,2,False,VENOFER (I,4430.05,378.0,24052.49,16765.91,7286.58
FFSU,OK,16714012302,16714,123,2,2024,2,False,OMEPRAZOLE,2220.0,34.0,496.98,449.38,47.6
MCOU,OK,68180097103,68180,971,3,2024,2,False,LEVOTHYROX,3495.0,66.0,647.2,220.87,426.33
FFSU,OK,63323010213,63323,102,13,2024,1,True,GEMCITABIN,,,,,
MCOU,OR,50102022423,50102,224,23,2024,4,True,TARINA 24 ,,,,,
MCOU,OR,68382025701,68382,257,1,2024,3,False,OXYBUTYNIN,8345.0,227.0,3274.22,2881.18,393.04
FFSU,OK,68462031629,68462,316,29,2024,2,True,NORETHINDR,,,,,
FFSU,OK,68382066205,68382,662,5,2024,2,True,SPIRONOLAC,,,,,
MCOU,OR,27808026402,27808,264,2,2024,4,False,LEVETIRACE,2976.0,40.0,235.07,235.07,0.0
FFSU,OK,68382000610,68382,6,10,2024,3,False,LAMOTRIGIN,1202.0,14.0,193.42,181.42,12.0
FFSU,OR,59651002601,59651,26,1,2024,4,True,AMOXICILLI,,,,,
MCOU,OR,16714044401,16714,444,1,2024,3,False,ENALAPRIL ,600.0,13.0,231.26,224.18,7.08
MCOU,OR,68462031065,68462,310,65,2024,3,True,CALCIPOTRI,,,,,
FFSU,OK,70748012749,70748,127,49,2024,1,True,VARENICLIN,,,,,
FFSU,OR,21922001707,21922,17,7,2024,3,True,CLOBETASOL,,,,,
FFSU,OR,42858060203,42858,602,3,2024,4,True,BUPRENORPH,,,,,
FFSU,OK,65162068784,65162,687,84,2024,2,True,LORAZEPAM ,,,,,
FFSU,OK,60687040701,60687,407,1,2024,1,True,HYDROCOD/A,,,,,
FFSU,OR,173078100,173,781,0,2024,4,True,LAMICTAL X,,,,,
MCOU,OK,641600125,641,6001,25,2024,2,False,ATIVAN INJ,65.0,35.0,0.0,0.0,0.0
FFSU,OK,25021025550,25021,255,50,2024,2,True,PACLITAXEL,,,,,
FFSU,OR,51672203506,51672,2035,6,2024,3,True,MICONAZOLE,,,,,
FFSU,OR,51672400305,51672,4003,5,2024,3,False,NORTRIPTYL,590.0,13.0,155.69,155.69,0.0
MCOU,OR,173088710,173,887,10,2024,3,False,TRELEGY EL,91170.0,1510.0,955774.57,952195.9,3578.67
FFSU,OR,8122230,8,1222,30,2024,4,True,PRISTIQ EX,,,,,
MCOU,OK,63323050720,63323,507,20,2024,2,True,MEROPENEM ,,,,,
MCOU,OR,63323047400,63323,474,0,2024,4,False,HALOPERIDO,19.0,18.0,453.02,453.02,0.0
FFSU,OK,68462020013,68462,200,13,2024,1,True,TELMISARTA,,,,,
MCOU,OR,31722019501,31722,195,1,2024,3,False,DEXTROAMPH,2776.0,83.0,2754.08,2754.08,0.0
MCOU,OR,406051223,406,512,23,2024,3,False,OXYCODONE ,31.0,27.0,58.68,58.68,0.0
FFSU,OR,43547042110,43547,421,10,2024,4,True,LISINOPRIL,,,,,
MCOU,OR,574704512,574,7045,12,2024,4,True,BELLADONNA,,,,,
FFSU,OK,29300013605,29300,136,5,2024,1,False,CLONIDINE ,42654.9,877.0,11552.36,11387.85,164.51
FFSU,OK,3377211,3,3772,11,2024,1,True,OPDIVO    ,,,,,
FFSU,OK,406895601,406,8956,1,2024,2,False,MIXED AMPH,434.0,15.0,333.49,320.29,13.2
MCOU,OR,59651042701,59651,427,1,2024,3,False,SPIRONOLAC,50027.0,752.0,6872.46,6800.5,71.96
MCOU,OR,43598051163,43598,511,63,2024,3,True,LENALIDOMI,,,,,
MCOU,OR,168020360,168,203,60,2024,3,False,CLINDAMYCI,1620.0,25.0,805.22,746.91,58.31
MCOU,OR,63323041202,63323,412,2,2024,3,True,MIDAZOLAM ,,,,,
FFSU,OR,42858070503,42858,705,3,2024,3,True,PAROXETINE,,,,,
MCOU,OR,3029305,3,293,5,2024,4,False,KENALOG-40,364.75,319.0,2084.67,1569.42,515.25
FFSU,OR,68001047303,68001,473,3,2024,4,False,DIVALPROEX,1350.0,16.0,286.09,286.09,0.0
MCOU,OR,47781042747,47781,427,47,2024,4,False,FENTANYL T,143.0,14.0,1278.99,1278.99,0.0
FFSU,OR,43598048772,43598,487,72,2024,4,False,DRL NICOTI,2880.0,22.0,988.96,986.06,2.9
MCOU,OK,60505317007,60505,3170,7,2024,2,True,OMEGA-3 GC,,,,,
FFSU,OK,527194868,527,1948,68,2024,1,True,LEVOFLOXAC,,,,,
FFSU,OR,16714063102,16714,631,2,2024,3,True,ALENDRONAT,,,,,
MCOU,OR,409127332,409,1273,32,2024,3,False,DIAZEPAM I,196.0,92.0,1186.46,657.48,528.98
MCOU,OK,72888002860,72888,28,60,2024,2,True,LAMOTRIGIN,,,,,
MCOU,OR,51079055068,51079,550,68,2024,3,True,ACYCLOVIR ,,,,,
FFSU,OR,23155003005,23155,30,5,2024,4,False,FLUOXETINE,19875.0,575.0,2159.44,2148.35,11.09
MCOU,OR,713068631,713,686,31,2024,3,False,NYSTATIN O,2970.0,91.0,706.91,706.91,0.0
FFSU,OK,69034530,69,345,30,2024,1,False,PAXLOVID (,7670.0,256.0,2977.63,2976.41,1.22
FFSU,OR,72888008001,72888,80,1,2024,4,True,TRAMADOL H,,,,,
MCOU,OK,65862080630,65862,806,30,2024,2,True,ARMODAFINI,,,,,
MCOU,OK,555030202,555,302,2,2024,2,True,HYDROXYZIN,,,,,
MCOU,OK,81749000401,81749,4,1,2024,2,True,TARPEYO (B,,,,,
FFSU,OK,59651038290,59651,382,90,2024,1,True,CLOMIPRAMI,,,,,
MCOU,OR,555032402,555,324,2,2024,3,False,HYDROXYZIN,19178.0,323.0,13227.66,13093.24,134.42
FFSU,OK,406013601,406,136,1,2024,1,False,METHYLPHEN,6284.0,179.0,7876.48,7732.44,144.04
FFSU,OK,9766701,9,7667,1,2024,1,True,CLEOCIN VA,,,,,
MCOU,OR,27808006502,27808,65,2,2024,3,False,PROMETHAZI,6994.0,44.0,447.15,447.15,0.0
FFSU,OK,57237000730,57237,7,30,2024,2,False,MIRTAZAPIN,1690.0,45.0,1267.64,1195.06,72.58
MCOU,OR,51672129803,51672,1298,3,2024,4,False,KETOCONAZO,6000.0,100.0,3454.08,3357.54,96.54
FFSU,OR,68001010503,68001,105,3,2024,3,True,BPL DIVALP,,,,,
MCOU,OR,63323004444,63323,44,44,2024,3,False,CYANOCOBAL,25.0,25.0,53.65,50.73,2.92
FFSU,OK,68462033490,68462,334,90,2024,3,True,PRAMIPEXOL,,,,,
FFSU,OK,68462086635,68462,866,35,2024,3,True,CLINDAMYCI,,,,,
MCOU,OK,642009330,642,93,30,2024,2,False,VITAFOL UL,30960.0,1032.0,218538.56,131788.16,86750.4
FFSU,OK,42195047101,42195,471,1,2024,1,True,FENOPROFEN,,,,,
MCOU,OK,264761000,264,7610,0,2024,2,False,5% DEXTROS,21500.0,14.0,0.0,0.0,0.0
MCOU,OK,68462018147,68462,181,47,2024,2,False,CLOTRIMAZO,1215.0,25.0,531.09,191.18,339.91
FFSU,OR,57664050289,57664,502,89,2024,3,True,TIZANIDINE,,,,,
FFSU,OK,68645058459,68645,584,59,2024,3,False,METFORMIN ,62680.0,413.0,3624.5,2764.91,859.59
FFSU,OK,69097085907,69097,859,7,2024,1,False,TERBINAFIN,1337.0,29.0,526.71,455.58,71.13
MCOU,OR,23155048901,23155,489,1,2024,4,False,DESMOPRESS,9694.0,139.0,4422.22,4422.22,0.0
MCOU,OK,70954024010,70954,240,10,2024,3,True,CARBAMAZEP,,,,,
FFSU,OR,472016615,472,166,15,2024,3,True,NYSTATIN O,,,,,
MCOU,OR,45963053830,45963,538,30,2024,3,True,ONDANSETRO,,,,,
FFSU,OK,456140590,456,1405,90,2024,1,True,BYSTOLIC 5,,,,,
FFSU,OK,64380093408,64380,934,8,2024,3,True,LOSARTAN P,,,,,
MCOU,OR,68084080811,68084,808,11,2024,3,True,TRAMADOL H,,,,,
MCOU,OR,480924201,480,9242,1,2024,3,True,PROPYLTHIO,,,,,
FFSU,OK,406889401,406,8894,1,2024,2,False,AMPHETAMIN,1725.0,36.0,861.58,825.58,36.0
MCOU,OR,74106501,74,1065,1,2024,3,True,SKYRIZI IN,,,,,
FFSU,OK,65862021960,65862,219,60,2024,2,False,CEFDINIR O,69860.0,1022.0,22031.36,21772.35,259.01
MCOU,OK,406037705,406,377,5,2024,2,True,HYDROCODON,,,,,
FFSU,OK,259161001,259,1610,1,2024,1,False,XEOMIN    ,1650.0,13.0,9570.67,2230.14,7340.53
FFSU,OR,50228017460,50228,174,60,2024,4,True,BUPROPION ,,,,,
MCOU,OR,72611071901,72611,719,1,2024,4,True,KETOROLAC ,,,,,
MCOU,OK,50419042401,50419,424,1,2024,2,False,KYLEENA   ,59.0,59.0,65527.29,61999.4,3527.89
MCOU,OK,47335070654,47335,706,54,2024,2,True,IPRATROPIU,,,,,
MCOU,OR,66993058697,66993,586,97,2024,3,False,FLUTICASON,67560.0,1029.0,163711.15,161179.81,2531.34
FFSU,OK,45802006305,45802,63,5,2024,2,False,TRIAMCINOL,6436.0,15.0,388.86,376.86,12.0
FFSU,OK,68001016100,68001,161,0,2024,3,True,PROMETHAZI,,,,,
FFSU,OK,527551037,527,5510,37,2024,1,False,DEXTROAMPH,333.0,12.0,317.4,317.4,0.0
FFSU,OK,60687052483,60687,524,83,2024,1,False,BUDESONIDE,1080.0,13.0,703.11,703.11,0.0
MCOU,OK,43547042050,43547,420,50,2024,2,False,LISINOPRIL,5685.0,96.0,685.7,171.78,513.92
MCOU,OK,33342011110,33342,111,10,2024,2,False,MONTELUKAS,3844.0,120.0,1437.93,275.58,1162.35
FFSU,OR,16714019401,16714,194,1,2024,3,False,LAMOTRIGIN,66573.0,935.0,10712.93,10703.46,9.47
MCOU,OR,29300035501,29300,355,1,2024,3,False,TRAMADOL T,206119.0,3517.0,13293.51,12839.11,454.4
MCOU,OK,63323046557,63323,465,57,2024,2,True,SENSORCAIN,,,,,
MCOU,OR,53746054201,53746,542,1,2024,3,False,POTASSIUM ,810.0,13.0,119.01,119.01,0.0
MCOU,OR,55150035401,55150,354,1,2024,4,True,IRINOTECAN,,,,,
MCOU,OR,33342013310,33342,133,10,2024,4,True,CANDESARTA,,,,,
FFSU,OK,65862086495,65862,864,95,2024,1,False,SIMPESSE L,13468.0,148.0,4433.17,4424.17,9.0
FFSU,OK,57894050205,57894,502,5,2024,2,True,DARZALEX (,,,,,
FFSU,OK,63323010605,63323,106,5,2024,1,True,MAGNESIUM ,,,,,
FFSU,OK,781713454,781,7134,54,2024,1,False,ESTRADIOL ,68.0,15.0,901.15,792.53,108.62
MCOU,OK,62332023230,62332,232,30,2024,2,True,VILAZODONE,,,,,
FFSU,OR,8083621,8,836,21,2024,4,False,EFFEXOR XR,478.0,17.0,9799.98,9799.98,0.0
FFSU,OK,69238183901,69238,1839,1,2024,2,False,LEVOTHYROX,4370.0,68.0,1148.08,1061.69,86.39
MCOU,OR,93505898,93,5058,98,2024,4,False,ATORVASTAT,118107.0,2399.0,40169.89,40012.63,157.26
MCOU,OR,6003330,6,33,30,2024,3,False,BELSOMRA 1,670.0,22.0,9466.57,9466.57,0.0
FFSU,OK,68968555203,68968,5552,3,2024,3,False,DAYTRANA 1,330.0,11.0,2022.22,2022.22,0.0
MCOU,OR,61269016150,61269,161,50,2024,4,False,MULTI VITA,4450.0,89.0,1096.09,1096.09,0.0
MCOU,OR,62332037931,62332,379,31,2024,4,True,TEMAZEPAM ,,,,,
FFSU,OR,78107068,78,1070,68,2024,4,True,COSENTYX U,,,,,
FFSU,OK,143921010,143,9210,10,2024,2,True,CHLOROPROC,,,,,
FFSU,OR,143124010,143,1240,10,2024,4,True,DIGOXIN   ,,,,,
MCOU,OK,25021082105,25021,821,5,2024,2,False,METHYLPRED,6.163,13.0,53.3,53.3,0.0
FFSU,OR,59417010710,59417,107,10,2024,4,True,VYVANSE 70,,,,,
FFSU,OK,65162021210,65162,212,10,2024,1,True,PHENYTOIN ,,,,,
MCOU,OR,49348004214,49348,42,14,2024,3,False,NON-ASPIRI,4604.0,47.0,122.66,122.66,0.0
FFSU,OK,69097067705,69097,677,5,2024,1,False,PREGABALIN,1969.0,31.0,472.93,411.73,61.2
MCOU,OK,65862001901,65862,19,1,2024,2,False,CEPHALEXIN,689.0,30.0,329.55,80.37,249.18
FFSU,OK,68462049776,68462,497,76,2024,2,True,ZOLMITRIPT,,,,,
MCOU,PA,62135052647,62135,526,47,2024,4,True,METOCLOPRA,,,,,
MCOU,PA,68001039603,68001,396,3,2024,4,True,POTASSIUM ,,,,,
MCOU,OR,60687043311,60687,433,11,2024,2,True,AMITRIPTYL,,,,,
MCOU,PA,63323008861,63323,88,61,2024,4,True,SODIUM CHL,,,,,
MCOU,PA,430042014,430,420,14,2024,3,False,LO LOESTRI,140332.0,2670.0,869123.44,850692.88,18430.56
MCOU,PA,62756013905,62756,139,5,2024,4,False,GABAPENTIN,25879.0,276.0,3001.04,3001.04,0.0
MCOU,PA,70000062401,70000,624,1,2024,4,True,LDR BURN R,,,,,
MCOU,PA,68180054503,68180,545,3,2024,4,True,NYSTATIN A,,,,,
MCOU,PA,591115930,591,1159,30,2024,4,True,ACYCLOVIR ,,,,,
MCOU,OR,68382075016,68382,750,16,2024,1,True,TIADYLT ER,,,,,
MCOU,OR,71288040301,71288,403,1,2024,2,True,HEPARIN SO,,,,,
MCOU,OR,51079020801,51079,208,1,2024,1,True,ATORVASTAT,,,,,
MCOU,OR,60505613005,60505,6130,5,2024,1,False,ONDANSETRO,3040.0,1286.0,8006.77,7664.01,342.76
MCOU,OR,50742011808,50742,118,8,2024,2,False,CABERGOLIN,578.0,76.0,2891.12,2861.74,29.38
MCOU,OR,62332011231,62332,112,31,2024,2,False,METOPROLOL,3588.0,63.0,309.87,309.87,0.0
MCOU,PA,54300001,54,3000,1,2024,3,True,BUTALBITAL,,,,,
FFSU,OR,69238106905,69238,1069,5,2024,3,True,POTASSIUM ,,,,,
MCOU,OR,70700027030,70700,270,30,2024,3,True,DEFERASIRO,,,,,
MCOU,PA,13668008830,13668,88,30,2024,4,True,OLANZAPINE,,,,,
MCOU,PA,45802021002,45802,210,2,2024,4,True,NITROGLYCE,,,,,
MCOU,PA,16729050164,16729,501,64,2024,4,True,FUROSEMIDE,,,,,
MCOU,OR,72065012112,72065,121,12,2024,3,False,GVOKE HYPO,28.0,74.0,42581.71,41982.02,599.69
FFSU,PA,68001045842,68001,458,42,2024,4,True,ENOXAPARIN,,,,,
MCOU,OR,60505009300,60505,93,0,2024,2,False,DOXAZOSIN ,7231.0,158.0,954.14,954.14,0.0
FFSU,OR,49702023113,49702,231,13,2024,1,True,TRIUMEQ 50,,,,,
MCOU,OR,43598039467,43598,394,67,2024,2,False,TETRABENAZ,1460.0,25.0,6128.3,6128.3,0.0
MCOU,PA,54032756,54,327,56,2024,3,False,FLUTICASON,312000.0,4530.0,464981.05,456287.52,8693.53
MCOU,PA,713068615,713,686,15,2024,3,False,NYSTATIN O,5885.0,203.0,2891.82,2846.2,45.62
MCOU,PA,409255201,409,2552,1,2024,3,False,HYDROMORPH,76.0,19.0,7.83,2.7,5.13
FFSU,OR,83257001532,83257,15,32,2024,2,False,INSULIN GL,684.0,52.0,4241.76,1812.41,2429.35
MCOU,PA,65862085630,65862,856,30,2024,4,False,AMLODIPINE,3255.0,79.0,2384.69,2366.09,18.6
MCOU,PA,70677121101,70677,1211,1,2024,4,True,F&T FIRST ,,,,,
FFSU,OR,51167044501,51167,445,1,2024,2,True,TRIKAFTA (,,,,,
FFSU,OR,16714035801,16714,358,1,2024,1,False,LEVETIRACE,30594.0,60.0,1040.05,1040.05,0.0
MCOU,OR,47335005040,47335,50,40,2024,2,True,DOXORUBICI,,,,,
MCOU,OR,72888005930,72888,59,30,2024,2,False,RABEPRAZOL,600.0,12.0,278.84,278.84,0.0
MCOU,PA,47335071213,47335,712,13,2024,4,False,TOPIRAMATE,1794.0,39.0,697.45,697.45,0.0
FFSU,OR,16714044004,16714,440,4,2024,2,False,DEBLITANE ,1484.0,29.0,408.34,408.34,0.0
MCOU,PA,13811070610,13811,706,10,2024,3,False,METHYLPHEN,184496.0,6259.0,206459.13,178461.77,27997.36
MCOU,OR,50111056002,50111,560,2,2024,2,True,TRAZODONE ,,,,,
MCOU,OR,60505624901,60505,6249,1,2024,2,True,DEXAMETHAS,,,,,
FFSU,PA,93323405,93,3234,5,2024,3,True,SULFASALAZ,,,,,
FFSU,OR,43598003401,43598,34,1,2024,1,True,FLUPHENAZI,,,,,
MCOU,OR,264775010,264,7750,10,2024,1,False,LACTATED R,23000.0,19.0,127.28,84.64,42.64
FFSU,OR,69097014260,69097,142,60,2024,2,False,ALBU SUL H,1721.9,226.0,6721.54,5710.79,1010.75
MCOU,PA,66689003601,66689,36,1,2024,4,True,PHENYTOIN ,,,,,
MCOU,OR,69584084210,69584,842,10,2024,1,False,SOTALOL HC,2835.0,33.0,514.37,514.37,0.0
MCOU,PA,61442014201,61442,142,1,2024,4,False,LOVASTATIN,630.0,15.0,87.73,87.73,0.0
MCOU,OR,74662490,74,6624,90,2024,2,False,SYNTHROID ,6651.0,162.0,8376.22,8376.22,0.0
MCOU,PA,70710135009,70710,1350,9,2024,4,True,VENLAFAXIN,,,,,
FFSU,OR,13107000130,13107,1,30,2024,1,False,MIRTAZAPIN,38726.0,1306.0,29336.78,29336.78,0.0
MCOU,OR,23155022901,23155,229,1,2024,2,False,ACYCLOVIR ,626.0,12.0,36.04,36.04,0.0
MCOU,OR,10702010801,10702,108,1,2024,1,False,DEXMETHYLP,11942.0,216.0,3417.64,3417.64,0.0
FFSU,PA,50228018105,50228,181,5,2024,4,False,GABAPENTIN,1560.0,12.0,176.7,175.82,0.88
MCOU,OR,76385013001,76385,130,1,2024,1,False,CYPROHEPTA,3309.0,65.0,325.03,325.03,0.0
MCOU,OR,42806041405,42806,414,5,2024,1,True,BUPROPION ,,,,,
MCOU,PA,536127780,536,1277,80,2024,3,False,HYDROCORTI,5692.0,176.0,868.06,868.06,0.0
MCOU,PA,59088099703,59088,997,3,2024,4,False,LIDOCAINE ,424.5,12.0,425.18,425.18,0.0
MCOU,PA,16729001901,16729,19,1,2024,3,False,MYCOPHENOL,12469.0,107.0,3952.2,3718.38,233.82
MCOU,OR,69367034405,69367,344,5,2024,3,False,GABAPENTIN,15958.0,130.0,1165.51,974.82,190.69
MCOU,PA,70436015301,70436,153,1,2024,4,False,POTASSIUM ,2449.0,68.0,790.75,790.75,0.0
MCOU,PA,781921390,781,9213,90,2024,4,True,PIPERACILL,,,,,
FFSU,OR,378459877,378,4598,77,2024,1,True,METOPROLOL,,,,,
MCOU,PA,68516461902,68516,4619,2,2024,4,False,ALPHANATE ,36400.0,20.0,43316.0,43316.0,0.0
MCOU,OR,16571073706,16571,737,6,2024,1,True,PROPAFENON,,,,,
MCOU,PA,65862015999,65862,159,99,2024,4,True,ZOLPIDEM T,,,,,
MCOU,PA,527458037,527,4580,37,2024,4,False,METHYLPHEN,27949.0,934.0,46249.72,41249.46,5000.26
MCOU,OR,62332060615,62332,606,15,2024,1,False,NYSTATIN A,240.0,11.0,80.55,80.55,0.0
MCOU,OR,72578000105,72578,1,5,2024,2,False,DOXYCYCLIN,3046.0,127.0,697.17,697.17,0.0
MCOU,PA,70377000911,70377,9,11,2024,4,False,ROSUVASTAT,804.0,19.0,198.02,198.02,0.0
MCOU,OR,69367034705,69367,347,5,2024,3,True,GABAPENTIN,,,,,
FFSU,OR,121176130,121,1761,30,2024,1,True,MAGNESIUM ,,,,,
MCOU,PA,16714062701,16714,627,1,2024,4,False,LAMOTRIG E,866.0,16.0,2955.27,2752.68,202.59
MCOU,OR,43547004903,43547,49,3,2024,2,True,TADALAFIL ,,,,,
FFSU,OR,55111059760,55111,597,60,2024,2,True,MEMANTINE ,,,,,
MCOU,OR,536118399,536,1183,99,2024,1,False,FLUTICASON,267.3,26.0,116.18,116.18,0.0
FFSU,OR,68382035306,68382,353,6,2024,1,False,BUPROPION ,360.0,12.0,173.48,173.48,0.0
MCOU,PA,31722009290,31722,92,90,2024,4,True,GABAPENTIN,,,,,
MCOU,PA,24385043930,24385,439,30,2024,3,True,CALDYPHEN ,,,,,
MCOU,OR,641600801,641,6008,1,2024,1,True,BUMETANIDE,,,,,
FFSU,OR,591060501,591,605,1,2024,1,True,LABETALOL ,,,,,
MCOU,PA,16571067450,16571,674,50,2024,4,False,PHENOBARBI,1650.0,25.0,459.52,439.72,19.8
MCOU,OR,52060202,52,602,2,2024,2,False,TICE BCG  ,71.04,85.0,11834.41,9308.76,2525.65
MCOU,PA,45802010284,45802,102,84,2024,4,False,IVERMECTIN,1035.0,23.0,4016.75,3711.82,304.93
MCOU,PA,72485010610,72485,106,10,2024,4,True,LEVETIRACE,,,,,
FFSU,PA,27241010806,27241,108,6,2024,3,False,CLONIDINE ,2178.0,37.0,863.05,843.35,19.7
MCOU,OR,72888001401,72888,14,1,2024,1,False,CYCLOBENZA,768.0,15.0,61.27,61.27,0.0
FFSU,PA,72888011901,72888,119,1,2024,4,True,DICYCLOMIN,,,,,
FFSU,PA,23155019101,23155,191,1,2024,4,False,BUPROPION ,1020.0,18.0,222.27,213.13,9.14
MCOU,OR,96073708,96,737,8,2024,1,True,DHS TAR SH,,,,,
MCOU,OR,68001058603,68001,586,3,2024,1,False,GLIMEPIRID,1424.0,14.0,128.88,128.88,0.0
MCOU,PA,143997722,143,9977,22,2024,4,True,CEFUROXIME,,,,,
FFSU,OR,47335090388,47335,903,88,2024,2,True,QUETIAPINE,,,,,
MCOU,OR,60923022702,60923,227,2,2024,2,False,AMONDYS 45,1344.0,15.0,1078425.6,1078425.6,0.0
MCOU,PA,378233178,378,2331,78,2024,3,False,RUFINAMIDE,3750.0,17.0,15746.81,13127.73,2619.08
FFSU,PA,378343293,378,3432,93,2024,3,True,ARMODAFINI,,,,,
FFSU,PA,68382011414,68382,114,14,2024,4,True,RISPERIDON,,,,,
MCOU,PA,54318544,54,3185,44,2024,4,True,DIAZEPAM 5,,,,,
MCOU,OR,69024430,69,244,30,2024,1,True,TOVIAZ (FE,,,,,
FFSU,PA,51144005001,51144,50,1,2024,4,True,ADCETRIS (,,,,,
MCOU,OR,70594005702,70594,57,2,2024,1,True,VANCOMYCIN,,,,,
MCOU,PA,13265602,13,2656,2,2024,3,True,GENETROPIN,,,,,
MCOU,PA,68682070430,68682,704,30,2024,4,True,DILTIAZEM ,,,,,
MCOU,PA,23155086701,23155,867,1,2024,4,False,GABAPENTIN,50411.0,446.0,4109.37,4107.1,2.27
FFSU,PA,472016615,472,166,15,2024,4,True,NYSTATIN O,,,,,
MCOU,OR,60505267109,60505,2671,9,2024,1,False,ATORVASTAT,13939.0,337.0,5034.16,5034.16,0.0
MCOU,OR,42571025930,42571,259,30,2024,1,True,ROFLUMILAS,,,,,
MCOU,OR,35573044425,35573,444,25,2024,2,False,LEVALBUTER,2931.0,17.0,559.59,526.42,33.17
FFSU,PA,536133434,536,1334,34,2024,3,True,DEXTROMETH,,,,,
FFSU,PA,93751831,93,7518,31,2024,3,False,FLUTICAS/S,900.0,13.0,1068.66,900.3,168.36
FFSU,PA,68180097401,68180,974,1,2024,4,False,LEVOTHYROX,582.0,12.0,170.33,170.33,0.0
MCOU,PA,904695761,904,6957,61,2024,3,True,LEVOTHYROX,,,,,
FFSU,PA,93083201,93,832,1,2024,3,True,CLONAZEPAM,,,,,
MCOU,PA,54018813,54,188,13,2024,4,False,BUPRENORPH,21200.0,491.0,17887.58,17633.59,253.99
MCOU,PA,58657070501,58657,705,1,2024,4,False,HALOPERIDO,2641.0,56.0,1991.56,1991.56,0.0
FFSU,PA,29300015201,29300,152,1,2024,4,True,QUETIAPINE,,,,,
MCOU,PA,24385020501,24385,205,1,2024,4,True,CLOTRIMAZO,,,,,
FFSU,OR,72572006125,72572,61,25,2024,2,True,CEFTRIAXON,,,,,
FFSU,OR,50458057930,50458,579,30,2024,1,False,XARELTO (R,2320.0,78.0,30146.86,30146.86,0.0
MCOU,PA,72578000705,72578,7,5,2024,4,False,METRONIDAZ,403.0,14.0,125.44,125.44,0.0
MCOU,PA,69097065502,69097,655,2,2024,4,True,RITONAVIR ,,,,,
MCOU,OR,29300035905,29300,359,5,2024,1,True,AMIODARONE,,,,,
MCOU,PA,338358301,338,3583,1,2024,3,False,VANCOMYCIN,2300.0,12.0,19.68,19.68,0.0
FFSU,PA,10702002601,10702,26,1,2024,4,True,PHENTERMIN,,,,,
MCOU,PA,70095001902,70095,19,2,2024,4,True,BISOPROLOL,,,,,
MCOU,OR,43393002304,43393,23,4,2024,1,True,MISOPROSTO,,,,,
FFSU,PA,65862017360,65862,173,60,2024,4,False,TOPIRAMATE,750.0,11.0,89.16,83.16,6.0
FFSU,OR,228282011,228,2820,11,2024,1,False,HYDROCHLOR,2799.0,59.0,492.52,492.52,0.0
MCOU,OR,43598057330,43598,573,30,2024,2,True,TADALAFIL ,,,,,
MCOU,OR,35573046502,35573,465,2,2024,1,False,MIXED AMPH,4840.0,127.0,4859.53,4859.53,0.0
MCOU,OR,67877025130,67877,251,30,2024,1,False,TRIAMCINOL,14355.0,409.0,1719.38,1719.38,0.0
MCOU,PA,69584061210,69584,612,10,2024,4,False,METHOCARBA,9918.0,124.0,1062.8,1057.81,4.99
MCOU,OR,50111032803,50111,328,3,2024,1,True,HYDRALAZIN,,,,,
FFSU,OR,42806009630,42806,96,30,2024,1,True,PROTRIPTYL,,,,,
MCOU,PA,82685020110,82685,201,10,2024,4,False,DIGOXIN 0.,1889.0,45.0,590.94,590.94,0.0
MCOU,OR,70000044301,70000,443,1,2024,2,True,LDR LAXATI,,,,,
MCOU,PA,33342039710,33342,397,10,2024,4,False,LEVOTHYROX,960.0,14.0,174.87,174.87,0.0
FFSU,PA,16729003415,16729,34,15,2024,3,True,LETROZOLE ,,,,,
MCOU,PA,904646161,904,6461,61,2024,3,True,PROMETHAZI,,,,,
FFSU,OR,93221001,93,2210,1,2024,2,True,SUCRALFATE,,,,,
MCOU,OR,93529501,93,5295,1,2024,2,True,METHYLPHEN,,,,,
FFSU,OR,49230053010,49230,530,10,2024,2,True,VENOFER   ,,,,,
MCOU,OR,62037055901,62037,559,1,2024,1,True,POTASSIUM ,,,,,
FFSU,OR,27241013451,27241,134,51,2024,2,True,CHOLESTYRA,,,,,
MCOU,OR,597016430,597,164,30,2024,1,True,GLYXAMBI 2,,,,,
MCOU,PA,517930525,517,9305,25,2024,3,True,TRALEMENTT,,,,,
MCOU,OR,93738656,93,7386,56,2024,2,True,VENLAFAXIN,,,,,
MCOU,OR,70756043011,70756,430,11,2024,1,False,PRAZOSIN H,2729.0,52.0,586.7,586.7,0.0
MCOU,PA,11527075534,11527,755,34,2024,4,False,SODIUM FLU,12100.0,113.0,1668.41,1638.24,30.17
MCOU,OR,517481025,517,4810,25,2024,2,True,NITROGLYCE,,,,,
FFSU,PA,69238183607,69238,1836,7,2024,4,True,LEVOTHYROX,,,,,
MCOU,PA,121494894,121,4948,94,2024,3,True,POTASSIUM ,,,,,
MCOU,OR,50242004110,50242,41,10,2024,1,True,CATHFLO AC,,,,,
MCOU,OR,70000017505,70000,175,5,2024,3,True,IBUPROFEN ,,,,,
MCOU,PA,17772013360,17772,133,60,2024,3,False,QELBREE 20,19932.0,422.0,229119.18,213806.66,15312.52
FFSU,PA,69292058601,69292,586,1,2024,4,True,HALOPERIDO,,,,,
MCOU,OR,33342048130,33342,481,30,2024,2,False,NYSTATIN O,720.0,20.0,124.44,124.44,0.0
FFSU,PA,67877064230,67877,642,30,2024,4,True,LURASIDONE,,,,,
MCOU,OR,143998175,143,9981,75,2024,1,True,AMOCLAN 20,,,,,
FFSU,OR,33342008307,33342,83,7,2024,2,False,OLANZAPINE,10511.0,285.0,4937.09,4937.09,0.0
MCOU,OR,47335071013,47335,710,13,2024,1,False,TOPIRAMATE,1499.0,25.0,113.81,113.81,0.0
MCOU,PA,31722028710,31722,287,10,2024,4,True,LEVOTHYROX,,,,,
MCOU,PA,65862001501,65862,15,1,2024,4,False,AMOXICILLI,115299.0,6514.0,39483.03,38712.69,770.34
MCOU,OR,68382009505,68382,95,5,2024,2,False,CARVEDILOL,114336.5,1389.0,8291.39,8283.11,8.28
FFSU,OR,67877072930,67877,729,30,2024,2,False,VENLAFAXIN,2255.0,77.0,2624.88,2624.88,0.0
MCOU,PA,16714034804,16714,348,4,2024,3,False,DASETTA 1-,4648.0,82.0,1749.52,1713.6,35.92
FFSU,OR,67457041013,67457,410,13,2024,2,True,HALOPERIDO,,,,,
MCOU,OR,72888007305,72888,73,5,2024,3,True,DICLOFENAC,,,,,
MCOU,OR,50474080603,50474,806,3,2024,1,True,NEUPRO 8 M,,,,,
FFSU,OR,68001059308,68001,593,8,2024,1,False,ESCITALOPR,5146.5,167.0,2061.04,2061.04,0.0
MCOU,OR,65862058305,65862,583,5,2024,2,True,AMLODIPINE,,,,,
MCOU,OR,63739021202,63739,212,2,2024,2,False,ASPIRIN EC,96.0,16.0,0.0,0.0,0.0
FFSU,PA,72205009291,72205,92,91,2024,4,True,DOXEPIN HC,,,,,
MCOU,PA,3089511,3,895,11,2024,3,False,SOTYKTU   ,1320.0,44.0,280957.25,280957.25,0.0
FFSU,OR,65050935,65,509,35,2024,1,True,SYSTANE NI,,,,,
FFSU,PA,406889101,406,8891,1,2024,3,True,AMPHETAMIN,,,,,
FFSU,PA,43547037409,43547,374,9,2024,4,True,IRBESARTAN,,,,,
FFSU,PA,16714089601,16714,896,1,2024,4,True,GLIPIZIDE ,,,,,
MCOU,OR,69097099402,69097,994,2,2024,1,True,DILTIAZEM ,,,,,
MCOU,OR,70377006112,70377,61,12,2024,2,False,LABETALOL ,10827.0,97.0,2255.82,2255.82,0.0
FFSU,OR,68382037002,68382,370,2,2024,1,True,NYSTATIN T,,,,,
MCOU,OR,51991035478,51991,354,78,2024,1,True,RIZATRIPTA,,,,,
MCOU,OR,82009001890,82009,18,90,2024,2,True,ROSUVASTAT,,,,,
MCOU,PA,54309036,54,3090,36,2024,4,True,BUTORPHANO,,,,,
MCOU,OR,904734233,904,7342,33,2024,1,True,ARTHRITIS ,,,,,
MCOU,PA,93598519,93,5985,19,2024,4,True,EPINEPHRIN,,,,,
FFSU,PA,66993058597,66993,585,97,2024,4,False,FLUTICASON,3060.0,43.0,6001.06,4730.93,1270.13
FFSU,OR,113087305,113,873,5,2024,2,True,NITCOTINE ,,,,,
MCOU,PA,49502045093,49502,450,93,2024,4,True,CIMDUO 300,,,,,
MCOU,PA,50228047205,50228,472,5,2024,4,False,LEVETIRACE,4728.0,46.0,830.08,830.08,0.0
FFSU,PA,93171210,93,1712,10,2024,4,True,WARFARIN S,,,,,
MCOU,OR,16729053363,16729,533,63,2024,2,True,DODEX     ,,,,,
MCOU,PA,121065700,121,657,0,2024,4,False,ACETAMINOP,22507.0,116.0,1234.93,1234.93,0.0
FFSU,OR,61269073542,61269,735,42,2024,2,True,MICONAZOLE,,,,,
MCOU,PA,45802005635,45802,56,35,2024,4,False,GENTAMICIN,1695.0,68.0,1766.32,1734.59,31.73
MCOU,OR,68462050166,68462,501,66,2024,1,True,CALCIPOTIE,,,,,
MCOU,PA,168005646,168,56,46,2024,3,False,BETAMETH D,1035.0,22.0,1022.75,879.13,143.62
MCOU,OR,70756020112,70756,201,12,2024,1,True,AMITRIPTYL,,,,,
FFSU,OR,121187000,121,1870,0,2024,1,True,DOCUSATE S,,,,,
MCOU,OR,703321701,703,3217,1,2024,1,True,PACLITAXEL,,,,,
MCOU,PA,59762330403,59762,3304,3,2024,1,False,NITROGLYCE,15489.0,460.0,4858.69,4857.68,1.01
MCOU,PA,65862052899,65862,528,99,2024,1,False,VENLAFAXIN,93304.0,2246.0,18991.18,18685.87,305.31
MCOU,PA,72241002310,72241,23,10,2024,3,False,CELECOXIB ,2010.0,34.0,293.39,293.39,0.0
FFSU,PA,61314022710,61314,227,10,2024,1,True,TIMOLOL MA,,,,,
MCOU,PR,27241009706,27241,97,6,2024,4,False,DULOXETINE,6725.0,197.0,1509.42,1473.17,36.25
MCOU,PA,60687039483,60687,394,83,2024,1,True,IPRATROPIU,,,,,
MCOU,PA,68974020030,68974,200,30,2024,1,True,FILSPARI O,,,,,
FFSU,PA,67457088799,67457,887,99,2024,1,True,MEDROXYPRO,,,,,
FFSU,PA,527128201,527,1282,1,2024,1,False,DICYCLOMIN,384.0,14.0,174.8,174.8,0.0
MCOU,PA,69097081507,69097,815,7,2024,2,False,GABAPENTIN,272809.0,2672.0,32321.87,31831.84,490.03
MCOU,PA,591034701,591,347,1,2024,2,False,HYDROCHLOR,2080.0,53.0,289.82,289.82,0.0
MCOU,PA,60505267508,60505,2675,8,2024,2,True,ARIPIPRAZO,,,,,
MCOU,PA,64980012460,64980,124,60,2024,2,True,DIFLORASON,,,,,
MCOU,PA,69292053010,69292,530,10,2024,3,False,PROPRANOLO,5579.0,80.0,769.76,769.76,0.0
FFSU,PA,72888002501,72888,25,1,2024,3,True,LAMOTRIGIN,,,,,
FFSU,PA,76204001055,76204,10,55,2024,1,True,ALBUTEROL ,,,,,
MCOU,PA,31722013631,31722,136,31,2024,3,False,SILDENAFIL,9408.0,77.0,99577.59,90347.59,9230.0
MCOU,PA,43547028210,43547,282,10,2024,3,False,ESCITALOPR,185183.0,4222.0,39519.84,39049.95,469.89
FFSU,PA,904631256,904,6312,56,2024,1,True,COUGH DM 1,,,,,
MCOU,PA,43068010102,43068,101,2,2024,1,True,FANAPT 1MG,,,,,
MCOU,PA,16714005202,16714,52,2,2024,1,False,CLOPIDOGRE,5631.0,96.0,906.46,888.89,17.57
FFSU,PA,44567031110,44567,311,10,2024,3,True,PENICILLIN,,,,,
MCOU,PA,65862066130,65862,661,30,2024,1,False,ARIPIPRAZO,96812.0,2902.0,31033.04,23083.69,7949.35
MCOU,PA,71288043792,71288,437,92,2024,3,False,ENOXAPARIN,382.4,17.0,4207.42,4207.42,0.0
MCOU,PA,59651038905,59651,389,5,2024,2,False,BUSPIRONE ,2400.0,36.0,237.56,237.56,0.0
MCOU,PA,68382009906,68382,99,6,2024,3,False,PAROXETINE,8424.0,195.0,1864.48,1843.2,21.28
MCOU,PA,75834031201,75834,312,1,2024,1,True,NIVA THYRO,,,,,
MCOU,PR,51672210208,51672,2102,8,2024,4,False,CETIRIZINE,34297.25,554.0,2850.6,2850.6,0.0
MCOU,PR,23155076401,23155,764,1,2024,4,False,HYDROCHLOR,39414.0,1266.0,5699.21,5699.21,0.0
MCOU,PA,904579146,904,5791,46,2024,2,True,MAPAP 80 M,,,,,
MCOU,PA,64679092603,64679,926,3,2024,1,False,ENALAPRIL ,1046.0,19.0,204.29,204.29,0.0
FFSU,PA,69367030709,69367,307,9,2024,1,True,EPLERENONE,,,,,
MCOU,PA,69339017903,69339,179,3,2024,3,True,ARMODAFINI,,,,,
FFSU,PA,46122070165,46122,701,65,2024,2,True,GNP PINK B,,,,,
MCOU,PA,68462043630,68462,436,30,2024,3,False,OLMESARTAN,5921.0,115.0,1133.39,1094.17,39.22
MCOU,PA,781148810,781,1488,10,2024,2,True,AMITRIPTYL,,,,,
MCOU,PA,43598063401,43598,634,1,2024,1,True,PENICILLAM,,,,,
MCOU,PA,64980056601,64980,566,1,2024,3,False,DAPSONE TA,420.0,12.0,465.9,465.9,0.0
MCOU,PR,64380078406,64380,784,6,2024,4,False,PREDNISONE,7766.0,546.0,1834.34,1834.34,0.0
MCOU,PA,69097032153,69097,321,53,2024,3,True,BUDE INH S,,,,,
MCOU,PA,72205008891,72205,88,91,2024,3,False,DOXEPIN HC,675.0,17.0,189.68,189.68,0.0
MCOU,PR,74709630,74,7096,30,2024,4,True,QULIPTA   ,,,,,
FFSU,PA,55513007330,55513,73,30,2024,2,True,SENSIPAR (,,,,,
MCOU,PA,16729004417,16729,44,17,2024,2,False,ATORVASTAT,6416.0,152.0,1108.94,1108.94,0.0
MCOU,PA,378116505,378,1165,5,2024,2,True,BUSPIRONE ,,,,,
FFSU,PA,64980028001,64980,280,1,2024,1,True,GLIPIZIDE ,,,,,
MCOU,PA,70010078105,70010,781,5,2024,2,False,METOPROLOL,4921.0,102.0,857.42,849.42,8.0
FFSU,PA,59746017506,59746,175,6,2024,1,False,PREDNISONE,1487.0,119.0,1151.35,1151.35,0.0
MCOU,PA,51144000212,51144,2,12,2024,3,False,TUKYSA 150,1800.0,15.0,384055.42,384055.42,0.0
FFSU,PA,69584085310,69584,853,10,2024,1,True,SPIRONOLAC,,,,,
MCOU,PA,43598045202,43598,452,2,2024,2,False,ALBENDAZOL,1342.0,183.0,14117.47,13823.31,294.16
MCOU,PA,65862051405,65862,514,5,2024,3,False,PIOGLITAZO,704.0,22.0,226.89,226.89,0.0
MCOU,PA,43598023018,43598,230,18,2024,2,True,COLESEVELA,,,,,
MCOU,PA,46122046261,46122,462,61,2024,1,True,ALLERGY RE,,,,,
FFSU,PA,72888011201,72888,112,1,2024,2,True,"MIDODRINE,",,,,,
MCOU,PA,55111011890,55111,118,90,2024,2,False,DRL FAMO 1,12950.0,259.0,1539.94,1539.94,0.0
MCOU,PR,42799012001,42799,120,1,2024,4,False,BUMETANIDE,916.0,23.0,289.49,289.49,0.0
MCOU,PA,55111015001,55111,150,1,2024,1,False,FLUOXETINE,49182.0,1324.0,15713.62,13818.53,1895.09
MCOU,PR,68180046503,68180,465,3,2024,4,False,SIMVASTATI,1800.0,58.0,360.72,360.72,0.0
MCOU,PA,31722088290,31722,882,90,2024,3,False,ROSUVASTAT,25471.0,433.0,5053.56,5045.31,8.25
MCOU,PA,69238202903,69238,2029,3,2024,1,False,MUPIROCIN ,330.0,11.0,685.35,685.35,0.0
FFSU,PA,591354360,591,3543,60,2024,1,True,BUPROPION ,,,,,
FFSU,PA,23155000901,23155,9,1,2024,2,True,HYDROCHLOR,,,,,
FFSU,PA,68180029606,68180,296,6,2024,1,True,DULOXETINE,,,,,
FFSU,PA,45802034405,45802,344,5,2024,2,True,NICOTINE P,,,,,
MCOU,PA,63323049504,63323,495,4,2024,1,True,XYLOCAINE ,,,,,
MCOU,PA,409158210,409,1582,10,2024,1,True,MARCAINE 0,,,,,
MCOU,PA,65862021001,65862,210,1,2024,2,False,MINOCYLCIN,501.0,12.0,231.43,210.2,21.23
MCOU,PA,641039112,641,391,12,2024,2,True,"HEPARIN 1,",,,,,
MCOU,PA,69238131709,69238,1317,9,2024,1,False,PREGABALIN,20946.0,351.0,2952.14,2847.34,104.8
MCOU,PA,31722088490,31722,884,90,2024,3,False,ROSUVASTAT,44669.0,760.0,9684.26,9677.75,6.51
MCOU,PA,16714006610,16714,66,10,2024,2,False,ENOXAP SOD,1458.0,47.0,20042.23,20042.23,0.0
MCOU,PA,13668015490,13668,154,90,2024,1,False,ESOMEPRAZO,504.0,12.0,200.02,200.02,0.0
MCOU,PA,68180065407,68180,654,7,2024,3,True,DOXYCYCLIN,,,,,
MCOU,PA,70121123801,70121,1238,1,2024,3,True,CYCLOPHOSP,,,,,
FFSU,PA,29300039619,29300,396,19,2024,2,True,AMLODIPINE,,,,,
FFSU,PA,69097015402,69097,154,2,2024,2,True,VALACYCLOV,,,,,
FFSU,PA,24208039830,24208,398,30,2024,1,False,IPRATROPIU,510.0,15.0,454.23,426.86,27.37
MCOU,PR,69543012010,69543,120,10,2024,4,True,ACARBOSE  ,,,,,
MCOU,PA,33342033115,33342,331,15,2024,2,False,TRIAMCINOL,6900.0,209.0,2469.79,2462.02,7.77
MCOU,PA,31722070490,31722,704,90,2024,2,False,VALACYCLOV,33111.0,905.0,15085.03,14545.24,539.79
MCOU,PA,904880567,904,8805,67,2024,1,True,TRIPLE ANT,,,,,
MCOU,PA,50268019215,50268,192,15,2024,3,True,CLONIDINE ,,,,,
MCOU,PA,42858030416,42858,304,16,2024,1,True,HYDROMORPH,,,,,
MCOU,PA,70677111201,70677,1112,1,2024,1,True,MAGNESIUM ,,,,,
MCOU,PR,70756000111,70756,1,11,2024,4,False,HALOPERIDO,778.0,16.0,224.75,224.75,0.0
MCOU,PA,72578000801,72578,8,1,2024,2,False,METRONIDAZ,7091.0,425.0,3075.41,3036.14,39.27
MCOU,PA,70954031910,70954,319,10,2024,1,False,PAROXETINE,11240.0,24.0,12358.57,6861.65,5496.92
MCOU,PA,16714023501,16714,235,1,2024,1,False,PENICILLIN,7880.0,292.0,1674.72,1664.76,9.96
MCOU,PA,16571068309,16571,683,9,2024,2,True,CLOMIPRAMI,,,,,
FFSU,PA,68462011060,68462,110,60,2024,2,True,TOPIRAMATE,,,,,
FFSU,PA,93834410,93,8344,10,2024,1,True,GLYBURIDE ,,,,,
MCOU,PA,68462056417,68462,564,17,2024,3,True,MUPIROCIN ,,,,,
MCOU,PA,72485050701,72485,507,1,2024,3,True,THIAMINE  ,,,,,
MCOU,PR,13107015490,13107,154,90,2024,4,True,PAROXETINE,,,,,
MCOU,PR,13668001505,13668,15,5,2024,4,False,LEVETIRACE,1170.0,20.0,183.66,183.66,0.0
MCOU,PA,67877059205,67877,592,5,2024,1,False,METOPROLOL,780.0,21.0,211.58,211.58,0.0
FFSU,PA,3049420,3,494,20,2024,1,True,KENALOG-10,,,,,
MCOU,PA,10631011831,10631,118,31,2024,2,True,ABSORICA C,,,,,
FFSU,PA,49502025175,49502,251,75,2024,1,True,SEMGLEE IN,,,,,
MCOU,PA,70710102408,70710,1024,8,2024,2,False,ISOTRETINO,720.0,14.0,2324.2,1775.35,548.85
MCOU,PA,72888009330,72888,93,30,2024,1,True,BISOPROLOL,,,,,
MCOU,PA,68180049201,68180,492,1,2024,1,True,CLOMIPRAMI,,,,,
MCOU,PA,16714062102,16714,621,2,2024,1,False,ZOLPIDEM T,4437.0,157.0,755.36,755.36,0.0
MCOU,PA,378826293,378,8262,93,2024,1,False,METHYLPHEN,3141.0,99.0,38837.14,32427.88,6409.26
MCOU,PA,64406000501,64406,5,1,2024,2,True,TECFIDERA ,,,,,
MCOU,PA,53746052110,53746,521,10,2024,2,False,PROMETHAZI,4843.0,135.0,1034.72,1034.72,0.0
FFSU,PA,68001049604,68001,496,4,2024,3,True,VENLAFAXIN,,,,,
MCOU,PR,42806035925,42806,359,25,2024,4,True,LEUCOVORIN,,,,,
MCOU,PR,93736910,93,7369,10,2024,4,False,LOSARTAN P,7775.0,252.0,1590.78,1590.78,0.0
MCOU,PA,67877042905,67877,429,5,2024,1,False,GABAPENTIN,348541.0,3552.0,52527.65,51881.45,646.2
MCOU,PR,59651068801,59651,688,1,2024,4,True,FLUPHENAZI,,,,,
MCOU,PR,54372763,54,3727,63,2024,4,False,PROPRANOLO,4154.0,27.0,477.96,477.96,0.0
MCOU,PA,2327030,2,3270,30,2024,1,False,CYMBALTA  ,2550.0,50.0,22618.84,22446.39,172.45
MCOU,PA,54838056670,54838,566,70,2024,1,True,LAMIVUDINE,,,,,
FFSU,PA,23155019201,23155,192,1,2024,1,True,BUPROPION ,,,,,
MCOU,PA,16714084903,16714,849,3,2024,1,False,CLOMIPRAM ,532.0,13.0,290.67,241.43,49.24
MCOU,PA,603243832,603,2438,32,2024,2,False,BENZTROPIN,4100.0,85.0,723.78,723.78,0.0
MCOU,PA,60505006500,60505,65,0,2024,2,True,OMEPRAZOLE,,,,,
MCOU,PA,70710100802,70710,1008,2,2024,1,True,OSELTAMAVI,,,,,
MCOU,PA,68180095601,68180,956,1,2024,1,True,CLOBETASOL,,,,,
MCOU,PA,51672129303,51672,1293,3,2024,2,False,CLOBETASOL,143803.333,2700.0,72668.21,70891.54,1776.67
MCOU,PR,904628361,904,6283,61,2024,4,True,OLANZAPINE,,,,,
MCOU,PA,832003800,832,38,0,2024,1,False,OXYBUTYNIN,12933.0,231.0,1657.41,1645.94,11.47
MCOU,PA,69230031611,69230,316,11,2024,1,False,CETIRIZINE,21903.0,123.0,1347.14,1340.45,6.69
FFSU,PA,55111046805,55111,468,5,2024,2,True,METOPROLOL,,,,,
MCOU,PA,63323051801,63323,518,1,2024,1,True,HEPARIN SO,,,,,
MCOU,PA,16714086801,16714,868,1,2024,2,False,PALIPERIDO,1156.0,34.0,2333.3,2072.64,260.66
FFSU,PA,68382013814,68382,138,14,2024,3,False,TOPIRAMATE,1732.0,28.0,297.15,297.15,0.0
MCOU,PA,52796017390,52796,173,90,2024,2,True,FLORIVA .2,,,,,
MCOU,PA,68180097409,68180,974,9,2024,2,False,LEVOTHYROX,8741.0,198.0,1763.58,1758.11,5.47
FFSU,PA,68462048619,68462,486,19,2024,1,True,CLINDAMYCI,,,,,
MCOU,PA,59676027801,59676,278,1,2024,2,False,EDURANT 25,2022.0,68.0,94755.07,91238.54,3516.53
MCOU,PA,54436011220,54436,112,20,2024,2,True,TLANDO ORA,,,,,
MCOU,PA,72572017025,72572,170,25,2024,1,False,FENTANYL C,26.0,15.0,11.1,5.94,5.16
MCOU,PA,409336510,409,3365,10,2024,2,False,HYDROMORPH,72.0,17.0,26.8,22.78,4.02
MCOU,PA,29300012810,29300,128,10,2024,1,False,HYDROCHLOR,711042.2,12160.0,48081.03,47975.45,105.58
MCOU,PR,68180050201,68180,502,1,2024,4,False,MELOXICAM ,1025.0,41.0,106.64,106.64,0.0
MCOU,PR,58468003002,58468,30,2,2024,4,True,THYROGEN  ,,,,,
FFSU,PA,51672137302,51672,1373,2,2024,3,True,TAZAROTENE,,,,,
MCOU,PA,51672405201,51672,4052,1,2024,3,True,ETOLODAC X,,,,,
MCOU,PA,68462088260,68462,882,60,2024,3,True,ABIRATERON,,,,,
FFSU,PA,65162089129,65162,891,29,2024,2,True,MOMETASONE,,,,,
MCOU,PA,67457019803,67457,198,3,2024,3,True,ULTIVA INJ,,,,,
MCOU,PA,33342007007,33342,70,7,2024,2,False,OLANZAPINE,66644.0,2097.0,22852.73,22071.81,780.92
MCOU,PR,31722053805,31722,538,5,2024,4,False,LEVETIRACE,21518.0,305.0,4046.17,4046.17,0.0
MCOU,PA,51754601303,51754,6013,3,2024,3,False,GLYRX (GLY,44.0,40.0,35.6,0.0,35.6
MCOU,PA,70954001410,70954,14,10,2024,2,True,THIOTHIXEN,,,,,
MCOU,PA,832121100,832,1211,0,2024,1,False,JANTOVEN 1,4275.0,63.0,639.06,589.94,49.12
MCOU,PA,59762219801,59762,2198,1,2024,3,True,AZITHROMYC,,,,,
MCOU,PA,68382027101,68382,271,1,2024,1,True,ETODOLAC E,,,,,
MCOU,PR,310620530,310,6205,30,2024,4,False,FARXIGA   ,690.0,23.0,13801.34,13801.34,0.0
MCOU,PA,59762157601,59762,1576,1,2024,2,False,PREGABALIN,7284.0,19.0,1110.77,881.2,229.57
MCOU,PA,33342039611,33342,396,11,2024,3,True,LEVOTHYROX,,,,,
MCOU,PR,68462011944,68462,119,44,2024,4,False,FLUCONAZOL,425.0,196.0,891.12,891.12,0.0
FFSU,PA,68382056928,68382,569,28,2024,1,True,ACAMPROSAT,,,,,
MCOU,PA,68001048600,68001,486,0,2024,3,False,LISINOPRIL,6045.0,110.0,820.66,820.66,0.0
MCOU,PA,65862014905,65862,149,5,2024,1,False,FINASTERID,13039.0,418.0,2409.74,2407.86,1.88
MCOU,PA,16714026801,16714,268,1,2024,2,False,TRIAMCIN A,1545.0,41.0,618.14,617.42,0.72
MCOU,PA,68001041200,68001,412,0,2024,3,False,GABAPENTIN,11348.0,124.0,1880.74,1861.96,18.78
MCOU,PA,59088081914,59088,819,14,2024,2,False,LIDOCAINE ,665.0,11.0,737.21,737.21,0.0
MCOU,PA,24385043262,24385,432,62,2024,1,True,SUPHEDRIN ,,,,,
MCOU,PA,63323036003,63323,360,3,2024,1,True,CALCIUM GL,,,,,
FFSU,PA,169770521,169,7705,21,2024,2,False,NORDITROPI,90.0,18.0,89177.48,2832.11,86345.37
FFSU,PA,93834401,93,8344,1,2024,2,True,GLYBURIDE ,,,,,
MCOU,PR,66993089749,66993,897,49,2024,4,True,BETAMETHAS,,,,,
MCOU,PA,93227973,93,2279,73,2024,2,True,AMOXICILLI,,,,,
MCOU,PA,47335032186,47335,321,86,2024,3,True,MEMANTINE ,,,,,
MCOU,PA,60505016809,60505,168,9,2024,2,False,PRAVASTATI,26641.0,432.0,4964.42,4879.4,85.02
MCOU,PA,68462012601,68462,126,1,2024,2,False,GABAPENTIN,5048.0,57.0,746.23,746.23,0.0
MCOU,PA,74210001,74,2100,1,2024,2,False,SKYRIZI 15,196.0,194.0,3927162.29,3764492.77,162669.52
MCOU,PA,82347005004,82347,50,4,2024,3,True,LEVOTHYROX,,,,,
MCOU,PA,70515000201,70515,2,1,2024,1,True,TUDORZA PR,,,,,
MCOU,PA,72603018801,72603,188,1,2024,1,False,DEXAMETHAS,677.0,34.0,288.28,279.46,8.82
FFSU,PA,10370036811,10370,368,11,2024,2,True,TOPIRAMATE,,,,,
MCOU,PR,16729016801,16729,168,1,2024,4,False,ESCITALOPR,2247.0,78.0,316.55,316.55,0.0
MCOU,PA,33342046915,33342,469,15,2024,1,True,NYSTATIN C,,,,,
FFSU,PA,13811070710,13811,707,10,2024,1,False,METHYLPHEN,3300.0,109.0,3127.8,2802.63,325.17
MCOU,PA,69584002390,69584,23,90,2024,2,False,AMLODIPINE,6988.0,139.0,916.38,916.38,0.0
MCOU,PA,480871510,480,8715,10,2024,2,False,LEVOTHYROX,5869.0,127.0,1205.84,1163.51,42.33
FFSU,PA,69097015807,69097,158,7,2024,2,False,MELOXICAM ,1914.0,33.0,330.49,328.59,1.9
MCOU,PA,61314063710,61314,637,10,2024,2,False,PREDNISOLO,2895.0,286.0,17353.01,17106.85,246.16
MCOU,PA,904001224,904,12,24,2024,2,True,CHLORPHENI,,,,,
MCOU,PA,2898005,2,8980,5,2024,1,True,REZVOGLAR ,,,,,
MCOU,PA,43547036203,43547,362,3,2024,2,False,LOSARTAN P,810.0,15.0,137.5,137.5,0.0
MCOU,PA,74364103,74,3641,3,2024,1,False,LUPRON DEP,143.0,143.0,236193.93,231271.23,4922.7
FFSU,PA,64980051405,64980,514,5,2024,1,True,TIMOLOL OP,,,,,
MCOU,PA,51991035478,51991,354,78,2024,3,True,RIZATRIPTA,,,,,
MCOU,PA,45802020625,45802,206,25,2024,1,False,NICOTINE P,3930.0,38.0,997.26,997.26,0.0
MCOU,PA,46122074138,46122,741,38,2024,1,False,GNP MAGNES,4444.0,12.0,76.85,76.85,0.0
MCOU,PA,54418425,54,4184,25,2024,1,False,DEXAMETHA ,11935.053,1133.0,9248.64,9129.34,119.3
FFSU,PA,65862020399,65862,203,99,2024,3,False,LOSARTAN P,2338.0,56.0,635.72,626.18,9.54
FFSU,PA,93310953,93,3109,53,2024,1,False,AMOXICILLI,2062.0,73.0,848.57,842.65,5.92
FFSU,PA,72516001601,72516,16,1,2024,3,True,AMPHETAMIN,,,,,
FFSU,PA,42858007645,42858,76,45,2024,1,True,METHYLPHEN,,,,,
MCOU,PA,69238183801,69238,1838,1,2024,2,False,LEVOTHYROX,12414.0,205.0,2314.48,2310.81,3.67
MCOU,PR,406511401,406,5114,1,2024,4,True,LISDEXAMFE,,,,,
MCOU,PA,70860010041,70860,100,41,2024,2,False,AZITHROMYC,15.0,15.0,4.51,0.0,4.51
MCOU,PA,16714007106,16714,71,6,2024,2,False,BACLOFEN T,17917.0,213.0,1957.59,1957.59,0.0
MCOU,PA,39822019001,39822,190,1,2024,2,True,ACETAZOLAM,,,,,
FFSU,RI,64380080707,64380,807,7,2024,2,True,IBUPROFEN ,,,,,
FFSU,RI,72205004411,72205,44,11,2024,2,True,OSELTAMIVI,,,,,
MCOU,PR,67877064030,67877,640,30,2024,2,False,LURASIDONE,420.0,14.0,335.6,335.6,0.0
MCOU,RI,66685101201,66685,1012,1,2024,2,False,AMOXICILLI,3375.0,29.0,468.03,468.03,0.0
MCOU,RI,67457029202,67457,292,2,2024,1,True,NALOXONE S,,,,,
FFSU,RI,65862052301,65862,523,1,2024,2,False,GABAPENTIN,812.0,16.0,224.39,224.39,0.0
MCOU,RI,574403125,574,4031,25,2024,1,True,TOBRAMYCIN,,,,,
MCOU,RI,6011231,6,112,31,2024,1,True,JANUVIA 50,,,,,
FFSU,RI,67877019705,67877,197,5,2024,3,True,AMLODIPINE,,,,,
MCOU,RI,143983701,143,9837,1,2024,3,True,PENICILLIN,,,,,
MCOU,PR,50458060801,50458,608,1,2024,1,True,INVEGA TRI,,,,,
MCOU,RI,59572074007,59572,740,7,2024,4,True,ONUREG (AZ,,,,,
MCOU,RI,68001023900,68001,239,0,2024,4,False,CLONIDINE ,594.0,14.0,63.56,63.56,0.0
MCOU,PR,50111064844,50111,648,44,2024,2,False,FLUOXETINE,1635.0,38.0,157.99,157.99,0.0
MCOU,PR,68382040801,68382,408,1,2024,2,False,HALOPERIDO,764.0,17.0,294.88,294.88,0.0
MCOU,RI,50228042101,50228,421,1,2024,1,True,FLUOXETINE,,,,,
MCOU,PR,76282024910,76282,249,10,2024,4,True,ESCITALOPR,,,,,
MCOU,PR,378563059,378,5630,59,2024,3,False,SUMATRIPTA,99.0,11.0,74.29,74.29,0.0
MCOU,RI,70010011501,70010,115,1,2024,3,True,DEXTROAMPH,,,,,
MCOU,RI,15054104005,15054,1040,5,2024,2,True,INCRELEX (,,,,,
MCOU,RI,6306901,6,3069,1,2024,2,True,PIFELTRO 1,,,,,
MCOU,PR,703424401,703,4244,1,2024,3,False,CARBOPLATI,2482.7,231.0,3581.22,3581.22,0.0
MCOU,RI,72516003101,72516,31,1,2024,2,True,METOPROLOL,,,,,
MCOU,PR,65862049101,65862,491,1,2024,2,True,QUETIAPINE,,,,,
FFSU,RI,52817018100,52817,181,0,2024,4,True,CLONIDINE ,,,,,
MCOU,PR,23155002901,23155,29,1,2024,2,False,FLUOXETINE,6543.0,167.0,678.53,678.53,0.0
MCOU,RI,50228011530,50228,115,30,2024,1,True,FLUOXETINE,,,,,
MCOU,RI,69238145902,69238,1459,2,2024,1,True,POTASSIUM ,,,,,
MCOU,RI,65862070260,65862,702,60,2024,1,True,ZIPRASIDON,,,,,
MCOU,PR,60505059304,60505,593,4,2024,1,True,TRAVOPROST,,,,,
MCOU,RI,69452035620,69452,356,20,2024,2,True,ROPINIROLE,,,,,
FFSU,RI,10702001001,10702,10,1,2024,1,True,HYDROXIZIN,,,,,
MCOU,PR,50458057760,50458,577,60,2024,2,False,XARELTO (R,27856.0,479.0,272881.59,271655.19,1226.4
MCOU,RI,904685289,904,6852,89,2024,4,False,LORATADINE,690.0,12.0,60.5,60.5,0.0
MCOU,PR,31722081460,31722,814,60,2024,2,False,LACOSAMIDE,900.0,14.0,576.49,576.49,0.0
MCOU,PR,57237016890,57237,168,90,2024,1,False,ROSUVASTAT,570.0,20.0,72.81,72.81,0.0
FFSU,RI,16729044715,16729,447,15,2024,2,True,LEVOTHYROX,,,,,
MCOU,PR,3377412,3,3774,12,2024,2,False,OPDIVO    ,618.0,28.0,182596.6,182596.6,0.0
FFSU,RI,78206011201,78206,112,1,2024,1,True,ASMANEX HF,,,,,
MCOU,PR,43547040810,43547,408,10,2024,2,False,CLONAZEPAM,40266.0,711.0,3991.7,3991.7,0.0
MCOU,PR,67877043405,67877,434,5,2024,2,False,ARIPIPRAZO,757.0,26.0,293.44,293.44,0.0
FFSU,RI,53746071301,53746,713,1,2024,1,True,GUANFACINE,,,,,
MCOU,RI,45963067811,45963,678,11,2024,4,False,METOPROLOL,1170.0,32.0,329.32,329.32,0.0
MCOU,PR,69238183501,69238,1835,1,2024,1,False,LEVOTHYROX,1236.0,43.0,272.03,272.03,0.0
MCOU,PR,16571077501,16571,775,1,2024,1,False,GLIMEPIRID,7500.0,155.0,860.56,860.56,0.0
MCOU,RI,70000041503,70000,415,3,2024,2,False,LDR CLEARL,51000.0,84.0,1402.23,1402.23,0.0
MCOU,RI,536589488,536,5894,88,2024,3,False,NICOTINE T,4303.0,168.0,6203.61,6203.61,0.0
FFSU,RI,63323016501,63323,165,1,2024,2,False,DEXAMETHAS,70.0,39.0,65.82,65.82,0.0
MCOU,PR,42192033001,42192,330,1,2024,3,True,NP THYROID,,,,,
MCOU,RI,13668018005,13668,180,5,2024,1,True,ROSUVASTAT,,,,,
MCOU,RI,536133321,536,1333,21,2024,4,True,GUAIFENESI,,,,,
MCOU,PR,143928520,143,9285,20,2024,2,False,AMOXICILLI,364.0,25.0,139.51,139.51,0.0
MCOU,RI,536122522,536,1225,22,2024,4,True,CALCIUM AN,,,,,
FFSU,RI,29300035005,29300,350,5,2024,2,False,ALLOPURINO,450.0,15.0,163.9,163.9,0.0
MCOU,RI,27241024301,27241,243,1,2024,3,True,GUANFACINE,,,,,
MCOU,RI,43547043506,43547,435,6,2024,4,False,CLONIDINE ,2844.0,35.0,562.22,562.22,0.0
MCOU,RI,68180046907,68180,469,7,2024,1,False,LOVASTATIN,5189.0,83.0,664.21,664.21,0.0
MCOU,RI,55111076260,55111,762,60,2024,2,True,VALGANCICL,,,,,
MCOU,SC,93217901,93,2179,1,2024,4,True,LIOTHYRONI,,,,,
MCOU,PR,54252731,54,2527,31,2024,3,False,LITHIUM CA,4905.0,61.0,783.28,783.28,0.0
FFSU,RI,832141003,832,1410,3,2024,1,True,MOXIFLOXAC,,,,,
MCOU,RI,68382018201,68382,182,1,2024,3,True,BUSPIRONE ,,,,,
MCOU,PR,70512084025,70512,840,25,2024,1,False,CYANOCOBAL,236.0,73.0,930.29,930.29,0.0
MCOU,RI,168002031,168,20,31,2024,1,False,HYDROCORTI,3458.7,97.0,548.28,548.28,0.0
MCOU,RI,713022515,713,225,15,2024,4,False,TRIAMCINOL,3990.0,159.0,820.09,820.09,0.0
MCOU,RI,68968021503,68968,215,3,2024,2,True,XELSTRYM (,,,,,
MCOU,RI,65597020330,65597,203,30,2024,3,True,SAVAYSA ( ,,,,,
FFSU,RI,68382097001,68382,970,1,2024,4,False,CHLORTHALI,825.0,11.0,211.78,211.78,0.0
MCOU,PR,54838052340,54838,523,40,2024,1,True,FLUOXETINE,,,,,
MCOU,RI,781320695,781,3206,95,2024,1,True,CEFTRIAXON,,,,,
MCOU,PR,54317644,54,3176,44,2024,3,True,DEXA INT .,,,,,
MCOU,PR,68180035206,68180,352,6,2024,1,False,SERTRALINE,3421.0,104.0,451.93,451.93,0.0
MCOU,RI,72603013401,72603,134,1,2024,3,False,SPIRONOLAC,938.0,32.0,257.68,257.68,0.0
MCOU,PR,16714057702,16714,577,2,2024,2,True,ALLOPURINO,,,,,
MCOU,PR,59651039001,59651,390,1,2024,2,True,BUSPIRONE ,,,,,
FFSU,RI,78045705,78,457,5,2024,4,True,TRILEPTAL ,,,,,
MCOU,RI,121079916,121,799,16,2024,3,True,LEVETIRACE,,,,,
MCOU,RI,378018401,378,184,1,2024,2,True,PROPRANOLO,,,,,
MCOU,SC,169790501,169,7905,1,2024,4,True,REBINYN   ,,,,,
MCOU,RI,172208960,172,2089,60,2024,4,True,HYDROCHLOR,,,,,
MCOU,RI,115132019,115,1320,19,2024,4,True,COLESEVELA,,,,,
MCOU,RI,70710120901,70710,1209,1,2024,3,True,ALLOPURINO,,,,,
MCOU,PR,29300024401,29300,244,1,2024,3,False,BUSPIRONE ,1005.0,19.0,73.37,73.37,0.0
MCOU,RI,13668042905,13668,429,5,2024,2,True,PANTOPRAZO,,,,,
MCOU,RI,25021067377,25021,673,77,2024,1,True,GLYDO (LID,,,,,
MCOU,SC,259161001,259,1610,1,2024,4,True,XEOMIN    ,,,,,
MCOU,RI,23155019201,23155,192,1,2024,3,False,BUPROPION ,7076.0,107.0,1311.25,1311.25,0.0
FFSU,RI,33342008745,33342,87,45,2024,1,True,RIZATRIPTA,,,,,
FFSU,RI,54017613,54,176,13,2024,2,True,BUPRENORPH,,,,,
MCOU,PR,67877059001,67877,590,1,2024,1,False,METOPROLOL,1800.0,47.0,308.12,308.12,0.0
FFSU,RI,54372250,54,3722,50,2024,3,True,PREDNISON ,,,,,
MCOU,RI,51991074790,51991,747,90,2024,3,False,DULOXETINE,3355.0,98.0,1161.99,1161.99,0.0
MCOU,PR,33342005515,33342,55,15,2024,2,True,PIOGLITAZO,,,,,
MCOU,PR,68001039700,68001,397,0,2024,2,False,FAMOTIDINE,21954.0,718.0,2655.84,2655.84,0.0
MCOU,RI,64380084206,64380,842,6,2024,1,True,PIROXICAM ,,,,,
MCOU,RI,64850051401,64850,514,1,2024,1,False,DEX SAC/AM,488.0,17.0,1454.82,1454.82,0.0
MCOU,RI,71374066,71,3740,66,2024,1,True,DILANTIN 3,,,,,
FFSU,RI,42806071401,42806,714,1,2024,3,False,BENZONATAT,1442.0,33.0,413.35,413.35,0.0
MCOU,PR,64380080706,64380,807,6,2024,1,True,IBUPROFEN ,,,,,
MCOU,RI,42806041409,42806,414,9,2024,2,False,BUPROPION ,7300.0,213.0,2752.41,2752.41,0.0
MCOU,RI,832601900,832,6019,0,2024,3,False,CHLORPROMA,1029.0,27.0,864.74,864.74,0.0
MCOU,RI,47781042447,47781,424,47,2024,1,True,FENTANYL T,,,,,
FFSU,RI,173069500,173,695,0,2024,1,True,ADVAIR DIS,,,,,
MCOU,RI,78043005,78,430,5,2024,2,True,FOCALIN XR,,,,,
MCOU,RI,64380074108,64380,741,8,2024,3,True,BUSPIRONE ,,,,,
MCOU,RI,67877052730,67877,527,30,2024,4,True,SOLIFENACI,,,,,
MCOU,RI,43547028303,43547,283,3,2024,4,True,TELMISARTA,,,,,
MCOU,PR,904705561,904,7055,61,2024,2,True,DOXEPIN HC,,,,,
MCOU,RI,68180069706,68180,697,6,2024,1,True,TRAMADOL H,,,,,
MCOU,RI,55513048201,55513,482,1,2024,1,True,AMJEVITA (,,,,,
MCOU,RI,54016325,54,163,25,2024,1,False,MYCOPHENOL,3640.0,27.0,981.92,981.92,0.0
MCOU,RI,70677115301,70677,1153,1,2024,1,True,F&T EARWAX,,,,,
MCOU,RI,51991098201,51991,982,1,2024,1,True,ZOLPIDEM T,,,,,
MCOU,RI,42799060501,42799,605,1,2024,3,True,LOPERAMIDE,,,,,
MCOU,RI,55111059705,55111,597,5,2024,2,True,MEMANTINE ,,,,,
MCOU,RI,173089201,173,892,1,2024,2,False,NUCALA SOL,39.0,31.0,142177.19,142177.19,0.0
MCOU,RI,93220301,93,2203,1,2024,2,False,METOCLOPRA,2100.0,57.0,186.69,186.69,0.0
MCOU,PR,52937000120,52937,1,20,2024,1,True,VASCEPA OR,,,,,
MCOU,RI,57664005088,57664,50,88,2024,4,False,LISDEXAMFE,522.0,18.0,2314.54,2314.54,0.0
FFSU,RI,27808006502,27808,65,2,2024,1,True,PROMETHAZI,,,,,
MCOU,RI,264151031,264,1510,31,2024,1,False,5% DEXTROS,3000.0,17.0,85.7,85.7,0.0
FFSU,RI,29300038201,29300,382,1,2024,4,True,CARBAMAZEP,,,,,
MCOU,RI,63323010615,63323,106,15,2024,1,True,MAGNESIUM ,,,,,
FFSU,RI,69367020201,69367,202,1,2024,3,True,LIDOCAINE ,,,,,
MCOU,RI,713063437,713,634,37,2024,1,False,MOMETASONE,2340.0,52.0,634.55,634.55,0.0
FFSU,RI,43598083390,43598,833,90,2024,4,True,ATORVASTAT,,,,,
MCOU,RI,69087015812,69087,158,12,2024,2,True,JATENZO   ,,,,,
MCOU,PR,69097073102,69097,731,2,2024,1,False,TERBINAFIN,206.0,16.0,79.23,79.23,0.0
MCOU,PR,23155069301,23155,693,1,2024,2,True,ALLOPURINO,,,,,
FFSU,RI,42806027095,42806,270,95,2024,4,True,CHOLESTYRA,,,,,
MCOU,RI,75907008532,75907,85,32,2024,4,False,NECON 0.5M,840.0,13.0,569.96,569.96,0.0
MCOU,RI,527328343,527,3283,43,2024,1,True,LEVOTHYROX,,,,,
MCOU,RI,54436025004,54436,250,4,2024,4,False,XYOSTED 50,24.0,12.0,7289.08,7289.08,0.0
MCOU,RI,43547037409,43547,374,9,2024,4,True,IRBESARTAN,,,,,
MCOU,RI,43975031510,43975,315,10,2024,1,True,BEXAROTENE,,,,,
MCOU,PR,29300039810,29300,398,10,2024,1,False,AMLODIPINE,276625.0,8806.0,26026.55,26026.55,0.0
FFSU,RI,527079437,527,794,37,2024,2,True,DEXTROAMPH,,,,,
FFSU,SC,93221005,93,2210,5,2024,4,False,SUCRALFATE,1542.0,19.0,444.97,444.97,0.0
FFSU,RI,70377000415,70377,4,15,2024,1,True,SIMVASTATI,,,,,
MCOU,PR,43547034709,43547,347,9,2024,3,False,PAROXETINE,870.0,29.0,140.59,140.59,0.0
MCOU,PR,43975035003,43975,350,3,2024,3,False,PALIPERIDO,400.0,14.0,1036.67,1036.67,0.0
MCOU,PR,42192036510,42192,365,10,2024,2,True,SALSALATE ,,,,,
MCOU,RI,68180087773,68180,877,73,2024,4,False,JENCYCLA  ,1036.0,21.0,241.86,241.86,0.0
MCOU,PR,406895501,406,8955,1,2024,2,True,MIXED AMPH,,,,,
MCOU,RI,143988815,143,9888,15,2024,4,False,AMOXICILLI,12600.0,67.0,349.72,349.72,0.0
MCOU,RI,68001010603,68001,106,3,2024,1,False,BPL DIVALP,3002.0,40.0,736.16,736.16,0.0
MCOU,PR,45963067796,45963,677,96,2024,3,False,METOPROLOL,4520.0,134.0,1052.59,1052.59,0.0
FFSU,RI,13668001001,13668,10,1,2024,3,True,CITALOPRAM,,,,,
FFSU,RI,69452020820,69452,208,20,2024,3,True,CALCITRIOL,,,,,
MCOU,PR,64850051501,64850,515,1,2024,3,True,DEX SAC/AM,,,,,
MCOU,RI,378623205,378,6232,5,2024,1,False,CITALOPRAM,2769.0,88.0,494.47,494.47,0.0
FFSU,RI,59651005230,59651,52,30,2024,1,True,EZETIMIBE ,,,,,
MCOU,RI,55513048201,55513,482,1,2024,4,True,AMJEVITA (,,,,,
MCOU,PR,93083205,93,832,5,2024,3,False,CLONAZEPAM,206787.0,4269.0,16630.52,16629.98,0.54
FFSU,SC,93916301,93,9163,1,2024,4,True,VENLAFAXIN,,,,,
FFSU,RI,378808420,378,8084,20,2024,1,True,TRETINOIN ,,,,,
MCOU,PR,904698761,904,6987,61,2024,2,True,DICYCLOMIN,,,,,
FFSU,RI,70860012566,70860,125,66,2024,2,True,AZITHROMYC,,,,,
MCOU,PR,68382009706,68382,97,6,2024,1,False,PAROXETINE,1080.0,36.0,185.26,185.26,0.0
MCOU,PR,904585540,904,5855,40,2024,2,False,IBUPROFEN ,2556.0,124.0,519.05,519.05,0.0
MCOU,RI,51672129702,51672,1297,2,2024,4,True,CLOBETASOL,,,,,
MCOU,RI,378363701,378,3637,1,2024,2,False,CETIRIZINE,2965.0,87.0,412.78,412.78,0.0
FFSU,RI,68462089504,68462,895,4,2024,2,True,VARENICLIN,,,,,
MCOU,PR,603150858,603,1508,58,2024,1,True,PHENOBARBI,,,,,
MCOU,PR,228212710,228,2127,10,2024,1,False,CLONIDINE ,12329.4,296.0,1164.11,1164.11,0.0
MCOU,SC,54418425,54,4184,25,2024,4,False,DEXAMETHAS,868.5,78.0,485.21,223.03,262.18
MCOU,PR,93729056,93,7290,56,2024,1,True,RALOXIFENE,,,,,
MCOU,PR,13811070810,13811,708,10,2024,3,False,METHYLPHEN,2232.0,59.0,3298.28,3252.8,45.48
MCOU,RI,57894007102,57894,71,2,2024,4,True,SIMPONI 10,,,,,
MCOU,RI,54373063,54,3730,63,2024,3,True,PROPRAN 40,,,,,
MCOU,PR,54023525,54,235,25,2024,1,True,MORPHINE S,,,,,
MCOU,PR,70127010010,70127,100,10,2024,2,False,EPIDIOLEX ,30975.0,170.0,513517.98,483545.38,29972.6
MCOU,RI,24208041005,24208,410,5,2024,1,True,OFLOXACIN ,,,,,
MCOU,RI,45802090094,45802,900,94,2024,1,True,CLINDAMYCI,,,,,
MCOU,PR,64380072506,64380,725,6,2024,1,False,MYCOPHENOL,35396.0,350.0,16852.3,16509.38,342.92
MCOU,RI,65862021401,65862,214,1,2024,1,False,ZALEPLON 5,420.0,15.0,97.05,97.05,0.0
MCOU,RI,832022600,832,226,0,2024,2,True,MORPHINE S,,,,,
MCOU,RI,73473030275,73473,302,75,2024,3,True,CLINDAMYCI,,,,,
MCOU,RI,406147301,406,1473,1,2024,3,True,METHYLPHEN,,,,,
MCOU,PR,42794008008,42794,80,8,2024,1,True,ACITRETIN ,,,,,
MCOU,RI,121086802,121,868,2,2024,3,True,NYSTATIN O,,,,,
MCOU,RI,60505327500,60505,3275,0,2024,4,True,OLANZAPINE,,,,,
MCOU,PR,60505001506,60505,15,6,2024,1,True,DILTIAZEM ,,,,,
FFSU,RI,42806060209,42806,602,9,2024,3,False,VENLAFAXIN,695.0,12.0,139.94,139.94,0.0
MCOU,RI,480868710,480,8687,10,2024,4,True,LEVOTHYROX,,,,,
MCOU,RI,49483070350,49483,703,50,2024,3,False,FLUOXETINE,6725.0,210.0,1342.53,1342.53,0.0
MCOU,RI,70010013901,70010,139,1,2024,2,False,NAPROXEN T,2633.0,59.0,516.76,516.76,0.0
MCOU,PR,49230053425,49230,534,25,2024,3,False,VENOFER   ,53.8,38.0,0.0,0.0,0.0
MCOU,RI,24478010901,24478,109,1,2024,2,True,DYANAVEL X,,,,,
FFSU,RI,31722014905,31722,149,5,2024,2,False,GABAPENTIN,7779.0,72.0,817.06,817.06,0.0
MCOU,RI,45802065075,45802,650,75,2024,3,False,LORATADINE,155772.0,3520.0,17643.88,17643.88,0.0
MCOU,PR,93766356,93,7663,56,2024,2,True,ERLOTINIB ,,,,,
MCOU,RI,50742061601,50742,616,1,2024,3,True,METOPROLOL,,,,,
MCOU,PR,68001045842,68001,458,42,2024,2,True,ENOXAPARIN,,,,,
MCOU,RI,13668021805,13668,218,5,2024,2,True,ARIPIPRAZO,,,,,
FFSU,RI,228315303,228,3153,3,2024,3,True,BUPRENORPH,,,,,
MCOU,RI,60219158503,60219,1585,3,2024,1,True,FLUOROMETH,,,,,
MCOU,RI,13107015599,13107,155,99,2024,3,False,PAROXETINE,917.0,32.0,199.33,199.33,0.0
MCOU,PR,68180035306,68180,353,6,2024,1,False,SERTRALINE,3520.0,96.0,540.73,537.51,3.22
MCOU,RI,187209845,187,2098,45,2024,4,True,ARAZLO LOT,,,,,
MCOU,SC,72888006305,72888,63,5,2024,2,True,BUSPIRONE ,,,,,
MCOU,SC,409610218,409,6102,18,2024,1,True,FUROSEMIDE,,,,,
MCOU,SC,69584036210,69584,362,10,2024,4,True,HYDROCHLOR,,,,,
FFSU,SC,23324015,23,3240,15,2024,1,False,REFRESH OP,735.0,48.0,850.17,850.17,0.0
FFSU,SC,59767002401,59767,24,1,2024,1,False,PERTZYE   ,8480.0,15.0,66597.43,66597.43,0.0
MCOU,SC,2771501,2,7715,1,2024,1,True,BASAGLAR K,,,,,
FFSU,SC,16714026702,16714,267,2,2024,1,True,TRIAMCINOL,,,,,
MCOU,SC,536132701,536,1327,1,2024,1,False,ACETAMINOP,4252.0,66.0,108.09,108.09,0.0
FFSU,SC,43547040111,43547,401,11,2024,2,False,FUROSEMIDE,2001.0,69.0,518.66,518.66,0.0
MCOU,SC,9074630,9,746,30,2024,2,False,DEPO-PROVE,330.182,356.0,69756.13,22973.47,46782.66
FFSU,SC,562780505,562,7805,5,2024,3,True,RHOGAM ULT,,,,,
MCOU,SC,65862032804,65862,328,4,2024,3,True,ALENDRONAT,,,,,
MCOU,SC,68462030147,68462,301,47,2024,3,True,ADAPALENE-,,,,,
FFSU,SC,67877075460,67877,754,60,2024,4,True,DRONABINOL,,,,,
MCOU,SC,70199001730,70199,17,30,2024,4,True,THALITONE ,,,,,
MCOU,SC,46122055246,46122,552,46,2024,1,True,INFANTS' P,,,,,
FFSU,SC,406012305,406,123,5,2024,4,False,HYDROCODON,10206.0,226.0,2467.2,2467.2,0.0
MCOU,SC,603459315,603,4593,15,2024,4,False,METHYLPRED,924.0,44.0,160.35,160.35,0.0
MCOU,SC,51672125806,51672,1258,6,2024,2,True,CLOBETASOL,,,,,
MCOU,SC,65862076290,65862,762,90,2024,2,False,PREGABALIN,4882.0,68.0,1398.66,1398.66,0.0
FFSU,SC,57664062888,57664,628,88,2024,2,True,DEXMETHYLP,,,,,
MCOU,SC,904652261,904,6522,61,2024,4,True,SENNA LAX ,,,,,
MCOU,SC,469266030,469,2660,30,2024,1,False,VEOZAH    ,855.0,29.0,13697.24,13697.24,0.0
FFSU,SC,69315026001,69315,260,1,2024,4,True,KETOROLAC ,,,,,
MCOU,SC,64980027903,64980,279,3,2024,3,False,GLIPIZIDE ,2966.0,74.0,435.62,435.62,0.0
FFSU,SC,64980060706,64980,607,6,2024,4,False,LEVETIRACE,9866.0,133.0,2371.4,2333.69,37.71
MCOU,SC,46122009878,46122,98,78,2024,1,True,PRENATAL V,,,,,
MCOU,SC,63323082050,63323,820,50,2024,1,False,SMOFLIPID ,53600.0,25.0,60236.01,10098.24,50137.77
FFSU,SC,59746003022,59746,30,22,2024,1,False,RISPERIDON,786.0,26.0,970.4,970.4,0.0
MCOU,SC,955101601,955,1016,1,2024,3,True,ENOXAPARIN,,,,,
MCOU,SC,228263711,228,2637,11,2024,1,True,GABAPENTIN,,,,,
MCOU,SC,17772010401,17772,104,1,2024,1,True,TROKENDI X,,,,,
FFSU,SC,68001033308,68001,333,8,2024,4,False,LISINOPRIL,951.0,62.0,357.55,357.55,0.0
FFSU,SC,51672402301,51672,4023,1,2024,3,True,ACETAZOLAM,,,,,
FFSU,SC,65862049647,65862,496,47,2024,4,False,SULFAMETHO,42125.4,201.0,3775.58,3699.7,75.88
MCOU,SC,781531810,781,5318,10,2024,3,False,ZOLPIDEM T,390.0,13.0,19.64,19.64,0.0
MCOU,SC,67877043305,67877,433,5,2024,2,False,ARIPIPRAZO,1926.0,72.0,1603.8,1603.8,0.0
FFSU,SC,57237001005,57237,10,5,2024,4,True,MIRTAZAPIN,,,,,
MCOU,SC,67457048430,67457,484,30,2024,1,True,DEXAMETHAS,,,,,
MCOU,SC,66993079097,66993,790,97,2024,4,False,FLUTICASON,2040.0,34.0,4922.93,4922.93,0.0
MCOU,SC,69452033711,69452,337,11,2024,4,False,AMOXICILLI,228.0,14.0,107.34,107.34,0.0
MCOU,SC,50228018960,50228,189,60,2024,1,True,LEVETIRACE,,,,,
MCOU,SC,62332003031,62332,30,31,2024,3,False,ROPINIROLE,1620.0,37.0,119.47,119.47,0.0
MCOU,SC,24979000206,24979,2,6,2024,3,False,DEXLANSOPR,3075.0,96.0,13986.19,13986.19,0.0
MCOU,SC,168041630,168,416,30,2024,3,True,TACROLIMUS,,,,,
FFSU,SC,264751010,264,7510,10,2024,1,False,DEXTROSE I,15500.0,31.0,14286.83,10.29,14276.54
MCOU,SC,121115400,121,1154,0,2024,2,True,LACTULOSE ,,,,,
FFSU,SC,72603013401,72603,134,1,2024,2,True,SPIRONOLAC,,,,,
MCOU,SC,21922001707,21922,17,7,2024,4,False,CLOBETASOL,28960.0,469.0,8752.97,8752.97,0.0
MCOU,SC,23155066301,23155,663,1,2024,1,False,CALCITRIOL,3792.0,72.0,1048.18,1048.18,0.0
FFSU,SC,50228015805,50228,158,5,2024,3,False,CELECOXIB ,512.0,12.0,167.43,167.43,0.0
FFSU,SC,59651041401,59651,414,1,2024,4,False,HYDROCORTI,880.0,14.0,239.42,239.42,0.0
FFSU,SC,50111091601,50111,916,1,2024,3,False,TORSEMIDE ,320.0,14.0,122.08,122.08,0.0
MCOU,SC,68094090950,68094,909,50,2024,2,True,NALTREXONE,,,,,
FFSU,SC,574010601,574,106,1,2024,2,True,BROMOCRIPT,,,,,
FFSU,SC,60687040701,60687,407,1,2024,3,True,HYDROCODON,,,,,
FFSU,SC,61314064705,61314,647,5,2024,1,True,TOBRAMYCIN,,,,,
MCOU,SC,70069038101,70069,381,1,2024,2,True,HALOPERIDO,,,,,
FFSU,SC,68180044601,68180,446,1,2024,1,False,QUETIAPINE,541.0,11.0,130.33,130.33,0.0
FFSU,SC,472037945,472,379,45,2024,4,True,CLOTRIMAZO,,,,,
MCOU,SC,16729001916,16729,19,16,2024,1,False,MYCOPHENOL,2082.0,21.0,667.16,667.16,0.0
MCOU,SC,47335048583,47335,485,83,2024,2,True,BICALUTAMI,,,,,
MCOU,SC,29300013801,29300,138,1,2024,3,False,DIVALPROEX,3934.0,62.0,700.77,700.77,0.0
MCOU,SC,832035711,832,357,11,2024,1,True,DOXAZOSIN ,,,,,
MCOU,SC,50742034901,50742,349,1,2024,3,False,METOLAZONE,348.0,15.0,150.2,150.2,0.0
MCOU,SC,143967801,143,9678,1,2024,1,True,CEFTRIAXON,,,,,
FFSU,SC,42385094711,42385,947,11,2024,2,False,METFORMIN ,6295.0,113.0,1124.8,1115.62,9.18
FFSU,SC,69238173102,69238,1731,2,2024,3,True,PYRIDOSTIG,,,,,
FFSU,SC,641604425,641,6044,25,2024,3,False,LORAZEPAM ,56.0,19.0,338.51,203.01,135.5
MCOU,SC,16714082901,16714,829,1,2024,1,False,BUDESONIDE,1113.0,15.0,4109.6,4109.6,0.0
FFSU,SC,472038015,472,380,15,2024,4,True,BETAMETHAS,,,,,
MCOU,SC,16729014701,16729,147,1,2024,3,True,QUETIAPINE,,,,,
FFSU,SC,55111053405,55111,534,5,2024,2,False,DIVALPROEX,12475.0,195.0,3221.28,3210.11,11.17
MCOU,SC,64380076621,64380,766,21,2024,4,True,PEG-3350 A,,,,,
MCOU,SC,68382013201,68382,132,1,2024,4,False,TAMSULOSIN,4169.0,112.0,851.49,851.49,0.0
MCOU,SC,42806015134,42806,151,34,2024,3,False,AZITHROMYC,6580.0,186.0,1904.42,1904.42,0.0
MCOU,SC,6008061,6,80,61,2024,2,False,JANUMET XR,2770.0,41.0,24931.59,24931.59,0.0
FFSU,SC,61958120101,61958,1201,1,2024,2,True,STRIBILD  ,,,,,
FFSU,SC,68462025901,68462,259,1,2024,1,True,ROPINIROLE,,,,,
FFSU,SC,43598081115,43598,811,15,2024,3,False,CETIRIZINE,18643.0,628.0,5015.32,5015.32,0.0
MCOU,SC,43547036211,43547,362,11,2024,3,False,LOSARTAN P,12786.0,312.0,1265.65,1265.65,0.0
FFSU,SC,51862090305,51862,903,5,2024,2,True,CLOZAPINE ,,,,,
MCOU,SC,16714072102,16714,721,2,2024,4,False,FLUOXETINE,1624.0,48.0,104.68,104.68,0.0
FFSU,SC,65862069701,65862,697,1,2024,2,True,VENLAFAXIN,,,,,
MCOU,SC,31722053805,31722,538,5,2024,1,False,LEVETIRACE,11520.0,130.0,1672.57,1672.57,0.0
MCOU,SC,68645059654,68645,596,54,2024,1,False,PANTOPRAZO,840.0,25.0,11.92,11.92,0.0
FFSU,SC,527411837,527,4118,37,2024,2,False,PROPRANOLO,616.0,21.0,218.38,218.38,0.0
FFSU,SC,42385095760,42385,957,60,2024,1,True,LEVETIRACE,,,,,
MCOU,SC,59137054004,59137,540,4,2024,2,True,RASUVO    ,,,,,
MCOU,SC,16714072102,16714,721,2,2024,3,False,FLUOXETINE,2248.0,57.0,119.18,119.18,0.0
FFSU,SC,72888011901,72888,119,1,2024,3,True,DICYCLOMIN,,,,,
MCOU,SC,16714048402,16714,484,2,2024,2,True,DIVALPROEX,,,,,
MCOU,SC,65862053575,65862,535,75,2024,4,False,AMOXICILLI,147720.0,1177.0,14261.61,14261.61,0.0
MCOU,SC,70000002801,70000,28,1,2024,4,True,CHILDREN'S,,,,,
MCOU,SC,57237017105,57237,171,5,2024,1,True,ROSUVASTAT,,,,,
MCOU,SC,57237022190,57237,221,90,2024,1,False,PIOGLITAZO,1089.0,27.0,176.17,176.17,0.0
MCOU,SC,591294487,591,2944,87,2024,1,True,PIMECROLIM,,,,,
MCOU,SC,832003810,832,38,10,2024,2,False,OXYBUTYNIN,2857.0,53.0,125.76,125.76,0.0
MCOU,SC,16571013609,16571,136,9,2024,3,False,ATORVASTAT,480.0,14.0,24.44,24.44,0.0
FFSU,SC,68382009605,68382,96,5,2024,2,False,HYDROXYCHL,791.0,23.0,241.12,241.12,0.0
FFSU,SC,259161001,259,1610,1,2024,2,True,XEOMIN    ,,,,,
MCOU,SC,45802014167,45802,141,67,2024,1,False,CICLOPIROX,495.0,75.0,857.76,857.76,0.0
MCOU,SC,904404073,904,4040,73,2024,1,False,ASPIRIN   ,2214.0,66.0,75.6,75.6,0.0
MCOU,SC,59651036101,59651,361,1,2024,2,False,IBUPROFEN ,668.0,12.0,20.37,20.37,0.0
MCOU,SC,31722088490,31722,884,90,2024,2,False,ROSUVASTAT,5744.0,178.0,712.31,712.31,0.0
FFSU,SC,68462016405,68462,164,5,2024,3,False,CARVEDILOL,2656.0,46.0,508.18,508.18,0.0
FFSU,SC,60505327700,60505,3277,0,2024,3,True,OLANZAPINE,,,,,
FFSU,SC,62332073631,62332,736,31,2024,4,True,CHLORPROMA,,,,,
FFSU,SC,61874011520,61874,115,20,2024,1,True,VRAYLAR   ,,,,,
MCOU,SC,50458060801,50458,608,1,2024,1,False,INVEGA TRI,140.064,81.0,308252.78,306894.89,1357.89
MCOU,SC,555906458,555,9064,58,2024,1,False,KELNOR 1-3,1596.0,39.0,625.65,625.65,0.0
MCOU,SC,65649055103,65649,551,3,2024,1,True,RELISTOR  ,,,,,
FFSU,SC,50102023113,50102,231,13,2024,1,True,TRI-VYLIBR,,,,,
FFSU,SC,781528364,781,5283,64,2024,2,False,CETIRIZINE,1544.0,49.0,2329.71,2329.68,0.03
FFSU,SC,70010078110,70010,781,10,2024,2,True,METOPROLOL,,,,,
MCOU,SC,60505623706,60505,6237,6,2024,2,True,DEFEROXAMI,,,,,
FFSU,SC,59676060012,59676,600,12,2024,2,True,ERLEADA   ,,,,,
MCOU,SC,603459321,603,4593,21,2024,3,False,METHYLPRED,2456.0,109.0,820.17,820.17,0.0
MCOU,SC,65862007001,65862,70,1,2024,3,False,AMOXICILLI,2900.0,19.0,110.13,110.13,0.0
MCOU,SC,31722071310,31722,713,10,2024,1,False,PANTOPRAZO,23693.0,670.0,1267.83,1267.83,0.0
MCOU,SC,904701006,904,7010,6,2024,1,True,BUPRENORPH,,,,,
MCOU,SC,59651002601,59651,26,1,2024,3,False,AMOXICILLI,24100.0,156.0,10151.29,10151.29,0.0
MCOU,SC,55513020701,55513,207,1,2024,1,True,MVASI     ,,,,,
MCOU,SC,50458058030,50458,580,30,2024,2,False,XARELTO   ,4554.0,155.0,80819.5,80819.5,0.0
MCOU,SC,16714068403,16714,684,3,2024,1,False,SIMVASTATI,6747.0,171.0,689.22,689.22,0.0
MCOU,SC,61442010201,61442,102,1,2024,3,False,DICLOFENAC,3007.0,66.0,388.91,388.91,0.0
MCOU,SC,143983701,143,9837,1,2024,1,False,PENICILLIN,1454.0,27.0,151.2,151.2,0.0
MCOU,SC,24208045705,24208,457,5,2024,3,False,DICLOFENAC,90.0,15.0,194.54,194.54,0.0
MCOU,SC,65162017306,65162,173,6,2024,4,False,MEMANTINE ,795.0,17.0,200.88,200.88,0.0
FFSU,SC,60505014602,60505,146,2,2024,3,True,OMEPRAZOLE,,,,,
MCOU,SC,72205020124,72205,201,24,2024,3,False,ROFLUMILAS,362.0,12.0,973.8,973.8,0.0
MCOU,SC,16571074024,16571,740,24,2024,1,True,NITROFURAN,,,,,
FFSU,SC,64980060706,64980,607,6,2024,3,False,LEVETIRACE,6267.0,126.0,1446.0,1446.0,0.0
MCOU,SC,60505615101,60505,6151,1,2024,3,False,CEFTRIAXON,147.0,61.0,4293.72,65.21,4228.51
FFSU,SC,43547099006,43547,990,6,2024,1,True,TADALAFIL ,,,,,
FFSU,SC,378623205,378,6232,5,2024,3,False,CITALOPRAM,1779.0,56.0,605.97,605.97,0.0
MCOU,SC,63304044990,63304,449,90,2024,2,True,FENOFIBRAT,,,,,
FFSU,SC,68180044902,68180,449,2,2024,1,True,QUETIAPINE,,,,,
MCOU,SC,65162051310,65162,513,10,2024,1,True,SALSALATE ,,,,,
FFSU,SC,23155083501,23155,835,1,2024,4,False,HYDRALAZIN,5050.0,65.0,874.5,869.4,5.1
FFSU,SC,24385002868,24385,28,68,2024,4,True,ASPIRIN   ,,,,,
MCOU,SC,65862069201,65862,692,1,2024,4,False,PHENYTOIN ,21900.0,198.0,3542.2,3542.2,0.0
MCOU,SC,69097012203,69097,122,3,2024,3,False,TOPIRAMATE,51976.0,942.0,5243.28,5243.28,0.0
FFSU,SC,60505083001,60505,830,1,2024,4,False,MOMETASONE,408.0,24.0,820.11,773.94,46.17
FFSU,SC,43598021055,43598,210,55,2024,3,True,SSD       ,,,,,
MCOU,SC,60505283503,60505,2835,3,2024,1,True,ATOMOXETIN,,,,,
MCOU,SC,24979002602,24979,26,2,2024,4,False,DILTIAZEM ,1886.0,55.0,670.36,670.36,0.0
FFSU,SC,378464126,378,4641,26,2024,2,True,ESTRADIOL ,,,,,
MCOU,SC,50742018224,50742,182,24,2024,2,True,LEUCOVORIN,,,,,
MCOU,SC,43598075205,43598,752,5,2024,4,False,BUPROPION ,1290.0,20.0,221.88,221.88,0.0
MCOU,SC,11994001720,11994,17,20,2024,1,True,DEFINITY R,,,,,
MCOU,SC,51672137002,51672,1370,2,2024,1,True,MUPIROCIN ,,,,,
MCOU,SC,65162083703,65162,837,3,2024,3,True,VALSARTAN ,,,,,
FFSU,SC,527296437,527,2964,37,2024,4,False,CHLORPROMA,1830.0,19.0,1973.9,1973.9,0.0
MCOU,SC,68308015215,68308,152,15,2024,1,False,NYSTATIN  ,300.0,14.0,77.68,77.68,0.0
MCOU,SC,13517011201,13517,112,1,2024,1,True,PHENOBARBI,,,,,
MCOU,SC,62332065005,62332,650,5,2024,4,True,FULVESTRAN,,,,,
FFSU,SC,406012510,406,125,10,2024,1,False,HYDROCODON,9704.0,101.0,1377.62,1377.62,0.0
MCOU,SC,21922000706,21922,7,6,2024,3,True,HYDROCORTI,,,,,
MCOU,SC,62332036506,62332,365,6,2024,4,True,CLONAZEPAM,,,,,
FFSU,SC,63459010310,63459,103,10,2024,3,True,TRUXIMA   ,,,,,
MCOU,SC,62135030901,62135,309,1,2024,2,True,CIPROFLOXA,,,,,
MCOU,SC,121094216,121,942,16,2024,1,False,PHENOBARBI,5241.0,18.0,343.92,343.92,0.0
FFSU,SC,93226701,93,2267,1,2024,3,True,AMOXICILLI,,,,,
MCOU,SC,6502801,6,5028,1,2024,3,True,VERQUVO   ,,,,,
MCOU,SC,68001038300,68001,383,0,2024,1,False,LABETALOL ,1150.0,19.0,254.0,254.0,0.0
FFSU,SC,76385011150,76385,111,50,2024,4,False,CARVEDILOL,694.0,20.0,137.06,137.06,0.0
FFSU,SC,13668021790,13668,217,90,2024,4,False,ARIPIPRAZO,1745.0,43.0,473.07,466.53,6.54
FFSU,SC,65862015999,65862,159,99,2024,3,True,ZOLPIDEM T,,,,,
FFSU,SC,72888012101,72888,121,1,2024,3,False,LABETALOL ,608.0,11.0,128.54,128.54,0.0
FFSU,SC,72888008101,72888,81,1,2024,4,True,ISOSORBIDE,,,,,
MCOU,SC,70756062925,70756,629,25,2024,4,True,PHENYLEPHR,,,,,
MCOU,SC,31722000390,31722,3,90,2024,1,False,VENLAFAXIN,19775.0,466.0,3870.41,3870.41,0.0
MCOU,SC,43598094330,43598,943,30,2024,1,True,VENLAFAXIN,,,,,
FFSU,SC,16571011124,16571,111,24,2024,3,True,CHLORHEXID,,,,,
MCOU,SC,59651023301,59651,233,1,2024,1,False,CLONIDINE ,1359.0,35.0,213.94,213.94,0.0
MCOU,SC,65162087903,65162,879,3,2024,2,True,LURASIDONE,,,,,
MCOU,SC,55513047801,55513,478,1,2024,2,False,EPOGEN    ,8.07,67.0,29239.53,1887.34,27352.19
FFSU,SC,93312301,93,3123,1,2024,2,True,DICLOXACIL,,,,,
MCOU,SC,409272130,409,2721,30,2024,3,False,HEPARIN SO,90.0,28.0,1763.44,248.4,1515.04
MCOU,SC,6008154,6,81,54,2024,2,True,JANUMET XR,,,,,
FFSU,SC,66993045630,66993,456,30,2024,3,False,DAPAGLIFLO,451.0,25.0,5506.63,5506.63,0.0
FFSU,SC,904731460,904,7314,60,2024,3,True,ACETAMINOP,,,,,
MCOU,SC,781808926,781,8089,26,2024,2,False,AZITHROMYC,1284.0,213.0,818.93,818.93,0.0
FFSU,SC,49702024015,49702,240,15,2024,3,True,CABENUVA  ,,,,,
FFSU,SC,13668022190,13668,221,90,2024,2,False,ARIPIPRAZO,388.0,13.0,176.96,176.96,0.0
MCOU,SC,338008601,338,86,1,2024,1,True,DOXORUBICI,,,,,
MCOU,SC,27241000506,27241,5,6,2024,4,False,RISPERIDON,960.0,23.0,67.91,67.91,0.0
MCOU,SC,68001031600,68001,316,0,2024,2,True,LOVASTATIN,,,,,
MCOU,SC,68180032009,68180,320,9,2024,2,False,BUPROPION ,3828.0,129.0,479.52,479.52,0.0
FFSU,SC,11527075534,11527,755,34,2024,2,True,SODIUM FLU,,,,,
MCOU,SC,59651002655,59651,26,55,2024,4,False,AMOXICILLI,11550.0,68.0,5210.42,5210.42,0.0
MCOU,SC,16714003901,16714,39,1,2024,2,True,COLCHICINE,,,,,
FFSU,SC,70000032901,70000,329,1,2024,4,True,WART REMOV,,,,,
MCOU,SC,65862066430,65862,664,30,2024,2,False,ARIPIPRAZO,411.0,15.0,165.63,165.63,0.0
FFSU,SC,54981725,54,9817,25,2024,2,True,PREDNISONE,,,,,
MCOU,SC,51862094205,51862,942,5,2024,1,True,DIAZEPAM  ,,,,,
MCOU,SC,378427577,378,4275,77,2024,2,False,VALACYCLOV,4747.0,149.0,1638.62,1638.62,0.0
MCOU,SC,16729015001,16729,150,1,2024,3,True,QUETIAPINE,,,,,
FFSU,SC,45043000102,45043,1,2,2024,3,True,CHOLBAM   ,,,,,
MCOU,TN,70436014780,70436,147,80,2024,4,False,DICYCLOMIN,62.0,31.0,62.21,62.21,0.0
FFSU,TN,178090001,178,900,1,2024,3,True,THIOLA TAB,,,,,
FFSU,SD,13107006801,13107,68,1,2024,3,True,DEXTROAMPH,,,,,
FFSU,TN,72187010203,72187,102,3,2024,4,True,ORSERDU 34,,,,,
FFSU,TN,62332002891,62332,28,91,2024,3,False,LOSARTAN T,21432.0,290.0,3403.86,3000.44,403.42
FFSU,TN,71104097901,71104,979,1,2024,4,True,ALTUVIIIO ,,,,,
MCOU,TN,955101010,955,1010,10,2024,3,True,ENOXAPARIN,,,,,
FFSU,TN,378427577,378,4275,77,2024,3,False,VALACYCLOV,22615.0,744.0,11333.94,10440.86,893.08
FFSU,TN,13668000710,13668,7,10,2024,4,True,ZOLPIDEM 5,,,,,
FFSU,SD,62559099130,62559,991,30,2024,1,True,FLUCONAZOL,,,,,
FFSU,SD,69584009310,69584,93,10,2024,3,False,BUSPIRONE ,1326.0,20.0,268.85,252.85,16.0
FFSU,SD,93081005,93,810,5,2024,1,True,NORTRIPTYL,,,,,
FFSU,SD,10702010101,10702,101,1,2024,1,False,METHYLPHEN,11221.0,244.0,4154.05,4033.46,120.59
FFSU,SD,54318544,54,3185,44,2024,3,True,DIAZEPAM 5,,,,,
FFSU,SD,16714064502,16714,645,2,2024,3,True,PIOGLITAZ ,,,,,
FFSU,TN,46122072425,46122,724,25,2024,3,True,NICOTINE P,,,,,
FFSU,SC,69238183707,69238,1837,7,2024,1,True,LEVOTHYROX,,,,,
FFSU,SC,70710135203,70710,1352,3,2024,1,True,VENLAFAXIN,,,,,
FFSU,TN,31722001810,31722,18,10,2024,4,False,FAMOTIDINE,41145.0,768.0,7831.7,6959.08,872.62
MCOU,TN,60687049211,60687,492,11,2024,4,False,BUPRENORPH,37.0,30.0,0.0,0.0,0.0
MCOU,TN,44567070810,44567,708,10,2024,4,False,CEFAZOLIN ,40.8,112.0,436.8,436.8,0.0
MCOU,SC,72205001790,72205,17,90,2024,1,False,PREGABALIN,1590.0,27.0,504.97,504.97,0.0
FFSU,TN,228212810,228,2128,10,2024,3,False,CLONIDINE ,16378.045,368.0,4476.91,4340.41,136.5
FFSU,SD,904567761,904,5677,61,2024,3,True,PAROXETINE,,,,,
FFSU,SD,75826012530,75826,125,30,2024,2,True,DEXTROAMPH,,,,,
FFSU,SD,69315029110,69315,291,10,2024,4,False,ALLOPURINO,1158.0,30.0,348.97,348.97,0.0
FFSU,TN,45963030309,45963,303,9,2024,3,True,DEXTROAMPH,,,,,
FFSU,TN,65862020399,65862,203,99,2024,3,False,LOSARTAN P,113583.6,1915.0,24756.54,22060.19,2696.35
FFSU,TN,61442011705,61442,117,5,2024,3,False,GLIMEPIRID,5955.0,55.0,270.5,192.14,78.36
FFSU,SD,24552131,24,5521,31,2024,2,True,AMBIEN CR ,,,,,
FFSU,TN,93010901,93,109,1,2024,3,True,CARBAMAZEP,,,,,
FFSU,TN,16714017602,16714,176,2,2024,3,False,ATORVAST C,9675.0,244.0,3568.59,3264.15,304.44
FFSU,SD,78035834,78,358,34,2024,3,True,DIOVAN  (V,,,,,
FFSU,SD,59651027199,59651,271,99,2024,2,True,PRAZOSIN H,,,,,
FFSU,SD,70954056520,70954,565,20,2024,4,False,ESTRADIOL ,1133.0,34.0,341.43,337.63,3.8
FFSU,SD,72603018901,72603,189,1,2024,3,False,DEXAMETHAS,129.0,17.0,219.13,219.13,0.0
FFSU,TN,62332010130,62332,101,30,2024,4,False,ARIPIPRAZO,5108.5,187.0,2748.22,2544.22,204.0
FFSU,SD,59417011801,59417,118,1,2024,4,False,VYVANSE CH,510.0,16.0,6493.75,6493.75,0.0
FFSU,TN,68382052960,68382,529,60,2024,3,False,CHOLESTYRA,5189.25,19.0,712.61,697.61,15.0
FFSU,SD,76045012101,76045,121,1,2024,4,True,DILAUDID L,,,,,
FFSU,SD,10702001110,10702,11,10,2024,3,False,HYDROXIZIN,2423.0,54.0,664.63,660.48,4.15
FFSU,TN,50458056401,50458,564,1,2024,3,False,INVEGA SUS,1990.5,1327.0,4458616.57,4433124.22,25492.35
FFSU,SD,69238183407,69238,1834,7,2024,2,False,LEVOTHYROX,2610.0,66.0,837.29,794.29,43.0
FFSU,SD,703450201,703,4502,1,2024,2,True,METOCLOPRA,,,,,
FFSU,SD,64380021201,64380,212,1,2024,3,False,METHIMAZOL,695.0,15.0,210.76,210.76,0.0
FFSU,TN,93313482,93,3134,82,2024,3,False,CAMRESE (T,1001.0,11.0,264.75,264.75,0.0
FFSU,SD,68084034701,68084,347,1,2024,1,True,LOSARTAN P,,,,,
MCOU,TN,70069017201,70069,172,1,2024,4,False,CYANOCOBAL,119.0,119.0,107.87,107.87,0.0
FFSU,SD,168001516,168,15,16,2024,4,True,HYDROCORTI,,,,,
FFSU,TN,16714062401,16714,624,1,2024,3,True,LAMOTRIG E,,,,,
FFSU,SD,51672400101,51672,4001,1,2024,2,False,NORTRIPTYL,660.0,14.0,184.92,172.92,12.0
FFSU,SD,62332073031,62332,730,31,2024,4,True,METHOTREXA,,,,,
FFSU,SD,51672128103,51672,1281,3,2024,2,True,DESONIDE O,,,,,
MCOU,TN,63323050830,63323,508,30,2024,4,False,MEROPENEM ,4315.1,18.0,113.12,113.12,0.0
FFSU,TN,24117190,24,1171,90,2024,4,True,PLAVIX 75M,,,,,
FFSU,SD,68462012705,68462,127,5,2024,2,False,GABAPENTIN,4080.0,40.0,865.28,843.28,22.0
MCOU,TN,63323040310,63323,403,10,2024,3,True,FOSPHENYTO,,,,,
FFSU,TN,68382025501,68382,255,1,2024,4,False,OXYBUTYNIN,5437.0,188.0,2276.15,2045.35,230.8
FFSU,TN,69367030201,69367,302,1,2024,3,False,CELECOXIB ,1078.0,26.0,410.58,374.58,36.0
MCOU,SC,69452025287,69452,252,87,2024,1,True,ATOVAQUONE,,,,,
FFSU,TN,16571012848,16571,128,48,2024,3,False,CHLORHEXID,210557.0,431.0,4907.24,4574.62,332.62
FFSU,TN,16714089502,16714,895,2,2024,4,False,GLIPIZIDE ,630.0,13.0,174.77,155.27,19.5
FFSU,SD,904695161,904,6951,61,2024,2,True,LEVOTHYROX,,,,,
FFSU,TN,536100901,536,1009,1,2024,3,False,FERROUS SU,80755.0,1065.0,9090.0,8176.5,913.5
FFSU,SD,55150019720,55150,197,20,2024,2,True,ROPIVACAIN,,,,,
FFSU,TN,54001025,54,10,25,2024,3,True,FLECAINIDE,,,,,
FFSU,TN,904663961,904,6639,61,2024,4,True,QUETIAPINE,,,,,
FFSU,SD,16729045515,16729,455,15,2024,1,False,LEVOTHYROX,1910.0,52.0,332.91,290.91,42.0
FFSU,SD,70756061030,70756,610,30,2024,3,True,OFLOXACIN ,,,,,
FFSU,TN,13668022030,13668,220,30,2024,3,False,ARIPIPRAZO,4476.0,154.0,2451.78,2309.28,142.5
FFSU,SC,69452027130,69452,271,30,2024,1,True,LOPERAMIDE,,,,,
FFSU,SD,409351511,409,3515,11,2024,2,True,VANCOMYCIN,,,,,
FFSU,TN,43485010260,43485,102,60,2024,4,True,SPRITAM 50,,,,,
FFSU,SD,68462089001,68462,890,1,2024,4,True,PROCHLORP ,,,,,
FFSU,SD,378181377,378,1813,77,2024,3,True,LEVOTHYROX,,,,,
FFSU,SD,24658031205,24658,312,5,2024,2,True,DOXYCYCLIN,,,,,
FFSU,SD,62332011990,62332,119,90,2024,1,True,PREGABALIN,,,,,
FFSU,TN,51672134004,51672,1340,4,2024,4,True,BETAMETHAS,,,,,
FFSU,TN,70710177700,70710,1777,0,2024,3,True,ATORVASTAT,,,,,
FFSU,SD,42806060022,42806,600,22,2024,2,False,OXCARBAZEP,4500.0,15.0,1332.35,1332.35,0.0
FFSU,SD,31722070010,31722,700,10,2024,2,False,LOSARTAN 2,2989.0,95.0,2395.05,2333.55,61.5
FFSU,TN,33342008741,33342,87,41,2024,4,False,RIZATRIPTA,1144.0,113.0,1511.44,1455.0,56.44
FFSU,SD,93314701,93,3147,1,2024,4,False,CEPHALEXIN,2409.0,106.0,28206.14,28206.14,0.0
MCOU,TN,60687039011,60687,390,11,2024,4,False,METOPROLOL,32.0,30.0,0.0,0.0,0.0
FFSU,TN,27241025638,27241,256,38,2024,3,True,PANTOPRAZO,,,,,
MCOU,TN,71288041183,71288,411,83,2024,3,True,ENOXAPARIN,,,,,
FFSU,SD,76385013301,76385,133,1,2024,1,True,NADOLOL 20,,,,,
FFSU,TN,33342002507,33342,25,7,2024,3,False,FAMCICLOVI,761.0,14.0,317.66,299.66,18.0
FFSU,TN,45802070001,45802,700,1,2024,4,False,TACROLIMUS,780.0,13.0,909.63,899.13,10.5
FFSU,SD,378932032,378,9320,32,2024,2,False,WIXELA 100,1440.0,24.0,10727.0,10723.0,4.0
FFSU,SD,59310081206,59310,812,6,2024,1,True,AIRDUO 113,,,,,
MCOU,TN,378699393,378,6993,93,2024,4,True,LEVALBUTER,,,,,
FFSU,SD,71921024001,71921,240,1,2024,4,True,ALLOPURINO,,,,,
FFSU,SD,13668017905,13668,179,5,2024,3,True,ROSUVASTAT,,,,,
FFSU,TN,59762135401,59762,1354,1,2024,3,True,PREGABALIN,,,,,
FFSU,TN,59762444002,59762,4440,2,2024,3,False,METHYLPRED,2289.0,109.0,1263.94,1132.11,131.83
MCOU,TN,409020120,409,201,20,2024,3,True,DOCETAXEL ,,,,,
FFSU,TN,93414556,93,4145,56,2024,4,True,LEVAL HCL ,,,,,
FFSU,SD,121090340,121,903,40,2024,2,True,LIDOCAINE ,,,,,
FFSU,TN,65162005010,65162,50,10,2024,4,True,OXYCODONE ,,,,,
FFSU,SD,68968555503,68968,5555,3,2024,1,True,DAYTRANA 3,,,,,
MCOU,TN,44567014601,44567,146,1,2024,3,True,MEROPENEM ,,,,,
FFSU,TN,555021110,555,211,10,2024,3,True,NORETHINDR,,,,,
MCOU,TN,47781001101,47781,11,1,2024,4,True,HYOSCYAMIN,,,,,
MCOU,TN,781604158,781,6041,58,2024,4,False,AMOXICILLI,114.0,39.0,0.0,0.0,0.0
FFSU,SD,904718761,904,7187,61,2024,1,True,ATENOLOL 2,,,,,
FFSU,SD,68382009906,68382,99,6,2024,2,True,PAROXETINE,,,,,
FFSU,SD,68180024220,68180,242,20,2024,4,True,LEVOFLOXAC,,,,,
MCOU,TN,63323048917,63323,489,17,2024,3,False,XYLOCAINE ,22.0,22.0,0.08,0.08,0.0
FFSU,TN,51293082001,51293,820,1,2024,3,True,METHIMAZOL,,,,,
FFSU,TN,378969052,378,9690,52,2024,3,True,LEVALBUTER,,,,,
FFSU,TN,67877074554,67877,745,54,2024,3,True,VARENICLIN,,,,,
MCOU,TN,50268013111,50268,131,11,2024,3,True,BUMETANIDE,,,,,
MCOU,TN,93227234,93,2272,34,2024,4,True,AMOXICILLI,,,,,
FFSU,TN,68382013510,68382,135,10,2024,4,False,LOSARTAN P,375.0,11.0,139.02,122.52,16.5
MCOU,TN,50742044860,50742,448,60,2024,4,True,CARBOPLATI,,,,,
FFSU,TN,49502060561,49502,605,61,2024,4,True,PERFOROMIS,,,,,
FFSU,SD,70710177700,70710,1777,0,2024,3,True,ATORVASTAT,,,,,
FFSU,SD,65079515,65,795,15,2024,1,False,BSS       ,27.0,26.0,1112.34,1112.34,0.0
FFSU,TN,29300014810,29300,148,10,2024,3,False,QUETIAPINE,7269.5,209.0,2282.79,2095.29,187.5
FFSU,TN,591240530,591,2405,30,2024,3,True,AMBRISENTA,,,,,
FFSU,SD,65862070701,65862,707,1,2024,2,False,AMOXICILLI,25585.03,132.0,56198.57,56198.57,0.0
FFSU,TN,59651039401,59651,394,1,2024,3,True,BACLOFEN T,,,,,
FFSU,TN,27241015860,27241,158,60,2024,4,False,VALGANCICL,804.0,14.0,1670.42,1650.92,19.5
MCOU,TN,13533080040,13533,800,40,2024,3,False,GAMUNEX-C ,13200.0,25.0,144844.08,144844.08,0.0
FFSU,SD,68462088194,68462,881,94,2024,2,True,TACROLIMUS,,,,,
FFSU,TN,54004641,54,46,41,2024,3,False,IPRATROPIU,2044.0,120.0,3565.25,3443.14,122.11
FFSU,SD,597016430,597,164,30,2024,2,True,GLYXAMBI 2,,,,,
FFSU,SD,69367030951,69367,309,51,2024,4,False,SODIUM FLU,6171.0,120.0,3103.33,3103.33,0.0
FFSU,SD,68180046403,68180,464,3,2024,2,False,SIMVASTATI,2310.0,65.0,788.59,745.59,43.0
FFSU,SD,53746051401,53746,514,1,2024,1,False,SPIRONOLAC,3688.0,78.0,2498.21,2447.21,51.0
FFSU,TN,904629261,904,6292,61,2024,3,True,ATORVASTAT,,,,,
FFSU,SD,76282073110,76282,731,10,2024,2,False,LISINOPRIL,2728.0,73.0,51777.99,51776.99,1.0
FFSU,SD,68382072001,68382,720,1,2024,2,True,BUDESONIDE,,,,,
FFSU,TN,43547033906,43547,339,6,2024,3,False,RISPERIDON,14084.0,236.0,2854.51,2797.38,57.13
FFSU,SD,67877065501,67877,655,1,2024,3,True,DEXMETHYLP,,,,,
FFSU,TN,55111056330,55111,563,30,2024,4,False,ATOMOXETIN,6244.0,211.0,5678.85,5452.92,225.93
FFSU,TN,69367033360,69367,333,60,2024,3,True,LEVETIRACE,,,,,
FFSU,TN,67877027430,67877,274,30,2024,3,True,LANSOPRAZO,,,,,
FFSU,SD,264778000,264,7780,0,2024,4,True,RINGER'S I,,,,,
FFSU,SD,378180577,378,1805,77,2024,4,True,LEVOTHYROX,,,,,
FFSU,SD,72305011230,72305,112,30,2024,4,True,EUTHYROX T,,,,,
FFSU,SD,16714029301,16714,293,1,2024,1,True,AMOXICILLI,,,,,
FFSU,SD,65162019011,65162,190,11,2024,4,False,NAPROXEN 5,3551.0,89.0,7991.52,7990.32,1.2
FFSU,SD,42192061701,42192,617,1,2024,2,False,BENZONATAT,1025.0,47.0,33793.0,33793.0,0.0
FFSU,TN,62559084101,62559,841,1,2024,3,True,MECLIZINE ,,,,,
FFSU,SD,378647097,378,6470,97,2024,4,True,SCOPOLAMIN,,,,,
FFSU,SD,70000047301,70000,473,1,2024,1,False,LDR CHD A/,6925.0,52.0,820.91,820.91,0.0
FFSU,TN,27808022501,27808,225,1,2024,4,False,PALIPERIDO,1842.0,66.0,4264.77,4179.27,85.5
FFSU,SD,21922001604,21922,16,4,2024,4,False,CLOBETASOL,390.0,12.0,195.44,195.44,0.0
MCOU,TN,641611610,641,6116,10,2024,3,True,AMPICILLIN,,,,,
FFSU,TN,52536060011,52536,600,11,2024,3,False,BACLOFEN O,19047.5,111.0,85287.64,83705.75,1581.89
FFSU,SD,9028003,9,280,3,2024,1,False,DEPO-MEDRO,66.0,21.0,272.2,272.2,0.0
MCOU,SC,70000042501,70000,425,1,2024,1,True,HEMORRHOID,,,,,
FFSU,TN,70010013601,70010,136,1,2024,3,False,POTASSIUM ,11251.0,206.0,3089.49,2871.99,217.5
FFSU,TN,713031853,713,318,53,2024,3,False,CALCIPOTRI,720.0,12.0,548.22,530.22,18.0
FFSU,SD,68180018102,68180,181,2,2024,4,True,CEFADROXIL,,,,,
MCOU,TN,143978710,143,9787,10,2024,3,True,ENALAPRILA,,,,,
FFSU,SD,480871510,480,8715,10,2024,2,True,LEVOTHYROX,,,,,
FFSU,SD,68001047300,68001,473,0,2024,4,True,DIVALPROEX,,,,,
FFSU,SD,72205000590,72205,5,90,2024,2,True,ROSUVASTAT,,,,,
FFSU,TN,51672406301,51672,4063,1,2024,4,True,FLUOROURAC,,,,,
FFSU,TN,23320505,23,3205,5,2024,3,False,LUMIGAN 0.,170.5,35.0,16786.88,16711.88,75.0
FFSU,SD,60505016601,60505,166,1,2024,3,True,FLUVOXAMIN,,,,,
FFSU,SD,53489015610,53489,156,10,2024,3,True,ALLOPURINO,,,,,
MCOU,TN,69097017348,69097,173,48,2024,3,False,IPRATROPIU,69.0,19.0,4.55,4.55,0.0
FFSU,SD,51079075301,51079,753,1,2024,3,True,SUCRALFATE,,,,,
FFSU,SC,75826010700,75826,107,0,2024,1,False,DIPHENOXYL,1056.0,12.0,187.98,187.98,0.0
FFSU,SD,74101756,74,1017,56,2024,1,True,ORIAHNN CA,,,,,
FFSU,SD,59385002360,59385,23,60,2024,1,True,BELBUCA 30,,,,,
FFSU,SD,47781056801,47781,568,1,2024,3,False,LISDEXAMFE,2605.0,88.0,13505.92,13185.64,320.28
FFSU,SD,31722002501,31722,25,1,2024,3,False,OXCARBAZEP,2520.0,33.0,1252.28,1166.48,85.8
MCOU,TN,25021031501,25021,315,1,2024,3,True,PHENYLEPHR,,,,,
FFSU,TN,43598035130,43598,351,30,2024,3,False,LURASIDONE,4000.0,136.0,1930.69,1789.22,141.47
FFSU,SD,121050416,121,504,16,2024,2,True,ACETAMINOP,,,,,
MCOU,TN,60687049211,60687,492,11,2024,3,False,BUPRENORPH,28.0,20.0,0.0,0.0,0.0
FFSU,TN,59651071901,59651,719,1,2024,4,False,DICYCLOMIN,66319.0,972.0,12549.2,11593.31,955.89
FFSU,TN,43547042511,43547,425,11,2024,4,False,LOSARTAN P,1230.0,31.0,415.35,368.85,46.5
FFSU,SD,65862052799,65862,527,99,2024,1,False,VENLAFAXIN,681.0,22.0,2413.98,2400.98,13.0
FFSU,SD,68180096903,68180,969,3,2024,3,False,LEVOTHYROX,1275.0,38.0,450.73,449.73,1.0
FFSU,SD,62332013230,62332,132,30,2024,1,True,OLMESARTAN,,,,,
FFSU,SD,169643810,169,6438,10,2024,1,True,LEVEMIR FL,,,,,
FFSU,SD,8400101,8,4001,1,2024,2,True,PROTONIX I,,,,,
FFSU,TN,93412774,93,4127,74,2024,4,False,PENICILLIN,40000.0,198.0,3403.42,3395.92,7.5
FFSU,SD,50458058010,50458,580,10,2024,2,True,XARELTO 10,,,,,
FFSU,TN,173088714,173,887,14,2024,4,False,TRELEGY EL,588.0,21.0,6372.64,6357.64,15.0
MCOU,TN,93524519,93,5245,19,2024,3,False,OLANZAPINE,39.0,16.0,19.84,19.84,0.0
FFSU,SD,406114401,406,1144,1,2024,4,False,METHYLPHEN,2622.0,63.0,8127.45,8124.21,3.24
FFSU,TN,62856041030,62856,410,30,2024,4,True,DAYVIGO   ,,,,,
MCOU,TN,63323080611,63323,806,11,2024,4,False,FENTANYL C,814.0,323.0,8.88,8.88,0.0
MCOU,TN,143970101,143,9701,1,2024,4,True,IRINOTECAN,,,,,
FFSU,SD,62135043230,62135,432,30,2024,4,True,DISULFIRAM,,,,,
MCOU,TN,338032201,338,322,1,2024,4,True,RECOTHROM ,,,,,
FFSU,SD,13668034030,13668,340,30,2024,3,True,LAMOTRIGIN,,,,,
MCOU,TN,60687022411,60687,224,11,2024,4,True,GEMFIBROZI,,,,,
FFSU,SD,63481068706,63481,687,6,2024,1,True,LIDODERM (,,,,,
FFSU,TN,55111022905,55111,229,5,2024,3,True,PRAVASTATI,,,,,
FFSU,SD,69584084110,69584,841,10,2024,1,True,SOTALOL HC,,,,,
FFSU,SD,409379501,409,3795,1,2024,2,False,KETOROLAC ,55.5,50.0,1611.75,1611.75,0.0
FFSU,SD,43547033750,43547,337,50,2024,2,True,BENAZEPRIL,,,,,
MCOU,TX,76204001011,76204,10,11,2024,4,False,ALBUTEROL ,119.0,24.0,0.95,0.95,0.0
FFSU,TX,409116301,409,1163,1,2024,3,True,BUPIVACAIN,,,,,
FFSU,TN,68382018501,68382,185,1,2024,2,False,GLIPIZIDE ,2340.0,28.0,820.02,778.02,42.0
MCOU,TX,32120601,32,1206,1,2024,3,False,CREON DR 6,14204.0,60.0,28084.14,25529.35,2554.79
MCOU,TX,59676031001,59676,310,1,2024,3,False,PROCRIT 10,49.0,13.0,11266.25,7181.49,4084.76
MCOU,TX,6542505,6,5425,5,2024,3,False,BRIDION 50,12.0,12.0,2058.45,2058.45,0.0
MCOU,TX,13811070310,13811,703,10,2024,3,True,HYDROMORPH,,,,,
FFSU,TX,487980160,487,9801,60,2024,3,True,IPRATROPIU,,,,,
MCOU,TX,45802075830,45802,758,30,2024,4,False,PROMETHAZI,592.0,31.0,2257.28,2144.48,112.8
FFSU,TX,143988750,143,9887,50,2024,4,False,AMOXICILLI,5850.0,59.0,731.88,731.88,0.0
MCOU,TN,409196601,409,1966,1,2024,1,True,SODIUM CL ,,,,,
FFSU,TN,65862084605,65862,846,5,2024,1,False,CLOZAPINE ,41051.0,539.0,24542.8,23851.44,691.36
FFSU,TN,69315090510,69315,905,10,2024,1,False,LORAZEPRAM,3137.0,46.0,686.34,665.34,21.0
MCOU,TN,63323018610,63323,186,10,2024,2,False,SODIUM CHL,920.0,33.0,0.0,0.0,0.0
FFSU,TN,68546047056,68546,470,56,2024,2,False,AUSTEDO XR,450.0,15.0,35192.75,35147.75,45.0
MCOU,TX,43598083305,43598,833,5,2024,3,False,ATORVASTAT,26112.0,513.0,4665.8,4658.88,6.92
MCOU,TN,72694095401,72694,954,1,2024,3,True,ONCASPAR (,,,,,
MCOU,TN,74798302,74,7983,2,2024,2,False,SODIUM CHL,4250.0,14.0,0.0,0.0,0.0
MCOU,TX,55111015330,55111,153,30,2024,4,False,ONDANSETRO,234048.0,10647.0,43260.81,41921.58,1339.23
MCOU,TX,67877025115,67877,251,15,2024,4,False,TRIAMCINOL,47480.0,1975.0,10421.15,10367.7,53.45
FFSU,TX,60432053760,60432,537,60,2024,4,True,NYSTATIN 1,,,,,
FFSU,TN,121057616,121,576,16,2024,2,False,METOCLOPRA,27553.6,70.0,1411.99,1371.89,40.1
FFSU,TX,409189301,409,1893,1,2024,3,True,MORPHINE 1,,,,,
FFSU,TN,68180035106,68180,351,6,2024,2,False,SERTRALINE,1065.0,34.0,427.43,410.93,16.5
FFSU,TN,64980058103,64980,581,3,2024,1,False,VENLAFAXIN,660.0,22.0,810.08,786.08,24.0
FFSU,TN,59762011901,59762,119,1,2024,2,True,PHENELZINE,,,,,
MCOU,TX,43598061930,43598,619,30,2024,3,False,SAXAGLIPTI,780.0,18.0,7255.13,7255.13,0.0
FFSU,TX,63323010161,63323,101,61,2024,3,False,DOXORUBICI,875.0,16.0,435.1,435.1,0.0
MCOU,TX,59651005290,59651,52,90,2024,3,False,EZETIMIBE ,32524.0,768.0,5689.8,5607.89,81.91
FFSU,TN,603116158,603,1161,58,2024,1,False,DICYCLOMIN,18258.0,76.0,3831.67,3780.65,51.02
MCOU,TX,245003623,245,36,23,2024,3,False,PREVALITE ,4620.0,16.0,781.26,578.53,202.73
MCOU,TX,16714075701,16714,757,1,2024,3,False,ATOMOXETIN,31768.0,886.0,35427.71,33381.82,2045.89
MCOU,TN,63323048917,63323,489,17,2024,2,True,XYLOCAINE ,,,,,
FFSU,TN,51672417201,51672,4172,1,2024,1,True,FELBAMATE ,,,,,
MCOU,TN,60793060110,60793,601,10,2024,2,True,BICILLIN C,,,,,
MCOU,TN,536110888,536,1108,88,2024,1,True,NICOTINE T,,,,,
MCOU,TX,68001047545,68001,475,45,2024,4,False,ANTIFUNGAL,667.0,42.0,193.4,193.4,0.0
FFSU,TN,45802020326,45802,203,26,2024,2,False,CHILDREN'S,82718.0,479.0,4288.85,4288.85,0.0
MCOU,TX,65862064169,65862,641,69,2024,3,False,AZITHROMYC,25198.0,4183.0,20580.64,20455.0,125.64
MCOU,TN,62332025050,62332,250,50,2024,2,True,DOXYCYCLIN,,,,,
FFSU,TN,68382009505,68382,95,5,2024,2,False,CARVEDILOL,76475.0,802.0,8991.98,7942.26,1049.72
MCOU,TX,49502050002,49502,500,2,2024,3,False,EPIPEN 2-P,338.0,81.0,47986.3,47986.3,0.0
FFSU,TN,62756043088,62756,430,88,2024,1,False,LITHIUM CA,3879.0,53.0,1018.5,964.5,54.0
MCOU,TN,16714069803,16714,698,3,2024,1,True,VALACYCLOV,,,,,
FFSU,TN,93553756,93,5537,56,2024,1,False,ESZOPICLON,652.0,51.0,558.79,485.29,73.5
MCOU,TX,264775000,264,7750,0,2024,3,False,LACTATED R,1606000.0,1033.0,10275.09,10275.09,0.0
MCOU,TX,406833001,406,8330,1,2024,4,False,MORPHINE S,12191.0,198.0,5372.02,5254.55,117.47
FFSU,TX,73336007530,73336,75,30,2024,4,True,GEMTESA 75,,,,,
FFSU,TN,456045701,456,457,1,2024,2,False,ARMOUR THY,1920.0,62.0,1894.99,1697.91,197.08
MCOU,TX,16729014801,16729,148,1,2024,3,False,QUETIAPINE,705.0,11.0,102.25,102.25,0.0
FFSU,TN,50228043301,50228,433,1,2024,1,False,NAPROXEN 5,742.0,21.0,358.29,331.97,26.32
FFSU,TN,50228045390,50228,453,90,2024,2,True,ATORVASTAT,,,,,
FFSU,TN,50228011505,50228,115,5,2024,1,False,FLUOXETINE,16809.0,409.0,5894.24,5401.59,492.65
FFSU,TX,68382009805,68382,98,5,2024,4,True,PAROXETINE,,,,,
FFSU,TX,781927495,781,9274,95,2024,4,True,ACETAMINOP,,,,,
FFSU,TN,62135098505,62135,985,5,2024,1,False,DOXYCYCLIN,418.0,16.0,246.31,229.81,16.5
MCOU,TX,60505623706,60505,6237,6,2024,3,False,DEFEROXAMI,32.0,11.0,621.55,621.55,0.0
MCOU,TX,70710137702,70710,1377,2,2024,4,True,SUCCINYLCH,,,,,
MCOU,TX,68001039900,68001,399,0,2024,3,False,FLUOXETINE,7206.0,204.0,848.24,844.39,3.85
MCOU,TN,76204060030,76204,600,30,2024,3,False,IPRATROPIU,152.0,48.0,26.12,26.12,0.0
MCOU,TX,16714035602,16714,356,2,2024,3,True,LEVETIRACE,,,,,
MCOU,TX,50419045204,50419,452,4,2024,4,True,CLIMARA 0.,,,,,
FFSU,TN,21922001607,21922,16,7,2024,1,False,CLOBETASOL,17190.0,287.0,5415.27,5098.77,316.5
FFSU,TX,641608001,641,6080,1,2024,3,False,ONDANSETRO,189.0,80.0,239.62,239.62,0.0
MCOU,TN,51079014120,51079,141,20,2024,1,False,CHLORDIAZE,19.0,11.0,0.0,0.0,0.0
MCOU,TX,143988650,143,9886,50,2024,3,False,AMOXICILLI,13050.0,141.0,823.95,823.95,0.0
MCOU,TX,43547055803,43547,558,3,2024,4,True,ROPINIROLE,,,,,
FFSU,TN,70677100703,70677,1007,3,2024,1,True,F&T ALL DA,,,,,
FFSU,TN,480716710,480,7167,10,2024,1,True,AMLODIPINE,,,,,
FFSU,TX,16714017502,16714,175,2,2024,3,True,ATORVASTAT,,,,,
MCOU,TN,76204070011,76204,700,11,2024,3,True,LEVALBUTER,,,,,
FFSU,TN,13668021705,13668,217,5,2024,1,False,ARIPIPRAZO,644.5,24.0,296.83,289.33,7.5
FFSU,TX,59651002675,59651,26,75,2024,4,True,AMOX-CLAV ,,,,,
FFSU,TN,59572041521,59572,415,21,2024,2,True,REVLIMID (,,,,,
FFSU,TN,65862019801,65862,198,1,2024,2,True,GABAPENTIN,,,,,
FFSU,TN,33342009372,33342,93,72,2024,1,True,RIZATRIPTA,,,,,
MCOU,TX,143962201,143,9622,1,2024,4,False,LABETALOL ,164.0,14.0,109.03,109.03,0.0
FFSU,TX,63323016121,63323,161,21,2024,4,True,KETOROLAC ,,,,,
FFSU,TX,68382056701,68382,567,1,2024,3,True,METOPROLOL,,,,,
FFSU,TN,43547042150,43547,421,50,2024,1,False,LISINOPRIL,11327.0,237.0,2991.17,2647.67,343.5
FFSU,TN,42806026797,42806,267,97,2024,1,False,CHOLESTYRA,35919.0,96.0,3361.92,3232.92,129.0
MCOU,TX,55513088002,55513,880,2,2024,4,True,EVENITY 21,,,,,
MCOU,TN,407294317,407,2943,17,2024,2,True,CLARISCAN ,,,,,
FFSU,TX,67877021520,67877,215,20,2024,4,True,CEFUROXIME,,,,,
MCOU,TX,27808003701,27808,37,1,2024,3,False,HYDROCODON,199163.0,2642.0,31568.57,31282.96,285.61
MCOU,TX,68462038790,68462,387,90,2024,3,False,SOLIFENACI,750.0,17.0,323.72,323.72,0.0
FFSU,TX,713028031,713,280,31,2024,4,True,BACITRACIN,,,,,
FFSU,TX,31722061490,31722,614,90,2024,3,True,PREGABALIN,,,,,
FFSU,TX,60505267109,60505,2671,9,2024,4,True,ATORVASTAT,,,,,
MCOU,TN,11994001104,11994,11,4,2024,1,False,DEFINITY V,279.0,206.0,1562.49,1562.49,0.0
MCOU,TX,93310705,93,3107,5,2024,4,True,AMOXICILLI,,,,,
MCOU,TX,23155074901,23155,749,1,2024,4,True,BENAZEPRIL,,,,,
FFSU,TN,61314014305,61314,143,5,2024,2,False,BRIMONIDIN,495.0,85.0,1133.29,1044.79,88.5
FFSU,TN,68382066105,68382,661,5,2024,2,False,SPIRONOLAC,19306.0,318.0,3015.71,2607.86,407.85
FFSU,TX,55513000304,55513,3,4,2024,3,True,ARANESP 40,,,,,
FFSU,TX,55513019001,55513,190,1,2024,3,True,NEULASTA 6,,,,,
MCOU,TX,536140417,536,1404,17,2024,3,False,ORALYTE SO,134770.0,105.0,579.66,579.66,0.0
MCOU,TX,13668010601,13668,106,1,2024,4,False,ISOSORBIDE,3827.0,85.0,1208.21,1185.39,22.82
FFSU,TN,832532310,832,5323,10,2024,1,False,POTASSIUM ,21315.0,483.0,7094.11,6440.03,654.08
MCOU,TX,68462057901,68462,579,1,2024,4,True,BENAZEPRIL,,,,,
MCOU,TX,487590199,487,5901,99,2024,4,True,S2 RACEPIN,,,,,
MCOU,TX,43547038203,43547,382,3,2024,3,True,DONEPEZIL ,,,,,
FFSU,TX,703424401,703,4244,1,2024,3,True,CARBOPLATI,,,,,
FFSU,TX,60793070010,60793,700,10,2024,4,True,BICILLIN L,,,,,
MCOU,TX,42858032501,42858,325,1,2024,4,True,DEXTROAMP-,,,,,
FFSU,TN,69238201603,69238,2016,3,2024,1,False,IPRATROPIU,510.0,17.0,529.45,515.95,13.5
FFSU,TN,61874007560,61874,75,60,2024,1,False,VIBERZI (E,1320.0,24.0,33801.76,33735.76,66.0
MCOU,TN,55150030701,55150,307,1,2024,2,True,ACETAMINOP,,,,,
MCOU,TX,60846080201,60846,802,1,2024,3,True,UNITHROID ,,,,,
FFSU,TX,50228014505,50228,145,5,2024,3,True,BUPROPION ,,,,,
MCOU,TX,527495132,527,4951,32,2024,3,False,LEVOTHYROX,900.0,22.0,3495.39,3495.39,0.0
MCOU,TX,64850050001,64850,500,1,2024,3,False,DEXTROAMP-,9091.0,234.0,3507.13,3501.07,6.06
MCOU,TX,47426030102,47426,301,2,2024,3,True,ZYNRELEF 4,,,,,
FFSU,TX,13533080013,13533,800,13,2024,4,True,GAMUNEX-C ,,,,,
MCOU,TX,70710119807,70710,1198,7,2024,4,True,RIVASTIGMI,,,,,
MCOU,TX,62756013101,62756,131,1,2024,4,True,ONDANSETRO,,,,,
MCOU,TX,61442014210,61442,142,10,2024,4,True,LOVASTATIN,,,,,
MCOU,TN,469650189,469,6501,89,2024,1,False,LEXISCAN .,2468.75,511.0,31648.54,31421.84,226.7
FFSU,TN,65862050220,65862,502,20,2024,1,False,AMOXICILLI,41910.0,2199.0,30874.23,29274.78,1599.45
MCOU,TX,29300012910,29300,129,10,2024,3,False,HYDROCHLOR,10558.0,206.0,963.04,958.92,4.12
FFSU,TX,781236301,781,2363,1,2024,3,True,METHYLPHEN,,,,,
FFSU,TN,59762106102,59762,1061,2,2024,1,True,DIPHENOXYL,,,,,
MCOU,TX,55111052030,55111,520,30,2024,3,False,ATOMOXETIN,7435.0,228.0,7730.34,7558.62,171.72
MCOU,TX,52652300101,52652,3001,1,2024,4,False,QBRELIS 1M,32397.8,224.0,126143.08,120710.71,5432.37
FFSU,TX,16714007002,16714,70,2,2024,3,True,FULVESTRAN,,,,,
FFSU,TN,62332020590,62332,205,90,2024,1,False,AMLODIPINE,278.0,13.0,220.98,201.48,19.5
MCOU,TX,143988980,143,9889,80,2024,3,False,AMOXICILLI,269350.0,2127.0,10778.06,10763.09,14.97
FFSU,TN,16714047802,16714,478,2,2024,1,False,AMOXICILLI,468.0,26.0,389.29,360.79,28.5
FFSU,TN,59762332801,59762,3328,1,2024,2,True,CLINDAMYCI,,,,,
MCOU,TN,60793070010,60793,700,10,2024,1,False,BICILLIN L,25.334,19.0,2625.61,2625.61,0.0
MCOU,TX,54818025,54,8180,25,2024,4,True,DEXAMETHAS,,,,,
FFSU,TX,11527075534,11527,755,34,2024,3,True,SODIUM FLU,,,,,
FFSU,TN,65162075350,65162,753,50,2024,1,True,BENAZEPRIL,,,,,
FFSU,TN,62135005747,62135,57,47,2024,1,False,CETIRIZINE,169632.5,1221.0,18179.17,18103.25,75.92
MCOU,TX,42806014448,42806,144,48,2024,3,True,DEMECLOCYC,,,,,
FFSU,TN,178090190,178,901,90,2024,1,True,THIOLA EC ,,,,,
MCOU,TX,64764075030,64764,750,30,2024,4,False,TRINTELLIX,25386.0,766.0,390099.7,376351.56,13748.14
FFSU,TX,68001040303,68001,403,3,2024,3,True,LEVETIRACE,,,,,
FFSU,TX,64380021301,64380,213,1,2024,3,True,METHIMAZOL,,,,,
FFSU,TN,527123101,527,1231,1,2024,2,False,PRIMIDONE ,2578.0,39.0,945.74,900.74,45.0
FFSU,TN,536129434,536,1294,34,2024,2,False,DICLOFENAC,3500.0,40.0,623.42,567.92,55.5
FFSU,TN,61874007560,61874,75,60,2024,2,False,VIBERZI (E,1680.0,29.0,43282.64,43201.64,81.0
FFSU,TN,70010013910,70010,139,10,2024,1,False,NAPROXEN T,2686.0,54.0,646.18,580.18,66.0
FFSU,TN,51672125801,51672,1258,1,2024,2,False,CLOBETASOL,315.0,11.0,177.85,170.35,7.5
FFSU,TN,43547028211,43547,282,11,2024,1,False,ESCITALOPR,100898.0,3007.0,39690.29,36378.93,3311.36
MCOU,TX,60505010104,60505,101,4,2024,3,True,PAROXETINE,,,,,
FFSU,TN,555015902,555,159,2,2024,2,True,CHLORDIAZE,,,,,
FFSU,TX,536140317,536,1403,17,2024,4,False,ORALYTE SO,34392.0,34.0,314.84,314.84,0.0
MCOU,TX,52817038110,52817,381,10,2024,4,False,NAPROXEN D,7246.0,240.0,17266.8,17153.86,112.94
FFSU,TN,16714033001,16714,330,1,2024,2,True,GABAPENT T,,,,,
MCOU,TX,832121700,832,1217,0,2024,3,False,JANTOVEN 6,819.0,19.0,110.13,110.13,0.0
MCOU,TX,50742040620,50742,406,20,2024,3,True,OXALIPLATI,,,,,
FFSU,TN,65862007850,65862,78,50,2024,1,False,CIPROFLOXA,774.0,38.0,542.34,507.84,34.5
MCOU,TN,2143601,2,1436,1,2024,2,True,EMGALITY  ,,,,,
MCOU,TX,68180037603,68180,376,3,2024,3,False,LOSARTAN P,4624.0,134.0,940.41,937.92,2.49
MCOU,TX,904250091,904,2500,91,2024,3,False,FIBER TABL,2266.0,32.0,211.12,211.12,0.0
MCOU,TN,55150027325,55150,273,25,2024,2,True,THIAMINE H,,,,,
FFSU,TX,378750232,378,7502,32,2024,3,True,BREYNA 80-,,,,,
FFSU,TN,16571071710,16571,717,10,2024,1,True,QUETIAPINE,,,,,
FFSU,TN,55111062930,55111,629,30,2024,2,True,ESZOPICLON,,,,,
FFSU,TN,64380015903,64380,159,3,2024,1,False,MEGESTROL ,1020.0,13.0,297.59,279.59,18.0
MCOU,TX,63323028695,63323,286,95,2024,4,False,NAROPIN 0.,117.0,14.0,117.25,117.25,0.0
FFSU,TX,143961910,143,9619,10,2024,3,False,CYANOCOBAL,15.0,15.0,2.97,2.97,0.0
FFSU,TN,54004544,54,45,44,2024,1,False,IPRATROPIU,2998.0,100.0,2892.51,2772.9,119.61
FFSU,TN,75826013910,75826,139,10,2024,2,False,PHENOBARBI,943.0,16.0,322.29,302.42,19.87
MCOU,TX,67877024760,67877,247,60,2024,3,False,QUETIAPINE,58939.0,1386.0,22444.4,22104.39,340.01
FFSU,TN,72578000701,72578,7,1,2024,2,False,METRONIDAZ,634.0,23.0,296.17,279.67,16.5
FFSU,TN,228255106,228,2551,6,2024,2,True,DICLOFENAC,,,,,
FFSU,TN,65862059501,65862,595,1,2024,1,False,DIVALPROEX,12890.0,211.0,3514.34,3199.59,314.75
MCOU,TX,93312242,93,3122,42,2024,4,True,JINTELI 1 ,,,,,
FFSU,TN,71288041087,71288,410,87,2024,2,True,ENOXAPARIN,,,,,
FFSU,TN,69584084210,69584,842,10,2024,2,True,SOTALOL HC,,,,,
MCOU,TX,25682000101,25682,1,1,2024,3,False,SOLIRIS 30,191.998,56.0,1382985.93,1382985.93,0.0
MCOU,TX,43386002602,43386,26,2,2024,3,False,FLUOCINONI,460.0,15.0,309.33,280.17,29.16
FFSU,TN,832121400,832,1214,0,2024,1,True,JANTOVEN 3,,,,,
FFSU,TX,58657032650,58657,326,50,2024,3,True,MULTIVIT-F,,,,,
MCOU,TX,65862058201,65862,582,1,2024,4,False,AMLODIPINE,570.0,13.0,95.83,95.83,0.0
MCOU,TX,59651044401,59651,444,1,2024,4,True,VALGANCICL,,,,,
MCOU,TX,338955712,338,9557,12,2024,4,True,DEXMEDETOM,,,,,
MCOU,TN,338008504,338,85,4,2024,1,False,5% DEXTROS,198547.0,109.0,0.0,0.0,0.0
FFSU,TX,143963410,143,9634,10,2024,4,True,NICARDIPIN,,,,,
FFSU,TN,67877053907,67877,539,7,2024,1,True,TEMOZOLOMI,,,,,
FFSU,TN,591564201,591,5642,1,2024,1,True,MINOXIDIL ,,,,,
FFSU,TX,13668009590,13668,95,90,2024,4,True,PRAMIPEXOL,,,,,
FFSU,TN,49502020802,49502,208,2,2024,1,True,EASIVENT/M,,,,,
MCOU,TX,16714064410,16714,644,10,2024,4,True,DOXYCYCLIN,,,,,
FFSU,TX,338004903,338,49,3,2024,3,False,SODIUM CHL,16500.0,18.0,34.29,34.29,0.0
FFSU,TN,574402450,574,4024,50,2024,2,False,ERYTHROMYC,45.0,17.0,271.74,262.74,9.0
MCOU,TX,68180044703,68180,447,3,2024,4,False,QUETIAPINE,54263.0,1328.0,7889.45,7763.26,126.19
MCOU,TX,68382025501,68382,255,1,2024,4,False,OXYBUTYNIN,23560.0,539.0,6311.9,6246.18,65.72
FFSU,TX,16714019301,16714,193,1,2024,4,True,GUANFACINE,,,,,
FFSU,TN,50102023313,50102,233,13,2024,2,False,TRI-VYLIBR,532.0,13.0,222.11,222.11,0.0
MCOU,TX,16729032217,16729,322,17,2024,4,True,OLMESARTAN,,,,,
FFSU,TN,68382077316,68382,773,16,2024,2,True,EZETIMIBE ,,,,,
FFSU,TX,67877012440,67877,124,40,2024,4,True,SILVER SUL,,,,,
MCOU,TX,185044801,185,448,1,2024,4,True,METAXALONE,,,,,
MCOU,TX,51672136403,51672,1364,3,2024,3,False,ADAPALENE-,675.0,15.0,748.93,748.93,0.0
FFSU,TX,536131625,536,1316,25,2024,4,False,ZINC OXIDE,1860.0,16.0,229.35,229.35,0.0
FFSU,TN,13668021830,13668,218,30,2024,1,False,ARIPIPRAZO,21477.0,579.0,8067.99,7537.79,530.2
FFSU,TN,43598037201,43598,372,1,2024,1,False,COLCHICINE,476.0,15.0,319.85,301.85,18.0
MCOU,UT,67457055300,67457,553,0,2024,4,True,MAG SULF /,,,,,
MCOU,UT,72305010090,72305,100,90,2024,4,True,EUTHYROX 1,,,,,
MCOU,TX,57237030516,57237,305,16,2024,2,True,DIPHENHYDR,,,,,
MCOU,UT,68180065208,68180,652,8,2024,4,False,DOXYCYCLIN,5769.0,222.0,2962.98,2936.63,26.35
MCOU,UT,52652500101,52652,5001,1,2024,3,False,KATERZIA (,2849.4,33.0,10880.08,10880.08,0.0
MCOU,UT,68047025301,68047,253,1,2024,4,True,OSCIMIN SU,,,,,
FFSU,UT,378705567,378,7055,67,2024,3,True,BEPOTASTIN,,,,,
FFSU,UT,75907002001,75907,20,1,2024,4,True,CARBIDOPA ,,,,,
FFSU,UT,93354756,93,3547,56,2024,4,True,ATOMOXETIN,,,,,
FFSU,TX,62559015116,62559,151,16,2024,1,True,OXYCODONE ,,,,,
FFSU,TX,69238130601,69238,1306,1,2024,2,True,CLOBAZAM 2,,,,,
FFSU,TX,29300019110,29300,191,10,2024,1,True,LOSARTAN-H,,,,,
MCOU,TX,49884006601,49884,66,1,2024,1,False,GLYCOPYRRO,31274.0,409.0,13348.17,12502.73,845.44
MCOU,TX,45802012935,45802,129,35,2024,2,True,HALOBETASO,,,,,
MCOU,TX,59651038201,59651,382,1,2024,2,True,CLOMIPRAMI,,,,,
MCOU,UT,24385002671,24385,26,71,2024,3,True,CHEST CONG,,,,,
MCOU,TX,69230031836,69230,318,36,2024,3,True,OMEPRAZOLE,,,,,
MCOU,TX,70700016301,70700,163,1,2024,3,False,PROGESTERO,20153.0,568.0,10781.71,10167.66,614.05
FFSU,UT,517095501,517,955,1,2024,4,True,OLANZAPINE,,,,,
FFSU,UT,45802006436,45802,64,36,2024,4,True,TRIAMCINOL,,,,,
MCOU,UT,990713809,990,7138,9,2024,4,True,SODIUM CL ,,,,,
MCOU,TX,71288080651,71288,806,51,2024,3,True,ZOLEDRONIC,,,,,
MCOU,UT,72572037001,72572,370,1,2024,4,False,LIDOCAINE ,12.9,17.0,0.0,0.0,0.0
MCOU,TX,55150024950,55150,249,50,2024,2,True,BUPIVACAIN,,,,,
MCOU,TX,23155077201,23155,772,1,2024,1,False,ENALAPRIL ,2574.0,53.0,560.75,558.21,2.54
FFSU,TX,31722071310,31722,713,10,2024,2,False,PANTOPRAZO,2648.0,92.0,851.45,851.45,0.0
MCOU,UT,24208039830,24208,398,30,2024,3,False,IPRATROPIU,690.0,22.0,666.41,666.41,0.0
MCOU,UT,60505057804,60505,578,4,2024,3,False,AZELASTINE,168.0,28.0,322.26,322.26,0.0
MCOU,UT,51672408306,51672,4083,6,2024,3,True,HYDROCORTI,,,,,
MCOU,TX,70594008602,70594,86,2,2024,2,True,AMPICILLIN,,,,,
MCOU,UT,70377006212,70377,62,12,2024,4,False,LABETALOL ,810.0,15.0,259.73,248.33,11.4
MCOU,UT,527328543,527,3285,43,2024,3,False,LEVOTHYROX,480.0,12.0,189.85,189.85,0.0
MCOU,TX,45802086866,45802,868,66,2024,2,False,POLYETHYLE,877472.0,2095.0,59810.49,59786.87,23.62
MCOU,TX,536130608,536,1306,8,2024,1,False,SIMETHICON,11427.0,223.0,836.79,836.79,0.0
FFSU,TX,42806027197,42806,271,97,2024,2,True,CHOLESTYRA,,,,,
FFSU,TX,70000046901,70000,469,1,2024,2,True,DIAPER RAS,,,,,
FFSU,UT,49702022813,49702,228,13,2024,4,False,TIVICAY TA,510.0,15.0,37064.3,37064.3,0.0
MCOU,TX,10147092103,10147,921,3,2024,2,True,HALOPERIDO,,,,,
MCOU,UT,65162022621,65162,226,21,2024,3,True,YUVAFEM (E,,,,,
MCOU,TX,43547061410,43547,614,10,2024,2,True,TEMAZEPAM ,,,,,
MCOU,TX,57237015430,57237,154,30,2024,2,False,MODAFINIL ,645.0,16.0,1398.99,1381.75,17.24
FFSU,UT,31722067636,31722,676,36,2024,3,True,ROFLUMILAS,,,,,
MCOU,TX,16714036001,16714,360,1,2024,1,False,MONO-LINYA,420.0,12.0,129.02,129.02,0.0
MCOU,TX,9010704,9,107,4,2024,1,False,LINCOCIN 3,113.0,81.0,1075.97,1075.97,0.0
MCOU,TX,67877074801,67877,748,1,2024,2,True,SIROLIMUS ,,,,,
FFSU,UT,70677101301,70677,1013,1,2024,4,True,F&T MUCUS ,,,,,
MCOU,TX,65162046510,65162,465,10,2024,1,False,IBUPROFEN ,4935.0,129.0,595.79,595.79,0.0
FFSU,UT,65862092585,65862,925,85,2024,4,True,INCASSIA N,,,,,
MCOU,TX,49392083,49,3920,83,2024,2,False,GEODON 20 ,34.0,32.0,2544.93,2544.93,0.0
FFSU,UT,555021110,555,211,10,2024,3,True,NORETHINDR,,,,,
MCOU,TX,409330024,409,3300,24,2024,1,False,CIPROFLOXA,4400.0,16.0,482.7,482.7,0.0
MCOU,TX,16714009701,16714,97,1,2024,2,True,LIDOCAINE ,,,,,
MCOU,TX,409189303,409,1893,3,2024,1,False,MORPHINE 1,37.0,33.0,323.38,323.38,0.0
FFSU,UT,51672129403,51672,1294,3,2024,4,True,CLOBETASOL,,,,,
MCOU,TX,68180095101,68180,951,1,2024,1,True,HYDROCORTI,,,,,
MCOU,TX,16571068809,16571,688,9,2024,1,True,FENOPROFEN,,,,,
FFSU,UT,57237000830,57237,8,30,2024,3,False,MIRTAZAPIN,3652.0,56.0,751.23,743.44,7.79
MCOU,UT,62559029960,62559,299,60,2024,4,True,FLUOCINOLO,,,,,
MCOU,UT,67877028810,67877,288,10,2024,3,False,FINASTERID,870.0,34.0,186.98,156.46,30.52
MCOU,TX,69367023809,69367,238,9,2024,3,False,LEVOCETIRI,435.0,16.0,105.92,105.92,0.0
FFSU,UT,456045901,456,459,1,2024,3,False,ARMOUR THY,1350.0,39.0,1745.94,1745.94,0.0
MCOU,UT,245531915,245,5319,15,2024,4,False,KLOR-CON M,1785.0,41.0,381.08,381.08,0.0
MCOU,TX,54474125,54,4741,25,2024,1,False,PREDNISONE,1133.0,17.0,118.78,109.93,8.85
MCOU,UT,93057610,93,576,10,2024,3,False,LOVASTATIN,405.0,12.0,114.34,114.34,0.0
MCOU,TX,485020816,485,208,16,2024,1,False,ED BRON GP,50248.0,422.0,2584.13,2584.13,0.0
MCOU,UT,69452035001,69452,350,1,2024,4,True,GRANISETRO,,,,,
FFSU,UT,37683015,37,6830,15,2024,4,True,CORTIFOAM ,,,,,
MCOU,TX,51079063220,51079,632,20,2024,1,True,PRAZOSIN 5,,,,,
FFSU,TX,69452022384,69452,223,84,2024,2,True,RUFINAMIDE,,,,,
FFSU,UT,409426411,409,4264,11,2024,3,True,HYDROMORPH,,,,,
FFSU,TX,69367024601,69367,246,1,2024,3,True,CYPROHEPTA,,,,,
MCOU,TX,75834023516,75834,235,16,2024,2,True,NYSTATIN 1,,,,,
FFSU,UT,781320995,781,3209,95,2024,4,True,CEFTRIAXON,,,,,
FFSU,TX,29300041305,29300,413,5,2024,2,True,CYCLOBENZA,,,,,
MCOU,TX,50742024930,50742,249,30,2024,2,True,DILTIAZEM ,,,,,
MCOU,TX,143908701,143,9087,1,2024,1,True,DOXORUBICI,,,,,
MCOU,TX,62332038630,62332,386,30,2024,1,True,MODAFINIL ,,,,,
MCOU,UT,23155070501,23155,705,1,2024,4,True,ENALAPRIL ,,,,,
MCOU,UT,68180097009,68180,970,9,2024,3,False,LEVOTHYROX,686.0,17.0,153.09,153.09,0.0
MCOU,TX,245531790,245,5317,90,2024,1,True,KLOR-CON M,,,,,
FFSU,TX,172572870,172,5728,70,2024,1,True,FAMOTIDINE,,,,,
MCOU,UT,555904958,555,9049,58,2024,4,False,CRYTSELLE ,1210.0,27.0,549.33,549.33,0.0
FFSU,TX,2880559,2,8805,59,2024,2,True,HUMULIN N ,,,,,
FFSU,UT,44567070195,44567,701,95,2024,4,True,CEFTRIAXON,,,,,
FFSU,UT,904671746,904,6717,46,2024,3,True,CETIRIZINE,,,,,
MCOU,UT,68382091634,68382,916,34,2024,3,False,METHYLPRED,3717.0,177.0,2110.18,2110.18,0.0
MCOU,TX,68001056603,68001,566,3,2024,1,False,POTASSIUM ,5490.0,111.0,1554.48,1550.0,4.48
FFSU,UT,13668051501,13668,515,1,2024,3,True,ACYCLOVIR ,,,,,
FFSU,UT,13107015430,13107,154,30,2024,4,True,PAROXETINE,,,,,
MCOU,TX,72888003101,72888,31,1,2024,2,True,OXYBUTYNIN,,,,,
MCOU,TX,60505614400,60505,6144,0,2024,1,False,CEFEPIME H,33.0,33.0,504.35,504.35,0.0
FFSU,TX,70211070304,70211,703,4,2024,1,False,COATS ALOE,3304.0,28.0,750.88,750.88,0.0
MCOU,TX,42806060109,42806,601,9,2024,2,False,VENLAFAXIN,16569.0,472.0,4715.31,4635.13,80.18
FFSU,TX,57782039726,57782,397,26,2024,2,True,CROMOLYN S,,,,,
FFSU,UT,50228017805,50228,178,5,2024,3,False,GABAPENTIN,17127.0,183.0,3499.94,3499.94,0.0
FFSU,UT,50228042830,50228,428,30,2024,3,True,SOLIFENACI,,,,,
FFSU,UT,2821305,2,8213,5,2024,3,True,HUMALOG TE,,,,,
MCOU,TX,68462086665,68462,866,65,2024,1,False,CLINDAMYCI,1740.0,29.0,1036.98,1036.98,0.0
MCOU,TX,71288041402,71288,414,2,2024,2,True,GLYCOPYRRO,,,,,
FFSU,UT,55111011381,55111,113,81,2024,4,True,ZENATANE (,,,,,
FFSU,TX,65862064264,65862,642,64,2024,1,True,AZITHROMYC,,,,,
MCOU,UT,23155000910,23155,9,10,2024,3,False,HYDROCHLOR,570.0,14.0,12.84,12.84,0.0
MCOU,UT,93321992,93,3219,92,2024,3,True,KETOCONAZO,,,,,
FFSU,UT,16571011501,16571,115,1,2024,4,False,HYDROXYZIN,7388.0,130.0,1665.35,1665.35,0.0
MCOU,TX,82009011710,82009,117,10,2024,1,True,METFORMIN ,,,,,
MCOU,TX,47781066890,47781,668,90,2024,1,False,LEVOTHYROX,11386.0,252.0,1454.16,1451.61,2.55
MCOU,TX,13668046630,13668,466,30,2024,1,False,LURASIDONE,4398.0,126.0,13647.03,13599.85,47.18
MCOU,TX,25021016530,25021,165,30,2024,2,True,PIPERACIL-,,,,,
FFSU,UT,57237007810,57237,78,10,2024,3,False,ONDANSETRO,4434.0,122.0,1855.17,1843.49,11.68
FFSU,UT,33342033154,33342,331,54,2024,3,True,TRIAMCINOL,,,,,
MCOU,UT,78206014501,78206,145,1,2024,4,False,NEXPLANON ,667.0,198.0,390698.63,183716.89,206981.74
FFSU,UT,62332060630,62332,606,30,2024,3,True,TRIAMCINOL,,,,,
MCOU,UT,31722015390,31722,153,90,2024,3,False,VALSARTAN ,1910.0,56.0,724.08,724.08,0.0
MCOU,TX,68462050481,68462,504,81,2024,1,False,HAILEY 21 ,10213.0,286.0,6772.42,6772.42,0.0
MCOU,UT,62332065005,62332,650,5,2024,4,False,FULVESTRAN,170.0,17.0,4006.68,1661.88,2344.8
FFSU,UT,16729044915,16729,449,15,2024,4,False,LEVOTHYROX,1170.0,15.0,160.1,160.1,0.0
FFSU,UT,16571086901,16571,869,1,2024,4,False,GABAPENTIN,1293.0,16.0,231.42,231.42,0.0
MCOU,TX,69367032809,69367,328,9,2024,2,True,PREGABALIN,,,,,
FFSU,TX,27808003603,27808,36,3,2024,1,True,HYDROCODON,,,,,
FFSU,UT,904712761,904,7127,61,2024,3,False,PREDNISONE,35.0,15.0,34.65,34.65,0.0
MCOU,UT,93744256,93,7442,56,2024,3,True,FLUVASTATI,,,,,
MCOU,TX,904629061,904,6290,61,2024,1,True,ATORVASTAT,,,,,
FFSU,UT,49483034150,49483,341,50,2024,3,True,ACETAMINOP,,,,,
MCOU,UT,409471302,409,4713,2,2024,4,True,LIDOCAINE ,,,,,
FFSU,UT,409116219,409,1162,19,2024,3,True,BUPIVACAIN,,,,,
MCOU,TX,16714006501,16714,65,1,2024,1,False,CARBAMAZEP,3108.0,50.0,3854.62,3844.87,9.75
MCOU,UT,69452036520,69452,365,20,2024,4,True,ZALEPLON C,,,,,
MCOU,TX,6011254,6,112,54,2024,1,False,JANUVIA 50,2906.0,118.0,52995.17,52623.95,371.22
MCOU,TX,31722077805,31722,778,5,2024,2,False,ACYCLOVIR ,1484.0,41.0,357.74,357.74,0.0
MCOU,TX,13668001760,13668,17,60,2024,1,False,LEVETIRACE,840.0,12.0,184.79,184.79,0.0
MCOU,TX,59746044790,59746,447,90,2024,1,True,IRBESARTAN,,,,,
MCOU,UT,338001704,338,17,4,2024,3,False,DEXTROSE 5,18000.0,17.0,90.65,90.65,0.0
MCOU,TX,24338085503,24338,855,3,2024,1,True,ZENZEDI 20,,,,,
FFSU,TX,15054109004,15054,1090,4,2024,1,True,SOMATULINE,,,,,
FFSU,UT,16714079502,16714,795,2,2024,3,False,TERBINAF T,498.0,17.0,245.9,245.9,0.0
MCOU,TX,68382009505,68382,95,5,2024,2,False,CARVEDILOL,166274.466,2172.0,10793.76,10754.44,39.32
FFSU,UT,30698003201,30698,32,1,2024,4,True,MARPLAN   ,,,,,
MCOU,UT,67877031901,67877,319,1,2024,3,False,IBUPROFEN ,3087.0,50.0,334.68,334.68,0.0
FFSU,UT,62332009931,62332,99,31,2024,3,False,ARIPIPRAZO,5894.0,183.0,2336.51,2332.65,3.86
MCOU,TX,69033530,69,335,30,2024,2,False,CIBINQO 10,660.0,22.0,117516.36,113588.06,3928.3
FFSU,TX,74929690,74,9296,90,2024,2,True,SYNTHROID ,,,,,
MCOU,TX,43068010602,43068,106,2,2024,2,False,FANAPT 6 M,5247.0,98.0,185572.2,185572.2,0.0
MCOU,TX,50242086001,50242,860,1,2024,1,False,XOFLUZA 40,70.0,69.0,10554.87,8249.95,2304.92
MCOU,TX,16714089101,16714,891,1,2024,2,False,SUMATRIPTA,117.0,11.0,3734.82,3507.83,226.99
FFSU,TX,228202750,228,2027,50,2024,1,True,ALPRAZOLAM,,,,,
FFSU,UT,55111025960,55111,259,60,2024,3,False,ZIPRASIDON,9438.0,190.0,4402.12,4389.33,12.79
MCOU,TX,78062851,78,628,51,2024,2,False,AFINITOR D,770.0,17.0,504202.73,504202.73,0.0
MCOU,TX,67386042101,67386,421,1,2024,1,False,XENAZINE 1,1770.0,18.0,333302.87,333302.87,0.0
MCOU,UT,409733701,409,7337,1,2024,4,False,CEFTRIAXON,2780.25,23.0,67.35,33.52,33.83
MCOU,TX,406048505,406,485,5,2024,2,False,ACETAMINOP,108126.0,1427.0,43077.6,42707.05,370.55
MCOU,UT,143980305,143,9803,5,2024,3,False,DOXYCYCLIN,1920.0,65.0,1638.67,1638.65,0.02
FFSU,UT,42858016401,42858,164,1,2024,3,False,LISDEXAMFE,936.0,33.0,4491.44,4491.44,0.0
FFSU,TX,25021070101,25021,701,1,2024,1,False,KETOROLAC ,23.0,23.0,82.16,82.16,0.0
MCOU,TX,69809012605,69809,126,5,2024,3,True,CLOZARIL 2,,,,,
MCOU,UT,68001035603,68001,356,3,2024,3,False,METOPROLOL,1242.0,38.0,302.69,274.5,28.19
FFSU,UT,168008016,168,80,16,2024,3,True,HYDROCORTI,,,,,
MCOU,TX,25021013282,25021,132,82,2024,2,True,LEVOFLOXAC,,,,,
MCOU,UT,71288041491,71288,414,91,2024,4,True,GLYCOPYRRO,,,,,
MCOU,TX,76385011150,76385,111,50,2024,2,False,CARVEDILOL,5000.0,58.0,334.2,334.2,0.0
MCOU,TX,24478032305,24478,323,5,2024,2,False,QUILLIVANT,372630.0,1985.0,797261.27,786158.39,11102.88
MCOU,TX,16729048001,16729,480,1,2024,1,False,METHYLPHEN,14516.0,288.0,4597.13,4513.03,84.1
MCOU,UT,24201010001,24201,100,1,2024,4,True,ACETAMINOP,,,,,
FFSU,UT,69367033630,69367,336,30,2024,4,True,PAROXETINE,,,,,
MCOU,TX,65862070260,65862,702,60,2024,2,False,ZIPRASIDON,19240.0,353.0,13813.96,12877.93,936.03
MCOU,TX,64980037703,64980,377,3,2024,2,False,ATOMOXETIN,8364.0,268.0,13335.41,13237.93,97.48
FFSU,UT,65862070655,65862,706,55,2024,3,True,AMOXICILLI,,,,,
MCOU,TX,63402020230,63402,202,30,2024,2,False,APTIOM 200,9059.0,250.0,362483.28,358722.1,3761.18
FFSU,TX,72603014202,72603,142,2,2024,3,True,METOPROLOL,,,,,
MCOU,TX,29033000201,29033,2,1,2024,1,True,THEOPHYLLI,,,,,
MCOU,TX,60505614504,60505,6145,4,2024,1,False,CEFEPIME H,15.0,17.0,483.45,483.45,0.0
MCOU,TX,63323016476,63323,164,76,2024,2,False,LACTATED R,22000.0,22.0,1606.41,1606.41,0.0
FFSU,TX,60842002201,60842,22,1,2024,2,True,AUVI-Q 0.1,,,,,
FFSU,UT,832112142,832,1121,42,2024,3,True,TESTOSTERO,,,,,
FFSU,UT,16729026129,16729,261,29,2024,3,True,MYCOPHENOL,,,,,
MCOU,TX,71288020185,71288,201,85,2024,2,False,REGADENOSO,665.0,145.0,28832.69,28832.69,0.0
FFSU,UT,51672128208,51672,1282,8,2024,3,False,TRIAMCINOL,2240.0,22.0,329.98,324.57,5.41
MCOU,UT,42806042301,42806,423,1,2024,4,False,POTASIUM C,570.0,11.0,123.44,123.44,0.0
MCOU,UT,832141003,832,1410,3,2024,4,False,MOXIFLOXAC,42.0,14.0,342.84,342.84,0.0
FFSU,TX,63323081000,63323,810,0,2024,1,True,FENTANYL 1,,,,,
FFSU,TX,68462018117,68462,181,17,2024,2,False,CLOTRIMAZO,450.0,21.0,271.24,271.24,0.0
MCOU,TX,62332040931,62332,409,31,2024,1,True,CLOMIPRAMI,,,,,
FFSU,TX,31722093612,31722,936,12,2024,1,True,OMEGA-3 ET,,,,,
MCOU,TX,70436005901,70436,59,1,2024,2,False,BUPROPION ,960.0,18.0,190.52,190.52,0.0
MCOU,TX,68462085924,68462,859,24,2024,1,True,CLINDAMYCI,,,,,
MCOU,TX,406324901,406,3249,1,2024,1,False,HYDROMORPH,13364.0,111.0,5597.93,5480.88,117.05
MCOU,TX,69367021401,69367,214,1,2024,1,True,PHENOBARBI,,,,,
FFSU,UT,70700012085,70700,120,85,2024,4,False,TRI-LO-EST,728.0,16.0,222.25,222.25,0.0
FFSU,TX,93092606,93,926,6,2024,2,True,LOVASTATIN,,,,,
MCOU,UT,50268015215,50268,152,15,2024,4,True,CEPHALEXIN,,,,,
FFSU,UT,51672201302,51672,2013,2,2024,4,True,HYDROCORTI,,,,,
MCOU,TX,69238148503,69238,1485,3,2024,1,True,ERYTHROMYC,,,,,
MCOU,TX,16571076924,16571,769,24,2024,2,False,ESCITALOPR,31618.0,103.0,9258.38,8310.45,947.93
FFSU,TX,70000040001,70000,400,1,2024,1,True,CALAMINE P,,,,,
FFSU,TX,57894050520,57894,505,20,2024,2,True,DARZALEX 4,,,,,
MCOU,UT,44206045525,44206,455,25,2024,4,False,HIZENTRA P,42.36,38.0,192751.77,82663.85,110087.92
FFSU,TX,63323010161,63323,101,61,2024,1,False,DOXORUBICI,930.0,16.0,424.45,424.45,0.0
FFSU,UT,43547043506,43547,435,6,2024,3,False,CLONIDINE ,19654.0,314.0,8103.63,7826.53,277.1
MCOU,TX,66993072757,66993,727,57,2024,1,False,SULFAMETHO,569476.02,3379.0,67180.02,65915.75,1264.27
MCOU,TX,75834023805,75834,238,5,2024,2,False,CELECOXIB ,30073.0,681.0,9181.07,9039.14,141.93
MCOU,TX,310027510,310,275,10,2024,1,False,SEROQUEL 2,1611.0,26.0,5614.4,5614.4,0.0
MCOU,VA,68645030059,68645,300,59,2024,4,False,METFORMIN ,1200.0,21.0,114.76,114.76,0.0
MCOU,VA,72819015110,72819,151,10,2024,4,True,DICLOFENAC,,,,,
FFSU,UT,65862098601,65862,986,1,2024,2,True,POTASSIUM ,,,,,
MCOU,VA,69367017401,69367,174,1,2024,4,True,HYDROQUINO,,,,,
MCOU,VA,24478032406,24478,324,6,2024,3,False,QUILLIVANT,34620.0,146.0,62120.77,58124.81,3995.96
FFSU,VA,69238183607,69238,1836,7,2024,4,True,LEVOTHYROX,,,,,
MCOU,VA,143988775,143,9887,75,2024,3,False,AMOXICILLI,544810.0,3683.0,26922.45,26869.51,52.94
MCOU,VA,76385013601,76385,136,1,2024,4,False,METOLAZONE,766.0,36.0,604.13,604.13,0.0
MCOU,VA,42385095412,42385,954,12,2024,4,True,LEVETIRACE,,,,,
FFSU,VA,168008016,168,80,16,2024,4,True,HYDROCORTI,,,,,
FFSU,UT,264230400,264,2304,0,2024,1,False,0.25% ACET,35000.0,26.0,432.14,432.14,0.0
MCOU,UT,67877054788,67877,547,88,2024,1,False,CEFDINIR O,5360.0,50.0,825.09,825.09,0.0
FFSU,UT,70010002901,70010,29,1,2024,1,True,MIXED AMPH,,,,,
FFSU,UT,59651061608,59651,616,8,2024,2,True,RUFINAMIDE,,,,,
MCOU,UT,67877069610,67877,696,10,2024,2,False,CHLORTHALI,330.0,14.0,47.42,47.42,0.0
FFSU,VA,781210301,781,2103,1,2024,3,False,TACROLIMUS,9796.0,56.0,2444.3,711.96,1732.34
MCOU,UT,69097053302,69097,533,2,2024,3,False,TENOFOVIR ,392.0,15.0,490.98,490.98,0.0
MCOU,UT,70710128500,70710,1285,0,2024,3,False,BACLOFEN T,6121.0,82.0,906.49,902.43,4.06
MCOU,VA,49483060301,49483,603,1,2024,4,False,IBUPROFEN ,1624.0,45.0,216.22,216.22,0.0
MCOU,VA,62175089241,62175,892,41,2024,4,True,ATORVASTAT,,,,,
MCOU,VA,51672403601,51672,4036,1,2024,4,True,ETODOLAC  ,,,,,
FFSU,UT,72252051002,72252,510,2,2024,3,False,VALTOCO 10,324.0,126.0,109244.88,101019.42,8225.46
MCOU,VA,72888006301,72888,63,1,2024,4,False,BUSPIRONE ,13058.0,206.0,4077.53,4010.83,66.7
MCOU,UT,65862021801,65862,218,1,2024,2,True,CEFDINIR O,,,,,
FFSU,UT,65862050301,65862,503,1,2024,1,False,AMOXICILLI,2922.0,169.0,4372.34,4372.34,0.0
FFSU,UT,51672403301,51672,4033,1,2024,2,True,WARFARIN 6,,,,,
MCOU,VA,781106101,781,1061,1,2024,3,False,ALPRAZOLAM,1657.0,53.0,4392.54,4391.9,0.64
MCOU,VA,42494041625,42494,416,25,2024,3,True,PHENOBARBI,,,,,
MCOU,VA,23155086705,23155,867,5,2024,3,False,GABAPENTIN,14337.0,172.0,1361.07,1281.24,79.83
FFSU,UT,527411937,527,4119,37,2024,1,False,PROPRANOLO,630.0,14.0,242.13,242.13,0.0
MCOU,VA,70954049210,70954,492,10,2024,4,False,LEVOCARNIT,5475.0,54.0,3655.78,3305.22,350.56
MCOU,VA,338004901,338,49,1,2024,3,True,SODIUM CHL,,,,,
FFSU,UT,59762312001,59762,3120,1,2024,2,True,AZITHROMYC,,,,,
MCOU,UT,51672206200,51672,2062,0,2024,1,True,CLOTRIM 3 ,,,,,
FFSU,UT,55111059705,55111,597,5,2024,2,False,MEMANTINE ,960.0,11.0,151.38,151.38,0.0
FFSU,UT,409117830,409,1178,30,2024,1,True,DEMEROL(ME,,,,,
FFSU,VA,62756018588,62756,185,88,2024,4,True,OXCARBAZEP,,,,,
FFSU,UT,29300013005,29300,130,5,2024,2,False,HYDROCHLOR,1140.0,18.0,138.87,138.87,0.0
MCOU,VA,46122072425,46122,724,25,2024,3,True,NICOTINE G,,,,,
FFSU,UT,57664037888,57664,378,88,2024,2,False,DEXMETHYLP,1035.0,27.0,424.16,393.67,30.49
FFSU,UT,65862082530,65862,825,30,2024,2,True,SAXAGLIPTI,,,,,
MCOU,VA,904681761,904,6817,61,2024,3,True,MIDODRINE ,,,,,
MCOU,UT,63323045200,63323,452,0,2024,1,True,MORPHINE S,,,,,
FFSU,UT,16714047601,16714,476,1,2024,1,True,AMOXICILLI,,,,,
MCOU,UT,76282073010,76282,730,10,2024,2,True,LISINOPRIL,,,,,
MCOU,VA,71288011810,71288,118,10,2024,4,False,BORTEZOMIB,34.858,60.0,4800.92,4800.92,0.0
MCOU,VA,378912398,378,9123,98,2024,4,False,FENTANYL  ,312.0,35.0,3399.22,3399.22,0.0
MCOU,VA,68462043318,68462,433,18,2024,4,False,COLESEVELA,2362.0,22.0,2929.26,2929.26,0.0
FFSU,UT,93354256,93,3542,56,2024,2,False,ATOMOXETIN,752.0,19.0,558.21,558.21,0.0
MCOU,VA,378081001,378,810,1,2024,3,True,HYDROCHLOR,,,,,
FFSU,UT,49483070350,49483,703,50,2024,1,False,FLUOXETINE,8272.0,134.0,1702.24,1694.59,7.65
MCOU,UT,42494045410,42494,454,10,2024,2,True,NAPROXEN 5,,,,,
FFSU,UT,49348030539,49348,305,39,2024,1,True,SUNMARK MI,,,,,
FFSU,VA,63323061421,63323,614,21,2024,4,True,HYDRALAZIN,,,,,
MCOU,VA,641921701,641,9217,1,2024,4,True,DILTIAZEM ,,,,,
FFSU,UT,62332034031,62332,340,31,2024,1,False,MIDODRINE ,639.0,12.0,207.67,207.67,0.0
MCOU,VA,29300030916,29300,309,16,2024,3,False,QUETIAPINE,1814.0,53.0,620.34,620.34,0.0
MCOU,VA,68001043000,68001,430,0,2024,4,True,RAMIPRIL  ,,,,,
MCOU,VA,50268059815,50268,598,15,2024,3,True,NIFEDIPINE,,,,,
FFSU,UT,69315090505,69315,905,5,2024,3,False,LORAZEPRAM,23716.0,534.0,6129.16,6112.08,17.08
MCOU,VA,228278111,228,2781,11,2024,3,False,PROPRANOLO,2760.0,61.0,2240.69,2240.69,0.0
MCOU,VA,43598044674,43598,446,74,2024,4,False,NICOTINE P,4875.0,218.0,6974.79,6974.79,0.0
FFSU,UT,16729017401,16729,174,1,2024,1,True,AMITRIPTYL,,,,,
MCOU,VA,69030601,69,306,1,2024,3,False,TRAZIMERA ,13.859,13.0,31664.79,31664.79,0.0
MCOU,UT,50458058501,50458,585,1,2024,1,False,CONCERTA 1,330.0,11.0,4285.42,4285.42,0.0
MCOU,VA,70710114801,70710,1148,1,2024,4,False,ISOSORBIDE,2190.0,21.0,562.72,562.72,0.0
MCOU,VA,31722070490,31722,704,90,2024,4,False,VALACYCLOV,18159.0,445.0,11979.57,11883.57,96.0
MCOU,UT,70954001910,70954,19,10,2024,1,False,PRAZOSIN H,17090.0,344.0,2766.0,2689.47,76.53
MCOU,UT,378647099,378,6470,99,2024,1,True,SCOPOLAMIN,,,,,
MCOU,VA,186091706,186,917,6,2024,3,False,PULMICORT ,21.0,21.0,3928.52,3928.52,0.0
FFSU,UT,69315090605,69315,906,5,2024,3,False,LORAZEPRAM,5089.0,118.0,1332.81,1315.15,17.66
FFSU,UT,13517010716,13517,107,16,2024,1,True,PHENOBARBI,,,,,
MCOU,VA,50742061601,50742,616,1,2024,4,False,METOPROLOL,1697.0,27.0,267.14,267.14,0.0
FFSU,UT,51079037420,51079,374,20,2024,2,True,CHLORDIAZE,,,,,
FFSU,UT,62332063731,62332,637,31,2024,2,False,DOXEPIN CA,4678.0,134.0,1600.93,1600.93,0.0
FFSU,UT,31722053405,31722,534,5,2024,1,False,METHOCARBA,1460.0,22.0,246.19,246.19,0.0
MCOU,VA,143983710,143,9837,10,2024,4,False,PENICILLIN,828.0,17.0,98.72,98.72,0.0
MCOU,VA,57664022988,57664,229,88,2024,4,False,METHYLPHEN,615.0,16.0,157.9,157.9,0.0
MCOU,VA,51672401106,51672,4011,6,2024,3,False,CLOMIPRAMI,605.0,14.0,211.15,205.75,5.4
MCOU,UT,42858049340,42858,493,40,2024,1,False,BUPRENORPH,45.0,12.0,1835.63,1835.63,0.0
FFSU,UT,42023011410,42023,114,10,2024,1,True,KETALAR C-,,,,,
MCOU,VA,50228037990,50228,379,90,2024,4,False,EZETIMIBE ,5868.0,154.0,1754.79,1754.79,0.0
FFSU,UT,71101541,71,1015,41,2024,2,True,LYRICA (PR,,,,,
MCOU,VA,62135080937,62135,809,37,2024,4,True,CIMETIDINE,,,,,
MCOU,VA,409490234,409,4902,34,2024,3,True,DEXTROSE I,,,,,
MCOU,VA,51991087790,51991,877,90,2024,3,True,EPLERENONE,,,,,
MCOU,VA,591530710,591,5307,10,2024,4,True,PROMETHAZI,,,,,
MCOU,VA,527217037,527,2170,37,2024,3,True,DICLOFENAC,,,,,
MCOU,VA,51862064330,51862,643,30,2024,4,True,TAMOXIFEN ,,,,,
FFSU,UT,955100810,955,1008,10,2024,1,True,ENOXAPARIN,,,,,
MCOU,VA,93873901,93,8739,1,2024,4,False,MEXILETINE,2037.317,31.0,1135.5,1128.0,7.5
MCOU,VA,16714018202,16714,182,2,2024,4,False,PAROXETINE,618.0,14.0,97.32,97.32,0.0
FFSU,UT,55111073130,55111,731,30,2024,2,True,VALSARTAN ,,,,,
MCOU,UT,66993036160,66993,361,60,2024,2,True,DAPAGLIFLO,,,,,
MCOU,VA,16714098002,16714,980,2,2024,3,False,ESOMEPRAZO,1936.0,55.0,772.26,758.84,13.42
MCOU,VA,16729001916,16729,19,16,2024,3,False,MYCOPHENOL,1500.0,13.0,892.55,892.55,0.0
MCOU,VA,2850101,2,8501,1,2024,3,False,HUMULIN R ,2460.0,98.0,173290.18,172050.8,1239.38
MCOU,VA,904650661,904,6506,61,2024,4,True,MEMANTINE ,,,,,
FFSU,UT,641149535,641,1495,35,2024,1,True,PROMETHAZI,,,,,
MCOU,VA,64980029410,64980,294,10,2024,4,True,SODIUM BIC,,,,,
MCOU,VA,409733220,409,7332,20,2024,4,False,CEFTRIAXON,13.0,11.0,0.0,0.0,0.0
MCOU,VA,641606325,641,6063,25,2024,3,True,MIDAZOLAM ,,,,,
FFSU,VA,74347303,74,3473,3,2024,3,False,LUPRON DEP,11.0,11.0,11233.1,2295.0,8938.1
MCOU,VA,52817026050,52817,260,50,2024,4,True,OXYBUTYNIN,,,,,
FFSU,VA,31722001701,31722,17,1,2024,4,False,FAMOTIDINE,508.0,11.0,132.72,132.72,0.0
FFSU,UT,70000012501,70000,125,1,2024,1,True,LORATIDINE,,,,,
MCOU,UT,62175045232,62175,452,32,2024,1,True,BUP/NAL 2M,,,,,
FFSU,UT,49884025701,49884,257,1,2024,2,True,MINOXIDIL ,,,,,
MCOU,VA,29300041519,29300,415,19,2024,3,False,CYCLOBENZA,190540.0,4525.0,23243.11,23023.7,219.41
FFSU,VA,904731460,904,7314,60,2024,3,True,ACETAMINOP,,,,,
MCOU,VA,83035184301,83035,1843,1,2024,4,True,VITAMIN D3,,,,,
FFSU,VA,43598016405,43598,164,5,2024,3,False,OLANZAPINE,922.0,30.0,345.38,345.38,0.0
FFSU,VA,904648838,904,6488,38,2024,3,True,LUBRIFRESH,,,,,
MCOU,VA,904589161,904,5891,61,2024,4,True,PRAVASTATI,,,,,
FFSU,VA,68001039800,68001,398,0,2024,4,True,FAMOTIDINE,,,,,
MCOU,VA,57237000330,57237,3,30,2024,4,True,FLUCONAZOL,,,,,
MCOU,VA,53746052110,53746,521,10,2024,4,False,PROMETHAZI,8364.0,228.0,862.72,840.08,22.64
MCOU,UT,378464226,378,4642,26,2024,1,False,ESTRADIOL ,360.0,43.0,2668.01,2668.01,0.0
FFSU,UT,67877021620,67877,216,20,2024,1,True,CEFUROXIME,,,,,
MCOU,VA,409733520,409,7335,20,2024,3,True,CEFTRIAXON,,,,,
MCOU,VA,85432001,85,4320,1,2024,3,False,CELESTONE ,31.0,16.0,1728.26,1711.16,17.1
FFSU,UT,59746032530,59746,325,30,2024,1,True,VALACYCLOV,,,,,
MCOU,VA,16714061106,16714,611,6,2024,3,False,SERTRALINE,1703.0,39.0,246.23,242.27,3.96
MCOU,VA,47335048588,47335,485,88,2024,4,False,BICALUTAMI,396.0,15.0,209.28,209.28,0.0
MCOU,VA,173072020,173,720,20,2024,3,True,FLOVENT HF,,,,,
MCOU,UT,62756013001,62756,130,1,2024,1,True,ONDANSETRO,,,,,
MCOU,VA,70710116200,70710,1162,0,2024,4,False,MECLIZINE ,2887.0,56.0,388.96,388.96,0.0
MCOU,UT,16714019201,16714,192,1,2024,1,True,GUANFACINE,,,,,
FFSU,UT,51672421509,51672,4215,9,2024,2,True,METRONIDAZ,,,,,
FFSU,UT,61314064725,61314,647,25,2024,1,True,TOBRAMYCIN,,,,,
MCOU,VA,85432001,85,4320,1,2024,4,False,CELESTONE ,33.0,19.0,8065.41,8059.61,5.8
MCOU,VA,121089316,121,893,16,2024,3,True,CHLORHEXID,,,,,
FFSU,UT,65862069705,65862,697,5,2024,1,False,VENLAFAXIN,23739.0,315.0,5420.34,5419.24,1.1
MCOU,UT,62332011631,62332,116,31,2024,1,True,METOPROLOL,,,,,
MCOU,VA,591321730,591,3217,30,2024,3,True,TESTOSTERO,,,,,
MCOU,UT,78063997,78,639,97,2024,1,True,COSENTYX S,,,,,
FFSU,VA,59651080801,59651,808,1,2024,4,True,MECLIZINE ,,,,,
MCOU,VA,50268063211,50268,632,11,2024,3,True,QUETIAPINE,,,,,
MCOU,VA,43547037009,43547,370,9,2024,3,False,VALSARTAN ,11316.0,260.0,6084.64,6018.03,66.61
FFSU,UT,115170901,115,1709,1,2024,2,False,DEXMETHYLP,600.0,19.0,827.48,816.64,10.84
MCOU,UT,143959501,143,9595,1,2024,2,True,LIDOCAINE ,,,,,
MCOU,UT,55513002101,55513,21,1,2024,2,True,ARANESP (D,,,,,
MCOU,UT,70700010615,70700,106,15,2024,1,True,CLOBETASOL,,,,,
MCOU,UT,43547052703,43547,527,3,2024,2,True,NEBIVOLOL ,,,,,
FFSU,UT,42806009430,42806,94,30,2024,1,True,POTASSIUM ,,,,,
MCOU,VA,27241011305,27241,113,5,2024,3,True,TADALAFIL ,,,,,
MCOU,UT,168000580,168,5,80,2024,2,True,TRIAMCINOL,,,,,
MCOU,VA,527076137,527,761,37,2024,4,False,DEXTROAMPH,570.0,13.0,269.13,269.13,0.0
MCOU,VA,47335090618,47335,906,18,2024,4,True,QUETIAPINE,,,,,
FFSU,UT,603516521,603,5165,21,2024,2,True,PHENOBARBI,,,,,
FFSU,VA,93416178,93,4161,78,2024,3,False,AMOXICILLI,2700.0,21.0,308.7,308.7,0.0
MCOU,VA,13107000334,13107,3,34,2024,3,False,MIRTAZAPIN,27030.0,808.0,6258.09,6247.91,10.18
FFSU,UT,66993013597,66993,135,97,2024,1,True,FLUTICASON,,,,,
FFSU,UT,69784018014,69784,180,14,2024,3,True,POLYETHYLE,,,,,
MCOU,VA,50742037304,50742,373,4,2024,3,True,BUPRENORPH,,,,,
FFSU,VA,93598527,93,5985,27,2024,3,True,EPINEPHRIN,,,,,
FFSU,UT,49884018601,49884,186,1,2024,2,True,DOXYLAMINE,,,,,
MCOU,VA,72578005518,72578,55,18,2024,4,False,DOXYCYCLIN,63502.0,3104.0,28502.44,28269.84,232.6
FFSU,UT,13668048450,13668,484,50,2024,1,False,MINOCYCLIN,1526.0,35.0,748.68,721.78,26.9
FFSU,UT,49348057236,49348,572,36,2024,2,False,NICOTINE T,1650.0,12.0,3198.99,3198.99,0.0
FFSU,UT,65862000801,65862,8,1,2024,1,True,METFORMIN ,,,,,
MCOU,VA,58151010493,58151,104,93,2024,4,True,DETROL LA ,,,,,
MCOU,VA,70700014335,70700,143,35,2024,4,True,ESTRADIOL ,,,,,
FFSU,UT,71921024250,71921,242,50,2024,2,True,ALLOPURINO,,,,,
MCOU,UT,70377000612,70377,6,12,2024,2,False,ROSUVASTAT,1140.0,38.0,223.37,223.37,0.0
MCOU,VA,50111033306,50111,333,6,2024,3,True,METRONIDAZ,,,,,
FFSU,UT,69616027230,69616,272,30,2024,2,True,FYCOMPA 2M,,,,,
MCOU,UT,75834024330,75834,243,30,2024,3,True,ERYTHROMYC,,,,,
FFSU,UT,67877026218,67877,262,18,2024,1,False,RIZATRIPTA,648.0,72.0,861.89,861.89,0.0
MCOU,VA,93901965,93,9019,65,2024,4,True,CYCLOSPORI,,,,,
MCOU,UT,69238154401,69238,1544,1,2024,2,False,HYDROXYCHL,1950.0,35.0,1031.38,1031.38,0.0
FFSU,UT,68382004110,68382,41,10,2024,2,True,PROMETHAZI,,,,,
MCOU,VA,409233725,409,2337,25,2024,3,False,DEFEROXAMI,139.75,30.0,2998.96,2998.96,0.0
MCOU,VA,597036082,597,360,82,2024,3,False,PRADAXA   ,782.0,18.0,2609.44,2609.44,0.0
MCOU,UT,603548321,603,5483,21,2024,1,True,PROPRANOLO,,,,,
FFSU,VA,23155021631,23155,216,31,2024,3,True,CIDOFOVIR ,,,,,
MCOU,VA,60687042976,60687,429,76,2024,4,True,MILK OF MA,,,,,
FFSU,VA,51224002218,51224,22,18,2024,4,True,AZITHROMYC,,,,,
MCOU,VA,338915930,338,9159,30,2024,4,False,SODIUM CHL,42800.0,169.0,2075.43,2075.43,0.0
FFSU,UT,93550756,93,5507,56,2024,1,True,OLANZAPINE,,,,,
FFSU,VA,143985316,143,9853,16,2024,4,True,AMOXICILLI,,,,,
FFSU,UT,68180031909,68180,319,9,2024,1,False,BUPROPION ,10446.0,162.0,5721.87,5721.87,0.0
FFSU,UT,527169501,527,1695,1,2024,1,True,BUT / APAP,,,,,
MCOU,VA,904650061,904,6500,61,2024,4,True,FLUCONAZOL,,,,,
MCOU,UT,47335032688,47335,326,88,2024,1,True,NALTREXONE,,,,,
MCOU,VA,13517010716,13517,107,16,2024,4,True,PHENOBARBI,,,,,
MCOU,VA,71321080116,71321,801,16,2024,4,False,FERROUS SU,4961.0,25.0,111.85,111.85,0.0
MCOU,UT,169633910,169,6339,10,2024,2,False,NOVOLOG FL,405.0,17.0,3722.84,2914.77,808.07
MCOU,VA,63323022921,63323,229,21,2024,4,False,PROTAMINE ,140.0,22.0,116838.07,116838.07,0.0
MCOU,VA,63323085303,63323,853,3,2024,4,False,HYDROMORPH,40.1,21.0,0.0,0.0,0.0
MCOU,VA,10122010010,10122,100,10,2024,4,True,FERRIPROX ,,,,,
FFSU,UT,33342030111,33342,301,11,2024,2,False,ESZOPICLON,3908.0,130.0,1547.35,1547.35,0.0
MCOU,VA,16571013810,16571,138,10,2024,4,False,ATORVASTAT,24253.0,616.0,5193.04,5167.68,25.36
FFSU,UT,66993059602,66993,596,2,2024,2,True,MIXED AMPH,,,,,
MCOU,VA,62135033041,62135,330,41,2024,4,True,PREDNISOLO,,,,,
MCOU,VA,187073090,187,730,90,2024,4,True,WELLBUTRIN,,,,,
MCOU,VA,13668034130,13668,341,30,2024,3,False,LAMOTRIGIN,10996.0,200.0,15960.57,15835.6,124.97
MCOU,VA,517250201,517,2502,1,2024,4,True,CAFFEINE A,,,,,
MCOU,UT,13517020716,13517,207,16,2024,1,True,PHENOBARBI,,,,,
FFSU,UT,43547028211,43547,282,11,2024,1,False,ESCITALOPR,69606.0,1130.0,14477.36,14410.92,66.44
MCOU,VA,65862076890,65862,768,90,2024,1,False,FENOFIBRAT,3952.0,81.0,1980.82,1969.24,11.58
FFSU,VA,69367020305,69367,203,5,2024,1,True,BUTALBITAL,,,,,
MCOU,VA,378623105,378,6231,5,2024,2,False,CITALOPRAM,7945.0,182.0,990.77,984.55,6.22
MCOU,VA,67877061801,67877,618,1,2024,1,True,METHYLPHEN,,,,,
FFSU,VT,65862069920,65862,699,20,2024,4,True,CEFUROXIME,,,,,
FFSU,VA,67877026118,67877,261,18,2024,1,True,RIZATRIPTA,,,,,
MCOU,VA,78206016201,78206,162,1,2024,1,False,RENFLEXIS ,307.0,57.0,96086.79,96086.79,0.0
MCOU,VA,70010006301,70010,63,1,2024,1,False,METFORMIN ,8575.0,138.0,3739.95,3737.81,2.14
FFSU,VA,16714097902,16714,979,2,2024,1,True,ESOMEPRAZO,,,,,
MCOU,VA,9000302,9,3,2,2024,1,True,SOLU-MEDRO,,,,,
FFSU,VA,27241012502,27241,125,2,2024,2,True,RANOLAZINE,,,,,
MCOU,VA,67919001101,67919,11,1,2024,2,True,CUBICIN   ,,,,,
FFSU,VA,69238105103,69238,1051,3,2024,2,True,PHYTONADIO,,,,,
MCOU,VA,74024302,74,243,2,2024,2,False,HUMIRA(CF),270.0,116.0,889939.44,825293.86,64645.58
MCOU,VA,409131216,409,1312,16,2024,2,True,HYDROMORPH,,,,,
FFSU,VT,31722052510,31722,525,10,2024,4,False,FINASTERID,2249.0,33.0,465.98,465.98,0.0
FFSU,VA,55111046801,55111,468,1,2024,3,True,METOPROLOL,,,,,
MCOU,VA,59746033910,59746,339,10,2024,3,False,LOSARTAN-H,3270.0,72.0,1098.7,1098.7,0.0
MCOU,VA,31722081460,31722,814,60,2024,1,False,LACOSAMIDE,11433.0,155.0,16736.98,15844.0,892.98
MCOU,VA,55111061901,55111,619,1,2024,1,False,ESZOPICLON,3747.0,128.0,1475.76,1475.76,0.0
MCOU,VA,44087353501,44087,3535,1,2024,1,False,BAVENCIO  ,600.0,15.0,150598.63,150598.63,0.0
MCOU,VA,60505615204,60505,6152,4,2024,3,False,CEFTRIAXON,220.5,216.0,859.24,858.32,0.92
MCOU,VA,69452011645,69452,116,45,2024,1,True,CLOBAZAM  ,,,,,
MCOU,VA,378018701,378,187,1,2024,2,True,PROPRANOLO,,,,,
FFSU,VA,66794015701,66794,157,1,2024,2,True,GABLOFEN  ,,,,,
FFSU,VA,75834015801,75834,158,1,2024,3,True,VERAPAMIL ,,,,,
FFSU,VT,31722014805,31722,148,5,2024,4,False,GABAPENTIN,56037.0,552.0,7003.73,7003.73,0.0
MCOU,VT,70121157401,70121,1574,1,2024,4,False,METHYLPRED,29.012,29.0,0.0,0.0,0.0
FFSU,VT,65862001099,65862,10,99,2024,4,True,METFORMIN ,,,,,
MCOU,VA,42192032701,42192,327,1,2024,2,False,NP THYROID,2850.0,87.0,1803.93,1633.76,170.17
MCOU,VA,68462062652,68462,626,52,2024,1,False,AZELAIC AC,2450.0,49.0,3365.46,2787.85,577.61
FFSU,VT,113810101,113,8101,1,2024,4,True,OPILL NORG,,,,,
MCOU,VA,78065615,78,656,15,2024,2,True,JADENU    ,,,,,
MCOU,VA,60505343803,60505,3438,3,2024,2,False,SELEGILINE,1110.0,23.0,1137.31,1137.31,0.0
MCOU,VA,2775201,2,7752,1,2024,2,True,INSULIN LI,,,,,
MCOU,VA,31722070010,31722,700,10,2024,2,False,LOSARTAN P,61820.5,1613.0,26429.93,26391.87,38.06
FFSU,VA,57237023301,57237,233,1,2024,1,True,SULFAMETHO,,,,,
FFSU,VA,69584009210,69584,92,10,2024,3,True,BUSPIRONE ,,,,,
FFSU,VT,115992101,115,9921,1,2024,3,False,DEXMETHYLP,5667.0,173.0,8483.36,8474.65,8.71
MCOU,VA,52433001,52,4330,1,2024,2,False,NEXPLANON ,58.0,58.0,49963.61,49963.61,0.0
MCOU,VA,378459710,378,4597,10,2024,2,False,METOPROLOL,1539.0,31.0,377.3,377.3,0.0
FFSU,VT,45802005635,45802,56,35,2024,4,True,GENTAMICIN,,,,,
FFSU,VA,65162046935,65162,469,35,2024,2,True,ELURYNG   ,,,,,
MCOU,VA,49884017111,49884,171,11,2024,2,True,COLCHICINE,,,,,
MCOU,VA,16571020106,16571,201,6,2024,2,False,DICLOFENAC,316266.0,5872.0,44985.19,43874.43,1110.76
MCOU,VA,68645051254,68645,512,54,2024,1,True,NIFEDIPINE,,,,,
MCOU,VA,93716356,93,7163,56,2024,1,True,TOLTERODIN,,,,,
MCOU,VA,65862052801,65862,528,1,2024,1,True,VENLAFAXIN,,,,,
MCOU,VA,63323051902,63323,519,2,2024,3,True,HEPARIN SO,,,,,
FFSU,VT,169300315,169,3003,15,2024,4,True,NOVOLIN R ,,,,,
MCOU,VA,59651026830,59651,268,30,2024,2,True,GLIPIZIDE ,,,,,
MCOU,VA,70377006113,70377,61,13,2024,3,False,LABETALOL ,6832.0,94.0,1966.35,1966.35,0.0
MCOU,VA,59651002675,59651,26,75,2024,2,False,AMOXICILLI,9827.0,74.0,5328.14,5328.14,0.0
MCOU,VA,59651054101,59651,541,1,2024,1,False,ISOSORBIDE,948.0,25.0,591.34,591.34,0.0
MCOU,VA,378826193,378,8261,93,2024,1,False,METHYLPHEN,510.0,17.0,5724.58,4936.85,787.73
FFSU,VA,64380094906,64380,949,6,2024,2,False,PREDNISONE,75.0,16.0,187.67,187.67,0.0
FFSU,VT,68180097209,68180,972,9,2024,4,True,LEVOTHYROX,,,,,
MCOU,VA,63323050641,63323,506,41,2024,1,False,DEXAMETHAS,98.6,102.0,31019.82,31019.82,0.0
FFSU,VT,527328943,527,3289,43,2024,3,True,LEVOTHYROX,,,,,
FFSU,VA,55566840301,55566,8403,1,2024,3,True,FIRMAGON  ,,,,,
FFSU,VT,78043005,78,430,5,2024,4,False,FOCALIN XR,2148.0,67.0,10796.17,10796.17,0.0
MCOU,VA,24385005878,24385,58,78,2024,1,True,IBUPROFEN ,,,,,
MCOU,VA,50242021401,50242,214,1,2024,2,False,XOLAIR    ,157.033,262.0,203257.39,191158.64,12098.75
FFSU,VA,70954014010,70954,140,10,2024,1,True,LEVOCARNIT,,,,,
FFSU,VA,59762453802,59762,4538,2,2024,2,True,MEDROXYPRO,,,,,
MCOU,VA,68382053601,68382,536,1,2024,1,True,POTASSIUM ,,,,,
FFSU,VA,16714002701,16714,27,1,2024,1,True,IRINOTECAN,,,,,
MCOU,VA,70000004101,70000,41,1,2024,2,True,LICE TREAT,,,,,
MCOU,VA,29300046810,29300,468,10,2024,2,False,CLONIDINE ,101871.0,1776.0,9974.28,9946.04,28.24
FFSU,VT,54253125,54,2531,25,2024,4,False,LITHIUM CA,718.0,15.0,238.25,238.25,0.0
FFSU,VA,55724021121,55724,211,21,2024,3,True,EUCRISA   ,,,,,
MCOU,VA,46122009678,46122,96,78,2024,2,True,ONE DAILY ,,,,,
MCOU,VA,43547031509,43547,315,9,2024,1,False,VALSARTAN-,15930.0,302.0,12742.62,12054.05,688.57
FFSU,VA,72888001000,72888,10,0,2024,3,False,BACLOFEN  ,1227.0,11.0,142.48,142.48,0.0
FFSU,VA,121101830,121,1018,30,2024,2,False,BUPRENORPH,31.0,31.0,134.54,134.54,0.0
MCOU,VA,51759030510,51759,305,10,2024,2,False,UZEDY     ,5.18,37.0,45051.71,45051.71,0.0
MCOU,VA,4196301,4,1963,1,2024,1,True,ROCEPHIN  ,,,,,
FFSU,VA,50228017801,50228,178,1,2024,1,True,GABAPENTIN,,,,,
MCOU,VT,990798413,990,7984,13,2024,3,True,SODIUM CL ,,,,,
MCOU,VA,55111032201,55111,322,1,2024,2,False,GLIMEPIRID,68372.0,910.0,9618.3,9580.43,37.87
MCOU,VA,53489015710,53489,157,10,2024,2,False,ALLOPURINO,1038.0,33.0,210.18,210.18,0.0
MCOU,VA,42192013612,42192,136,12,2024,1,False,SODIUM SUL,4252.7,13.0,811.12,483.21,327.91
MCOU,VA,63323010826,63323,108,26,2024,3,True,MAGNESIUM ,,,,,
FFSU,VA,55111046805,55111,468,5,2024,1,True,METOPROLOL,,,,,
FFSU,VT,555901858,555,9018,58,2024,4,False,TRI SPRINT,4620.0,59.0,1084.02,1084.02,0.0
FFSU,VT,16571078250,16571,782,50,2024,3,True,CYCLOBENZA,,,,,
MCOU,VA,378172493,378,1724,93,2024,1,False,AMLODIPINE,5345.0,104.0,5241.84,5136.02,105.82
FFSU,VT,904722461,904,7224,61,2024,4,True,FOLIC ACID,,,,,
MCOU,VA,45802006601,45802,66,1,2024,1,False,AZELASTINE,12535.0,539.0,47299.56,43219.84,4079.72
MCOU,VA,45802042337,45802,423,37,2024,2,True,DESONIDE  ,,,,,
MCOU,VA,75834021830,75834,218,30,2024,2,True,VENLAFAXIN,,,,,
MCOU,VA,642007912,642,79,12,2024,1,False,VITAFOL-OB,480.0,16.0,1859.6,1859.6,0.0
MCOU,VA,3085222,3,852,22,2024,2,False,SPRYCEL   ,1603.0,56.0,940352.62,869628.12,70724.5
MCOU,VA,378729189,378,7291,89,2024,2,False,NORETHINDR,7710.0,211.0,4483.33,4423.3,60.03
FFSU,VT,62135098505,62135,985,5,2024,4,True,DOXYCYCLIN,,,,,
FFSU,VT,62332005491,62332,54,91,2024,4,False,CLONIDINE ,1271.0,67.0,654.81,654.81,0.0
FFSU,VA,70436001204,70436,12,4,2024,1,True,DESVENLAFA,,,,,
MCOU,VA,409915811,409,9158,11,2024,1,True,VITAMIN K1,,,,,
MCOU,VA,43547034811,43547,348,11,2024,2,False,PAROXETINE,440.0,13.0,101.77,101.77,0.0
MCOU,VA,60505257507,60505,2575,7,2024,1,False,BALSALAZID,7440.0,26.0,4719.58,4647.18,72.4
MCOU,VA,143939810,143,9398,10,2024,1,True,ERTAPENEM ,,,,,
FFSU,VT,27241002238,27241,22,38,2024,4,True,ZOLMITRIPT,,,,,
MCOU,VA,71247013001,71247,130,1,2024,1,False,LABETALOL ,2460.0,27.0,856.31,856.31,0.0
MCOU,VA,45802091939,45802,919,39,2024,1,False,CETIRIZINE,780.0,24.0,67.35,67.35,0.0
MCOU,VA,13668059180,13668,591,80,2024,1,True,APREPITANT,,,,,
MCOU,VA,69097083402,69097,834,2,2024,2,True,SERTRALINE,,,,,
FFSU,VA,64380016002,64380,160,2,2024,2,True,MEGESTROL ,,,,,
FFSU,VA,72205014399,72205,143,99,2024,3,True,LOSARTAN P,,,,,
FFSU,VT,68382009705,68382,97,5,2024,4,False,PAROXETINE,3755.0,59.0,780.73,780.73,0.0
FFSU,VT,49483034150,49483,341,50,2024,4,False,ACETAMINOP,9584.0,71.0,655.26,655.26,0.0
MCOU,VA,70121147907,70121,1479,7,2024,1,True,NEOSTIGMIN,,,,,
FFSU,VT,72888015401,72888,154,1,2024,4,False,CLONAZEPAM,709.0,15.0,186.25,186.25,0.0
FFSU,VT,43547054811,43547,548,11,2024,4,False,ENALAPRIL ,2925.0,21.0,440.9,440.9,0.0
MCOU,VA,409733221,409,7332,21,2024,1,False,CEFTRIAXON,1028.0,1027.0,834380.31,834380.31,0.0
MCOU,VA,63323048617,63323,486,17,2024,1,False,XYLOCAINE ,562.5,112.0,402714.15,402714.15,0.0
MCOU,VA,49884005610,49884,56,10,2024,1,True,IMIPRAMINE,,,,,
MCOU,VA,46122042963,46122,429,63,2024,1,True,WOMEN'S GE,,,,,
MCOU,VA,29300039619,29300,396,19,2024,2,False,AMLODIPINE,6348.0,141.0,846.35,846.35,0.0
MCOU,VA,67877046505,67877,465,5,2024,2,False,PREGABALIN,3663.0,53.0,1051.69,1051.69,0.0
FFSU,VT,597014360,597,143,60,2024,4,True,OFEV (NINT,,,,,
MCOU,VA,71839014201,71839,142,1,2024,1,True,ROCURONIUM,,,,,
MCOU,VA,63323001217,63323,12,17,2024,2,True,OXYTOCIN  ,,,,,
FFSU,VT,60505311108,60505,3111,8,2024,4,False,OLANZAPINE,2255.0,62.0,828.41,828.41,0.0
MCOU,VA,31722013501,31722,135,1,2024,1,True,POTASSIUM ,,,,,
FFSU,VT,23114501,23,1145,1,2024,4,False,BOTOX BOTU,48.55,29.0,27219.3,27219.3,0.0
MCOU,VA,64980028203,64980,282,3,2024,2,True,MESALAMINE,,,,,
FFSU,VA,68382056610,68382,566,10,2024,1,True,METOPROLOL,,,,,
MCOU,VA,49483060350,49483,603,50,2024,2,False,IBUPROFEN ,313113.0,8740.0,39106.9,38984.51,122.39
MCOU,VA,75834032501,75834,325,1,2024,3,True,METHYLPHEN,,,,,
MCOU,VA,63323508552,63323,5085,52,2024,2,True,UNKNOWN   ,,,,,
FFSU,VA,72578008904,72578,89,4,2024,2,True,NYSTATIN  ,,,,,
MCOU,VA,73562011501,73562,115,1,2024,1,False,ZENPEP    ,2756.0,30.0,10646.92,10583.74,63.18
MCOU,VA,67457016302,67457,163,2,2024,2,True,SOTRADECOL,,,,,
MCOU,VA,64380078308,64380,783,8,2024,2,False,PREDNISONE,11951.0,309.0,1471.87,1425.2,46.67
FFSU,VT,16714097502,16714,975,2,2024,4,True,DAPSONE GE,,,,,
MCOU,VA,16714098604,16714,986,4,2024,2,False,TRIAMCINOL,56232.6,184.0,2000.29,1994.84,5.45
MCOU,VA,51079007420,51079,74,20,2024,1,True,HYDRALAZIN,,,,,
FFSU,VT,527458437,527,4584,37,2024,3,True,METHYLPHEN,,,,,
FFSU,VT,72578008804,72578,88,4,2024,4,True,NYSTATIN &,,,,,
MCOU,VA,63739019372,63739,193,72,2024,3,True,SUCRALFATE,,,,,
MCOU,VA,64380075906,64380,759,6,2024,3,False,ACARBOSE  ,3994.0,42.0,843.26,843.26,0.0
MCOU,VA,6503001,6,5030,1,2024,2,False,VERQUVO   ,319.0,12.0,6817.59,6817.59,0.0
MCOU,VA,69367023501,69367,235,1,2024,2,True,FLUOXETINE,,,,,
MCOU,VA,70710148301,70710,1483,1,2024,3,False,URSODIOL  ,7023.0,94.0,7958.56,7680.21,278.35
MCOU,VA,55111011381,55111,113,81,2024,2,False,ZENATANE  ,7260.0,148.0,38965.46,38503.2,462.26
FFSU,VT,67877052890,67877,528,90,2024,4,True,SOLIFENACI,,,,,
MCOU,VA,64679003402,64679,34,2,2024,3,True,PIPERACILL,,,,,
MCOU,VA,172731320,172,7313,20,2024,1,True,CYCLOSPORI,,,,,
MCOU,VA,31722030801,31722,308,1,2024,1,True,OLANZAPINE,,,,,
MCOU,VA,68001041737,68001,417,37,2024,3,True,LEUCOVORIN,,,,,
MCOU,VA,72485010401,72485,104,1,2024,1,True,CAFFEINE C,,,,,
FFSU,VT,51672129702,51672,1297,2,2024,4,True,CLOBETASOL,,,,,
FFSU,VA,67877019810,67877,198,10,2024,2,False,AMLODIPINE,939.0,42.0,339.37,339.37,0.0
MCOU,VA,57664007001,57664,70,1,2024,3,True,FERROUS SU,,,,,
FFSU,VT,591559001,591,5590,1,2024,3,True,TRANYLCYPR,,,,,
MCOU,VA,72572046124,72572,461,24,2024,1,True,NEOSTIGMIN,,,,,
FFSU,VA,72205014190,72205,141,90,2024,3,True,LOSARTAN P,,,,,
FFSU,VA,69238183101,69238,1831,1,2024,1,True,LEVOTHYROX,,,,,
MCOU,VA,46287000660,46287,6,60,2024,2,False,SPS       ,7920.0,60.0,6005.29,6005.29,0.0
MCOU,VA,72065013111,72065,131,11,2024,3,False,GVOKE PFS ,5.2,20.0,7851.4,7851.4,0.0
MCOU,VA,65862066330,65862,663,30,2024,2,False,ARIPIPRAZO,15207.0,441.0,5715.73,5347.7,368.03
FFSU,VA,50242004164,50242,41,64,2024,1,False,CATHFLO AC,17.0,17.0,2162.75,1481.6,681.15
FFSU,VA,68382014114,68382,141,14,2024,1,True,TOPIRAMATE,,,,,
MCOU,VA,955104590,955,1045,90,2024,2,True,IRBESARTAN,,,,,
MCOU,VA,832031011,832,310,11,2024,2,False,VALPROIC A,16755.0,137.0,4364.38,3901.45,462.93
FFSU,VT,378632577,378,6325,77,2024,3,True,VALSARTAN ,,,,,
MCOU,VA,713084909,713,849,9,2024,2,False,HYDROCORTI,130.0,13.0,1026.78,1026.78,0.0
MCOU,VA,61958250501,61958,2505,1,2024,3,True,BIKTARVY  ,,,,,
MCOU,VA,67877053907,67877,539,7,2024,2,True,TEMOZOLOMI,,,,,
FFSU,VA,75834022100,75834,221,0,2024,2,True,CARBAMAZEP,,,,,
FFSU,VA,603221321,603,2213,21,2024,2,True,AMITRIPTYL,,,,,
MCOU,VA,527079037,527,790,37,2024,2,False,DEXTROAMPH,350.0,11.0,607.84,508.45,99.39
FFSU,VT,536105656,536,1056,56,2024,4,True,BENZOYL PE,,,,,
FFSU,VT,23155068841,23155,688,41,2024,4,True,OCTREOTIDE,,,,,
FFSU,VA,43547033950,43547,339,50,2024,2,False,RISPERIDON,537.0,14.0,146.8,146.8,0.0
FFSU,VT,64896066101,64896,661,1,2024,4,True,"RYTARY, 23",,,,,
MCOU,VA,51991089533,51991,895,33,2024,1,True,ENTECAVIR ,,,,,
FFSU,VA,43547042409,43547,424,9,2024,1,True,LOSARTAN-H,,,,,
MCOU,VA,74714811,74,7148,11,2024,1,True,SYNTHROID ,,,,,
MCOU,VA,21922002504,21922,25,4,2024,2,False,KETOCONAZO,1575.0,66.0,1379.31,1368.9,10.41
MCOU,VA,6000530,6,5,30,2024,1,False,BELSOMRA  ,723.0,22.0,10339.3,10131.77,207.53
MCOU,VA,68084041501,68084,415,1,2024,2,True,DIVALPROEX,,,,,
MCOU,VA,39822041206,39822,412,6,2024,2,True,TOBRAMYCIN,,,,,
MCOU,VA,409909441,409,9094,41,2024,1,True,FENTANYL C,,,,,
MCOU,VA,58657052804,58657,528,4,2024,2,False,M-DRYL    ,5858.0,49.0,135.86,135.86,0.0
MCOU,VA,555097302,555,973,2,2024,1,False,DEXTROAMPH,152629.0,2431.0,85679.75,84591.3,1088.45
MCOU,VA,68682027145,68682,271,45,2024,1,True,HYDROCORTI,,,,,
FFSU,VA,64980022301,64980,223,1,2024,3,True,METHYLPHEN,,,,,
MCOU,VA,59137053004,59137,530,4,2024,1,False,RASUVO    ,17.6,11.0,6282.0,6282.0,0.0
MCOU,VA,59746024860,59746,248,60,2024,1,True,LAMOTRIGIN,,,,,
MCOU,VA,536120215,536,1202,15,2024,1,False,LIDOCAINE ,6814.0,459.0,93841.28,93838.28,3.0
MCOU,VA,70095002402,70095,24,2,2024,3,True,PANTOPRAZO,,,,,
MCOU,VA,597007575,597,75,75,2024,1,False,SPIRIVA HA,521.0,46.0,10646.78,10646.78,0.0
MCOU,VA,378797091,378,7970,91,2024,2,False,IPRATROPIU,7865.0,47.0,886.33,760.9,125.43
MCOU,VA,55111033901,55111,339,1,2024,1,False,AMLODIPINE,2971.0,72.0,2087.3,2068.87,18.43
MCOU,VA,54008813,54,88,13,2024,1,True,CALCIUM AC,,,,,
FFSU,VT,54092038101,54092,381,1,2024,4,False,ADDERALL X,1389.0,37.0,9869.08,9869.08,0.0
MCOU,VA,172208380,172,2083,80,2024,1,False,HYDROCHLOR,172061.0,3639.0,12108.38,12102.08,6.3
MCOU,VA,46122010846,46122,108,46,2024,2,False,LICE TREAT,1066.0,16.0,117.08,117.08,0.0
MCOU,VA,55111065990,55111,659,90,2024,2,True,ROPINIROLE,,,,,
FFSU,WA,65162063711,65162,637,11,2024,3,True,PANTOPRAZO,,,,,
FFSU,WA,69543045130,69543,451,30,2024,3,True,POTASSIUM ,,,,,
FFSU,VT,70700011585,70700,115,85,2024,2,False,SYEDA ORAL,5740.0,78.0,2031.4,2031.4,0.0
FFSU,WA,66733094823,66733,948,23,2024,3,True,ERBITUX 10,,,,,
MCOU,WA,29300022701,29300,227,1,2024,2,False,METRONIDAZ,3142.0,167.0,533.07,531.99,1.08
MCOU,WA,65862066430,65862,664,30,2024,3,False,ARIPIPRAZO,1208.0,50.0,965.67,965.67,0.0
FFSU,WA,54329446,54,3294,46,2024,2,True,FUROSEMIDE,,,,,
FFSU,WA,70377008013,70377,80,13,2024,3,True,ATORVASTAT,,,,,
FFSU,WA,378967193,378,9671,93,2024,3,True,IPRAT-ALBU,,,,,
FFSU,WA,65862029490,65862,294,90,2024,4,False,ROSUVASTAT,937.0,28.0,8233.37,8233.37,0.0
FFSU,VT,61874014530,61874,145,30,2024,1,False,VRAYLAR (C,608.0,17.0,27473.44,27473.44,0.0
FFSU,WA,43547037409,43547,374,9,2024,4,True,IRBESARTAN,,,,,
FFSU,WA,52817083004,52817,830,4,2024,4,True,LEVOCARNIT,,,,,
FFSU,VT,62559043130,62559,431,30,2024,2,False,HYDROCORTI,1680.0,52.0,1026.35,1026.35,0.0
FFSU,VT,72603014102,72603,141,2,2024,2,False,SUMATRIPTA,31.0,13.0,1941.49,1941.49,0.0
MCOU,WA,641613225,641,6132,25,2024,2,False,NALOXONE 0,85.5,15.0,294.0,294.0,0.0
FFSU,VT,23155083501,23155,835,1,2024,3,True,HYDRALAZIN,,,,,
FFSU,VT,47335075652,47335,756,52,2024,3,False,IPRATROPIU,8277.0,25.0,566.75,566.75,0.0
FFSU,WA,832602000,832,6020,0,2024,3,True,CHLORPROMA,,,,,
MCOU,WA,47335004940,47335,49,40,2024,3,True,DOXORUBICI,,,,,
MCOU,WA,16714056301,16714,563,1,2024,3,True,DEXMETHYLP,,,,,
FFSU,VT,51672411101,51672,4111,1,2024,3,True,PHENYTOIN ,,,,,
MCOU,WA,69918070027,69918,700,27,2024,3,True,SUCCINYLCH,,,,,
FFSU,VT,70000034001,70000,340,1,2024,2,True,LDR MICON ,,,,,
MCOU,WA,33342018010,33342,180,10,2024,4,False,OLMESARTAN,1440.0,24.0,1481.31,1477.3,4.01
FFSU,VT,51672419303,51672,4193,3,2024,2,True,CLOBETASOL,,,,,
FFSU,WA,641601301,641,6013,1,2024,2,True,DILTIAZEM ,,,,,
MCOU,WA,43598071910,43598,719,10,2024,2,False,CHLORTHALI,2940.0,56.0,420.46,420.46,0.0
MCOU,WA,27241016301,27241,163,1,2024,2,True,CAPTOPRIL ,,,,,
FFSU,VT,68001047203,68001,472,3,2024,1,True,DIVALPROEX,,,,,
MCOU,WA,68462057701,68462,577,1,2024,3,True,BENAZEPRIL,,,,,
MCOU,WA,93776824,93,7768,24,2024,2,True,EVEROLIMUS,,,,,
MCOU,VT,63323066400,63323,664,0,2024,2,True,DIPHENHYDR,,,,,
FFSU,WA,781320995,781,3209,95,2024,4,True,CEFTRIAXON,,,,,
FFSU,VT,58657011801,58657,118,1,2024,2,True,SODIUM CHL,,,,,
FFSU,VT,65862019430,65862,194,30,2024,1,False,FLUOXETINE,3234.0,52.0,712.5,702.7,9.8
MCOU,WA,50228011705,50228,117,5,2024,3,True,ROSUVASTAT,,,,,
FFSU,VT,13107003205,13107,32,5,2024,2,False,MIRTAZAPIN,3241.0,70.0,959.23,959.23,0.0
FFSU,WA,50742062101,50742,621,1,2024,2,True,NIFEDIPINE,,,,,
FFSU,VT,60505283403,60505,2834,3,2024,2,True,ATOMOXETIN,,,,,
FFSU,VT,70677016701,70677,167,1,2024,2,True,SM LAX PLU,,,,,
MCOU,WA,904690706,904,6907,6,2024,2,False,PSEUDOEPHE,720.0,19.0,20.08,20.08,0.0
MCOU,WA,27241005403,27241,54,3,2024,4,False,ARIPIPRAZO,2578.0,68.0,3974.86,3974.86,0.0
FFSU,WA,49001481,49,14,81,2024,4,True,UNASYN 3 G,,,,,
FFSU,VT,43547034306,43547,343,6,2024,1,True,RISPERIDON,,,,,
MCOU,WA,68645052254,68645,522,54,2024,3,False,SERTRALINE,105792.0,1929.0,8897.74,8396.06,501.68
MCOU,WA,68084096801,68084,968,1,2024,4,True,OXYCODONE ,,,,,
MCOU,WA,64980041310,64980,413,10,2024,3,False,PREGABALIN,3150.0,42.0,1392.32,1381.37,10.95
FFSU,VT,65162089803,65162,898,3,2024,3,False,ARIPIPRAZO,850.0,45.0,481.04,481.04,0.0
MCOU,WA,121076616,121,766,16,2024,2,False,CALCIUM CA,13162.0,88.0,319.73,319.73,0.0
FFSU,WA,536589571,536,5895,71,2024,4,False,NICOTINE 1,1974.0,74.0,3763.72,3763.72,0.0
MCOU,VT,16729048445,16729,484,45,2024,2,True,ATROPINE P,,,,,
FFSU,WA,536131485,536,1314,85,2024,4,False,CHEST CONG,231050.0,746.0,10077.73,10077.73,0.0
MCOU,WA,51672130903,51672,1309,3,2024,3,True,BETAMETHAS,,,,,
MCOU,WA,70000061002,70000,610,2,2024,4,True,SENNA 8.6 ,,,,,
MCOU,WA,23155084305,23155,843,5,2024,4,False,METFORMIN ,3479.0,52.0,115.24,115.24,0.0
MCOU,WA,33342013509,33342,135,9,2024,2,True,QUETIAPINE,,,,,
MCOU,WA,61314014315,61314,143,15,2024,3,True,BRIMONIDIN,,,,,
MCOU,WA,55111034305,55111,343,5,2024,2,True,CITALOPRAM,,,,,
FFSU,VT,31722000490,31722,4,90,2024,3,False,VENLAFAXIN,5624.0,87.0,1621.17,1621.17,0.0
FFSU,WA,93227434,93,2274,34,2024,2,True,AMOX-CLAV ,,,,,
MCOU,WA,536123441,536,1234,41,2024,3,False,ASPIRIN EC,49380.0,1456.0,1685.97,1681.74,4.23
MCOU,WA,78051005,78,510,5,2024,4,False,TEGRETOL X,3452.0,44.0,5340.63,5169.3,171.33
MCOU,WA,72305013730,72305,137,30,2024,3,True,EUTHYROX 1,,,,,
FFSU,WA,603188016,603,1880,16,2024,4,False,LIDOCAINE ,8065.0,278.0,65917.8,65708.76,209.04
MCOU,WA,68382013516,68382,135,16,2024,3,False,LOSARTAN P,13039.0,225.0,1386.89,1374.52,12.37
FFSU,WA,310111030,310,1110,30,2024,3,True,LOKELMA 10,,,,,
MCOU,WA,57237023301,57237,233,1,2024,4,False,SULFAMETHO,3897.0,234.0,424.78,366.7,58.08
FFSU,VT,64380084206,64380,842,6,2024,1,True,PIROXICAM ,,,,,
MCOU,WA,93031105,93,311,5,2024,2,True,LOPERAMIDE,,,,,
FFSU,VT,31722001701,31722,17,1,2024,3,False,FAMOTIDINE,29710.0,383.0,5084.34,5084.34,0.0
FFSU,VT,72205008430,72205,84,30,2024,1,True,TIAGABINE ,,,,,
MCOU,WA,16571068701,16571,687,1,2024,3,True,HYDROXYCHL,,,,,
FFSU,VT,50458058601,50458,586,1,2024,2,False,CONCERTA 3,57153.111,1768.0,763834.48,762767.01,1067.47
FFSU,VT,67877063830,67877,638,30,2024,2,False,LURASIDONE,3851.0,100.0,1792.92,1792.92,0.0
MCOU,WA,173071720,173,717,20,2024,4,False,ADVAIR HFA,192.0,12.0,4878.58,3106.46,1772.12
MCOU,WA,65862016899,65862,168,99,2024,4,False,ATENOLOL 2,7038.0,145.0,651.11,651.11,0.0
MCOU,WA,29300018701,29300,187,1,2024,3,True,BISOPROLOL,,,,,
FFSU,WA,59572071101,59572,711,1,2024,2,True,REBLOZYL 2,,,,,
MCOU,WA,378581577,378,5815,77,2024,4,False,VALSARTAN ,618.0,11.0,285.87,285.87,0.0
FFSU,WA,338055318,338,553,18,2024,4,False,SODIUM CHL,2400.0,24.0,468.45,468.45,0.0
MCOU,WA,10019011501,10019,115,1,2024,3,True,BREVIBLOC ,,,,,
MCOU,VT,63323026950,63323,269,50,2024,3,False,DIPRIVAN (,468.0,36.0,0.0,0.0,0.0
MCOU,WA,46122062978,46122,629,78,2024,3,True,8HR ARTHRI,,,,,
MCOU,WA,378180977,378,1809,77,2024,2,False,LEVOTHYROX,720.0,20.0,96.02,89.42,6.6
MCOU,WA,59746044990,59746,449,90,2024,2,True,IRBESARTAN,,,,,
MCOU,WA,69367038605,69367,386,5,2024,4,True,CIPROFLOXA,,,,,
MCOU,WA,409127332,409,1273,32,2024,2,False,DIAZEPAM 1,126.0,66.0,279.29,279.29,0.0
FFSU,WA,16714079801,16714,798,1,2024,3,True,SUMATRIPTA,,,,,
FFSU,VT,70710135103,70710,1351,3,2024,1,True,COLCHICINE,,,,,
MCOU,WA,64380087806,64380,878,6,2024,4,False,ETHOSUXIMI,4690.0,40.0,3558.55,3464.43,94.12
MCOU,WA,76385012601,76385,126,1,2024,4,True,SOTALOL AF,,,,,
FFSU,VT,59011075804,59011,758,4,2024,2,False,BUTRANS (B,60.0,19.0,7702.02,7702.02,0.0
FFSU,VT,70710148301,70710,1483,1,2024,2,False,URSODIOL C,2765.0,19.0,1376.84,1376.84,0.0
MCOU,WA,21922003923,21922,39,23,2024,2,False,METRONIDAZ,3430.0,48.0,1688.26,1651.28,36.98
FFSU,WA,23155002810,23155,28,10,2024,2,False,FLUOXETINE,510.0,17.0,167.4,167.4,0.0
MCOU,WA,70710164106,70710,1641,6,2024,3,False,LUBIPROSTO,2070.0,32.0,3004.87,2857.01,147.86
MCOU,WA,70752013005,70752,130,5,2024,4,False,TRIAMCINOL,1920.0,32.0,509.14,509.14,0.0
FFSU,VT,68992307501,68992,3075,1,2024,1,True,ENVARSUS X,,,,,
MCOU,WA,53746044210,53746,442,10,2024,3,False,MECLIZINE ,4208.0,99.0,527.72,527.72,0.0
MCOU,WA,68382056701,68382,567,1,2024,4,False,METOPROLOL,6567.0,80.0,2461.73,2461.73,0.0
FFSU,WA,591288830,591,2888,30,2024,2,True,HYDROXOCOB,,,,,
FFSU,WA,72578008904,72578,89,4,2024,3,True,NYSTATIN 1,,,,,
FFSU,WA,16729026764,16729,267,64,2024,3,True,DOCETAXEL ,,,,,
FFSU,WA,172208960,172,2089,60,2024,3,True,HYDROCHLOR,,,,,
MCOU,WA,52536010605,52536,106,5,2024,4,True,VANCOMYCIN,,,,,
FFSU,WA,23155048901,23155,489,1,2024,4,False,DESMOPRESS,1614.0,12.0,669.57,644.96,24.61
FFSU,VT,45802053232,45802,532,32,2024,2,True,KETOCONAZO,,,,,
FFSU,WA,33342048130,33342,481,30,2024,2,True,NYSTATIN 1,,,,,
MCOU,WA,10702001110,10702,11,10,2024,2,False,HYDROXYZIN,21649.0,371.0,2032.23,2020.59,11.64
FFSU,WA,70700011985,70700,119,85,2024,3,True,ESTARYLLA ,,,,,
MCOU,WA,47781072902,47781,729,2,2024,2,True,VANCOMYCIN,,,,,
MCOU,WA,904600861,904,6008,61,2024,2,False,LORAZEPAM ,1634.0,213.0,59.0,59.0,0.0
MCOU,WA,70710134803,70710,1348,3,2024,4,False,VENLAFAXIN,593.0,15.0,985.61,960.29,25.32
MCOU,WA,60951060285,60951,602,85,2024,3,True,ENDOCET 5-,,,,,
MCOU,WA,27241004910,27241,49,10,2024,3,False,ENTACAPONE,1730.0,20.0,969.04,969.04,0.0
FFSU,WA,21922002504,21922,25,4,2024,3,True,KETOCONAZO,,,,,
FFSU,VT,63824024220,63824,242,20,2024,1,True,MUCINEX SI,,,,,
MCOU,WA,42858086906,42858,869,6,2024,4,True,DRONABINOL,,,,,
MCOU,WA,378428785,378,4287,85,2024,2,True,ELETRIPTAN,,,,,
MCOU,WA,72618300002,72618,3000,2,2024,3,False,NURTEC ODT,12605.0,1233.0,1501363.71,1479396.06,21967.65
MCOU,WA,16714034604,16714,346,4,2024,4,False,DASETTA 7/,2100.0,44.0,573.51,573.51,0.0
FFSU,WA,16729020216,16729,202,16,2024,2,True,BUSPIRONE ,,,,,
FFSU,WA,781169501,781,1695,1,2024,3,True,ISOSORBIDE,,,,,
MCOU,WA,78045605,78,456,5,2024,2,True,TRILEPTAL ,,,,,
MCOU,WA,24385048447,24385,484,47,2024,4,True,GNP PAIN R,,,,,
MCOU,WA,68382014005,68382,140,5,2024,3,False,TOPIRAMATE,94577.438,1544.0,8570.31,8415.26,155.05
MCOU,WA,9307322,9,3073,22,2024,4,True,DEPO-MEDRO,,,,,
FFSU,VT,51991034806,51991,348,6,2024,2,True,LACOSAMIDE,,,,,
MCOU,WA,21922000101,21922,1,1,2024,4,False,FLUOCINONI,1800.0,28.0,826.67,749.39,77.28
MCOU,WA,63323011700,63323,117,0,2024,4,True,FLUOROURAC,,,,,
MCOU,WA,6508701,6,5087,1,2024,2,True,WINREVAIR ,,,,,
MCOU,WA,39822552502,39822,5525,2,2024,4,True,PROMETHAZI,,,,,
MCOU,WA,23155075205,23155,752,5,2024,4,False,BENAZEPRIL,1530.0,20.0,107.53,107.53,0.0
MCOU,WA,536129801,536,1298,1,2024,2,True,FAMOTIDINE,,,,,
FFSU,VT,51672125801,51672,1258,1,2024,1,True,CLOBETASOL,,,,,
FFSU,WA,33342032186,33342,321,86,2024,3,True,CLOBETASOL,,,,,
FFSU,WA,55111046605,55111,466,5,2024,2,False,METOPROLOL,1236.0,31.0,467.03,458.44,8.59
MCOU,WA,47335022090,47335,220,90,2024,2,True,KETOROLAC ,,,,,
FFSU,VT,65862066630,65862,666,30,2024,3,False,ARIPIPRAZO,532.0,16.0,232.08,232.08,0.0
FFSU,VT,67457043322,67457,433,22,2024,3,True,FAMOTIDINE,,,,,
FFSU,VT,59651030930,59651,309,30,2024,2,False,FLUOXETINE,632.0,16.0,253.91,253.91,0.0
FFSU,WA,55150020210,55150,202,10,2024,4,False,PANTOPRAZO,16.0,14.0,206.68,206.68,0.0
FFSU,VT,31722014805,31722,148,5,2024,2,False,GABAPENTIN,37182.0,334.0,4374.14,4374.14,0.0
MCOU,WA,378292293,378,2922,93,2024,4,True,TELMISARTA,,,,,
MCOU,WA,31722053612,31722,536,12,2024,2,False,LEVETIRACE,11858.0,135.0,703.87,693.99,9.88
FFSU,VT,67877042805,67877,428,5,2024,3,True,GABAPENTIN,,,,,
FFSU,WA,68462063801,68462,638,1,2024,4,True,NITROGLYCE,,,,,
FFSU,WA,781323863,781,3238,63,2024,3,True,ENOXAPARIN,,,,,
FFSU,VT,76204060060,76204,600,60,2024,3,False,IPRATROPIU,12330.0,38.0,971.0,971.0,0.0
MCOU,WA,75854060203,75854,602,3,2024,3,True,BALCOLTRA ,,,,,
MCOU,WA,13925016604,13925,166,4,2024,2,False,PREDNISOLO,3646.0,45.0,1237.9,1237.9,0.0
MCOU,WA,42806012101,42806,121,1,2024,4,True,SOTALOL AF,,,,,
FFSU,VT,33342020010,33342,200,10,2024,3,False,LEVOCETIRI,919.0,24.0,302.42,302.42,0.0
MCOU,WA,57237001106,57237,11,6,2024,2,False,MIRTAZAPIN,1936.0,45.0,828.71,828.71,0.0
FFSU,WA,76204080025,76204,800,25,2024,3,True,LEVALBUTER,,,,,
FFSU,VT,45802049071,45802,490,71,2024,2,False,NAPROXEN S,2831.0,53.0,615.04,615.04,0.0
MCOU,WA,69315028805,69315,288,5,2024,3,True,FENOFIBRAT,,,,,
FFSU,VT,75826010700,75826,107,0,2024,1,True,DIPHENOXYL,,,,,
MCOU,VT,44567062024,44567,620,24,2024,2,True,CALCIUM GL,,,,,
MCOU,WA,31722063690,31722,636,90,2024,4,True,SILODOSIN ,,,,,
MCOU,WA,29300042401,29300,424,1,2024,3,False,AMITRIPTYL,6480.0,127.0,4682.22,4682.22,0.0
MCOU,WA,68382001901,68382,19,1,2024,3,False,VENLAFAXIN,6121.0,100.0,840.64,840.64,0.0
FFSU,VT,23155005519,23155,55,19,2024,1,False,NARATRIPTA,135.0,15.0,288.6,288.6,0.0
FFSU,VT,904674817,904,6748,17,2024,1,True,BISACODYL ,,,,,
MCOU,WA,51991081901,51991,819,1,2024,2,False,PROPRANOLO,5264.0,81.0,1425.42,1425.42,0.0
FFSU,VT,597030093,597,300,93,2024,1,True,SYNJARDY X,,,,,
FFSU,VT,59011042020,59011,420,20,2024,3,True,OXYCONTIN ,,,,,
MCOU,WA,43547027603,43547,276,3,2024,4,False,DONEPEZIL ,720.0,12.0,82.66,82.66,0.0
MCOU,WA,64380088404,64380,884,4,2024,4,False,CINACALCET,734.0,21.0,18489.39,17802.45,686.94
FFSU,VT,480869010,480,8690,10,2024,1,True,LEVOTHYROX,,,,,
FFSU,VT,93314701,93,3147,1,2024,1,False,CEPHALEXIN,3285.0,124.0,1546.03,1546.03,0.0
MCOU,WA,338130141,338,1301,41,2024,2,True,CEFEPIME 1,,,,,
FFSU,WA,555903270,555,9032,70,2024,2,True,TRI-LEGEST,,,,,
FFSU,VT,68682011102,68682,111,2,2024,1,True,PIMECROLIM,,,,,
MCOU,WA,24979020001,24979,200,1,2024,2,False,DICYCLOMIN,10344.0,151.0,1129.34,1129.34,0.0
MCOU,WA,43598043701,43598,437,1,2024,3,True,NITROGLYCE,,,,,
MCOU,WA,16714008110,16714,81,10,2024,3,False,HYDROXYZIN,106083.0,1659.0,5056.28,4960.74,95.54
MCOU,WA,67877042801,67877,428,1,2024,4,True,GABAPENTIN,,,,,
FFSU,VT,55111046605,55111,466,5,2024,1,False,METOPROLOL,1680.0,18.0,263.0,263.0,0.0
FFSU,WA,65862016999,65862,169,99,2024,4,True,ATENOLOL 5,,,,,
FFSU,WA,45802014753,45802,147,53,2024,4,True,CETIRIZINE,,,,,
FFSU,VT,68001015303,68001,153,3,2024,1,True,CARVEDILOL,,,,,
MCOU,WA,70752010710,70752,107,10,2024,4,False,CYPROHEPTA,8130.0,177.0,1224.24,1196.74,27.5
MCOU,WA,527193206,527,1932,6,2024,4,True,CLARITHROM,,,,,
MCOU,WA,72578010384,72578,103,84,2024,4,False,MIRTAZAPIN,1295.0,38.0,712.95,712.95,0.0
MCOU,WA,68682070630,68682,706,30,2024,3,True,DILTIAZEM ,,,,,
FFSU,VT,68001033408,68001,334,8,2024,3,True,LISINOPRIL,,,,,
FFSU,WA,50458059601,50458,596,1,2024,3,True,RISPERIDON,,,,,
MCOU,WA,51672400105,51672,4001,5,2024,3,True,NORTRIPTYL,,,,,
MCOU,WA,72205009592,72205,95,92,2024,4,False,LEVETIRACE,28384.0,347.0,4585.37,4560.7,24.67
FFSU,VT,16714089101,16714,891,1,2024,2,True,SUMA+NA SO,,,,,
FFSU,WA,73179025090,73179,250,90,2024,4,True,SKYCLARYS ,,,,,
FFSU,VT,70752010711,70752,107,11,2024,2,False,CYPROHEPTA,1101.0,17.0,260.63,260.63,0.0
MCOU,WA,46122054703,46122,547,3,2024,3,True,INFANT GAS,,,,,
FFSU,WA,65862084601,65862,846,1,2024,4,True,CLOZAPINE ,,,,,
FFSU,WA,16714007204,16714,72,4,2024,2,False,BACLOFEN 2,847.0,12.0,169.8,169.8,0.0
FFSU,WA,68462050165,68462,501,65,2024,4,True,CALCIPOTRI,,,,,
FFSU,VT,72205009692,72205,96,92,2024,1,False,LEVETIRACE,4439.0,36.0,841.09,825.87,15.22
MCOU,WA,378797093,378,7970,93,2024,4,False,IPRATROPIU,3384.0,49.0,191.67,191.67,0.0
FFSU,WI,555904758,555,9047,58,2024,2,False,ENPRESSE T,756.0,11.0,319.31,319.31,0.0
FFSU,WI,43598089530,43598,895,30,2024,2,True,NITROGLYCE,,,,,
FFSU,WA,29300012510,29300,125,10,2024,1,False,MELOXICAM ,553.0,20.0,202.32,202.32,0.0
FFSU,WI,944303202,944,3032,2,2024,2,True,RIXUBIS RF,,,,,
FFSU,WI,456112030,456,1120,30,2024,1,False,VIIBRYD 20,19184.0,562.0,222443.57,217636.54,4807.03
FFSU,WI,832600611,832,6006,11,2024,2,False,FLUPHENAZI,2770.0,39.0,1943.47,1911.47,32.0
FFSU,WI,62332002430,62332,24,30,2024,2,True,FLUOXETINE,,,,,
FFSU,WI,49884048611,49884,486,11,2024,2,True,LAMOTRIGIN,,,,,
FFSU,WI,24979018301,24979,183,1,2024,3,True,DILTIAZEM ,,,,,
FFSU,WI,65862085630,65862,856,30,2024,4,False,AMLODIPINE,710.0,24.0,511.58,500.58,11.0
FFSU,WA,62332003431,62332,34,31,2024,1,True,ROPINIROLE,,,,,
FFSU,WI,16714055001,16714,550,1,2024,4,False,LACOSAMIDE,2487.0,40.0,1311.5,1100.26,211.24
FFSU,WI,46122062978,46122,629,78,2024,4,False,GNP PAIN R,2552.0,31.0,433.84,422.84,11.0
MCOU,WA,904711061,904,7110,61,2024,1,True,LABETALOL ,,,,,
FFSU,WA,31722072790,31722,727,90,2024,1,False,MONTELUKAS,750.0,25.0,310.05,310.05,0.0
FFSU,WI,70677107801,70677,1078,1,2024,2,False,F&T GAS RE,510.0,14.0,178.28,178.28,0.0
FFSU,WA,60505620201,60505,6202,1,2024,2,True,CYCLOSPORI,,,,,
FFSU,WA,63323080612,63323,806,12,2024,2,True,FENTANYL 1,,,,,
FFSU,WI,49884033901,49884,339,1,2024,3,True,DEXMETHYLP,,,,,
FFSU,WI,68382074616,68382,746,16,2024,3,False,TIADYLT ER,916.0,19.0,494.5,429.72,64.78
FFSU,WI,57664037718,57664,377,18,2024,3,False,TRAMADOL H,41080.0,749.0,9206.52,8629.97,576.55
MCOU,WA,65162071310,65162,713,10,2024,2,True,GUANFACINE,,,,,
FFSU,WI,45802009851,45802,98,51,2024,2,True,MESALAMINE,,,,,
MCOU,WA,24979003703,24979,37,3,2024,1,True,METOPROLOL,,,,,
FFSU,WI,10702005750,10702,57,50,2024,4,False,OXYCODONE ,3001.0,26.0,1039.42,1022.42,17.0
MCOU,WA,536132197,536,1321,97,2024,1,False,CHILDRENS ,24436.0,139.0,433.49,433.49,0.0
FFSU,WI,70594004801,70594,48,1,2024,2,True,VANCOMYCIN,,,,,
FFSU,WI,13668027105,13668,271,5,2024,1,False,CARBAMAZEP,12045.0,73.0,4354.42,3963.7,390.72
FFSU,WI,378911998,378,9119,98,2024,1,False,FENTANYL T,687.0,78.0,7369.65,7046.21,323.44
MCOU,WA,64980037803,64980,378,3,2024,1,False,ATOMOXETIN,5071.0,178.0,5604.47,5604.47,0.0
FFSU,WI,31722013631,31722,136,31,2024,2,False,SILDENAFIL,1680.0,15.0,337.65,337.65,0.0
FFSU,WI,64980043110,64980,431,10,2024,2,False,OXYBUTYNIN,5823.0,106.0,1488.24,1389.24,99.0
MCOU,WA,10370026801,10370,268,1,2024,1,True,TRETINOIN ,,,,,
FFSU,WA,75834029205,75834,292,5,2024,1,True,METOPROLOL,,,,,
MCOU,WA,641047621,641,476,21,2024,1,True,PHENOBARBI,,,,,
FFSU,WA,63323041115,63323,411,15,2024,1,True,MIDAZOLAM ,,,,,
FFSU,WI,69097084705,69097,847,5,2024,3,False,ESCITALOPR,9731.0,208.0,2615.78,2538.83,76.95
MCOU,WA,93005305,93,53,5,2024,1,False,BUSPIRONE ,10672.0,144.0,542.1,542.1,0.0
FFSU,WI,31722017501,31722,175,1,2024,1,True,METHYLPHEN,,,,,
FFSU,WA,781711954,781,7119,54,2024,1,True,ESTRADIOL ,,,,,
MCOU,WA,27808022501,27808,225,1,2024,1,False,PALIPERIDO,2510.0,83.0,6292.8,6292.8,0.0
FFSU,WI,72572008301,72572,83,1,2024,2,True,CYCLOPHOSP,,,,,
FFSU,WI,536303023,536,3030,23,2024,4,False,NICOTINE G,53438.0,432.0,17990.94,17900.59,90.35
MCOU,WA,68180061607,68180,616,7,2024,1,False,QUETIAPINE,5274.0,133.0,2911.38,2911.38,0.0
FFSU,WA,55513073001,55513,730,1,2024,1,False,XGEVA (DEN,36.551,22.0,56280.8,56280.8,0.0
FFSU,WI,31722066410,31722,664,10,2024,2,True,ESOMEPRAZO,,,,,
FFSU,WI,68462050329,68462,503,29,2024,4,False,HAILEY FE ,4256.0,55.0,1237.4,1237.4,0.0
FFSU,WI,527516082,527,5160,82,2024,2,True,MYCOPHENOL,,,,,
FFSU,WA,68180035302,68180,353,2,2024,2,False,SERTRALINE,1953.0,48.0,572.44,559.18,13.26
FFSU,WI,65649040001,65649,400,1,2024,2,False,PLENVU KIT,38.0,38.0,5643.64,5443.31,200.33
MCOU,WA,71858012005,71858,120,5,2024,1,True,TIROSINT-S,,,,,
MCOU,WA,131247860,131,2478,60,2024,1,True,VIMPAT 100,,,,,
MCOU,WA,71288043792,71288,437,92,2024,1,True,ENOXAPARIN,,,,,
FFSU,WI,70010019110,70010,191,10,2024,3,False,PANTOPRAZO,533.0,17.0,258.91,248.61,10.3
FFSU,WI,72888004505,72888,45,5,2024,4,False,PRIMIDONE ,1980.0,19.0,464.9,443.14,21.76
FFSU,WI,409610235,409,6102,35,2024,4,True,FUROSEMIDE,,,,,
FFSU,WI,591505210,591,5052,10,2024,1,False,PREDNISONE,46673.0,1132.0,13634.99,12853.78,781.21
FFSU,WI,93738605,93,7386,5,2024,2,False,VENLAFAXIN,1194.0,36.0,649.77,640.77,9.0
FFSU,WI,45802009851,45802,98,51,2024,1,True,MESALAMINE,,,,,
FFSU,WA,62011038601,62011,386,1,2024,2,True,HM STOOL S,,,,,
FFSU,WI,63323071100,63323,711,0,2024,2,False,LEUCOVORIN,9.4,22.0,221.34,221.34,0.0
FFSU,WI,42543040801,42543,408,1,2024,3,False,POTASSIUM ,1380.0,17.0,472.33,457.33,15.0
MCOU,WA,68382047178,68382,471,78,2024,1,True,TELMISARTA,,,,,
FFSU,WI,55111019605,55111,196,5,2024,2,False,CLOPIDOGRE,53899.0,972.0,13157.39,11632.9,1524.49
MCOU,WA,72603014301,72603,143,1,2024,1,False,METOPROL S,68916.0,900.0,7896.48,7896.48,0.0
FFSU,WI,24338085503,24338,855,3,2024,2,False,ZENZEDI 20,1206.0,21.0,11297.33,10413.34,883.99
FFSU,WI,16714088910,16714,889,10,2024,3,True,ERTAPENEM ,,,,,
FFSU,WI,50881001060,50881,10,60,2024,4,False,JAKAFI    ,1500.0,24.0,426039.2,425949.2,90.0
MCOU,WA,62756096888,62756,968,88,2024,1,True,CALCITRIOL,,,,,
FFSU,WI,63323004710,63323,47,10,2024,2,True,HEPARIN SO,,,,,
MCOU,WA,62011038701,62011,387,1,2024,2,True,HM SENNA 8,,,,,
MCOU,WA,67877059101,67877,591,1,2024,1,False,METOPROLOL,2640.0,26.0,243.94,243.94,0.0
FFSU,WI,53746051505,53746,515,5,2024,3,False,SPIRONOLAC,1920.0,23.0,684.68,603.5,81.18
FFSU,WA,517100401,517,1004,1,2024,1,True,ATROPINE S,,,,,
FFSU,WA,16714026101,16714,261,1,2024,1,True,AMITRIPTY ,,,,,
FFSU,WA,69238183901,69238,1839,1,2024,1,True,LEVOTHYROX,,,,,
FFSU,WI,65862060230,65862,602,30,2024,4,True,MODAFINIL ,,,,,
FFSU,WI,63304004227,63304,42,27,2024,3,True,LENALIDOMI,,,,,
FFSU,WI,50458063965,50458,639,65,2024,1,False,TOPAMAX 25,3594.0,25.0,21909.37,20673.07,1236.3
FFSU,WA,70010014905,70010,149,5,2024,1,False,BUTALBITAL,900.0,12.0,255.48,255.48,0.0
FFSU,WA,69584085410,69584,854,10,2024,1,True,SPIRONOLAC,,,,,
FFSU,WI,50742036360,50742,363,60,2024,3,True,IVABRADINE,,,,,
MCOU,WA,68001033600,68001,336,0,2024,2,False,LISINOPRIL,2041.0,46.0,165.41,150.01,15.4
FFSU,WI,68382050001,68382,500,1,2024,3,False,OMEPRAZOLE,746.0,19.0,236.75,213.75,23.0
FFSU,WI,68001061200,68001,612,0,2024,2,True,DICLOFENAC,,,,,
FFSU,WI,51672401105,51672,4011,5,2024,1,False,CLOMIPRAMI,566.0,14.0,326.37,315.37,11.0
FFSU,WI,72205005108,72205,51,8,2024,4,False,ALBENDAZOL,223.0,30.0,2118.48,2113.48,5.0
FFSU,WI,68462013001,68462,130,1,2024,2,False,ZONISAMIDE,22809.0,265.0,5685.33,5024.94,660.39
FFSU,WI,59148004013,59148,40,13,2024,3,False,REXULTI 4.,4413.0,151.0,209199.16,208954.16,245.0
FFSU,WA,67877022401,67877,224,1,2024,1,False,GABAPENTIN,913.0,14.0,186.96,186.96,0.0
FFSU,WI,64380071307,64380,713,7,2024,4,False,BENZONATAT,24910.0,912.0,12412.59,11783.48,629.11
FFSU,WI,406012405,406,124,5,2024,3,False,HYDROCODON,87437.0,1108.0,24805.85,23844.58,961.27
MCOU,WA,641607801,641,6078,1,2024,1,False,ONDANSETRO,777.5,301.0,4354.47,4354.47,0.0
MCOU,WA,29300024505,29300,245,5,2024,1,False,BUSPIRONE ,148525.0,1801.0,7497.98,7497.98,0.0
FFSU,WI,169183711,169,1837,11,2024,1,False,NOVOLIN 70,370.0,14.0,1981.87,1981.87,0.0
FFSU,WI,169770521,169,7705,21,2024,1,False,NORDITROPI,879.0,202.0,921009.45,805167.61,115841.84
FFSU,WI,50742026103,50742,261,3,2024,2,False,NIFEDIPINE,1228.0,28.0,502.99,454.09,48.9
FFSU,WI,54372144,54,3721,44,2024,3,True,PREDNISON ,,,,,
MCOU,WA,65862029490,65862,294,90,2024,1,False,ROSUVASTAT,26630.0,355.0,2425.73,2425.73,0.0
FFSU,WI,70756041211,70756,412,11,2024,3,False,NITROFURAN,1344.0,61.0,1145.1,1046.16,98.94
FFSU,WI,69367062601,69367,626,1,2024,4,True,PHENOBARBI,,,,,
FFSU,WI,70010013501,70010,135,1,2024,2,False,POTASSIUM ,3585.0,79.0,1307.39,1193.66,113.73
FFSU,WI,55150028220,55150,282,20,2024,2,False,ERTAPENEM ,160.0,37.0,6967.53,6523.19,444.34
FFSU,WI,59651080801,59651,808,1,2024,3,False,MECLIZINE ,10912.0,269.0,3092.83,2731.95,360.88
FFSU,WI,16714013301,16714,133,1,2024,3,False,DOXEPIN HC,1194.0,36.0,623.78,545.61,78.17
FFSU,WI,45802070694,45802,706,94,2024,4,True,TAZAROTENE,,,,,
FFSU,WI,406055262,406,552,62,2024,4,False,OXYCODONE ,334.0,19.0,241.85,235.85,6.0
MCOU,WA,406577101,406,5771,1,2024,1,False,METHADONE ,44460.0,364.0,5153.7,5153.7,0.0
FFSU,WI,597036082,597,360,82,2024,1,False,PRADAXA 15,3968.0,67.0,13555.59,12476.0,1079.59
FFSU,WI,72888012201,72888,122,1,2024,2,False,LABETALOL ,1522.0,14.0,469.5,450.29,19.21
FFSU,WI,50228048101,50228,481,1,2024,2,False,DILTIAZEM ,2658.0,34.0,534.42,508.42,26.0
FFSU,WI,16729014601,16729,146,1,2024,1,True,QUETIAPINE,,,,,
FFSU,WI,72205001190,72205,11,90,2024,2,False,PREGABALIN,31737.0,508.0,7039.05,6538.54,500.51
FFSU,WI,49233045,49,2330,45,2024,3,True,RELPAX (EL,,,,,
FFSU,WI,93614882,93,6148,82,2024,2,False,CAMRESE LO,1092.0,12.0,286.67,286.21,0.46
FFSU,WI,62332014990,62332,149,90,2024,3,True,OLMESARTAN,,,,,
FFSU,WI,60219142505,60219,1425,5,2024,3,True,VIGABATRIN,,,,,
MCOU,WA,62756014301,62756,143,1,2024,1,True,METFORMIN ,,,,,
FFSU,WI,16714013001,16714,130,1,2024,4,False,TRIAMCIN A,158.0,134.0,412.7,409.4,3.3
FFSU,WI,68180042201,68180,422,1,2024,2,False,MOXIFLOXAC,6114.0,2006.0,37034.66,35658.73,1375.93
FFSU,WI,57237017105,57237,171,5,2024,2,False,ROSUVASTAT,3770.0,128.0,2072.85,1872.7,200.15
FFSU,WI,143988775,143,9887,75,2024,4,False,AMOXICILLI,1004763.5,6550.0,99684.17,97984.84,1699.33
FFSU,WI,121067585,121,675,85,2024,1,False,VALPROIC A,641832.0,1139.0,35131.32,31066.95,4064.37
FFSU,WI,46122071860,46122,718,60,2024,3,True,NICOTINE P,,,,,
FFSU,WI,62756046188,62756,461,88,2024,2,True,CARBIDOPA ,,,,,
FFSU,WI,487020103,487,201,3,2024,4,False,IPRATROPIU,193191.022,1043.0,23092.26,21626.62,1465.64
FFSU,WI,24385037926,24385,379,26,2024,2,False,DIPHEDRYL ,1553.334,12.0,116.63,115.79,0.84
MCOU,WA,68180035206,68180,352,6,2024,1,False,SERTRALINE,1935.0,40.0,150.98,150.98,0.0
FFSU,WA,536589571,536,5895,71,2024,1,True,NICOTINE T,,,,,
FFSU,WI,378459401,378,4594,1,2024,4,False,METOPROLOL,1325.0,24.0,438.79,395.79,43.0
FFSU,WI,62332014271,62332,142,71,2024,4,False,CELECOXIB ,15774.0,363.0,5393.42,4966.73,426.69
FFSU,WI,60505613000,60505,6130,0,2024,2,False,ONDANSETRO,122.0,40.0,25.34,22.04,3.3
FFSU,WI,13668004905,13668,49,5,2024,4,False,LAMOTRIGIN,7074.0,182.0,2580.66,2426.79,153.87
FFSU,WI,409206605,409,2066,5,2024,4,True,LIDOCAINE ,,,,,
FFSU,WI,69315028809,69315,288,9,2024,2,True,FENOFIBRAT,,,,,
MCOU,WA,59651078105,59651,781,5,2024,1,False,GLIPIZIDE ,6034.0,84.0,979.54,979.54,0.0
FFSU,WI,65862000801,65862,8,1,2024,3,False,METFORMIN ,5281.0,42.0,331.92,288.92,43.0
FFSU,WI,45802012932,45802,129,32,2024,1,True,HALOBETASO,,,,,
FFSU,WI,16714076302,16714,763,2,2024,1,True,CALCIPOTRI,,,,,
MCOU,WA,68180096909,68180,969,9,2024,2,False,LEVOTHYROX,1972.0,60.0,169.94,169.94,0.0
MCOU,WA,68382011614,68382,116,14,2024,2,False,RISPERIDON,8723.0,186.0,510.81,506.59,4.22
MCOU,WA,713022980,713,229,80,2024,1,False,TRIAMCINOL,2400.0,30.0,212.88,212.88,0.0
FFSU,WI,50228011310,50228,113,10,2024,4,False,FLUOXETINE,19088.0,383.0,4819.73,4489.27,330.46
FFSU,WA,228278011,228,2780,11,2024,1,True,PROPRANOLO,,,,,
FFSU,WA,70000049201,70000,492,1,2024,1,True,LDR CHD A/,,,,,
FFSU,WI,536118297,536,1182,97,2024,1,True,GUAIFENESI,,,,,
MCOU,WA,68382040801,68382,408,1,2024,2,False,HALOPERIDO,2656.0,37.0,604.78,604.78,0.0
FFSU,WI,70121146705,70121,1467,5,2024,4,False,MEDROXYPRO,14.0,14.0,1148.02,1148.02,0.0
FFSU,WI,47335075652,47335,756,52,2024,3,False,IPRATROPIU,24621.0,89.0,2556.46,2436.44,120.02
FFSU,WA,70677111501,70677,1115,1,2024,2,True,FT CHILD I,,,,,
FFSU,WI,59651003212,59651,32,12,2024,2,False,IBUPROFEN ,81552.0,353.0,3674.1,3531.13,142.97
FFSU,WI,2882427,2,8824,27,2024,1,False,HUMULIN R ,8280.0,438.0,769720.39,745413.27,24307.12
FFSU,WI,16571041210,16571,412,10,2024,4,False,CIPROFLOXA,7223.0,429.0,5415.76,5048.86,366.9
MCOU,WA,62332012490,62332,124,90,2024,2,True,PREGABALIN,,,,,
FFSU,WI,47781017401,47781,174,1,2024,1,False,MIXED AMPH,1256.0,32.0,747.24,728.5,18.74
FFSU,WI,59651038901,59651,389,1,2024,2,False,BUSPIRONE ,720.0,13.0,177.43,172.43,5.0
MCOU,WA,406511301,406,5113,1,2024,1,False,LISDEXAMFE,2718.0,92.0,13390.35,13390.35,0.0
FFSU,WI,43547033009,43547,330,9,2024,2,False,IRBESARTAN,600.0,20.0,376.69,355.69,21.0
MCOU,WA,68001033400,68001,334,0,2024,1,False,LISINOPRIL,2280.0,78.0,169.03,169.03,0.0
MCOU,WA,378912398,378,9123,98,2024,1,True,FENTANYL T,,,,,
FFSU,WI,832830230,832,8302,30,2024,4,True,ISOTRETINO,,,,,
FFSU,WI,63323027810,63323,278,10,2024,3,False,VINBLASTIN,130.0,11.0,521.48,521.48,0.0
FFSU,WI,23155083001,23155,830,1,2024,2,True,MYCOPHENOL,,,,,
MCOU,WA,51862085601,51862,856,1,2024,1,False,CARBIDOPA ,5028.0,26.0,323.69,323.69,0.0
FFSU,WA,50242010501,50242,105,1,2024,1,True,POLIVY 140,,,,,
FFSU,WI,42858010450,42858,104,50,2024,1,False,OXYCODONE ,17211.0,177.0,5710.11,5494.65,215.46
MCOU,WA,49884021255,49884,212,55,2024,1,False,RISPERIDON,6364.0,123.0,15159.64,15159.64,0.0
MCOU,WA,65862070360,65862,703,60,2024,2,False,ZIPRASIDON,6908.0,115.0,1609.19,1597.81,11.38
FFSU,WI,16714019401,16714,194,1,2024,4,False,LAMOTRIGIN,46970.0,738.0,10113.06,9352.28,760.78
FFSU,WI,64380072206,64380,722,6,2024,4,True,TACROLIMUS,,,,,
MCOU,WA,47335067181,47335,671,81,2024,1,True,DILTIAZEM ,,,,,
MCOU,WA,43547027150,43547,271,50,2024,1,True,ROPINIROLE,,,,,
FFSU,WI,68001033408,68001,334,8,2024,2,False,LISINOPRIL,32340.0,496.0,6026.97,5408.93,618.04
FFSU,WI,69584036190,69584,361,90,2024,2,False,HYDROCHLOR,1848.0,31.0,363.75,330.16,33.59
FFSU,WA,65862021860,65862,218,60,2024,1,True,CEFDINIR O,,,,,
FFSU,WI,378181510,378,1815,10,2024,1,False,LEVOTHYROX,11526.0,175.0,3073.6,2622.63,450.97
FFSU,WI,68001036103,68001,361,3,2024,3,False,MONTELUKAS,19259.0,646.0,8340.34,7637.17,703.17
FFSU,WI,55111046901,55111,469,1,2024,3,False,METOPROLOL,4758.0,74.0,1776.85,1620.38,156.47
FFSU,WI,68180044703,68180,447,3,2024,4,False,QUETIAPINE,43518.5,950.0,15458.85,11537.07,3921.78
MCOU,WA,60505017007,60505,170,7,2024,1,False,PRAVASTATI,6887.5,128.0,873.6,873.6,0.0
FFSU,WI,65862062590,65862,625,90,2024,4,False,RIZATRIPTA,2037.0,204.0,3425.1,3356.59,68.51
FFSU,WI,23155070510,23155,705,10,2024,4,False,ENALAPRIL ,825.0,16.0,258.9,177.6,81.3
FFSU,WA,64980020901,64980,209,1,2024,1,True,OXYBUTYNIN,,,,,
FFSU,WI,54329450,54,3294,50,2024,3,False,FUROSEM 10,4475.0,32.0,766.22,710.86,55.36
MCOU,WA,70954013610,70954,136,10,2024,1,False,DAPSONE   ,2365.0,91.0,2269.48,2269.48,0.0
FFSU,WI,143985701,143,9857,1,2024,3,True,CEFTRIAXON,,,,,
FFSU,WI,33342004710,33342,47,10,2024,2,False,IREBESARTA,3104.0,101.0,1429.15,1336.15,93.0
FFSU,WA,68382080505,68382,805,5,2024,2,False,TRAZODONE ,1600.0,44.0,472.36,449.57,22.79
FFSU,WI,69367033630,69367,336,30,2024,3,True,PAROXETINE,,,,,
FFSU,WI,70165020030,70165,200,30,2024,3,True,COTEMPLA X,,,,,
FFSU,WI,93831118,93,8311,18,2024,3,False,ELETRIPTAN,764.0,83.0,2650.22,2619.42,30.8
MCOU,WA,115166202,115,1662,2,2024,1,True,PROPRANOLO,,,,,
FFSU,WI,310908012,310,9080,12,2024,3,False,AIRSUPRA 9,363.8,30.0,15953.85,15456.53,497.32
FFSU,WA,29300035001,29300,350,1,2024,1,True,ALLOPURINO,,,,,
FFSU,WI,68382025016,68382,250,16,2024,3,False,ATORVASTAT,1505.0,23.0,298.87,268.58,30.29
FFSU,WI,67877045747,67877,457,47,2024,4,False,PREGABALIN,15048.0,38.0,2718.2,2698.2,20.0
FFSU,WI,54047021,54,470,21,2024,1,True,EVEROLIMUS,,,,,
FFSU,WI,70069013101,70069,131,1,2024,4,False,TOBRAMYCIN,2060.28,405.0,6133.88,5981.41,152.47
MCOU,WA,67877059205,67877,592,5,2024,1,False,METOPROLOL,6456.0,88.0,1041.66,1041.66,0.0
MCOU,WA,70121104905,70121,1049,5,2024,1,False,TRIAMCINOL,390.5,318.0,1499.54,1499.54,0.0
FFSU,WY,115148601,115,1486,1,2024,4,True,MIXED AMPH,,,,,
FFSU,WY,61314031801,61314,318,1,2024,4,True,ZARXIO    ,,,,,
FFSU,WV,64380071104,64380,711,4,2024,4,True,LAMIVUDINE,,,,,
FFSU,WY,641095525,641,955,25,2024,4,True,PROMETHAZI,,,,,
FFSU,WY,591251030,591,2510,30,2024,2,True,BUDESONIDE,,,,,
FFSU,WY,527133001,527,1330,1,2024,4,True,BACLOFEN 1,,,,,
FFSU,WY,228306211,228,3062,11,2024,3,True,MIXED AMPH,,,,,
FFSU,WY,65862041901,65862,419,1,2024,4,True,SULFAMETHO,,,,,
MCOU,WV,409116202,409,1162,2,2024,1,True,BUPIVACAIN,,,,,
FFSU,WV,50742025090,50742,250,90,2024,2,False,DILTIAZEM ,6890.0,131.0,2607.28,2603.65,3.63
MCOU,WV,409818311,409,8183,11,2024,3,True,POTASSIUM ,,,,,
FFSU,WV,54817425,54,8174,25,2024,2,True,DEXAMETHAS,,,,,
FFSU,WV,603211521,603,2115,21,2024,2,False,ALLOPURINO,334.0,12.0,131.79,131.79,0.0
FFSU,WV,50474078185,50474,781,85,2024,4,True,BIMZELX 16,,,,,
FFSU,WV,65862017460,65862,174,60,2024,4,False,TOPIRAMATE,4005.0,58.0,562.25,562.25,0.0
FFSU,WY,64380016601,64380,166,1,2024,3,True,PHENOBARBI,,,,,
FFSU,WI,55111066130,55111,661,30,2024,1,False,ROPINIROLE,420.0,11.0,451.97,436.97,15.0
FFSU,WI,62037072001,62037,720,1,2024,1,False,POTASSIUM ,78766.0,1811.0,31530.63,29265.99,2264.64
FFSU,WV,16571072010,16571,720,10,2024,1,False,QUETIAPINE,1245.0,40.0,480.94,480.94,0.0
FFSU,WV,61314064610,61314,646,10,2024,1,True,NEOMYCIN-P,,,,,
FFSU,WV,31722066530,31722,665,30,2024,1,False,ESOMEPRAZO,600.0,16.0,228.0,214.77,13.23
FFSU,WI,63323073911,63323,739,11,2024,1,False,FAMOTIDINE,19.0,19.0,15.38,15.38,0.0
FFSU,WY,62332010230,62332,102,30,2024,4,True,ARIPIPRAZO,,,,,
FFSU,WV,63304044990,63304,449,90,2024,4,True,FENOFIBRAT,,,,,
FFSU,WV,73473030060,73473,300,60,2024,3,True,CLINDAMYCI,,,,,
FFSU,WV,35573046702,35573,467,2,2024,4,False,DEXTROAMP-,9361.0,286.0,7688.32,7607.11,81.21
FFSU,WY,63323011751,63323,117,51,2024,3,True,FLUOROURAC,,,,,
FFSU,WY,42799096301,42799,963,1,2024,2,True,VENLAFAXIN,,,,,
FFSU,WY,487990130,487,9901,30,2024,2,True,ALBUTEROL ,,,,,
FFSU,WV,904708461,904,7084,61,2024,3,True,BUPROPION ,,,,,
FFSU,WY,50111056001,50111,560,1,2024,4,False,TRAZODONE ,7348.0,230.0,1361.05,1361.05,0.0
FFSU,WY,832154011,832,1540,11,2024,3,True,HALOPERIDO,,,,,
FFSU,WV,51672127501,51672,1275,1,2024,4,False,CLOTRIMAZO,4785.0,209.0,2511.88,2511.88,0.0
FFSU,WV,64950024316,64950,243,16,2024,3,True,CARBINOXAM,,,,,
FFSU,WV,43598075205,43598,752,5,2024,4,False,BUPROPION ,9460.0,106.0,1559.28,1559.28,0.0
FFSU,WV,641602701,641,6027,1,2024,3,True,FENTANYL 1,,,,,
FFSU,WV,63304045001,63304,450,1,2024,1,False,MORPHINE S,2327.0,48.0,834.48,834.48,0.0
FFSU,WV,591240530,591,2405,30,2024,4,True,AMBRISENTA,,,,,
FFSU,WY,62037072001,62037,720,1,2024,2,False,POTASSIUM ,635.0,21.0,294.63,294.63,0.0
FFSU,WV,49230053410,49230,534,10,2024,4,False,VENOFER 10,75.0,15.0,345.0,345.0,0.0
FFSU,WV,63459091217,63459,912,17,2024,4,True,GRANIX 480,,,,,
FFSU,WY,68001051903,68001,519,3,2024,3,True,BUPROPION ,,,,,
FFSU,WV,70436005922,70436,59,22,2024,3,False,BUPROPION ,1137.0,23.0,291.29,291.29,0.0
FFSU,WV,42571012290,42571,122,90,2024,3,False,LEVOCETIRI,35483.0,762.0,9569.1,9472.07,97.03
FFSU,WV,9074635,9,746,35,2024,3,True,DEPO-PROVE,,,,,
FFSU,WY,50474067066,50474,670,66,2024,4,True,BRIVIACT (,,,,,
FFSU,WV,59746044990,59746,449,90,2024,2,True,IRBESARTAN,,,,,
FFSU,WY,74732613,74,7326,13,2024,4,True,DEPAKOTE 2,,,,,
FFSU,WI,68382009305,68382,93,5,2024,1,False,CARVEDILOL,52791.0,461.0,5174.86,4399.99,774.87
FFSU,WY,13668021705,13668,217,5,2024,3,True,ARIPIPRAZO,,,,,
FFSU,WV,62225060004,62225,600,4,2024,3,True,OMIDRIA 1-,,,,,
FFSU,WV,904739061,904,7390,61,2024,4,True,HALOPERIDO,,,,,
FFSU,WV,62037059805,62037,598,5,2024,3,False,CARTIA XT ,1348.0,27.0,435.92,432.0,3.92
FFSU,WV,65162052110,65162,521,10,2024,1,False,PROMETHAZI,1888.0,48.0,521.95,521.95,0.0
FFSU,WV,67877014701,67877,147,1,2024,2,False,TEMAZEPAM ,859.0,56.0,610.81,600.0,10.81
FFSU,WV,69452036020,69452,360,20,2024,3,False,ROPINIROLE,2910.0,41.0,532.91,532.91,0.0
FFSU,WY,16571078450,16571,784,50,2024,2,True,GEMFIBROZI,,,,,
FFSU,WV,70010013805,70010,138,5,2024,1,True,NAPROXEN 3,,,,,
FFSU,WY,68001043900,68001,439,0,2024,2,True,FEXOFENADI,,,,,
FFSU,WI,57894006103,57894,61,3,2024,1,False,STELARA 90,379.0,379.0,10023486.5,9917147.93,106338.57
FFSU,WY,555077702,555,777,2,2024,3,False,DEXTROAMPH,690.0,14.0,313.9,313.9,0.0
FFSU,WV,603154358,603,1543,58,2024,1,True,POTASSIUM ,,,,,
FFSU,WV,43547054610,43547,546,10,2024,3,False,ENALAPRIL ,720.0,14.0,189.23,174.67,14.56
FFSU,WY,69315090501,69315,905,1,2024,4,False,LORAZEPRAM,524.0,13.0,137.51,137.51,0.0
FFSU,WV,63323016202,63323,162,2,2024,3,False,KETOROLAC ,100.5,51.0,181.21,84.35,96.86
FFSU,WY,42799081501,42799,815,1,2024,4,False,PRED NA PH,2170.3,55.0,674.28,674.28,0.0
FFSU,WV,254200801,254,2008,1,2024,1,True,COLCHICINE,,,,,
FFSU,WV,11534016644,11534,166,44,2024,2,True,SODIUM POL,,,,,
FFSU,WV,555077602,555,776,2,2024,3,False,DEXTROAMP-,1382.0,28.0,776.44,776.44,0.0
FFSU,WY,517800525,517,8005,25,2024,3,True,ZINC SULFA,,,,,
FFSU,WI,57894015012,57894,150,12,2024,1,True,ZYTIGA 250,,,,,
FFSU,WV,27241016430,27241,164,30,2024,3,False,DULOXETINE,9680.0,243.0,12493.06,12493.06,0.0
FFSU,WV,24979020003,24979,200,3,2024,1,False,DICYCLOMIN,2217.0,25.0,520.97,520.97,0.0
FFSU,WV,31722055190,31722,551,90,2024,4,False,LEVOCETIRI,53587.5,1145.0,14250.35,14137.43,112.92
FFSU,WV,58657052516,58657,525,16,2024,4,False,M-PAP 160 ,15384.0,67.0,275.03,275.03,0.0
FFSU,WV,51672130406,51672,1304,6,2024,3,False,TERCONAZOL,6210.0,137.0,4611.69,4503.61,108.08
FFSU,WV,50419040703,50419,407,3,2024,2,False,BEYAZ 28 T,1960.0,44.0,17231.02,17231.02,0.0
FFSU,WV,50228010510,50228,105,10,2024,1,False,METFORMIN ,2630.0,39.0,427.05,427.05,0.0
FFSU,WY,70000017106,70000,171,6,2024,2,True,LDR ALL DA,,,,,
FFSU,WV,57237009960,57237,99,60,2024,3,False,CEFDINIR 3,7794.0,428.0,6882.37,6798.48,83.89
FFSU,WV,54123011430,54123,114,30,2024,3,True,ZUBSOLV 11,,,,,
FFSU,WV,16714083001,16714,830,1,2024,1,True,MESALAMINE,,,,,
FFSU,WI,68001056603,68001,566,3,2024,1,False,POTASSIUM ,2624.0,52.0,970.76,838.76,132.0
FFSU,WV,60846080701,60846,807,1,2024,1,True,UNITHROID ,,,,,
FFSU,WY,33342008841,33342,88,41,2024,3,False,RIZATRIPTA,167.0,18.0,247.98,247.98,0.0
FFSU,WY,70756065030,70756,650,30,2024,2,False,OFLOXACIN ,130.0,13.0,324.87,324.87,0.0
FFSU,WV,65862037505,65862,375,5,2024,2,False,ESCITALOPR,12691.0,380.0,4213.66,4194.15,19.51
FFSU,WY,49348015339,49348,153,39,2024,3,True,ALUMINUM H,,,,,
FFSU,WV,33342017807,33342,178,7,2024,1,False,OLMESARTAN,1955.0,38.0,474.67,466.7,7.97
FFSU,WV,24338015020,24338,150,20,2024,3,True,TRIPTODUR ,,,,,
FFSU,WV,45802036853,45802,368,53,2024,2,True,IMIQUIMOD ,,,,,
FFSU,WV,70954000510,70954,5,10,2024,2,False,OXYBUTYNIN,10519.0,132.0,1687.06,1685.35,1.71
FFSU,WV,44206045202,44206,452,2,2024,4,True,HIZENTRA 2,,,,,
FFSU,WV,64764030020,64764,300,20,2024,4,False,ENTYVIO 30,36.0,36.0,217225.4,217225.4,0.0
FFSU,WY,93720210,93,7202,10,2024,2,False,PRAVASTATI,1074.0,22.0,295.61,295.61,0.0
FFSU,WY,115148801,115,1488,1,2024,2,False,MIXED AMPH,875.0,30.0,787.67,761.41,26.26
FFSU,WY,68001040100,68001,401,0,2024,4,False,FLUOXETINE,360.0,12.0,144.96,144.96,0.0
FFSU,WV,68382020401,68382,204,1,2024,2,True,GABAPENTIN,,,,,
FFSU,WV,16714017403,16714,174,3,2024,3,False,ATORVASTAT,8483.0,222.0,2413.85,2413.85,0.0
FFSU,WV,66993059902,66993,599,2,2024,1,False,DEXTROAMP-,6428.0,212.0,5637.91,5525.95,111.96
FFSU,WV,62332001431,62332,14,31,2024,2,True,LITHIUM CA,,,,,
FFSU,WY,61269052798,61269,527,98,2024,3,True,FEXOFENADI,,,,,
FFSU,WY,70000060302,70000,603,2,2024,4,True,LDR ASPIRI,,,,,
FFSU,WV,42806015033,42806,150,33,2024,1,False,AZITHROMYC,8730.0,345.0,5882.97,5741.13,141.84
FFSU,WV,143980350,143,9803,50,2024,1,False,DOXYCYCLIN,8167.0,389.0,4674.96,4591.19,83.77
MCOU,WV,591346753,591,3467,53,2024,2,True,ALBUTEROL ,,,,,
FFSU,WV,69315050460,69315,504,60,2024,3,False,NYSTATIN 1,11275.0,114.0,1620.42,1620.42,0.0
FFSU,WV,25021010610,25021,106,10,2024,4,True,CEFTRIAXON,,,,,
FFSU,WY,16714016001,16714,160,1,2024,2,False,ONDANS HCL,311.0,13.0,163.15,163.15,0.0
FFSU,WY,68382018314,68382,183,14,2024,3,False,BUSPIRONE ,937.0,17.0,288.23,288.23,0.0
FFSU,WY,67877015905,67877,159,5,2024,4,False,METFORMIN ,10819.0,105.0,744.33,744.33,0.0
FFSU,WY,51672138509,51672,1385,9,2024,2,True,IBUPROFEN ,,,,,
FFSU,WY,67877044290,67877,442,90,2024,3,True,ROSUVASTAT,,,,,
FFSU,WV,68382002101,68382,21,1,2024,2,True,VENLAFAXIN,,,,,
FFSU,WV,70010001201,70010,12,1,2024,1,True,METHYLPHEN,,,,,
FFSU,WV,47781030403,47781,304,3,2024,1,True,RIVASTIGMI,,,,,
FFSU,WV,43547028111,43547,281,11,2024,1,False,ESCITALOPR,100390.0,2651.0,29821.68,29419.42,402.26
FFSU,WV,536140795,536,1407,95,2024,3,True,HYDROCORTI,,,,,
FFSU,WV,23615308,23,6153,8,2024,2,True,OXYTROL 3.,,,,,
FFSU,WY,42806015033,42806,150,33,2024,3,False,AZITHROMYC,360.0,12.0,205.18,205.18,0.0
FFSU,WY,70677111801,70677,1118,1,2024,4,True,F&T CHILD ,,,,,
FFSU,WV,68382014701,68382,147,1,2024,3,False,RAMIPRIL 1,600.0,11.0,67.92,67.92,0.0
FFSU,WY,74061602,74,616,2,2024,2,True,HUMIRA 20M,,,,,
FFSU,WV,13107015430,13107,154,30,2024,1,False,PAROXETINE,3072.0,96.0,1067.89,1057.36,10.53
FFSU,WY,409379601,409,3796,1,2024,3,True,KETOROLAC ,,,,,
FFSU,WV,70000059102,70000,591,2,2024,3,True,STOMACH RE,,,,,
FFSU,WY,42806018615,42806,186,15,2024,4,True,KLAYESTA 1,,,,,
FFSU,WV,33342033115,33342,331,15,2024,3,True,TRIAMCINOL,,,,,
FFSU,WV,42385094805,42385,948,5,2024,4,False,METFORMIN ,780.0,13.0,152.05,152.05,0.0
FFSU,WV,69238106201,69238,1062,1,2024,3,True,CHLORPROMA,,,,,
FFSU,WV,42806056601,42806,566,1,2024,2,True,CHLORDIAZE,,,,,
FFSU,WY,93221005,93,2210,5,2024,3,False,SUCRALFATE,2043.0,25.0,590.03,590.03,0.0
FFSU,WV,76282021430,76282,214,30,2024,3,True,SERTRALINE,,,,,
FFSU,WV,69367039101,69367,391,1,2024,3,True,AMITRIPTYL,,,,,
FFSU,WY,57664022888,57664,228,88,2024,3,False,METHYLPHEN,764.0,21.0,243.68,243.68,0.0
FFSU,WV,116400516,116,4005,16,2024,3,False,LACTULOSE ,16528.0,27.0,392.04,392.04,0.0
FFSU,WV,52244030010,52244,300,10,2024,1,False,THEO-24 ER,555.0,14.0,3459.13,3459.13,0.0
FFSU,WY,68001048600,68001,486,0,2024,2,True,LISINOPRIL,,,,,
FFSU,WY,50228045901,50228,459,1,2024,2,True,CARBIDOPA-,,,,,
FFSU,WI,68462016501,68462,165,1,2024,1,True,CARVEDILOL,,,,,
FFSU,WI,68462064001,68462,640,1,2024,1,True,NITROGLYCE,,,,,
FFSU,WV,45802026337,45802,263,37,2024,4,False,CLINDAMYCI,58140.0,965.0,26639.3,25767.43,871.87
FFSU,WV,832152011,832,1520,11,2024,2,False,HALOPERIDO,758.0,11.0,241.67,231.34,10.33
FFSU,WV,16714005001,16714,50,1,2024,4,True,CHLORPROMA,,,,,
FFSU,WV,55150024251,55150,242,51,2024,3,True,LINEZOLID ,,,,,
FFSU,WY,904646320,904,6463,20,2024,2,True,DIMAPHEN D,,,,,
FFSU,WI,68645057454,68645,574,54,2024,1,False,GLIPIZIDE ,18022.0,136.0,1154.4,936.35,218.05
MCOU,WV,63323011751,63323,117,51,2024,2,True,FLUOROURAC,,,,,
FFSU,WV,13668004860,13668,48,60,2024,1,False,LAMOTRIGIN,449.0,11.0,136.07,125.92,10.15
FFSU,WI,76282073301,76282,733,1,2024,1,False,LISINOPRIL,1334.0,20.0,236.99,230.5,6.49
FFSU,WY,72578000801,72578,8,1,2024,4,False,METRONIDAZ,235.0,12.0,149.43,149.43,0.0
FFSU,WY,69315015501,69315,155,1,2024,3,False,HYDROCHLOR,444.0,11.0,127.46,127.46,0.0
MCOU,WV,2831517,2,8315,17,2024,2,True,HUMULIN N ,,,,,
FFSU,WI,59651030901,59651,309,1,2024,1,False,FLUOXETINE,1746.0,25.0,593.02,570.34,22.68
FFSU,WY,68382065906,68382,659,6,2024,2,True,PYRIDOSTIG,,,,,
FFSU,WY,72888000400,72888,4,0,2024,4,True,METOPROLOL,,,,,
FFSU,WV,24979023101,24979,231,1,2024,4,False,POTASSIUM ,9036.0,140.0,2219.17,2219.17,0.0
FFSU,WY,59651042201,59651,422,1,2024,4,True,CEVIMELINE,,,,,
FFSU,WV,29300039805,29300,398,5,2024,3,False,AMLODIPINE,26613.0,585.0,6192.87,6157.17,35.7
FFSU,WV,24208055555,24208,555,55,2024,4,False,BACITRACIN,168.0,42.0,766.67,738.79,27.88
FFSU,WV,72485020101,72485,201,1,2024,3,True,AZACITIDIN,,,,,
FFSU,WV,50242006101,50242,61,1,2024,1,True,AVASTIN 40,,,,,
FFSU,WY,33342009341,33342,93,41,2024,4,True,RIZATRIPTA,,,,,
FFSU,WV,72305007530,72305,75,30,2024,4,True,EUTHYROX 7,,,,,
FFSU,WV,70165003030,70165,30,30,2024,4,False,ADZENYS XR,930.0,31.0,14095.34,13190.63,904.71
FFSU,WY,65862039110,65862,391,10,2024,2,False,ONDANSETRO,2772.0,95.0,1462.62,1462.62,0.0
FFSU,WV,69452022384,69452,223,84,2024,4,True,RUFINAMIDE,,,,,
FFSU,WI,65862019901,65862,199,1,2024,1,True,GABAPENTIN,,,,,
FFSU,WV,46257512,46,2575,12,2024,2,True,PREMPHASE ,,,,,
FFSU,WV,45802039001,45802,390,1,2024,2,True,TACROLIMUS,,,,,
FFSU,WV,69097031887,69097,318,87,2024,4,True,BUDESONIDE,,,,,
FFSU,WV,68001041200,68001,412,0,2024,4,False,GABAPENTIN,3900.0,42.0,763.85,763.85,0.0
FFSU,WY,31722013801,31722,138,1,2024,3,True,BACLOFEN  ,,,,,
FFSU,WY,59746017310,59746,173,10,2024,3,False,PREDNISONE,167.0,11.0,110.82,110.82,0.0
FFSU,WV,16714013201,16714,132,1,2024,3,False,DOXEPIN 10,1020.0,17.0,264.96,264.96,0.0
FFSU,WY,378868835,378,8688,35,2024,2,True,CLINDAMYCI,,,,,
FFSU,WV,59651030930,59651,309,30,2024,1,True,FLUOXETINE,,,,,
FFSU,WV,27241024201,27241,242,1,2024,1,False,GUANFACINE,9034.0,203.0,5012.45,4829.54,182.91
FFSU,WV,55513092491,55513,924,91,2024,2,True,NEUPOGEN 3,,,,,
FFSU,WV,228212810,228,2128,10,2024,3,False,CLONIDINE ,15097.0,355.0,4110.25,4070.41,39.84
MCOU,WV,50419042301,50419,423,1,2024,2,False,MIRENA 52 ,119.0,119.0,106444.6,101905.95,4538.65
FFSU,WV,93929067,93,9290,67,2024,2,True,CLONAZEPAM,,,,,
FFSU,WV,904671743,904,6717,43,2024,3,True,CETIRIZINE,,,,,
FFSU,WV,68382018005,68382,180,5,2024,2,True,BUSPIRONE ,,,,,
FFSU,WV,60687069921,60687,699,21,2024,3,True,CEFDINIR 3,,,,,
FFSU,WV,69367030709,69367,307,9,2024,2,True,EPLERENONE,,,,,
FFSU,WY,51672208001,51672,2080,1,2024,4,True,TERBINAFIN,,,,,
FFSU,WI,69097012415,69097,124,15,2024,1,False,TOPIRAMATE,11851.98,163.0,2984.62,2727.01,257.61
FFSU,WV,63824000815,63824,8,15,2024,1,False,MUCINEX ER,466.0,15.0,314.6,314.6,0.0
FFSU,WV,65649030302,65649,303,2,2024,1,False,XIFAXAN 55,20914.0,361.0,1080216.0,1068502.5,11713.5
FFSU,WV,69097086907,69097,869,7,2024,2,True,NADOLOL 80,,,,,
FFSU,WV,904576960,904,5769,60,2024,4,True,MAPAP ARTH,,,,,
FFSU,WV,70377004614,70377,46,14,2024,2,False,PRAVASTATI,1005.0,34.0,387.5,387.5,0.0
FFSU,WV,64980020505,64980,205,5,2024,4,True,LITHIUM CA,,,,,
FFSU,WV,60687066101,60687,661,1,2024,1,False,CARBIDOPA-,219.0,36.0,382.1,382.1,0.0
FFSU,WV,51862088603,51862,886,3,2024,2,False,ERRIN 0.35,1848.0,52.0,684.08,684.08,0.0
FFSU,WY,70436003604,70436,36,4,2024,3,True,DESVENLAFA,,,,,
MCOU,WV,63323002425,63323,24,25,2024,2,False,MANNITOL 2,550.0,11.0,51.51,51.51,0.0
FFSU,WV,27241016810,27241,168,10,2024,3,True,DOXEPIN 25,,,,,
FFSU,WV,57664049983,57664,499,83,2024,3,False,MIRTAZAPIN,780.0,18.0,218.82,218.82,0.0
FFSU,WY,68462039110,68462,391,10,2024,1,True,ESOMEPRAZO,,,,,
FFSU,WY,71288080202,71288,802,2,2024,1,False,DOXERCALCI,51.0,17.0,1714.11,1714.11,0.0
FFSU,WY,70010077001,70010,770,1,2024,1,False,METHOCARBA,986.0,15.0,194.04,194.04,0.0
FFSU,WY,47781091401,47781,914,1,2024,1,True,DEXAMETHAS,,,,,
FFSU,WY,904674780,904,6747,80,2024,1,True,IBUPROFEN ,,,,,
FFSU,WY,57237002901,57237,29,1,2024,1,False,AMOXICILLI,599.0,33.0,382.64,382.64,0.0
FFSU,WY,70756021590,70756,215,90,2024,1,False,FENOFIBRAT,384.0,11.0,158.16,158.16,0.0
FFSU,WY,51224012209,51224,122,9,2024,1,True,AZITHROMYC,,,,,
FFSU,WY,68001039803,68001,398,3,2024,1,False,FAMOTIDINE,570.0,12.0,153.61,153.61,0.0
FFSU,WY,63323001001,63323,10,1,2024,1,True,GENTAMICIN,,,,,
FFSU,WY,66685101201,66685,1012,1,2024,1,False,AMOX CLAV ,1950.0,14.0,255.21,255.21,0.0
FFSU,WY,72603017101,72603,171,1,2024,1,False,FAMOTIDIN ,900.0,17.0,633.21,633.21,0.0
FFSU,WY,47781091601,47781,916,1,2024,1,False,DEXAMETHAS,61.0,12.0,99.87,99.87,0.0
FFSU,WY,68382009501,68382,95,1,2024,1,True,CARVEDILOL,,,,,
FFSU,WY,43547030303,43547,303,3,2024,1,False,ARIPIPRAZO,290.0,13.0,164.43,164.43,0.0
FFSU,WY,93505798,93,5057,98,2024,1,True,ATORVASTAT,,,,,
FFSU,WY,59762006701,59762,67,1,2024,1,True,SERTRALINE,,,,,
FFSU,WY,50228015805,50228,158,5,2024,1,False,CELECOXIB ,673.0,14.0,214.73,214.73,0.0
FFSU,WY,93101042,93,1010,42,2024,1,False,MUPIROCIN ,2332.0,98.0,1317.86,1313.02,4.84
FFSU,WY,409662514,409,6625,14,2024,1,True,SOD BICARB,,,,,
FFSU,WY,51672128901,51672,1289,1,2024,1,True,NYSTATIN C,,,,,
FFSU,WY,50228017505,50228,175,5,2024,1,False,BUPROPION ,4198.0,79.0,963.9,963.9,0.0
FFSU,WY,54092038301,54092,383,1,2024,1,False,ADDERALL X,330.0,11.0,2365.77,2365.77,0.0
FFSU,WY,16729008101,16729,81,1,2024,1,True,NALTREXONE,,,,,
FFSU,WY,65862006401,65862,64,1,2024,1,True,METOPROLOL,,,,,
FFSU,WY,69584009250,69584,92,50,2024,1,False,BUSPIRONE ,1350.0,17.0,210.2,210.2,0.0
FFSU,WY,13533080024,13533,800,24,2024,1,True,GAMUNEX-C ,,,,,
FFSU,WY,35573044102,35573,441,2,2024,1,True,HALOPERIDO,,,,,
FFSU,WY,3031505,3,315,5,2024,1,True,KENALOG 80,,,,,
FFSU,WY,62332014131,62332,141,31,2024,1,False,CELECOXIB ,958.0,18.0,247.68,247.68,0.0
FFSU,WY,51672300302,51672,3003,2,2024,1,False,HYDROCORTI,453.6,15.0,156.9,156.9,0.0
FFSU,WY,264180032,264,1800,32,2024,1,True,0.9% SODIU,,,,,
FFSU,WY,68682099498,68682,994,98,2024,1,True,DILTIAZEM ,,,,,
FFSU,WY,66993059802,66993,598,2,2024,1,True,MIXED AMPH,,,,,
FFSU,WY,16729013700,16729,137,0,2024,1,True,CLONAZEPAM,,,,,
FFSU,WY,78044005,78,440,5,2024,1,True,RITALIN HC,,,,,
FFSU,WY,51079096020,51079,960,20,2024,1,True,BUSPIRONE ,,,,,
FFSU,WY,378729253,378,7292,53,2024,1,True,NORETHINDR,,,,,
FFSU,WY,55513071001,55513,710,1,2024,1,False,PROLIA (DE,42.0,42.0,53254.49,19588.54,33665.95
FFSU,WY,65862067601,65862,676,1,2024,1,True,ALPRAZOLAM,,,,,
FFSU,WY,73562011401,73562,114,1,2024,1,True,ZENPEP CAP,,,,,
FFSU,WY,59762235007,59762,2350,7,2024,1,True,ETHOSUXIMI,,,,,
FFSU,WY,172409660,172,4096,60,2024,1,False,BACLOFEN T,2462.0,23.0,340.1,340.1,0.0
FFSU,WY,378363501,378,3635,1,2024,1,True,CETIRIZINE,,,,,
FFSU,WY,51672126401,51672,1264,1,2024,1,True,FLUOCINONI,,,,,
FFSU,WY,16571083401,16571,834,1,2024,1,True,AMANTADINE,,,,,
FFSU,WY,143962101,143,9621,1,2024,1,False,CYANOCOBAL,19.0,16.0,159.88,159.88,0.0
FFSU,WY,65081701,65,817,1,2024,1,True,ATROPINE S,,,,,
FFSU,WY,68462025801,68462,258,1,2024,1,True,ROPINIROLE,,,,,
FFSU,WY,406855605,406,8556,5,2024,1,True,OXYCODONE ,,,,,
FFSU,WY,69315090410,69315,904,10,2024,1,False,LORAZEPRAM,549.0,16.0,175.49,175.49,0.0
FFSU,WY,68180044501,68180,445,1,2024,1,False,QUETIAPINE,1368.0,30.0,340.35,340.35,0.0
FFSU,WY,65862001701,65862,17,1,2024,1,False,AMOXICILLI,257.0,13.0,147.29,147.29,0.0
FFSU,WY,16729041401,16729,414,1,2024,1,True,DOXAZOSIN ,,,,,
FFSU,WY,67877050330,67877,503,30,2024,1,True,CINACALCET,,,,,
FFSU,WY,378876793,378,8767,93,2024,1,True,BUPRENORPH,,,,,
FFSU,WY,69292053601,69292,536,1,2024,1,True,PROPRANOLO,,,,,
FFSU,WY,69367020301,69367,203,1,2024,1,False,BUTALBITAL,765.0,21.0,320.06,320.06,0.0
FFSU,WY,42858010250,42858,102,50,2024,1,False,OXYCODONE ,1588.0,22.0,331.25,331.25,0.0
FFSU,WY,72888003305,72888,33,5,2024,1,True,AMANTADINE,,,,,
FFSU,WY,68382013805,68382,138,5,2024,1,False,TOPIRAMATE,3778.0,39.0,482.12,470.68,11.44
FFSU,WY,409733801,409,7338,1,2024,1,True,CEFTRIAXON,,,,,
FFSU,WY,69367027204,69367,272,4,2024,1,True,CODEINE - ,,,,,
FFSU,WY,33342040530,33342,405,30,2024,1,True,LIDOCAINE ,,,,,
FFSU,WY,70748017560,70748,175,60,2024,1,False,ARFORMOTER,3720.0,31.0,4384.08,1485.87,2898.21
FFSU,WY,2771459,2,7714,59,2024,1,False,HUMALOG KW,765.0,41.0,8758.88,8758.88,0.0
FFSU,WY,536132706,536,1327,6,2024,1,True,ACETAMINOP,,,,,
FFSU,WY,13668042990,13668,429,90,2024,1,True,PANTOPRAZO,,,,,
FFSU,WY,64380074207,64380,742,7,2024,1,True,BUSPIRONE ,,,,,
FFSU,WY,16714069301,16714,693,1,2024,1,False,FLUCONAZOL,125.0,17.0,222.21,222.21,0.0
FFSU,WY,469062599,469,625,99,2024,1,True,XTANDI 40M,,,,,
FFSU,WY,713022880,713,228,80,2024,1,True,TRIAMCINOL,,,,,
FFSU,WY,904673060,904,6730,60,2024,1,True,APAP ES 50,,,,,
FFSU,WY,61703030916,61703,309,16,2024,1,True,VINCRISTIN,,,,,
FFSU,WY,50228038260,50228,382,60,2024,1,True,QUETIAPINE,,,,,
FFSU,WY,409469924,409,4699,24,2024,1,True,PROPOFOL 1,,,,,
FFSU,WY,43547036209,43547,362,9,2024,1,True,LOSARTAN P,,,,,
FFSU,WY,58406001004,58406,10,4,2024,1,True,ENBREL (ET,,,,,
FFSU,WY,93914701,93,9147,1,2024,1,True,VENLAFAXIN,,,,,
FFSU,WY,69130810,69,1308,10,2024,1,True,RETACRIT 1,,,,,
FFSU,WY,781400332,781,4003,32,2024,1,True,LEUPROLIDE,,,,,
FFSU,WY,67877041401,67877,414,1,2024,1,False,METFORMIN ,774.0,18.0,211.39,211.39,0.0
FFSU,WY,597016860,597,168,60,2024,1,True,SYNJARDY 1,,,,,
FFSU,WY,68462018117,68462,181,17,2024,1,True,CLOTRIMAZO,,,,,
FFSU,WY,43547040611,43547,406,11,2024,1,True,CLONAZEPAM,,,,,
FFSU,WY,45802011222,45802,112,22,2024,1,False,MUPIROCIN ,1342.0,54.0,728.65,728.65,0.0
FFSU,WY,69097096912,69097,969,12,2024,1,True,LISINOPRIL,,,,,
FFSU,WY,70377000415,70377,4,15,2024,1,True,SIMVASTATI,,,,,
FFSU,WY,42858010401,42858,104,1,2024,1,False,OXYCODONE ,5084.0,47.0,1101.06,1101.06,0.0
FFSU,WY,378661493,378,6614,93,2024,1,True,AMNESTEEM ,,,,,
FFSU,WY,548540025,548,5400,25,2024,1,True,MEDROXYPRO,,,,,
FFSU,WY,69315090401,69315,904,1,2024,1,True,LORAZEPRAM,,,,,
FFSU,WY,65862022660,65862,226,60,2024,1,False,CLARITHROM,384.0,16.0,311.85,311.85,0.0
FFSU,WY,70000021501,70000,215,1,2024,1,False,LDR ALG CH,1801.0,12.0,164.27,164.27,0.0
FFSU,WY,93406810,93,4068,10,2024,1,True,PRAZOSIN H,,,,,
FFSU,WY,16729048001,16729,480,1,2024,1,True,METHYLPHEN,,,,,
FFSU,WY,57237007710,57237,77,10,2024,1,False,ONDANSETRO,1373.0,71.0,928.49,928.49,0.0
FFSU,WY,78100768,78,1007,68,2024,1,True,KESIMPTA S,,,,,
FFSU,WY,51991087733,51991,877,33,2024,1,True,EPLERENONE,,,,,
FFSU,WY,16714003902,16714,39,2,2024,1,True,COLCHICINE,,,,,
FFSU,WY,527079237,527,792,37,2024,1,False,DEXTROAMPH,921.0,30.0,820.34,794.08,26.26
FFSU,WY,13668056830,13668,568,30,2024,1,True,TADALAFIL ,,,,,
FFSU,WY,60687040583,60687,405,83,2024,1,True,IPB/ALB IN,,,,,
FFSU,WY,55111052601,55111,526,1,2024,1,True,TACROLIMUS,,,,,
FFSU,WY,47335057883,47335,578,83,2024,1,False,LURASIDONE,434.0,15.0,242.14,242.14,0.0
FFSU,WY,51672402901,51672,4029,1,2024,1,True,WARFARIN 2,,,,,
FFSU,WY,65862037305,65862,373,5,2024,1,True,ESCITALOPR,,,,,
FFSU,WY,69238131109,69238,1311,9,2024,1,False,PREGABALIN,1470.0,18.0,268.98,268.98,0.0
FFSU,WY,31722070830,31722,708,30,2024,1,True,FAMCILCOVI,,,,,
FFSU,WY,51672200202,51672,2002,2,2024,1,True,CLOTRIMAZO,,,,,
FFSU,WY,68462039701,68462,397,1,2024,1,True,OMEPRAZOLE,,,,,
FFSU,WY,64380071207,64380,712,7,2024,1,False,BENZONATAT,816.0,26.0,323.88,323.88,0.0
FFSU,WY,55111013781,55111,137,81,2024,1,False,ZENATANE C,1020.0,21.0,2225.63,2225.63,0.0
FFSU,WY,29300024605,29300,246,5,2024,1,False,BUSPIRONE ,3014.0,40.0,520.5,520.5,0.0
FFSU,WY,591555610,591,5556,10,2024,1,True,PROPRANOLO,,,,,
FFSU,WY,67877021660,67877,216,60,2024,1,True,CEFUROXIME,,,,,
FFSU,WY,63304009001,63304,90,1,2024,1,True,POTASSIUM ,,,,,
FFSU,WY,70010077005,70010,770,5,2024,1,True,METHOCARBA,,,,,
FFSU,WY,70752020411,70752,204,11,2024,1,True,FOLIC ACID,,,,,
FFSU,WY,42192061916,42192,619,16,2024,1,True,NAPROXIN O,,,,,
FFSU,WY,21922001706,21922,17,6,2024,1,True,CLOBETASOL,,,,,
FFSU,WY,68180046801,68180,468,1,2024,1,True,LOVASTATIN,,,,,
FFSU,WY,50228013690,50228,136,90,2024,1,True,LEVOCETIRI,,,,,
FFSU,WY,43547028211,43547,282,11,2024,1,False,ESCITALOPR,8061.0,255.0,2886.19,2869.03,17.16
FFSU,WY,13533080040,13533,800,40,2024,1,True,GAMUNEX-C ,,,,,
FFSU,WY,68180078001,68180,780,1,2024,1,False,ZOLPIDEM T,1268.0,44.0,625.21,625.21,0.0
FFSU,WY,68001059406,68001,594,6,2024,1,True,DULOXETINE,,,,,
FFSU,WY,45802087305,45802,873,5,2024,1,True,NICOTINE P,,,,,
FFSU,WY,72578004001,72578,40,1,2024,1,True,ZONISAMIDE,,,,,
FFSU,WY,52817081154,52817,811,54,2024,1,True,TRIAMCINOL,,,,,
FFSU,WY,13668044201,13668,442,1,2024,1,True,CELECOXIB ,,,,,
FFSU,WY,46122075051,46122,750,51,2024,1,True,GNP MUCUS ,,,,,
FFSU,WY,378876693,378,8766,93,2024,1,True,BUPRENORPH,,,,,
FFSU,WY,75834025701,75834,257,1,2024,1,False,ATORVASTAT,970.0,23.0,269.86,269.86,0.0
FFSU,WY,66689000802,66689,8,2,2024,1,True,NYSTATIN S,,,,,
FFSU,WY,13517075605,13517,756,5,2024,1,True,PHENOBARBI,,,,,
FFSU,WY,781261301,781,2613,1,2024,1,True,AMOXICILLI,,,,,
FFSU,WY,51167010602,51167,106,2,2024,1,True,TRIKAFTA (,,,,,
FFSU,WY,13668051501,13668,515,1,2024,1,True,ACYCLOVIR ,,,,,
FFSU,WY,74382613,74,3826,13,2024,1,True,DEPAKOTE E,,,,,
FFSU,WY,228206710,228,2067,10,2024,1,True,OXAZEPAM C,,,,,
FFSU,WY,168025846,168,258,46,2024,1,True,CLOTRIMAZO,,,,,
FFSU,WY,43547030503,43547,305,3,2024,1,True,ARIPIPRAZO,,,,,
FFSU,WY,93094801,93,948,1,2024,1,False,DICLOFENAC,663.0,15.0,270.16,270.16,0.0
FFSU,WY,33342032954,33342,329,54,2024,1,True,TRIAMCINOL,,,,,
FFSU,WY,45802006535,45802,65,35,2024,1,True,TRIAMCINOL,,,,,
FFSU,WY,50228046501,50228,465,1,2024,1,False,NABUMETONE,890.0,13.0,247.17,247.17,0.0
FFSU,WY,72205004311,72205,43,11,2024,1,True,OSELTAMIVI,,,,,
FFSU,WY,68462089001,68462,890,1,2024,1,True,PROCHLORP ,,,,,
FFSU,WY,68001024704,68001,247,4,2024,1,False,ONDANSETRO,192.0,11.0,144.47,144.47,0.0
FFSU,WY,69097045805,69097,458,5,2024,1,True,FENOFIBRAT,,,,,
FFSU,WY,115166001,115,1660,1,2024,1,True,PROPRANOLO,,,,,
FFSU,WY,409909412,409,9094,12,2024,1,True,FENTANYL C,,,,,
FFSU,WY,62332023430,62332,234,30,2024,1,True,VILAZODONE,,,,,
FFSU,WY,68462038730,68462,387,30,2024,1,True,SOLIFENACI,,,,,
FFSU,WY,69238131409,69238,1314,9,2024,1,True,PREGABALIN,,,,,
FFSU,WY,70010003101,70010,31,1,2024,1,False,MIXED AMPH,1158.0,39.0,1097.89,1079.83,18.06
FFSU,WY,78110515,78,1105,15,2024,1,True,MEKINIST T,,,,,
FFSU,WY,16729014216,16729,142,16,2024,1,True,CLOZAPINE ,,,,,
FFSU,WY,50111091501,50111,915,1,2024,1,True,TORSEMIDE ,,,,,
FFSU,WY,57237003750,57237,37,50,2024,1,True,CEFPROZIL ,,,,,
FFSU,WY,65862051601,65862,516,1,2024,1,True,NAPROXEN S,,,,,
FFSU,WY,66993000210,66993,2,10,2024,1,False,ESTRADIOL ,552.5,13.0,416.74,416.74,0.0
FFSU,WY,264310511,264,3105,11,2024,1,True,CEFAZOLIN ,,,,,
FFSU,WY,67877051310,67877,513,10,2024,1,True,ATORVASTAT,,,,,
FFSU,WY,527811037,527,8110,37,2024,1,True,DEXMETHYLP,,,,,
FFSU,WY,64980056310,64980,563,10,2024,1,False,FUROSEMIDE,1801.0,37.0,325.95,325.95,0.0
FFSU,WY,527296237,527,2962,37,2024,1,True,CHLORPROMA,,,,,
FFSU,WY,67877058433,67877,584,33,2024,1,True,CEFIXIME 4,,,,,
FFSU,WY,66993084635,66993,846,35,2024,1,True,PREDNISOLO,,,,,
FFSU,WY,68462012901,68462,129,1,2024,1,True,ZONISAMIDE,,,,,
FFSU,WY,64980034001,64980,340,1,2024,1,True,ALENDRONAT,,,,,
FFSU,WY,43598083390,43598,833,90,2024,1,True,ATORVASTAT,,,,,
FFSU,WY,27808026402,27808,264,2,2024,1,True,LEVETIRACE,,,,,
FFSU,WY,536589588,536,5895,88,2024,1,True,NICOTINE T,,,,,
FFSU,WY,70000044201,70000,442,1,2024,1,True,LDR SSFT+L,,,,,
FFSU,WY,29300011105,29300,111,5,2024,1,False,LAMOTRIGIN,3245.0,39.0,464.88,464.88,0.0
FFSU,WY,832712315,832,7123,15,2024,1,True,DIVALPROEX,,,,,
FFSU,WY,59651048901,59651,489,1,2024,1,False,PREDNISONE,57.0,13.0,114.45,114.45,0.0
FFSU,WY,66993008096,66993,80,96,2024,1,True,FLUTICASON,,,,,
FFSU,WY,51754506001,51754,5060,1,2024,1,False,BETAMETHAS,65.0,19.0,435.22,247.55,187.67
FFSU,WY,57237001760,57237,17,60,2024,1,False,DULOXETINE,2128.0,43.0,604.4,604.4,0.0
FFSU,WY,70756020112,70756,201,12,2024,1,False,AMITRIPTYL,1004.0,19.0,208.21,208.21,0.0
FFSU,WY,713052612,713,526,12,2024,1,True,PROMETHAZI,,,,,
FFSU,WY,64406000602,64406,6,2,2024,1,True,TECFIDERA ,,,,,
FFSU,WY,63402020660,63402,206,60,2024,1,False,APTIOM 600,782.0,15.0,25077.19,21380.32,3696.87
FFSU,WY,64980041209,64980,412,9,2024,1,True,PREGABALIN,,,,,
FFSU,WY,69532130,69,5321,30,2024,1,False,PAXLOVID 1,420.0,14.0,16720.08,16720.08,0.0
FFSU,WY,62332015130,62332,151,30,2024,1,True,OLMESARTAN,,,,,
FFSU,WY,62135048149,62135,481,49,2024,1,True,CEPHALEXIN,,,,,
FFSU,WY,33342032186,33342,321,86,2024,1,True,CLOBESTASO,,,,,
FFSU,WY,33342048130,33342,481,30,2024,1,True,NYSTATIN O,,,,,
FFSU,WY,68462010905,68462,109,5,2024,1,False,TOPIRAMATE,885.0,12.0,156.88,156.88,0.0
FFSU,WY,45802036862,45802,368,62,2024,1,False,IMIQUIMOD ,66.0,19.0,371.36,371.36,0.0
FFSU,WY,68001043491,68001,434,91,2024,1,True,CLEAR NICO,,,,,
FFSU,WY,60505351706,60505,3517,6,2024,1,True,LEVETIRACE,,,,,
FFSU,WY,71093014311,71093,143,11,2024,1,True,SERTRALINE,,,,,
FFSU,WY,121086720,121,867,20,2024,1,True,VANCOMYCIN,,,,,
FFSU,WY,65162005827,65162,58,27,2024,1,True,SEVELAMER ,,,,,
FFSU,WY,65162019011,65162,190,11,2024,1,False,NAPROXEN 5,1685.0,37.0,360.63,360.63,0.0
